2026/05/17 14:05:32 INFO database initialized path=/tmp/expedition-sim-1539350541/gogobee.db
2026/05/17 14:05:32 INFO dnd: armed ability fired (turn-based build) user=@sim:fighter-l3-forest_shadows-0 ability="Second Wind"
2026/05/17 14:05:32 INFO dnd: armed ability fired (turn-based build) user=@sim:fighter-l3-forest_shadows-0 ability="Second Wind"
2026/05/17 14:05:32 INFO dnd: armed ability fired (turn-based build) user=@sim:fighter-l3-forest_shadows-0 ability="Second Wind"
2026/05/17 14:05:32 INFO database initialized path=/tmp/expedition-sim-785722777/gogobee.db
2026/05/17 14:05:32 INFO dnd: armed ability fired (turn-based build) user=@sim:fighter-l7-manor_blackspire-0 ability="Second Wind"
2026/05/17 14:05:32 INFO dnd: armed ability fired (turn-based build) user=@sim:fighter-l7-manor_blackspire-0 ability="Second Wind"
2026/05/17 14:05:32 INFO dnd: armed ability fired (turn-based build) user=@sim:fighter-l7-manor_blackspire-0 ability="Second Wind"
2026/05/17 14:05:32 INFO database initialized path=/tmp/expedition-sim-135219416/gogobee.db
2026/05/17 14:05:32 INFO dnd: armed ability fired (turn-based build) user=@sim:fighter-l7-dragons_lair-0 ability="Second Wind"
2026/05/17 14:05:32 INFO dnd: armed ability fired (turn-based build) user=@sim:fighter-l7-dragons_lair-0 ability="Second Wind"
2026/05/17 14:05:32 INFO database initialized path=/tmp/expedition-sim-997080329/gogobee.db
2026/05/17 14:05:32 INFO dnd: armed ability fired (turn-based build) user=@sim:fighter-l7-dragons_lair-0 ability="Second Wind"
2026/05/17 14:05:32 INFO dnd: armed ability fired (turn-based build) user=@sim:fighter-l12-manor_blackspire-0 ability="Second Wind"
2026/05/17 14:05:32 INFO dnd: armed ability fired (turn-based build) user=@sim:fighter-l12-manor_blackspire-0 ability="Second Wind"
2026/05/17 14:05:32 INFO dnd: armed ability fired (turn-based build) user=@sim:fighter-l12-manor_blackspire-0 ability="Second Wind"
2026/05/17 14:05:32 INFO database initialized path=/tmp/expedition-sim-2517306134/gogobee.db
2026/05/17 14:05:32 INFO dnd: armed ability fired (turn-based build) user=@sim:fighter-l3-goblin_warrens-0 ability="Second Wind"
2026/05/17 14:05:32 INFO dnd: armed ability fired (turn-based build) user=@sim:fighter-l3-goblin_warrens-0 ability="Second Wind"
2026/05/17 14:05:32 INFO dnd: armed ability fired (turn-based build) user=@sim:fighter-l3-goblin_warrens-0 ability="Second Wind"
2026/05/17 14:05:32 INFO database initialized path=/tmp/expedition-sim-617740473/gogobee.db
2026/05/17 14:05:32 INFO dnd: armed ability fired (turn-based build) user=@sim:fighter-l12-forest_shadows-0 ability="Second Wind"
2026/05/17 14:05:32 INFO dnd: armed ability fired (turn-based build) user=@sim:fighter-l12-forest_shadows-0 ability="Second Wind"
2026/05/17 14:05:32 INFO dnd: armed ability fired (turn-based build) user=@sim:fighter-l12-forest_shadows-0 ability="Second Wind"
2026/05/17 14:05:32 INFO database initialized path=/tmp/expedition-sim-3344483447/gogobee.db
2026/05/17 14:05:32 INFO database initialized path=/tmp/expedition-sim-2933357867/gogobee.db
2026/05/17 14:05:32 INFO dnd: armed ability fired (turn-based build) user=@sim:fighter-l7-goblin_warrens-0 ability="Second Wind"
2026/05/17 14:05:32 INFO dnd: armed ability fired (turn-based build) user=@sim:fighter-l7-goblin_warrens-0 ability="Second Wind"
2026/05/17 14:05:32 INFO dnd: armed ability fired (turn-based build) user=@sim:fighter-l7-goblin_warrens-0 ability="Second Wind"
2026/05/17 14:05:32 INFO database initialized path=/tmp/expedition-sim-3139252766/gogobee.db
2026/05/17 14:05:32 INFO dnd: armed ability fired (turn-based build) user=@sim:fighter-l7-dragons_lair-1 ability="Second Wind"
2026/05/17 14:05:32 INFO database initialized path=/tmp/expedition-sim-851285561/gogobee.db
2026/05/17 14:05:32 INFO database initialized path=/tmp/expedition-sim-656896452/gogobee.db
2026/05/17 14:05:32 INFO dnd: armed ability fired (turn-based build) user=@sim:fighter-l7-manor_blackspire-1 ability="Second Wind"
2026/05/17 14:05:32 INFO database initialized path=/tmp/expedition-sim-1698568041/gogobee.db
2026/05/17 14:05:32 INFO dnd: armed ability fired (turn-based build) user=@sim:fighter-l3-forest_shadows-1 ability="Second Wind"
2026/05/17 14:05:32 INFO dnd: armed ability fired (turn-based build) user=@sim:fighter-l7-manor_blackspire-1 ability="Second Wind"
2026/05/17 14:05:32 INFO dnd: armed ability fired (turn-based build) user=@sim:fighter-l12-manor_blackspire-1 ability="Second Wind"
2026/05/17 14:05:32 INFO dnd: armed ability fired (turn-based build) user=@sim:fighter-l7-manor_blackspire-1 ability="Second Wind"
2026/05/17 14:05:32 INFO dnd: armed ability fired (turn-based build) user=@sim:fighter-l12-manor_blackspire-1 ability="Second Wind"
2026/05/17 14:05:32 INFO dnd: armed ability fired (turn-based build) user=@sim:fighter-l3-forest_shadows-1 ability="Second Wind"
2026/05/17 14:05:32 INFO dnd: armed ability fired (turn-based build) user=@sim:fighter-l12-manor_blackspire-1 ability="Second Wind"
2026/05/17 14:05:32 INFO database initialized path=/tmp/expedition-sim-1711740880/gogobee.db
2026/05/17 14:05:32 INFO dnd: armed ability fired (turn-based build) user=@sim:fighter-l3-forest_shadows-1 ability="Second Wind"
2026/05/17 14:05:32 INFO database initialized path=/tmp/expedition-sim-3769056017/gogobee.db
2026/05/17 14:05:32 INFO dnd: armed ability fired (turn-based build) user=@sim:fighter-l3-goblin_warrens-1 ability="Second Wind"
2026/05/17 14:05:32 INFO dnd: armed ability fired (turn-based build) user=@sim:fighter-l3-goblin_warrens-1 ability="Second Wind"
2026/05/17 14:05:32 INFO dnd: armed ability fired (turn-based build) user=@sim:fighter-l3-goblin_warrens-1 ability="Second Wind"
2026/05/17 14:05:32 INFO database initialized path=/tmp/expedition-sim-3603977583/gogobee.db
2026/05/17 14:05:32 INFO dnd: armed ability fired (turn-based build) user=@sim:fighter-l12-forest_shadows-1 ability="Second Wind"
2026/05/17 14:05:32 INFO dnd: armed ability fired (turn-based build) user=@sim:fighter-l12-forest_shadows-1 ability="Second Wind"
2026/05/17 14:05:32 INFO dnd: armed ability fired (turn-based build) user=@sim:fighter-l12-forest_shadows-1 ability="Second Wind"
2026/05/17 14:05:32 INFO database initialized path=/tmp/expedition-sim-4038819536/gogobee.db
2026/05/17 14:05:32 INFO dnd: armed ability fired (turn-based build) user=@sim:fighter-l7-dragons_lair-2 ability="Second Wind"
2026/05/17 14:05:32 INFO database initialized path=/tmp/expedition-sim-569834550/gogobee.db
2026/05/17 14:05:32 INFO dnd: armed ability fired (turn-based build) user=@sim:fighter-l7-dragons_lair-2 ability="Second Wind"
2026/05/17 14:05:32 INFO dnd: armed ability fired (turn-based build) user=@sim:fighter-l7-goblin_warrens-1 ability="Second Wind"
2026/05/17 14:05:32 INFO dnd: armed ability fired (turn-based build) user=@sim:fighter-l7-dragons_lair-2 ability="Second Wind"
2026/05/17 14:05:32 INFO dnd: armed ability fired (turn-based build) user=@sim:fighter-l7-goblin_warrens-1 ability="Second Wind"
2026/05/17 14:05:32 INFO dnd: armed ability fired (turn-based build) user=@sim:fighter-l7-goblin_warrens-1 ability="Second Wind"
2026/05/17 14:05:32 INFO database initialized path=/tmp/expedition-sim-733934356/gogobee.db
2026/05/17 14:05:32 INFO database initialized path=/tmp/expedition-sim-1756967588/gogobee.db
2026/05/17 14:05:32 INFO dnd: armed ability fired (turn-based build) user=@sim:fighter-l12-manor_blackspire-2 ability="Second Wind"
2026/05/17 14:05:32 INFO dnd: armed ability fired (turn-based build) user=@sim:fighter-l12-manor_blackspire-2 ability="Second Wind"
2026/05/17 14:05:32 INFO database initialized path=/tmp/expedition-sim-265861263/gogobee.db
2026/05/17 14:05:32 INFO dnd: armed ability fired (turn-based build) user=@sim:fighter-l12-manor_blackspire-2 ability="Second Wind"
2026/05/17 14:05:32 INFO dnd: armed ability fired (turn-based build) user=@sim:fighter-l7-manor_blackspire-2 ability="Second Wind"
2026/05/17 14:05:32 INFO dnd: armed ability fired (turn-based build) user=@sim:fighter-l7-manor_blackspire-2 ability="Second Wind"
2026/05/17 14:05:32 INFO dnd: armed ability fired (turn-based build) user=@sim:fighter-l7-manor_blackspire-2 ability="Second Wind"
2026/05/17 14:05:33 INFO database initialized path=/tmp/expedition-sim-1438900089/gogobee.db
2026/05/17 14:05:33 INFO database initialized path=/tmp/expedition-sim-3841061210/gogobee.db
2026/05/17 14:05:33 INFO dnd: armed ability fired (turn-based build) user=@sim:fighter-l7-underdark-0 ability="Second Wind"
2026/05/17 14:05:33 INFO dnd: armed ability fired (turn-based build) user=@sim:fighter-l12-forest_shadows-2 ability="Second Wind"
2026/05/17 14:05:33 INFO dnd: armed ability fired (turn-based build) user=@sim:fighter-l7-underdark-0 ability="Second Wind"
2026/05/17 14:05:33 INFO database initialized path=/tmp/expedition-sim-2368767822/gogobee.db
2026/05/17 14:05:33 INFO dnd: armed ability fired (turn-based build) user=@sim:fighter-l12-forest_shadows-2 ability="Second Wind"
2026/05/17 14:05:33 INFO dnd: armed ability fired (turn-based build) user=@sim:fighter-l7-underdark-0 ability="Second Wind"
2026/05/17 14:05:33 INFO database initialized path=/tmp/expedition-sim-575108210/gogobee.db
2026/05/17 14:05:33 INFO dnd: armed ability fired (turn-based build) user=@sim:fighter-l3-forest_shadows-2 ability="Second Wind"
2026/05/17 14:05:33 INFO dnd: armed ability fired (turn-based build) user=@sim:fighter-l12-forest_shadows-2 ability="Second Wind"
2026/05/17 14:05:33 INFO dnd: armed ability fired (turn-based build) user=@sim:fighter-l3-forest_shadows-2 ability="Second Wind"
2026/05/17 14:05:33 INFO dnd: armed ability fired (turn-based build) user=@sim:fighter-l3-goblin_warrens-2 ability="Second Wind"
2026/05/17 14:05:33 INFO dnd: armed ability fired (turn-based build) user=@sim:fighter-l3-forest_shadows-2 ability="Second Wind"
2026/05/17 14:05:33 INFO dnd: armed ability fired (turn-based build) user=@sim:fighter-l3-goblin_warrens-2 ability="Second Wind"
2026/05/17 14:05:33 INFO dnd: armed ability fired (turn-based build) user=@sim:fighter-l3-goblin_warrens-2 ability="Second Wind"
2026/05/17 14:05:33 INFO database initialized path=/tmp/expedition-sim-1215163395/gogobee.db
2026/05/17 14:05:33 INFO database initialized path=/tmp/expedition-sim-1903389507/gogobee.db
2026/05/17 14:05:33 INFO dnd: armed ability fired (turn-based build) user=@sim:fighter-l7-dragons_lair-3 ability="Second Wind"
2026/05/17 14:05:33 INFO dnd: armed ability fired (turn-based build) user=@sim:fighter-l7-dragons_lair-3 ability="Second Wind"
2026/05/17 14:05:33 INFO dnd: armed ability fired (turn-based build) user=@sim:fighter-l7-dragons_lair-3 ability="Second Wind"
2026/05/17 14:05:33 INFO database initialized path=/tmp/expedition-sim-3741459690/gogobee.db
2026/05/17 14:05:33 INFO dnd: armed ability fired (turn-based build) user=@sim:fighter-l7-goblin_warrens-2 ability="Second Wind"
2026/05/17 14:05:33 INFO dnd: armed ability fired (turn-based build) user=@sim:fighter-l7-goblin_warrens-2 ability="Second Wind"
2026/05/17 14:05:33 INFO dnd: armed ability fired (turn-based build) user=@sim:fighter-l7-goblin_warrens-2 ability="Second Wind"
2026/05/17 14:05:33 INFO database initialized path=/tmp/expedition-sim-3202823061/gogobee.db
2026/05/17 14:05:33 INFO dnd: armed ability fired (turn-based build) user=@sim:fighter-l3-manor_blackspire-0 ability="Second Wind"
2026/05/17 14:05:33 INFO dnd: armed ability fired (turn-based build) user=@sim:fighter-l3-manor_blackspire-0 ability="Second Wind"
2026/05/17 14:05:33 INFO dnd: armed ability fired (turn-based build) user=@sim:fighter-l3-manor_blackspire-0 ability="Second Wind"
2026/05/17 14:05:33 INFO database initialized path=/tmp/expedition-sim-1863241536/gogobee.db
2026/05/17 14:05:33 INFO database initialized path=/tmp/expedition-sim-2367824524/gogobee.db
2026/05/17 14:05:33 INFO dnd: armed ability fired (turn-based build) user=@sim:fighter-l7-manor_blackspire-3 ability="Second Wind"
2026/05/17 14:05:33 INFO dnd: armed ability fired (turn-based build) user=@sim:fighter-l7-forest_shadows-0 ability="Second Wind"
2026/05/17 14:05:33 INFO database initialized path=/tmp/expedition-sim-3674375423/gogobee.db
2026/05/17 14:05:33 INFO dnd: armed ability fired (turn-based build) user=@sim:fighter-l7-forest_shadows-0 ability="Second Wind"
2026/05/17 14:05:33 INFO dnd: armed ability fired (turn-based build) user=@sim:fighter-l7-manor_blackspire-3 ability="Second Wind"
2026/05/17 14:05:33 INFO dnd: armed ability fired (turn-based build) user=@sim:fighter-l7-forest_shadows-0 ability="Second Wind"
2026/05/17 14:05:33 INFO dnd: armed ability fired (turn-based build) user=@sim:fighter-l12-manor_blackspire-3 ability="Second Wind"
2026/05/17 14:05:33 INFO dnd: armed ability fired (turn-based build) user=@sim:fighter-l7-manor_blackspire-3 ability="Second Wind"
2026/05/17 14:05:33 INFO dnd: armed ability fired (turn-based build) user=@sim:fighter-l12-manor_blackspire-3 ability="Second Wind"
2026/05/17 14:05:33 INFO dnd: armed ability fired (turn-based build) user=@sim:fighter-l12-manor_blackspire-3 ability="Second Wind"
2026/05/17 14:05:33 INFO database initialized path=/tmp/expedition-sim-742959205/gogobee.db
2026/05/17 14:05:33 INFO dnd: armed ability fired (turn-based build) user=@sim:fighter-l3-forest_shadows-3 ability="Second Wind"
2026/05/17 14:05:33 INFO dnd: armed ability fired (turn-based build) user=@sim:fighter-l3-forest_shadows-3 ability="Second Wind"
2026/05/17 14:05:33 INFO dnd: armed ability fired (turn-based build) user=@sim:fighter-l3-forest_shadows-3 ability="Second Wind"
2026/05/17 14:05:33 INFO database initialized path=/tmp/expedition-sim-4111529560/gogobee.db
2026/05/17 14:05:33 INFO database initialized path=/tmp/expedition-sim-979408162/gogobee.db
2026/05/17 14:05:33 INFO dnd: armed ability fired (turn-based build) user=@sim:fighter-l7-underdark-1 ability="Second Wind"
2026/05/17 14:05:33 INFO dnd: armed ability fired (turn-based build) user=@sim:fighter-l7-underdark-1 ability="Second Wind"
2026/05/17 14:05:33 INFO dnd: armed ability fired (turn-based build) user=@sim:fighter-l7-underdark-1 ability="Second Wind"
2026/05/17 14:05:33 INFO database initialized path=/tmp/expedition-sim-361125531/gogobee.db
2026/05/17 14:05:33 INFO database initialized path=/tmp/expedition-sim-3124269750/gogobee.db
2026/05/17 14:05:33 INFO dnd: armed ability fired (turn-based build) user=@sim:fighter-l7-goblin_warrens-3 ability="Second Wind"
2026/05/17 14:05:33 INFO database initialized path=/tmp/expedition-sim-2257341203/gogobee.db
2026/05/17 14:05:33 INFO dnd: armed ability fired (turn-based build) user=@sim:fighter-l7-goblin_warrens-3 ability="Second Wind"
2026/05/17 14:05:33 INFO dnd: armed ability fired (turn-based build) user=@sim:fighter-l3-goblin_warrens-3 ability="Second Wind"
2026/05/17 14:05:33 INFO dnd: armed ability fired (turn-based build) user=@sim:fighter-l7-goblin_warrens-3 ability="Second Wind"
2026/05/17 14:05:33 INFO dnd: armed ability fired (turn-based build) user=@sim:fighter-l12-forest_shadows-3 ability="Second Wind"
2026/05/17 14:05:33 INFO dnd: armed ability fired (turn-based build) user=@sim:fighter-l3-goblin_warrens-3 ability="Second Wind"
2026/05/17 14:05:33 INFO dnd: armed ability fired (turn-based build) user=@sim:fighter-l12-forest_shadows-3 ability="Second Wind"
2026/05/17 14:05:33 INFO dnd: armed ability fired (turn-based build) user=@sim:fighter-l3-goblin_warrens-3 ability="Second Wind"
2026/05/17 14:05:33 INFO dnd: armed ability fired (turn-based build) user=@sim:fighter-l12-forest_shadows-3 ability="Second Wind"
2026/05/17 14:05:33 INFO database initialized path=/tmp/expedition-sim-2862198878/gogobee.db
2026/05/17 14:05:33 INFO dnd: armed ability fired (turn-based build) user=@sim:fighter-l7-dragons_lair-4 ability="Second Wind"
2026/05/17 14:05:33 INFO dnd: armed ability fired (turn-based build) user=@sim:fighter-l7-dragons_lair-4 ability="Second Wind"
2026/05/17 14:05:33 INFO dnd: armed ability fired (turn-based build) user=@sim:fighter-l7-dragons_lair-4 ability="Second Wind"
2026/05/17 14:05:33 INFO database initialized path=/tmp/expedition-sim-728932888/gogobee.db
2026/05/17 14:05:33 INFO dnd: armed ability fired (turn-based build) user=@sim:fighter-l3-manor_blackspire-1 ability="Second Wind"
2026/05/17 14:05:33 INFO dnd: armed ability fired (turn-based build) user=@sim:fighter-l3-manor_blackspire-1 ability="Second Wind"
2026/05/17 14:05:33 INFO database initialized path=/tmp/expedition-sim-1116575092/gogobee.db
2026/05/17 14:05:33 INFO dnd: armed ability fired (turn-based build) user=@sim:fighter-l3-manor_blackspire-1 ability="Second Wind"
2026/05/17 14:05:33 INFO dnd: armed ability fired (turn-based build) user=@sim:fighter-l7-manor_blackspire-4 ability="Second Wind"
2026/05/17 14:05:33 INFO dnd: armed ability fired (turn-based build) user=@sim:fighter-l7-manor_blackspire-4 ability="Second Wind"
2026/05/17 14:05:33 INFO database initialized path=/tmp/expedition-sim-815870713/gogobee.db
2026/05/17 14:05:33 INFO dnd: armed ability fired (turn-based build) user=@sim:fighter-l7-manor_blackspire-4 ability="Second Wind"
2026/05/17 14:05:33 INFO database initialized path=/tmp/expedition-sim-3397280017/gogobee.db
2026/05/17 14:05:33 INFO database initialized path=/tmp/expedition-sim-2579326376/gogobee.db
2026/05/17 14:05:33 INFO dnd: armed ability fired (turn-based build) user=@sim:fighter-l12-manor_blackspire-4 ability="Second Wind"
2026/05/17 14:05:33 INFO dnd: armed ability fired (turn-based build) user=@sim:fighter-l7-forest_shadows-1 ability="Second Wind"
2026/05/17 14:05:33 INFO dnd: armed ability fired (turn-based build) user=@sim:fighter-l12-manor_blackspire-4 ability="Second Wind"
2026/05/17 14:05:33 INFO dnd: armed ability fired (turn-based build) user=@sim:fighter-l7-forest_shadows-1 ability="Second Wind"
2026/05/17 14:05:33 INFO dnd: armed ability fired (turn-based build) user=@sim:fighter-l12-manor_blackspire-4 ability="Second Wind"
2026/05/17 14:05:33 INFO dnd: armed ability fired (turn-based build) user=@sim:fighter-l7-forest_shadows-1 ability="Second Wind"
2026/05/17 14:05:33 INFO database initialized path=/tmp/expedition-sim-4146603640/gogobee.db
2026/05/17 14:05:33 INFO dnd: armed ability fired (turn-based build) user=@sim:fighter-l3-forest_shadows-4 ability="Second Wind"
2026/05/17 14:05:33 INFO dnd: armed ability fired (turn-based build) user=@sim:fighter-l3-forest_shadows-4 ability="Second Wind"
2026/05/17 14:05:33 INFO database initialized path=/tmp/expedition-sim-469913279/gogobee.db
2026/05/17 14:05:33 INFO dnd: armed ability fired (turn-based build) user=@sim:fighter-l3-forest_shadows-4 ability="Second Wind"
2026/05/17 14:05:33 INFO dnd: armed ability fired (turn-based build) user=@sim:fighter-l12-underdark-0 ability="Second Wind"
2026/05/17 14:05:33 INFO dnd: armed ability fired (turn-based build) user=@sim:fighter-l12-underdark-0 ability="Second Wind"
2026/05/17 14:05:33 INFO dnd: armed ability fired (turn-based build) user=@sim:fighter-l12-underdark-0 ability="Second Wind"
2026/05/17 14:05:33 INFO database initialized path=/tmp/expedition-sim-2329809679/gogobee.db
2026/05/17 14:05:33 INFO dnd: armed ability fired (turn-based build) user=@sim:fighter-l7-underdark-2 ability="Second Wind"
2026/05/17 14:05:33 INFO dnd: armed ability fired (turn-based build) user=@sim:fighter-l7-underdark-2 ability="Second Wind"
2026/05/17 14:05:33 INFO dnd: armed ability fired (turn-based build) user=@sim:fighter-l7-underdark-2 ability="Second Wind"
2026/05/17 14:05:33 INFO database initialized path=/tmp/expedition-sim-1904210660/gogobee.db
2026/05/17 14:05:33 INFO dnd: armed ability fired (turn-based build) user=@sim:fighter-l7-goblin_warrens-4 ability="Second Wind"
2026/05/17 14:05:33 INFO dnd: armed ability fired (turn-based build) user=@sim:fighter-l7-goblin_warrens-4 ability="Second Wind"
2026/05/17 14:05:33 INFO dnd: armed ability fired (turn-based build) user=@sim:fighter-l7-goblin_warrens-4 ability="Second Wind"
2026/05/17 14:05:33 INFO database initialized path=/tmp/expedition-sim-2589089650/gogobee.db
2026/05/17 14:05:33 INFO database initialized path=/tmp/expedition-sim-3944119776/gogobee.db
2026/05/17 14:05:33 INFO database initialized path=/tmp/expedition-sim-140838879/gogobee.db
2026/05/17 14:05:33 INFO dnd: armed ability fired (turn-based build) user=@sim:fighter-l3-goblin_warrens-4 ability="Second Wind"
2026/05/17 14:05:33 INFO dnd: armed ability fired (turn-based build) user=@sim:fighter-l12-forest_shadows-4 ability="Second Wind"
2026/05/17 14:05:33 INFO dnd: armed ability fired (turn-based build) user=@sim:fighter-l12-forest_shadows-4 ability="Second Wind"
2026/05/17 14:05:33 INFO dnd: armed ability fired (turn-based build) user=@sim:fighter-l3-goblin_warrens-4 ability="Second Wind"
2026/05/17 14:05:33 INFO dnd: armed ability fired (turn-based build) user=@sim:fighter-l3-goblin_warrens-4 ability="Second Wind"
2026/05/17 14:05:33 INFO dnd: armed ability fired (turn-based build) user=@sim:fighter-l12-forest_shadows-4 ability="Second Wind"
2026/05/17 14:05:33 INFO database initialized path=/tmp/expedition-sim-2071945847/gogobee.db
2026/05/17 14:05:33 INFO database initialized path=/tmp/expedition-sim-3235920658/gogobee.db
2026/05/17 14:05:33 INFO database initialized path=/tmp/expedition-sim-3870190914/gogobee.db
2026/05/17 14:05:33 INFO dnd: armed ability fired (turn-based build) user=@sim:fighter-l7-forest_shadows-2 ability="Second Wind"
2026/05/17 14:05:33 INFO dnd: armed ability fired (turn-based build) user=@sim:fighter-l7-dragons_lair-5 ability="Second Wind"
2026/05/17 14:05:33 INFO database initialized path=/tmp/expedition-sim-3248636291/gogobee.db
2026/05/17 14:05:33 INFO dnd: armed ability fired (turn-based build) user=@sim:fighter-l3-forest_shadows-5 ability="Second Wind"
2026/05/17 14:05:33 INFO dnd: armed ability fired (turn-based build) user=@sim:fighter-l7-forest_shadows-2 ability="Second Wind"
2026/05/17 14:05:33 INFO dnd: armed ability fired (turn-based build) user=@sim:fighter-l12-manor_blackspire-5 ability="Second Wind"
2026/05/17 14:05:33 INFO dnd: armed ability fired (turn-based build) user=@sim:fighter-l7-forest_shadows-2 ability="Second Wind"
2026/05/17 14:05:33 INFO dnd: armed ability fired (turn-based build) user=@sim:fighter-l7-dragons_lair-5 ability="Second Wind"
2026/05/17 14:05:33 INFO dnd: armed ability fired (turn-based build) user=@sim:fighter-l3-forest_shadows-5 ability="Second Wind"
2026/05/17 14:05:33 INFO dnd: armed ability fired (turn-based build) user=@sim:fighter-l12-manor_blackspire-5 ability="Second Wind"
2026/05/17 14:05:33 INFO dnd: armed ability fired (turn-based build) user=@sim:fighter-l12-manor_blackspire-5 ability="Second Wind"
2026/05/17 14:05:33 INFO dnd: armed ability fired (turn-based build) user=@sim:fighter-l3-forest_shadows-5 ability="Second Wind"
2026/05/17 14:05:33 INFO dnd: armed ability fired (turn-based build) user=@sim:fighter-l7-dragons_lair-5 ability="Second Wind"
2026/05/17 14:05:33 INFO database initialized path=/tmp/expedition-sim-3658071841/gogobee.db
2026/05/17 14:05:33 INFO dnd: armed ability fired (turn-based build) user=@sim:fighter-l7-manor_blackspire-5 ability="Second Wind"
2026/05/17 14:05:33 INFO database initialized path=/tmp/expedition-sim-2523567254/gogobee.db
2026/05/17 14:05:33 INFO dnd: armed ability fired (turn-based build) user=@sim:fighter-l7-manor_blackspire-5 ability="Second Wind"
2026/05/17 14:05:33 INFO dnd: armed ability fired (turn-based build) user=@sim:fighter-l3-manor_blackspire-2 ability="Second Wind"
2026/05/17 14:05:33 INFO database initialized path=/tmp/expedition-sim-1129574207/gogobee.db
2026/05/17 14:05:33 INFO dnd: armed ability fired (turn-based build) user=@sim:fighter-l3-manor_blackspire-2 ability="Second Wind"
2026/05/17 14:05:33 INFO dnd: armed ability fired (turn-based build) user=@sim:fighter-l3-manor_blackspire-2 ability="Second Wind"
2026/05/17 14:05:33 INFO dnd: armed ability fired (turn-based build) user=@sim:fighter-l12-underdark-1 ability="Second Wind"
2026/05/17 14:05:33 INFO dnd: armed ability fired (turn-based build) user=@sim:fighter-l12-underdark-1 ability="Second Wind"
2026/05/17 14:05:33 INFO dnd: armed ability fired (turn-based build) user=@sim:fighter-l7-manor_blackspire-5 ability="Second Wind"
2026/05/17 14:05:33 INFO database initialized path=/tmp/expedition-sim-2306390885/gogobee.db
2026/05/17 14:05:33 INFO dnd: armed ability fired (turn-based build) user=@sim:fighter-l12-underdark-1 ability="Second Wind"
2026/05/17 14:05:33 INFO dnd: armed ability fired (turn-based build) user=@sim:fighter-l7-underdark-3 ability="Second Wind"
2026/05/17 14:05:33 INFO dnd: armed ability fired (turn-based build) user=@sim:fighter-l7-underdark-3 ability="Second Wind"
2026/05/17 14:05:33 INFO database initialized path=/tmp/expedition-sim-4265055077/gogobee.db
2026/05/17 14:05:33 INFO dnd: armed ability fired (turn-based build) user=@sim:fighter-l7-underdark-3 ability="Second Wind"
2026/05/17 14:05:33 INFO database initialized path=/tmp/expedition-sim-3966278685/gogobee.db
2026/05/17 14:05:33 INFO dnd: armed ability fired (turn-based build) user=@sim:fighter-l7-goblin_warrens-5 ability="Second Wind"
2026/05/17 14:05:33 INFO dnd: armed ability fired (turn-based build) user=@sim:fighter-l7-goblin_warrens-5 ability="Second Wind"
2026/05/17 14:05:33 INFO dnd: armed ability fired (turn-based build) user=@sim:fighter-l7-goblin_warrens-5 ability="Second Wind"
2026/05/17 14:05:33 INFO database initialized path=/tmp/expedition-sim-503215715/gogobee.db
2026/05/17 14:05:33 INFO dnd: armed ability fired (turn-based build) user=@sim:fighter-l12-forest_shadows-5 ability="Second Wind"
2026/05/17 14:05:33 INFO dnd: armed ability fired (turn-based build) user=@sim:fighter-l12-forest_shadows-5 ability="Second Wind"
2026/05/17 14:05:33 INFO dnd: armed ability fired (turn-based build) user=@sim:fighter-l12-forest_shadows-5 ability="Second Wind"
2026/05/17 14:05:33 INFO database initialized path=/tmp/expedition-sim-330434323/gogobee.db
2026/05/17 14:05:33 INFO dnd: armed ability fired (turn-based build) user=@sim:fighter-l3-goblin_warrens-5 ability="Second Wind"
2026/05/17 14:05:33 INFO dnd: armed ability fired (turn-based build) user=@sim:fighter-l3-goblin_warrens-5 ability="Second Wind"
2026/05/17 14:05:33 INFO dnd: armed ability fired (turn-based build) user=@sim:fighter-l3-goblin_warrens-5 ability="Second Wind"
2026/05/17 14:05:33 INFO database initialized path=/tmp/expedition-sim-3764494451/gogobee.db
2026/05/17 14:05:33 INFO dnd: armed ability fired (turn-based build) user=@sim:fighter-l12-manor_blackspire-6 ability="Second Wind"
2026/05/17 14:05:33 INFO database initialized path=/tmp/expedition-sim-1326513002/gogobee.db
2026/05/17 14:05:33 INFO dnd: armed ability fired (turn-based build) user=@sim:fighter-l12-manor_blackspire-6 ability="Second Wind"
2026/05/17 14:05:33 INFO dnd: armed ability fired (turn-based build) user=@sim:fighter-l7-dragons_lair-6 ability="Second Wind"
2026/05/17 14:05:33 INFO dnd: armed ability fired (turn-based build) user=@sim:fighter-l12-manor_blackspire-6 ability="Second Wind"
2026/05/17 14:05:33 INFO dnd: armed ability fired (turn-based build) user=@sim:fighter-l7-dragons_lair-6 ability="Second Wind"
2026/05/17 14:05:33 INFO database initialized path=/tmp/expedition-sim-923222859/gogobee.db
2026/05/17 14:05:33 INFO dnd: armed ability fired (turn-based build) user=@sim:fighter-l7-dragons_lair-6 ability="Second Wind"
2026/05/17 14:05:33 INFO database initialized path=/tmp/expedition-sim-164247186/gogobee.db
2026/05/17 14:05:33 INFO dnd: armed ability fired (turn-based build) user=@sim:fighter-l7-forest_shadows-3 ability="Second Wind"
2026/05/17 14:05:33 INFO dnd: armed ability fired (turn-based build) user=@sim:fighter-l3-forest_shadows-6 ability="Second Wind"
2026/05/17 14:05:33 INFO dnd: armed ability fired (turn-based build) user=@sim:fighter-l7-forest_shadows-3 ability="Second Wind"
2026/05/17 14:05:33 INFO database initialized path=/tmp/expedition-sim-2333088183/gogobee.db
2026/05/17 14:05:33 INFO dnd: armed ability fired (turn-based build) user=@sim:fighter-l3-forest_shadows-6 ability="Second Wind"
2026/05/17 14:05:33 INFO dnd: armed ability fired (turn-based build) user=@sim:fighter-l7-forest_shadows-3 ability="Second Wind"
2026/05/17 14:05:33 INFO dnd: armed ability fired (turn-based build) user=@sim:fighter-l3-manor_blackspire-3 ability="Second Wind"
2026/05/17 14:05:33 INFO dnd: armed ability fired (turn-based build) user=@sim:fighter-l3-forest_shadows-6 ability="Second Wind"
2026/05/17 14:05:33 INFO dnd: armed ability fired (turn-based build) user=@sim:fighter-l3-manor_blackspire-3 ability="Second Wind"
2026/05/17 14:05:33 INFO database initialized path=/tmp/expedition-sim-2965571630/gogobee.db
2026/05/17 14:05:34 INFO dnd: armed ability fired (turn-based build) user=@sim:fighter-l3-manor_blackspire-3 ability="Second Wind"
2026/05/17 14:05:34 WARN auto-heal cleanup: short on inventory user=@sim:fighter-l3-manor_blackspire-3 wanted=1 removed=0
2026/05/17 14:05:34 INFO database initialized path=/tmp/expedition-sim-2378864124/gogobee.db
2026/05/17 14:05:34 INFO dnd: armed ability fired (turn-based build) user=@sim:fighter-l12-underdark-2 ability="Second Wind"
2026/05/17 14:05:34 INFO dnd: armed ability fired (turn-based build) user=@sim:fighter-l12-underdark-2 ability="Second Wind"
2026/05/17 14:05:34 INFO dnd: armed ability fired (turn-based build) user=@sim:fighter-l12-underdark-2 ability="Second Wind"
2026/05/17 14:05:34 INFO database initialized path=/tmp/expedition-sim-4268397857/gogobee.db
2026/05/17 14:05:34 INFO dnd: armed ability fired (turn-based build) user=@sim:fighter-l7-manor_blackspire-6 ability="Second Wind"
2026/05/17 14:05:34 INFO database initialized path=/tmp/expedition-sim-340256388/gogobee.db
2026/05/17 14:05:34 INFO dnd: armed ability fired (turn-based build) user=@sim:fighter-l7-manor_blackspire-6 ability="Second Wind"
2026/05/17 14:05:34 INFO dnd: armed ability fired (turn-based build) user=@sim:fighter-l7-manor_blackspire-6 ability="Second Wind"
2026/05/17 14:05:34 INFO dnd: armed ability fired (turn-based build) user=@sim:fighter-l7-underdark-4 ability="Second Wind"
2026/05/17 14:05:34 INFO dnd: armed ability fired (turn-based build) user=@sim:fighter-l7-underdark-4 ability="Second Wind"
2026/05/17 14:05:34 INFO dnd: armed ability fired (turn-based build) user=@sim:fighter-l7-underdark-4 ability="Second Wind"
2026/05/17 14:05:34 INFO database initialized path=/tmp/expedition-sim-1321132074/gogobee.db
2026/05/17 14:05:34 INFO dnd: armed ability fired (turn-based build) user=@sim:fighter-l12-forest_shadows-6 ability="Second Wind"
2026/05/17 14:05:34 INFO dnd: armed ability fired (turn-based build) user=@sim:fighter-l12-forest_shadows-6 ability="Second Wind"
2026/05/17 14:05:34 INFO dnd: armed ability fired (turn-based build) user=@sim:fighter-l12-forest_shadows-6 ability="Second Wind"
2026/05/17 14:05:34 INFO database initialized path=/tmp/expedition-sim-2652858344/gogobee.db
2026/05/17 14:05:34 INFO database initialized path=/tmp/expedition-sim-164808351/gogobee.db
2026/05/17 14:05:34 INFO dnd: armed ability fired (turn-based build) user=@sim:fighter-l12-manor_blackspire-7 ability="Second Wind"
2026/05/17 14:05:34 INFO database initialized path=/tmp/expedition-sim-4192056257/gogobee.db
2026/05/17 14:05:34 INFO dnd: armed ability fired (turn-based build) user=@sim:fighter-l12-manor_blackspire-7 ability="Second Wind"
2026/05/17 14:05:34 INFO dnd: armed ability fired (turn-based build) user=@sim:fighter-l7-dragons_lair-7 ability="Second Wind"
2026/05/17 14:05:34 INFO dnd: armed ability fired (turn-based build) user=@sim:fighter-l12-manor_blackspire-7 ability="Second Wind"
2026/05/17 14:05:34 INFO dnd: armed ability fired (turn-based build) user=@sim:fighter-l7-dragons_lair-7 ability="Second Wind"
2026/05/17 14:05:34 INFO dnd: armed ability fired (turn-based build) user=@sim:fighter-l7-dragons_lair-7 ability="Second Wind"
2026/05/17 14:05:34 INFO database initialized path=/tmp/expedition-sim-1849443154/gogobee.db
2026/05/17 14:05:34 INFO dnd: armed ability fired (turn-based build) user=@sim:fighter-l3-manor_blackspire-4 ability="Second Wind"
2026/05/17 14:05:34 INFO database initialized path=/tmp/expedition-sim-1752999807/gogobee.db
2026/05/17 14:05:34 INFO dnd: armed ability fired (turn-based build) user=@sim:fighter-l3-forest_shadows-7 ability="Second Wind"
2026/05/17 14:05:34 INFO dnd: armed ability fired (turn-based build) user=@sim:fighter-l3-manor_blackspire-4 ability="Second Wind"
2026/05/17 14:05:34 INFO dnd: armed ability fired (turn-based build) user=@sim:fighter-l3-forest_shadows-7 ability="Second Wind"
2026/05/17 14:05:34 INFO database initialized path=/tmp/expedition-sim-2723715447/gogobee.db
2026/05/17 14:05:34 INFO database initialized path=/tmp/expedition-sim-2940881350/gogobee.db
2026/05/17 14:05:34 INFO dnd: armed ability fired (turn-based build) user=@sim:fighter-l3-forest_shadows-7 ability="Second Wind"
2026/05/17 14:05:34 INFO dnd: armed ability fired (turn-based build) user=@sim:fighter-l3-manor_blackspire-4 ability="Second Wind"
2026/05/17 14:05:34 INFO dnd: armed ability fired (turn-based build) user=@sim:fighter-l7-forest_shadows-4 ability="Second Wind"
2026/05/17 14:05:34 INFO dnd: armed ability fired (turn-based build) user=@sim:fighter-l3-goblin_warrens-6 ability="Second Wind"
2026/05/17 14:05:34 INFO dnd: armed ability fired (turn-based build) user=@sim:fighter-l7-forest_shadows-4 ability="Second Wind"
2026/05/17 14:05:34 INFO dnd: armed ability fired (turn-based build) user=@sim:fighter-l3-goblin_warrens-6 ability="Second Wind"
2026/05/17 14:05:34 INFO dnd: armed ability fired (turn-based build) user=@sim:fighter-l7-forest_shadows-4 ability="Second Wind"
2026/05/17 14:05:34 INFO dnd: armed ability fired (turn-based build) user=@sim:fighter-l3-goblin_warrens-6 ability="Second Wind"
2026/05/17 14:05:34 INFO database initialized path=/tmp/expedition-sim-1391653557/gogobee.db
2026/05/17 14:05:34 INFO dnd: armed ability fired (turn-based build) user=@sim:fighter-l7-goblin_warrens-6 ability="Second Wind"
2026/05/17 14:05:34 INFO dnd: armed ability fired (turn-based build) user=@sim:fighter-l7-goblin_warrens-6 ability="Second Wind"
2026/05/17 14:05:34 INFO dnd: armed ability fired (turn-based build) user=@sim:fighter-l7-goblin_warrens-6 ability="Second Wind"
2026/05/17 14:05:34 INFO database initialized path=/tmp/expedition-sim-2393364313/gogobee.db
2026/05/17 14:05:34 INFO dnd: armed ability fired (turn-based build) user=@sim:fighter-l12-underdark-3 ability="Second Wind"
2026/05/17 14:05:34 INFO dnd: armed ability fired (turn-based build) user=@sim:fighter-l12-underdark-3 ability="Second Wind"
2026/05/17 14:05:34 INFO database initialized path=/tmp/expedition-sim-921434161/gogobee.db
2026/05/17 14:05:34 INFO dnd: armed ability fired (turn-based build) user=@sim:fighter-l12-underdark-3 ability="Second Wind"
2026/05/17 14:05:34 INFO dnd: armed ability fired (turn-based build) user=@sim:fighter-l7-manor_blackspire-7 ability="Second Wind"
2026/05/17 14:05:34 INFO dnd: armed ability fired (turn-based build) user=@sim:fighter-l7-manor_blackspire-7 ability="Second Wind"
2026/05/17 14:05:34 INFO dnd: armed ability fired (turn-based build) user=@sim:fighter-l7-manor_blackspire-7 ability="Second Wind"
2026/05/17 14:05:34 INFO database initialized path=/tmp/expedition-sim-3867146483/gogobee.db
2026/05/17 14:05:34 INFO database initialized path=/tmp/expedition-sim-1956499881/gogobee.db
2026/05/17 14:05:34 INFO dnd: armed ability fired (turn-based build) user=@sim:fighter-l12-forest_shadows-7 ability="Second Wind"
2026/05/17 14:05:34 INFO dnd: armed ability fired (turn-based build) user=@sim:fighter-l12-forest_shadows-7 ability="Second Wind"
2026/05/17 14:05:34 INFO database initialized path=/tmp/expedition-sim-3917460878/gogobee.db
2026/05/17 14:05:34 INFO dnd: armed ability fired (turn-based build) user=@sim:fighter-l12-forest_shadows-7 ability="Second Wind"
2026/05/17 14:05:34 INFO dnd: armed ability fired (turn-based build) user=@sim:fighter-l7-underdark-5 ability="Second Wind"
2026/05/17 14:05:34 INFO dnd: armed ability fired (turn-based build) user=@sim:fighter-l7-underdark-5 ability="Second Wind"
2026/05/17 14:05:34 INFO dnd: armed ability fired (turn-based build) user=@sim:fighter-l7-underdark-5 ability="Second Wind"
2026/05/17 14:05:34 INFO database initialized path=/tmp/expedition-sim-1736832340/gogobee.db
2026/05/17 14:05:34 INFO dnd: armed ability fired (turn-based build) user=@sim:fighter-l12-manor_blackspire-8 ability="Second Wind"
2026/05/17 14:05:34 INFO database initialized path=/tmp/expedition-sim-1659340935/gogobee.db
2026/05/17 14:05:34 INFO dnd: armed ability fired (turn-based build) user=@sim:fighter-l3-manor_blackspire-5 ability="Second Wind"
2026/05/17 14:05:34 INFO dnd: armed ability fired (turn-based build) user=@sim:fighter-l12-manor_blackspire-8 ability="Second Wind"
2026/05/17 14:05:34 INFO database initialized path=/tmp/expedition-sim-2689570631/gogobee.db
2026/05/17 14:05:34 INFO dnd: armed ability fired (turn-based build) user=@sim:fighter-l3-manor_blackspire-5 ability="Second Wind"
2026/05/17 14:05:34 INFO dnd: armed ability fired (turn-based build) user=@sim:fighter-l3-goblin_warrens-7 ability="Second Wind"
2026/05/17 14:05:34 INFO dnd: armed ability fired (turn-based build) user=@sim:fighter-l3-manor_blackspire-5 ability="Second Wind"
2026/05/17 14:05:34 WARN auto-heal cleanup: short on inventory user=@sim:fighter-l3-manor_blackspire-5 wanted=1 removed=0
2026/05/17 14:05:34 INFO dnd: armed ability fired (turn-based build) user=@sim:fighter-l12-manor_blackspire-8 ability="Second Wind"
2026/05/17 14:05:34 INFO dnd: armed ability fired (turn-based build) user=@sim:fighter-l3-goblin_warrens-7 ability="Second Wind"
2026/05/17 14:05:34 INFO dnd: armed ability fired (turn-based build) user=@sim:fighter-l3-goblin_warrens-7 ability="Second Wind"
2026/05/17 14:05:34 INFO database initialized path=/tmp/expedition-sim-3996591447/gogobee.db
2026/05/17 14:05:34 INFO database initialized path=/tmp/expedition-sim-3105003516/gogobee.db
2026/05/17 14:05:34 INFO database initialized path=/tmp/expedition-sim-1690442709/gogobee.db
2026/05/17 14:05:34 INFO dnd: armed ability fired (turn-based build) user=@sim:fighter-l7-goblin_warrens-7 ability="Second Wind"
2026/05/17 14:05:34 INFO dnd: armed ability fired (turn-based build) user=@sim:fighter-l7-forest_shadows-5 ability="Second Wind"
2026/05/17 14:05:34 INFO dnd: armed ability fired (turn-based build) user=@sim:fighter-l7-goblin_warrens-7 ability="Second Wind"
2026/05/17 14:05:34 INFO dnd: armed ability fired (turn-based build) user=@sim:fighter-l7-goblin_warrens-7 ability="Second Wind"
2026/05/17 14:05:34 INFO dnd: armed ability fired (turn-based build) user=@sim:fighter-l7-forest_shadows-5 ability="Second Wind"
2026/05/17 14:05:34 INFO database initialized path=/tmp/expedition-sim-28266931/gogobee.db
2026/05/17 14:05:34 INFO database initialized path=/tmp/expedition-sim-2078735830/gogobee.db
2026/05/17 14:05:34 INFO dnd: armed ability fired (turn-based build) user=@sim:fighter-l7-forest_shadows-5 ability="Second Wind"
2026/05/17 14:05:34 INFO dnd: armed ability fired (turn-based build) user=@sim:fighter-l12-underdark-4 ability="Second Wind"
2026/05/17 14:05:34 INFO database initialized path=/tmp/expedition-sim-1343472389/gogobee.db
2026/05/17 14:05:34 INFO dnd: armed ability fired (turn-based build) user=@sim:fighter-l12-underdark-4 ability="Second Wind"
2026/05/17 14:05:34 INFO dnd: armed ability fired (turn-based build) user=@sim:fighter-l3-forest_shadows-8 ability="Second Wind"
2026/05/17 14:05:34 INFO dnd: armed ability fired (turn-based build) user=@sim:fighter-l7-dragons_lair-8 ability="Second Wind"
2026/05/17 14:05:34 INFO dnd: armed ability fired (turn-based build) user=@sim:fighter-l12-underdark-4 ability="Second Wind"
2026/05/17 14:05:34 INFO dnd: armed ability fired (turn-based build) user=@sim:fighter-l7-dragons_lair-8 ability="Second Wind"
2026/05/17 14:05:34 INFO dnd: armed ability fired (turn-based build) user=@sim:fighter-l3-forest_shadows-8 ability="Second Wind"
2026/05/17 14:05:34 INFO dnd: armed ability fired (turn-based build) user=@sim:fighter-l7-dragons_lair-8 ability="Second Wind"
2026/05/17 14:05:34 INFO database initialized path=/tmp/expedition-sim-1423581874/gogobee.db
2026/05/17 14:05:34 INFO dnd: armed ability fired (turn-based build) user=@sim:fighter-l3-forest_shadows-8 ability="Second Wind"
2026/05/17 14:05:34 INFO dnd: armed ability fired (turn-based build) user=@sim:fighter-l7-manor_blackspire-8 ability="Second Wind"
2026/05/17 14:05:34 INFO dnd: armed ability fired (turn-based build) user=@sim:fighter-l7-manor_blackspire-8 ability="Second Wind"
2026/05/17 14:05:34 INFO dnd: armed ability fired (turn-based build) user=@sim:fighter-l7-manor_blackspire-8 ability="Second Wind"
2026/05/17 14:05:34 INFO database initialized path=/tmp/expedition-sim-3803227588/gogobee.db
2026/05/17 14:05:34 INFO dnd: armed ability fired (turn-based build) user=@sim:fighter-l3-manor_blackspire-6 ability="Second Wind"
2026/05/17 14:05:34 INFO dnd: armed ability fired (turn-based build) user=@sim:fighter-l3-manor_blackspire-6 ability="Second Wind"
2026/05/17 14:05:34 INFO dnd: armed ability fired (turn-based build) user=@sim:fighter-l3-manor_blackspire-6 ability="Second Wind"
2026/05/17 14:05:34 INFO database initialized path=/tmp/expedition-sim-2576300546/gogobee.db
2026/05/17 14:05:34 INFO dnd: armed ability fired (turn-based build) user=@sim:fighter-l12-forest_shadows-8 ability="Second Wind"
2026/05/17 14:05:34 INFO database initialized path=/tmp/expedition-sim-4097477423/gogobee.db
2026/05/17 14:05:34 INFO dnd: armed ability fired (turn-based build) user=@sim:fighter-l12-forest_shadows-8 ability="Second Wind"
2026/05/17 14:05:34 INFO dnd: armed ability fired (turn-based build) user=@sim:fighter-l12-forest_shadows-8 ability="Second Wind"
2026/05/17 14:05:34 INFO database initialized path=/tmp/expedition-sim-3326994712/gogobee.db
2026/05/17 14:05:34 INFO dnd: armed ability fired (turn-based build) user=@sim:fighter-l7-goblin_warrens-8 ability="Second Wind"
2026/05/17 14:05:34 INFO database initialized path=/tmp/expedition-sim-496522692/gogobee.db
2026/05/17 14:05:34 INFO dnd: armed ability fired (turn-based build) user=@sim:fighter-l7-goblin_warrens-8 ability="Second Wind"
2026/05/17 14:05:34 INFO dnd: armed ability fired (turn-based build) user=@sim:fighter-l7-goblin_warrens-8 ability="Second Wind"
2026/05/17 14:05:34 INFO database initialized path=/tmp/expedition-sim-3914410724/gogobee.db
2026/05/17 14:05:34 INFO dnd: armed ability fired (turn-based build) user=@sim:fighter-l7-underdark-6 ability="Second Wind"
2026/05/17 14:05:34 INFO database initialized path=/tmp/expedition-sim-2770015293/gogobee.db
2026/05/17 14:05:34 INFO dnd: armed ability fired (turn-based build) user=@sim:fighter-l7-forest_shadows-6 ability="Second Wind"
2026/05/17 14:05:34 INFO dnd: armed ability fired (turn-based build) user=@sim:fighter-l7-forest_shadows-6 ability="Second Wind"
2026/05/17 14:05:34 INFO dnd: armed ability fired (turn-based build) user=@sim:fighter-l12-manor_blackspire-9 ability="Second Wind"
2026/05/17 14:05:34 INFO dnd: armed ability fired (turn-based build) user=@sim:fighter-l7-underdark-6 ability="Second Wind"
2026/05/17 14:05:34 INFO dnd: armed ability fired (turn-based build) user=@sim:fighter-l7-forest_shadows-6 ability="Second Wind"
2026/05/17 14:05:34 INFO dnd: armed ability fired (turn-based build) user=@sim:fighter-l12-manor_blackspire-9 ability="Second Wind"
2026/05/17 14:05:34 INFO dnd: armed ability fired (turn-based build) user=@sim:fighter-l12-manor_blackspire-9 ability="Second Wind"
2026/05/17 14:05:34 INFO dnd: armed ability fired (turn-based build) user=@sim:fighter-l7-underdark-6 ability="Second Wind"
2026/05/17 14:05:34 INFO database initialized path=/tmp/expedition-sim-4166166840/gogobee.db
2026/05/17 14:05:34 INFO database initialized path=/tmp/expedition-sim-2306316562/gogobee.db
2026/05/17 14:05:34 INFO dnd: armed ability fired (turn-based build) user=@sim:fighter-l7-dragons_lair-9 ability="Second Wind"
2026/05/17 14:05:34 INFO dnd: armed ability fired (turn-based build) user=@sim:fighter-l7-dragons_lair-9 ability="Second Wind"
2026/05/17 14:05:34 INFO dnd: armed ability fired (turn-based build) user=@sim:fighter-l7-dragons_lair-9 ability="Second Wind"
2026/05/17 14:05:34 INFO dnd: armed ability fired (turn-based build) user=@sim:fighter-l3-goblin_warrens-8 ability="Second Wind"
2026/05/17 14:05:34 INFO dnd: armed ability fired (turn-based build) user=@sim:fighter-l3-goblin_warrens-8 ability="Second Wind"
2026/05/17 14:05:34 INFO dnd: armed ability fired (turn-based build) user=@sim:fighter-l3-goblin_warrens-8 ability="Second Wind"
2026/05/17 14:05:34 INFO database initialized path=/tmp/expedition-sim-3499251653/gogobee.db
2026/05/17 14:05:34 INFO dnd: armed ability fired (turn-based build) user=@sim:fighter-l7-manor_blackspire-9 ability="Second Wind"
2026/05/17 14:05:34 INFO dnd: armed ability fired (turn-based build) user=@sim:fighter-l7-manor_blackspire-9 ability="Second Wind"
2026/05/17 14:05:34 INFO dnd: armed ability fired (turn-based build) user=@sim:fighter-l7-manor_blackspire-9 ability="Second Wind"
2026/05/17 14:05:34 INFO database initialized path=/tmp/expedition-sim-310958014/gogobee.db
2026/05/17 14:05:34 INFO dnd: armed ability fired (turn-based build) user=@sim:fighter-l12-underdark-5 ability="Second Wind"
2026/05/17 14:05:34 INFO dnd: armed ability fired (turn-based build) user=@sim:fighter-l12-underdark-5 ability="Second Wind"
2026/05/17 14:05:34 INFO dnd: armed ability fired (turn-based build) user=@sim:fighter-l12-underdark-5 ability="Second Wind"
2026/05/17 14:05:34 INFO database initialized path=/tmp/expedition-sim-3128258965/gogobee.db
2026/05/17 14:05:34 INFO database initialized path=/tmp/expedition-sim-2462338307/gogobee.db
2026/05/17 14:05:34 INFO dnd: armed ability fired (turn-based build) user=@sim:fighter-l3-manor_blackspire-7 ability="Second Wind"
2026/05/17 14:05:34 INFO dnd: armed ability fired (turn-based build) user=@sim:fighter-l3-manor_blackspire-7 ability="Second Wind"
2026/05/17 14:05:34 INFO dnd: armed ability fired (turn-based build) user=@sim:fighter-l3-manor_blackspire-7 ability="Second Wind"
2026/05/17 14:05:34 INFO database initialized path=/tmp/expedition-sim-3704981899/gogobee.db
2026/05/17 14:05:34 INFO dnd: armed ability fired (turn-based build) user=@sim:fighter-l3-forest_shadows-9 ability="Second Wind"
2026/05/17 14:05:34 INFO dnd: armed ability fired (turn-based build) user=@sim:fighter-l3-forest_shadows-9 ability="Second Wind"
2026/05/17 14:05:34 INFO dnd: armed ability fired (turn-based build) user=@sim:fighter-l3-forest_shadows-9 ability="Second Wind"
2026/05/17 14:05:34 INFO database initialized path=/tmp/expedition-sim-3677415517/gogobee.db
2026/05/17 14:05:34 INFO database initialized path=/tmp/expedition-sim-1456554145/gogobee.db
2026/05/17 14:05:34 INFO dnd: armed ability fired (turn-based build) user=@sim:fighter-l12-forest_shadows-9 ability="Second Wind"
2026/05/17 14:05:35 INFO dnd: armed ability fired (turn-based build) user=@sim:fighter-l7-goblin_warrens-9 ability="Second Wind"
2026/05/17 14:05:35 INFO dnd: armed ability fired (turn-based build) user=@sim:fighter-l12-forest_shadows-9 ability="Second Wind"
2026/05/17 14:05:35 INFO dnd: armed ability fired (turn-based build) user=@sim:fighter-l7-goblin_warrens-9 ability="Second Wind"
2026/05/17 14:05:35 INFO dnd: armed ability fired (turn-based build) user=@sim:fighter-l12-forest_shadows-9 ability="Second Wind"
2026/05/17 14:05:35 INFO dnd: armed ability fired (turn-based build) user=@sim:fighter-l7-goblin_warrens-9 ability="Second Wind"
2026/05/17 14:05:35 INFO database initialized path=/tmp/expedition-sim-3489411639/gogobee.db
2026/05/17 14:05:35 INFO dnd: armed ability fired (turn-based build) user=@sim:fighter-l7-forest_shadows-7 ability="Second Wind"
2026/05/17 14:05:35 INFO dnd: armed ability fired (turn-based build) user=@sim:fighter-l7-forest_shadows-7 ability="Second Wind"
2026/05/17 14:05:35 INFO database initialized path=/tmp/expedition-sim-3427246007/gogobee.db
2026/05/17 14:05:35 INFO dnd: armed ability fired (turn-based build) user=@sim:fighter-l7-forest_shadows-7 ability="Second Wind"
2026/05/17 14:05:35 INFO dnd: armed ability fired (turn-based build) user=@sim:fighter-l3-goblin_warrens-9 ability="Second Wind"
2026/05/17 14:05:35 INFO database initialized path=/tmp/expedition-sim-4125219976/gogobee.db
2026/05/17 14:05:35 INFO dnd: armed ability fired (turn-based build) user=@sim:fighter-l3-goblin_warrens-9 ability="Second Wind"
2026/05/17 14:05:35 INFO dnd: armed ability fired (turn-based build) user=@sim:fighter-l3-goblin_warrens-9 ability="Second Wind"
2026/05/17 14:05:35 INFO dnd: armed ability fired (turn-based build) user=@sim:fighter-l12-manor_blackspire-10 ability="Second Wind"
2026/05/17 14:05:35 INFO dnd: armed ability fired (turn-based build) user=@sim:fighter-l12-manor_blackspire-10 ability="Second Wind"
2026/05/17 14:05:35 INFO dnd: armed ability fired (turn-based build) user=@sim:fighter-l12-manor_blackspire-10 ability="Second Wind"
2026/05/17 14:05:35 INFO database initialized path=/tmp/expedition-sim-4061214484/gogobee.db
2026/05/17 14:05:35 INFO database initialized path=/tmp/expedition-sim-2982763488/gogobee.db
2026/05/17 14:05:35 INFO database initialized path=/tmp/expedition-sim-714837746/gogobee.db
2026/05/17 14:05:35 INFO dnd: armed ability fired (turn-based build) user=@sim:fighter-l7-manor_blackspire-10 ability="Second Wind"
2026/05/17 14:05:35 INFO dnd: armed ability fired (turn-based build) user=@sim:fighter-l7-underdark-7 ability="Second Wind"
2026/05/17 14:05:35 INFO dnd: armed ability fired (turn-based build) user=@sim:fighter-l7-manor_blackspire-10 ability="Second Wind"
2026/05/17 14:05:35 INFO dnd: armed ability fired (turn-based build) user=@sim:fighter-l7-manor_blackspire-10 ability="Second Wind"
2026/05/17 14:05:35 INFO dnd: armed ability fired (turn-based build) user=@sim:fighter-l7-underdark-7 ability="Second Wind"
2026/05/17 14:05:35 INFO dnd: armed ability fired (turn-based build) user=@sim:fighter-l7-underdark-7 ability="Second Wind"
2026/05/17 14:05:35 INFO database initialized path=/tmp/expedition-sim-856578761/gogobee.db
2026/05/17 14:05:35 INFO dnd: armed ability fired (turn-based build) user=@sim:fighter-l3-manor_blackspire-8 ability="Second Wind"
2026/05/17 14:05:35 INFO dnd: armed ability fired (turn-based build) user=@sim:fighter-l3-manor_blackspire-8 ability="Second Wind"
2026/05/17 14:05:35 INFO database initialized path=/tmp/expedition-sim-2160750715/gogobee.db
2026/05/17 14:05:35 INFO dnd: armed ability fired (turn-based build) user=@sim:fighter-l3-manor_blackspire-8 ability="Second Wind"
2026/05/17 14:05:35 INFO dnd: armed ability fired (turn-based build) user=@sim:fighter-l12-underdark-6 ability="Second Wind"
2026/05/17 14:05:35 INFO dnd: armed ability fired (turn-based build) user=@sim:fighter-l12-underdark-6 ability="Second Wind"
2026/05/17 14:05:35 INFO dnd: armed ability fired (turn-based build) user=@sim:fighter-l12-underdark-6 ability="Second Wind"
2026/05/17 14:05:35 INFO database initialized path=/tmp/expedition-sim-1205455878/gogobee.db
2026/05/17 14:05:35 INFO database initialized path=/tmp/expedition-sim-2272694668/gogobee.db
2026/05/17 14:05:35 INFO dnd: armed ability fired (turn-based build) user=@sim:fighter-l3-forest_shadows-10 ability="Second Wind"
2026/05/17 14:05:35 INFO dnd: armed ability fired (turn-based build) user=@sim:fighter-l3-forest_shadows-10 ability="Second Wind"
2026/05/17 14:05:35 INFO dnd: armed ability fired (turn-based build) user=@sim:fighter-l7-dragons_lair-10 ability="Second Wind"
2026/05/17 14:05:35 INFO dnd: armed ability fired (turn-based build) user=@sim:fighter-l3-forest_shadows-10 ability="Second Wind"
2026/05/17 14:05:35 INFO dnd: armed ability fired (turn-based build) user=@sim:fighter-l7-dragons_lair-10 ability="Second Wind"
2026/05/17 14:05:35 INFO dnd: armed ability fired (turn-based build) user=@sim:fighter-l7-dragons_lair-10 ability="Second Wind"
2026/05/17 14:05:35 INFO database initialized path=/tmp/expedition-sim-3554561623/gogobee.db
2026/05/17 14:05:35 INFO database initialized path=/tmp/expedition-sim-748495176/gogobee.db
2026/05/17 14:05:35 INFO dnd: armed ability fired (turn-based build) user=@sim:fighter-l7-goblin_warrens-10 ability="Second Wind"
2026/05/17 14:05:35 INFO dnd: armed ability fired (turn-based build) user=@sim:fighter-l12-forest_shadows-10 ability="Second Wind"
2026/05/17 14:05:35 INFO dnd: armed ability fired (turn-based build) user=@sim:fighter-l7-goblin_warrens-10 ability="Second Wind"
2026/05/17 14:05:35 INFO dnd: armed ability fired (turn-based build) user=@sim:fighter-l12-forest_shadows-10 ability="Second Wind"
2026/05/17 14:05:35 INFO dnd: armed ability fired (turn-based build) user=@sim:fighter-l7-goblin_warrens-10 ability="Second Wind"
2026/05/17 14:05:35 INFO dnd: armed ability fired (turn-based build) user=@sim:fighter-l12-forest_shadows-10 ability="Second Wind"
2026/05/17 14:05:35 INFO database initialized path=/tmp/expedition-sim-2238329340/gogobee.db
2026/05/17 14:05:35 INFO dnd: armed ability fired (turn-based build) user=@sim:fighter-l3-goblin_warrens-10 ability="Second Wind"
2026/05/17 14:05:35 INFO dnd: armed ability fired (turn-based build) user=@sim:fighter-l3-goblin_warrens-10 ability="Second Wind"
2026/05/17 14:05:35 INFO dnd: armed ability fired (turn-based build) user=@sim:fighter-l3-goblin_warrens-10 ability="Second Wind"
2026/05/17 14:05:35 INFO database initialized path=/tmp/expedition-sim-1954686213/gogobee.db
2026/05/17 14:05:35 INFO database initialized path=/tmp/expedition-sim-654349956/gogobee.db
2026/05/17 14:05:35 INFO dnd: armed ability fired (turn-based build) user=@sim:fighter-l7-forest_shadows-8 ability="Second Wind"
2026/05/17 14:05:35 INFO dnd: armed ability fired (turn-based build) user=@sim:fighter-l7-forest_shadows-8 ability="Second Wind"
2026/05/17 14:05:35 INFO dnd: armed ability fired (turn-based build) user=@sim:fighter-l7-forest_shadows-8 ability="Second Wind"
2026/05/17 14:05:35 INFO database initialized path=/tmp/expedition-sim-1433360440/gogobee.db
2026/05/17 14:05:35 INFO dnd: armed ability fired (turn-based build) user=@sim:fighter-l12-manor_blackspire-11 ability="Second Wind"
2026/05/17 14:05:35 INFO dnd: armed ability fired (turn-based build) user=@sim:fighter-l12-manor_blackspire-11 ability="Second Wind"
2026/05/17 14:05:35 INFO dnd: armed ability fired (turn-based build) user=@sim:fighter-l12-manor_blackspire-11 ability="Second Wind"
2026/05/17 14:05:35 INFO database initialized path=/tmp/expedition-sim-3634635869/gogobee.db
2026/05/17 14:05:35 INFO dnd: armed ability fired (turn-based build) user=@sim:fighter-l7-manor_blackspire-11 ability="Second Wind"
2026/05/17 14:05:35 INFO dnd: armed ability fired (turn-based build) user=@sim:fighter-l7-manor_blackspire-11 ability="Second Wind"
2026/05/17 14:05:35 INFO dnd: armed ability fired (turn-based build) user=@sim:fighter-l7-manor_blackspire-11 ability="Second Wind"
2026/05/17 14:05:35 INFO database initialized path=/tmp/expedition-sim-928376756/gogobee.db
2026/05/17 14:05:35 INFO dnd: armed ability fired (turn-based build) user=@sim:fighter-l3-manor_blackspire-9 ability="Second Wind"
2026/05/17 14:05:35 INFO dnd: armed ability fired (turn-based build) user=@sim:fighter-l3-manor_blackspire-9 ability="Second Wind"
2026/05/17 14:05:35 INFO dnd: armed ability fired (turn-based build) user=@sim:fighter-l3-manor_blackspire-9 ability="Second Wind"
2026/05/17 14:05:35 INFO database initialized path=/tmp/expedition-sim-3391241419/gogobee.db
2026/05/17 14:05:35 INFO dnd: armed ability fired (turn-based build) user=@sim:fighter-l12-goblin_warrens-0 ability="Second Wind"
2026/05/17 14:05:35 INFO dnd: armed ability fired (turn-based build) user=@sim:fighter-l12-goblin_warrens-0 ability="Second Wind"
2026/05/17 14:05:35 INFO dnd: armed ability fired (turn-based build) user=@sim:fighter-l12-goblin_warrens-0 ability="Second Wind"
2026/05/17 14:05:35 INFO database initialized path=/tmp/expedition-sim-3543445881/gogobee.db
2026/05/17 14:05:35 INFO database initialized path=/tmp/expedition-sim-4082017210/gogobee.db
2026/05/17 14:05:35 INFO dnd: armed ability fired (turn-based build) user=@sim:fighter-l7-underdark-8 ability="Second Wind"
2026/05/17 14:05:35 INFO dnd: armed ability fired (turn-based build) user=@sim:fighter-l3-forest_shadows-11 ability="Second Wind"
2026/05/17 14:05:35 INFO dnd: armed ability fired (turn-based build) user=@sim:fighter-l7-underdark-8 ability="Second Wind"
2026/05/17 14:05:35 INFO dnd: armed ability fired (turn-based build) user=@sim:fighter-l3-forest_shadows-11 ability="Second Wind"
2026/05/17 14:05:35 INFO dnd: armed ability fired (turn-based build) user=@sim:fighter-l3-forest_shadows-11 ability="Second Wind"
2026/05/17 14:05:35 INFO dnd: armed ability fired (turn-based build) user=@sim:fighter-l7-underdark-8 ability="Second Wind"
2026/05/17 14:05:35 INFO database initialized path=/tmp/expedition-sim-2161884848/gogobee.db
2026/05/17 14:05:35 INFO dnd: armed ability fired (turn-based build) user=@sim:fighter-l7-dragons_lair-11 ability="Second Wind"
2026/05/17 14:05:35 INFO database initialized path=/tmp/expedition-sim-2358780320/gogobee.db
2026/05/17 14:05:35 INFO dnd: armed ability fired (turn-based build) user=@sim:fighter-l7-dragons_lair-11 ability="Second Wind"
2026/05/17 14:05:35 INFO database initialized path=/tmp/expedition-sim-239150116/gogobee.db
2026/05/17 14:05:35 INFO database initialized path=/tmp/expedition-sim-3729359181/gogobee.db
2026/05/17 14:05:35 INFO dnd: armed ability fired (turn-based build) user=@sim:fighter-l12-underdark-7 ability="Second Wind"
2026/05/17 14:05:35 INFO dnd: armed ability fired (turn-based build) user=@sim:fighter-l7-dragons_lair-11 ability="Second Wind"
2026/05/17 14:05:35 INFO database initialized path=/tmp/expedition-sim-3555971772/gogobee.db
2026/05/17 14:05:35 INFO dnd: armed ability fired (turn-based build) user=@sim:fighter-l12-underdark-7 ability="Second Wind"
2026/05/17 14:05:35 INFO dnd: armed ability fired (turn-based build) user=@sim:fighter-l3-goblin_warrens-11 ability="Second Wind"
2026/05/17 14:05:35 INFO dnd: armed ability fired (turn-based build) user=@sim:fighter-l7-goblin_warrens-11 ability="Second Wind"
2026/05/17 14:05:35 INFO dnd: armed ability fired (turn-based build) user=@sim:fighter-l12-underdark-7 ability="Second Wind"
2026/05/17 14:05:35 INFO dnd: armed ability fired (turn-based build) user=@sim:fighter-l3-goblin_warrens-11 ability="Second Wind"
2026/05/17 14:05:35 INFO dnd: armed ability fired (turn-based build) user=@sim:fighter-l7-goblin_warrens-11 ability="Second Wind"
2026/05/17 14:05:35 INFO dnd: armed ability fired (turn-based build) user=@sim:fighter-l3-goblin_warrens-11 ability="Second Wind"
2026/05/17 14:05:35 INFO dnd: armed ability fired (turn-based build) user=@sim:fighter-l7-goblin_warrens-11 ability="Second Wind"
2026/05/17 14:05:35 INFO database initialized path=/tmp/expedition-sim-1672534289/gogobee.db
2026/05/17 14:05:35 INFO dnd: armed ability fired (turn-based build) user=@sim:fighter-l12-manor_blackspire-12 ability="Second Wind"
2026/05/17 14:05:35 INFO dnd: armed ability fired (turn-based build) user=@sim:fighter-l12-manor_blackspire-12 ability="Second Wind"
2026/05/17 14:05:35 INFO database initialized path=/tmp/expedition-sim-1087304765/gogobee.db
2026/05/17 14:05:35 INFO dnd: armed ability fired (turn-based build) user=@sim:fighter-l12-manor_blackspire-12 ability="Second Wind"
2026/05/17 14:05:35 INFO dnd: armed ability fired (turn-based build) user=@sim:fighter-l7-forest_shadows-9 ability="Second Wind"
2026/05/17 14:05:35 INFO dnd: armed ability fired (turn-based build) user=@sim:fighter-l7-forest_shadows-9 ability="Second Wind"
2026/05/17 14:05:35 INFO database initialized path=/tmp/expedition-sim-3911451470/gogobee.db
2026/05/17 14:05:35 INFO dnd: armed ability fired (turn-based build) user=@sim:fighter-l7-forest_shadows-9 ability="Second Wind"
2026/05/17 14:05:35 INFO dnd: armed ability fired (turn-based build) user=@sim:fighter-l7-manor_blackspire-12 ability="Second Wind"
2026/05/17 14:05:35 INFO dnd: armed ability fired (turn-based build) user=@sim:fighter-l7-manor_blackspire-12 ability="Second Wind"
2026/05/17 14:05:35 INFO dnd: armed ability fired (turn-based build) user=@sim:fighter-l7-manor_blackspire-12 ability="Second Wind"
2026/05/17 14:05:35 INFO database initialized path=/tmp/expedition-sim-4290396698/gogobee.db
2026/05/17 14:05:35 INFO dnd: armed ability fired (turn-based build) user=@sim:fighter-l12-forest_shadows-11 ability="Second Wind"
2026/05/17 14:05:35 INFO dnd: armed ability fired (turn-based build) user=@sim:fighter-l12-forest_shadows-11 ability="Second Wind"
2026/05/17 14:05:35 INFO dnd: armed ability fired (turn-based build) user=@sim:fighter-l12-forest_shadows-11 ability="Second Wind"
2026/05/17 14:05:35 INFO database initialized path=/tmp/expedition-sim-1856201938/gogobee.db
2026/05/17 14:05:35 INFO dnd: armed ability fired (turn-based build) user=@sim:fighter-l3-manor_blackspire-10 ability="Second Wind"
2026/05/17 14:05:35 INFO dnd: armed ability fired (turn-based build) user=@sim:fighter-l3-manor_blackspire-10 ability="Second Wind"
2026/05/17 14:05:35 INFO dnd: armed ability fired (turn-based build) user=@sim:fighter-l3-manor_blackspire-10 ability="Second Wind"
2026/05/17 14:05:35 INFO database initialized path=/tmp/expedition-sim-485624989/gogobee.db
2026/05/17 14:05:35 INFO database initialized path=/tmp/expedition-sim-2969030300/gogobee.db
2026/05/17 14:05:35 INFO dnd: armed ability fired (turn-based build) user=@sim:fighter-l12-goblin_warrens-1 ability="Second Wind"
2026/05/17 14:05:35 INFO dnd: armed ability fired (turn-based build) user=@sim:fighter-l12-goblin_warrens-1 ability="Second Wind"
2026/05/17 14:05:35 INFO database initialized path=/tmp/expedition-sim-173581624/gogobee.db
2026/05/17 14:05:35 INFO dnd: armed ability fired (turn-based build) user=@sim:fighter-l3-forest_shadows-12 ability="Second Wind"
2026/05/17 14:05:35 INFO dnd: armed ability fired (turn-based build) user=@sim:fighter-l12-goblin_warrens-1 ability="Second Wind"
2026/05/17 14:05:35 INFO dnd: armed ability fired (turn-based build) user=@sim:fighter-l3-forest_shadows-12 ability="Second Wind"
2026/05/17 14:05:35 INFO dnd: armed ability fired (turn-based build) user=@sim:fighter-l3-forest_shadows-12 ability="Second Wind"
2026/05/17 14:05:35 INFO database initialized path=/tmp/expedition-sim-3482729545/gogobee.db
2026/05/17 14:05:35 INFO dnd: armed ability fired (turn-based build) user=@sim:fighter-l7-underdark-9 ability="Second Wind"
2026/05/17 14:05:35 INFO dnd: armed ability fired (turn-based build) user=@sim:fighter-l7-underdark-9 ability="Second Wind"
2026/05/17 14:05:35 INFO database initialized path=/tmp/expedition-sim-2941799836/gogobee.db
2026/05/17 14:05:35 INFO database initialized path=/tmp/expedition-sim-2516378176/gogobee.db
2026/05/17 14:05:35 INFO dnd: armed ability fired (turn-based build) user=@sim:fighter-l7-underdark-9 ability="Second Wind"
2026/05/17 14:05:35 INFO dnd: armed ability fired (turn-based build) user=@sim:fighter-l7-goblin_warrens-12 ability="Second Wind"
2026/05/17 14:05:35 INFO dnd: armed ability fired (turn-based build) user=@sim:fighter-l3-goblin_warrens-12 ability="Second Wind"
2026/05/17 14:05:35 INFO dnd: armed ability fired (turn-based build) user=@sim:fighter-l7-goblin_warrens-12 ability="Second Wind"
2026/05/17 14:05:35 INFO dnd: armed ability fired (turn-based build) user=@sim:fighter-l3-goblin_warrens-12 ability="Second Wind"
2026/05/17 14:05:35 INFO dnd: armed ability fired (turn-based build) user=@sim:fighter-l7-goblin_warrens-12 ability="Second Wind"
2026/05/17 14:05:35 INFO dnd: armed ability fired (turn-based build) user=@sim:fighter-l3-goblin_warrens-12 ability="Second Wind"
2026/05/17 14:05:35 INFO database initialized path=/tmp/expedition-sim-1401512347/gogobee.db
2026/05/17 14:05:35 INFO dnd: armed ability fired (turn-based build) user=@sim:fighter-l7-dragons_lair-12 ability="Second Wind"
2026/05/17 14:05:35 INFO dnd: armed ability fired (turn-based build) user=@sim:fighter-l7-dragons_lair-12 ability="Second Wind"
2026/05/17 14:05:35 INFO dnd: armed ability fired (turn-based build) user=@sim:fighter-l7-dragons_lair-12 ability="Second Wind"
2026/05/17 14:05:35 INFO database initialized path=/tmp/expedition-sim-4227710587/gogobee.db
2026/05/17 14:05:35 INFO database initialized path=/tmp/expedition-sim-2911421398/gogobee.db
2026/05/17 14:05:35 INFO dnd: armed ability fired (turn-based build) user=@sim:fighter-l12-underdark-8 ability="Second Wind"
2026/05/17 14:05:35 INFO dnd: armed ability fired (turn-based build) user=@sim:fighter-l12-manor_blackspire-13 ability="Second Wind"
2026/05/17 14:05:35 INFO dnd: armed ability fired (turn-based build) user=@sim:fighter-l12-manor_blackspire-13 ability="Second Wind"
2026/05/17 14:05:35 INFO dnd: armed ability fired (turn-based build) user=@sim:fighter-l12-underdark-8 ability="Second Wind"
2026/05/17 14:05:35 INFO dnd: armed ability fired (turn-based build) user=@sim:fighter-l12-underdark-8 ability="Second Wind"
2026/05/17 14:05:35 INFO dnd: armed ability fired (turn-based build) user=@sim:fighter-l12-manor_blackspire-13 ability="Second Wind"
2026/05/17 14:05:35 INFO database initialized path=/tmp/expedition-sim-3362768615/gogobee.db
2026/05/17 14:05:35 INFO database initialized path=/tmp/expedition-sim-2775059967/gogobee.db
2026/05/17 14:05:35 INFO dnd: armed ability fired (turn-based build) user=@sim:fighter-l7-manor_blackspire-13 ability="Second Wind"
2026/05/17 14:05:35 INFO dnd: armed ability fired (turn-based build) user=@sim:fighter-l7-manor_blackspire-13 ability="Second Wind"
2026/05/17 14:05:35 INFO database initialized path=/tmp/expedition-sim-3484229466/gogobee.db
2026/05/17 14:05:35 INFO dnd: armed ability fired (turn-based build) user=@sim:fighter-l7-manor_blackspire-13 ability="Second Wind"
2026/05/17 14:05:35 INFO database initialized path=/tmp/expedition-sim-3559868520/gogobee.db
2026/05/17 14:05:35 INFO dnd: armed ability fired (turn-based build) user=@sim:fighter-l3-manor_blackspire-11 ability="Second Wind"
2026/05/17 14:05:35 INFO dnd: armed ability fired (turn-based build) user=@sim:fighter-l7-forest_shadows-10 ability="Second Wind"
2026/05/17 14:05:35 INFO dnd: armed ability fired (turn-based build) user=@sim:fighter-l3-manor_blackspire-11 ability="Second Wind"
2026/05/17 14:05:35 INFO dnd: armed ability fired (turn-based build) user=@sim:fighter-l3-manor_blackspire-11 ability="Second Wind"
2026/05/17 14:05:35 WARN auto-heal cleanup: short on inventory user=@sim:fighter-l3-manor_blackspire-11 wanted=1 removed=0
2026/05/17 14:05:35 INFO dnd: armed ability fired (turn-based build) user=@sim:fighter-l7-forest_shadows-10 ability="Second Wind"
2026/05/17 14:05:35 INFO dnd: armed ability fired (turn-based build) user=@sim:fighter-l7-forest_shadows-10 ability="Second Wind"
2026/05/17 14:05:36 INFO database initialized path=/tmp/expedition-sim-966758130/gogobee.db
2026/05/17 14:05:36 INFO database initialized path=/tmp/expedition-sim-829423147/gogobee.db
2026/05/17 14:05:36 INFO dnd: armed ability fired (turn-based build) user=@sim:fighter-l3-forest_shadows-13 ability="Second Wind"
2026/05/17 14:05:36 INFO dnd: armed ability fired (turn-based build) user=@sim:fighter-l7-underdark-10 ability="Second Wind"
2026/05/17 14:05:36 INFO dnd: armed ability fired (turn-based build) user=@sim:fighter-l3-forest_shadows-13 ability="Second Wind"
2026/05/17 14:05:36 INFO dnd: armed ability fired (turn-based build) user=@sim:fighter-l7-underdark-10 ability="Second Wind"
2026/05/17 14:05:36 INFO dnd: armed ability fired (turn-based build) user=@sim:fighter-l3-forest_shadows-13 ability="Second Wind"
2026/05/17 14:05:36 WARN auto-heal cleanup: short on inventory user=@sim:fighter-l3-forest_shadows-13 wanted=1 removed=0
2026/05/17 14:05:36 INFO database initialized path=/tmp/expedition-sim-1720815842/gogobee.db
2026/05/17 14:05:36 INFO dnd: armed ability fired (turn-based build) user=@sim:fighter-l7-underdark-10 ability="Second Wind"
2026/05/17 14:05:36 INFO database initialized path=/tmp/expedition-sim-2112525182/gogobee.db
2026/05/17 14:05:36 INFO database initialized path=/tmp/expedition-sim-2385355506/gogobee.db
2026/05/17 14:05:36 INFO dnd: armed ability fired (turn-based build) user=@sim:fighter-l12-forest_shadows-12 ability="Second Wind"
2026/05/17 14:05:36 INFO dnd: armed ability fired (turn-based build) user=@sim:fighter-l7-goblin_warrens-13 ability="Second Wind"
2026/05/17 14:05:36 INFO dnd: armed ability fired (turn-based build) user=@sim:fighter-l12-forest_shadows-12 ability="Second Wind"
2026/05/17 14:05:36 INFO database initialized path=/tmp/expedition-sim-155415673/gogobee.db
2026/05/17 14:05:36 INFO dnd: armed ability fired (turn-based build) user=@sim:fighter-l7-goblin_warrens-13 ability="Second Wind"
2026/05/17 14:05:36 INFO dnd: armed ability fired (turn-based build) user=@sim:fighter-l12-forest_shadows-12 ability="Second Wind"
2026/05/17 14:05:36 INFO database initialized path=/tmp/expedition-sim-1279583815/gogobee.db
2026/05/17 14:05:36 INFO dnd: armed ability fired (turn-based build) user=@sim:fighter-l12-goblin_warrens-2 ability="Second Wind"
2026/05/17 14:05:36 INFO dnd: armed ability fired (turn-based build) user=@sim:fighter-l7-goblin_warrens-13 ability="Second Wind"
2026/05/17 14:05:36 INFO dnd: armed ability fired (turn-based build) user=@sim:fighter-l12-goblin_warrens-2 ability="Second Wind"
2026/05/17 14:05:36 INFO dnd: armed ability fired (turn-based build) user=@sim:fighter-l3-goblin_warrens-13 ability="Second Wind"
2026/05/17 14:05:36 INFO dnd: armed ability fired (turn-based build) user=@sim:fighter-l3-goblin_warrens-13 ability="Second Wind"
2026/05/17 14:05:36 INFO dnd: armed ability fired (turn-based build) user=@sim:fighter-l12-goblin_warrens-2 ability="Second Wind"
2026/05/17 14:05:36 INFO dnd: armed ability fired (turn-based build) user=@sim:fighter-l3-goblin_warrens-13 ability="Second Wind"
2026/05/17 14:05:36 INFO database initialized path=/tmp/expedition-sim-3547146808/gogobee.db
2026/05/17 14:05:36 INFO dnd: armed ability fired (turn-based build) user=@sim:fighter-l7-dragons_lair-13 ability="Second Wind"
2026/05/17 14:05:36 INFO dnd: armed ability fired (turn-based build) user=@sim:fighter-l7-dragons_lair-13 ability="Second Wind"
2026/05/17 14:05:36 INFO database initialized path=/tmp/expedition-sim-1402021610/gogobee.db
2026/05/17 14:05:36 INFO dnd: armed ability fired (turn-based build) user=@sim:fighter-l7-dragons_lair-13 ability="Second Wind"
2026/05/17 14:05:36 INFO dnd: armed ability fired (turn-based build) user=@sim:fighter-l12-manor_blackspire-14 ability="Second Wind"
2026/05/17 14:05:36 INFO dnd: armed ability fired (turn-based build) user=@sim:fighter-l12-manor_blackspire-14 ability="Second Wind"
2026/05/17 14:05:36 INFO dnd: armed ability fired (turn-based build) user=@sim:fighter-l12-manor_blackspire-14 ability="Second Wind"
2026/05/17 14:05:36 INFO database initialized path=/tmp/expedition-sim-3532648283/gogobee.db
2026/05/17 14:05:36 INFO dnd: armed ability fired (turn-based build) user=@sim:fighter-l12-underdark-9 ability="Second Wind"
2026/05/17 14:05:36 INFO database initialized path=/tmp/expedition-sim-1484802364/gogobee.db
2026/05/17 14:05:36 INFO dnd: armed ability fired (turn-based build) user=@sim:fighter-l12-underdark-9 ability="Second Wind"
2026/05/17 14:05:36 INFO dnd: armed ability fired (turn-based build) user=@sim:fighter-l12-underdark-9 ability="Second Wind"
2026/05/17 14:05:36 INFO database initialized path=/tmp/expedition-sim-3699968144/gogobee.db
2026/05/17 14:05:36 INFO dnd: armed ability fired (turn-based build) user=@sim:fighter-l7-forest_shadows-11 ability="Second Wind"
2026/05/17 14:05:36 INFO dnd: armed ability fired (turn-based build) user=@sim:fighter-l7-forest_shadows-11 ability="Second Wind"
2026/05/17 14:05:36 INFO dnd: armed ability fired (turn-based build) user=@sim:fighter-l7-forest_shadows-11 ability="Second Wind"
2026/05/17 14:05:36 INFO database initialized path=/tmp/expedition-sim-1594802699/gogobee.db
2026/05/17 14:05:36 INFO dnd: armed ability fired (turn-based build) user=@sim:fighter-l7-manor_blackspire-14 ability="Second Wind"
2026/05/17 14:05:36 INFO dnd: armed ability fired (turn-based build) user=@sim:fighter-l7-manor_blackspire-14 ability="Second Wind"
2026/05/17 14:05:36 INFO dnd: armed ability fired (turn-based build) user=@sim:fighter-l7-manor_blackspire-14 ability="Second Wind"
2026/05/17 14:05:36 INFO database initialized path=/tmp/expedition-sim-606675812/gogobee.db
2026/05/17 14:05:36 INFO database initialized path=/tmp/expedition-sim-799182772/gogobee.db
2026/05/17 14:05:36 INFO dnd: armed ability fired (turn-based build) user=@sim:fighter-l3-forest_shadows-14 ability="Second Wind"
2026/05/17 14:05:36 INFO dnd: armed ability fired (turn-based build) user=@sim:fighter-l3-forest_shadows-14 ability="Second Wind"
2026/05/17 14:05:36 INFO dnd: armed ability fired (turn-based build) user=@sim:fighter-l3-forest_shadows-14 ability="Second Wind"
2026/05/17 14:05:36 INFO database initialized path=/tmp/expedition-sim-1866082955/gogobee.db
2026/05/17 14:05:36 INFO dnd: armed ability fired (turn-based build) user=@sim:fighter-l12-goblin_warrens-3 ability="Second Wind"
2026/05/17 14:05:36 INFO dnd: armed ability fired (turn-based build) user=@sim:fighter-l12-goblin_warrens-3 ability="Second Wind"
2026/05/17 14:05:36 INFO dnd: armed ability fired (turn-based build) user=@sim:fighter-l12-goblin_warrens-3 ability="Second Wind"
2026/05/17 14:05:36 INFO database initialized path=/tmp/expedition-sim-2120164676/gogobee.db
2026/05/17 14:05:36 INFO database initialized path=/tmp/expedition-sim-1229198492/gogobee.db
2026/05/17 14:05:36 INFO dnd: armed ability fired (turn-based build) user=@sim:fighter-l12-forest_shadows-13 ability="Second Wind"
2026/05/17 14:05:36 INFO dnd: armed ability fired (turn-based build) user=@sim:fighter-l12-forest_shadows-13 ability="Second Wind"
2026/05/17 14:05:36 INFO dnd: armed ability fired (turn-based build) user=@sim:fighter-l3-manor_blackspire-12 ability="Second Wind"
2026/05/17 14:05:36 INFO database initialized path=/tmp/expedition-sim-1323606941/gogobee.db
2026/05/17 14:05:36 INFO dnd: armed ability fired (turn-based build) user=@sim:fighter-l3-manor_blackspire-12 ability="Second Wind"
2026/05/17 14:05:36 INFO dnd: armed ability fired (turn-based build) user=@sim:fighter-l12-forest_shadows-13 ability="Second Wind"
2026/05/17 14:05:36 INFO dnd: armed ability fired (turn-based build) user=@sim:fighter-l3-manor_blackspire-12 ability="Second Wind"
2026/05/17 14:05:36 INFO dnd: armed ability fired (turn-based build) user=@sim:fighter-l7-goblin_warrens-14 ability="Second Wind"
2026/05/17 14:05:36 INFO dnd: armed ability fired (turn-based build) user=@sim:fighter-l7-goblin_warrens-14 ability="Second Wind"
2026/05/17 14:05:36 INFO database initialized path=/tmp/expedition-sim-4026395507/gogobee.db
2026/05/17 14:05:36 INFO database initialized path=/tmp/expedition-sim-1827717246/gogobee.db
2026/05/17 14:05:36 INFO dnd: armed ability fired (turn-based build) user=@sim:fighter-l7-goblin_warrens-14 ability="Second Wind"
2026/05/17 14:05:36 INFO dnd: armed ability fired (turn-based build) user=@sim:fighter-l7-underdark-11 ability="Second Wind"
2026/05/17 14:05:36 INFO database initialized path=/tmp/expedition-sim-1842077841/gogobee.db
2026/05/17 14:05:36 INFO dnd: armed ability fired (turn-based build) user=@sim:fighter-l7-underdark-11 ability="Second Wind"
2026/05/17 14:05:36 INFO dnd: armed ability fired (turn-based build) user=@sim:fighter-l7-dragons_lair-14 ability="Second Wind"
2026/05/17 14:05:36 INFO dnd: armed ability fired (turn-based build) user=@sim:fighter-l7-underdark-11 ability="Second Wind"
2026/05/17 14:05:36 INFO dnd: armed ability fired (turn-based build) user=@sim:fighter-l7-dragons_lair-14 ability="Second Wind"
2026/05/17 14:05:36 INFO dnd: armed ability fired (turn-based build) user=@sim:fighter-l7-dragons_lair-14 ability="Second Wind"
2026/05/17 14:05:36 INFO database initialized path=/tmp/expedition-sim-409188744/gogobee.db
2026/05/17 14:05:36 INFO database initialized path=/tmp/expedition-sim-1548561136/gogobee.db
2026/05/17 14:05:36 INFO dnd: armed ability fired (turn-based build) user=@sim:fighter-l7-manor_blackspire-15 ability="Second Wind"
2026/05/17 14:05:36 INFO dnd: armed ability fired (turn-based build) user=@sim:fighter-l7-manor_blackspire-15 ability="Second Wind"
2026/05/17 14:05:36 INFO database initialized path=/tmp/expedition-sim-2229161273/gogobee.db
2026/05/17 14:05:36 INFO dnd: armed ability fired (turn-based build) user=@sim:fighter-l7-manor_blackspire-15 ability="Second Wind"
2026/05/17 14:05:36 INFO dnd: armed ability fired (turn-based build) user=@sim:fighter-l3-goblin_warrens-14 ability="Second Wind"
2026/05/17 14:05:36 INFO dnd: armed ability fired (turn-based build) user=@sim:fighter-l3-goblin_warrens-14 ability="Second Wind"
2026/05/17 14:05:36 INFO dnd: armed ability fired (turn-based build) user=@sim:fighter-l3-goblin_warrens-14 ability="Second Wind"
2026/05/17 14:05:36 INFO database initialized path=/tmp/expedition-sim-4280545747/gogobee.db
2026/05/17 14:05:36 INFO dnd: armed ability fired (turn-based build) user=@sim:fighter-l3-forest_shadows-15 ability="Second Wind"
2026/05/17 14:05:36 INFO dnd: armed ability fired (turn-based build) user=@sim:fighter-l3-forest_shadows-15 ability="Second Wind"
2026/05/17 14:05:36 INFO dnd: armed ability fired (turn-based build) user=@sim:fighter-l3-forest_shadows-15 ability="Second Wind"
2026/05/17 14:05:36 INFO database initialized path=/tmp/expedition-sim-3061704758/gogobee.db
2026/05/17 14:05:36 INFO dnd: armed ability fired (turn-based build) user=@sim:fighter-l7-forest_shadows-12 ability="Second Wind"
2026/05/17 14:05:36 INFO dnd: armed ability fired (turn-based build) user=@sim:fighter-l7-forest_shadows-12 ability="Second Wind"
2026/05/17 14:05:36 INFO dnd: armed ability fired (turn-based build) user=@sim:fighter-l7-forest_shadows-12 ability="Second Wind"
2026/05/17 14:05:36 INFO database initialized path=/tmp/expedition-sim-2543046257/gogobee.db
2026/05/17 14:05:36 INFO dnd: armed ability fired (turn-based build) user=@sim:fighter-l12-goblin_warrens-4 ability="Second Wind"
2026/05/17 14:05:36 INFO dnd: armed ability fired (turn-based build) user=@sim:fighter-l12-goblin_warrens-4 ability="Second Wind"
2026/05/17 14:05:36 INFO database initialized path=/tmp/expedition-sim-3490919246/gogobee.db
2026/05/17 14:05:36 INFO dnd: armed ability fired (turn-based build) user=@sim:fighter-l12-goblin_warrens-4 ability="Second Wind"
2026/05/17 14:05:36 INFO dnd: armed ability fired (turn-based build) user=@sim:fighter-l12-manor_blackspire-15 ability="Second Wind"
2026/05/17 14:05:36 INFO database initialized path=/tmp/expedition-sim-875278500/gogobee.db
2026/05/17 14:05:36 INFO database initialized path=/tmp/expedition-sim-723282564/gogobee.db
2026/05/17 14:05:36 INFO dnd: armed ability fired (turn-based build) user=@sim:fighter-l12-forest_shadows-14 ability="Second Wind"
2026/05/17 14:05:36 INFO dnd: armed ability fired (turn-based build) user=@sim:fighter-l12-manor_blackspire-15 ability="Second Wind"
2026/05/17 14:05:36 INFO dnd: armed ability fired (turn-based build) user=@sim:fighter-l12-underdark-10 ability="Second Wind"
2026/05/17 14:05:36 INFO dnd: armed ability fired (turn-based build) user=@sim:fighter-l12-forest_shadows-14 ability="Second Wind"
2026/05/17 14:05:36 INFO dnd: armed ability fired (turn-based build) user=@sim:fighter-l12-underdark-10 ability="Second Wind"
2026/05/17 14:05:36 INFO dnd: armed ability fired (turn-based build) user=@sim:fighter-l12-forest_shadows-14 ability="Second Wind"
2026/05/17 14:05:36 INFO dnd: armed ability fired (turn-based build) user=@sim:fighter-l12-manor_blackspire-15 ability="Second Wind"
2026/05/17 14:05:36 INFO database initialized path=/tmp/expedition-sim-46601065/gogobee.db
2026/05/17 14:05:36 INFO dnd: armed ability fired (turn-based build) user=@sim:fighter-l12-underdark-10 ability="Second Wind"
2026/05/17 14:05:36 INFO dnd: armed ability fired (turn-based build) user=@sim:fighter-l7-dragons_lair-15 ability="Second Wind"
2026/05/17 14:05:36 INFO dnd: armed ability fired (turn-based build) user=@sim:fighter-l7-dragons_lair-15 ability="Second Wind"
2026/05/17 14:05:36 INFO dnd: armed ability fired (turn-based build) user=@sim:fighter-l7-dragons_lair-15 ability="Second Wind"
2026/05/17 14:05:36 INFO database initialized path=/tmp/expedition-sim-3106363822/gogobee.db
2026/05/17 14:05:36 INFO database initialized path=/tmp/expedition-sim-1053446748/gogobee.db
2026/05/17 14:05:36 INFO database initialized path=/tmp/expedition-sim-4024122678/gogobee.db
2026/05/17 14:05:36 INFO database initialized path=/tmp/expedition-sim-1385736727/gogobee.db
2026/05/17 14:05:36 INFO database initialized path=/tmp/expedition-sim-4246259385/gogobee.db
2026/05/17 14:05:36 INFO dnd: armed ability fired (turn-based build) user=@sim:fighter-l7-underdark-12 ability="Second Wind"
2026/05/17 14:05:36 INFO dnd: armed ability fired (turn-based build) user=@sim:fighter-l7-goblin_warrens-15 ability="Second Wind"
2026/05/17 14:05:36 INFO dnd: armed ability fired (turn-based build) user=@sim:fighter-l3-manor_blackspire-13 ability="Second Wind"
2026/05/17 14:05:36 INFO dnd: armed ability fired (turn-based build) user=@sim:fighter-l7-goblin_warrens-15 ability="Second Wind"
2026/05/17 14:05:36 INFO dnd: armed ability fired (turn-based build) user=@sim:fighter-l7-underdark-12 ability="Second Wind"
2026/05/17 14:05:36 INFO dnd: armed ability fired (turn-based build) user=@sim:fighter-l3-manor_blackspire-13 ability="Second Wind"
2026/05/17 14:05:36 INFO dnd: armed ability fired (turn-based build) user=@sim:fighter-l7-goblin_warrens-15 ability="Second Wind"
2026/05/17 14:05:36 INFO dnd: armed ability fired (turn-based build) user=@sim:fighter-l7-underdark-12 ability="Second Wind"
2026/05/17 14:05:36 INFO dnd: armed ability fired (turn-based build) user=@sim:fighter-l3-manor_blackspire-13 ability="Second Wind"
2026/05/17 14:05:36 WARN auto-heal cleanup: short on inventory user=@sim:fighter-l3-manor_blackspire-13 wanted=1 removed=0
2026/05/17 14:05:36 INFO database initialized path=/tmp/expedition-sim-70666387/gogobee.db
2026/05/17 14:05:36 INFO dnd: armed ability fired (turn-based build) user=@sim:fighter-l3-goblin_warrens-15 ability="Second Wind"
2026/05/17 14:05:36 INFO dnd: armed ability fired (turn-based build) user=@sim:fighter-l3-goblin_warrens-15 ability="Second Wind"
2026/05/17 14:05:36 INFO dnd: armed ability fired (turn-based build) user=@sim:fighter-l3-goblin_warrens-15 ability="Second Wind"
2026/05/17 14:05:36 INFO database initialized path=/tmp/expedition-sim-3491575941/gogobee.db
2026/05/17 14:05:36 INFO dnd: armed ability fired (turn-based build) user=@sim:fighter-l3-forest_shadows-16 ability="Second Wind"
2026/05/17 14:05:36 INFO dnd: armed ability fired (turn-based build) user=@sim:fighter-l3-forest_shadows-16 ability="Second Wind"
2026/05/17 14:05:36 INFO dnd: armed ability fired (turn-based build) user=@sim:fighter-l3-forest_shadows-16 ability="Second Wind"
2026/05/17 14:05:36 INFO database initialized path=/tmp/expedition-sim-3817280097/gogobee.db
2026/05/17 14:05:36 INFO dnd: armed ability fired (turn-based build) user=@sim:fighter-l7-manor_blackspire-16 ability="Second Wind"
2026/05/17 14:05:36 INFO dnd: armed ability fired (turn-based build) user=@sim:fighter-l7-manor_blackspire-16 ability="Second Wind"
2026/05/17 14:05:36 INFO database initialized path=/tmp/expedition-sim-631251950/gogobee.db
2026/05/17 14:05:36 INFO database initialized path=/tmp/expedition-sim-1722426681/gogobee.db
2026/05/17 14:05:36 INFO dnd: armed ability fired (turn-based build) user=@sim:fighter-l7-manor_blackspire-16 ability="Second Wind"
2026/05/17 14:05:36 INFO dnd: armed ability fired (turn-based build) user=@sim:fighter-l12-goblin_warrens-5 ability="Second Wind"
2026/05/17 14:05:36 INFO dnd: armed ability fired (turn-based build) user=@sim:fighter-l12-goblin_warrens-5 ability="Second Wind"
2026/05/17 14:05:36 INFO dnd: armed ability fired (turn-based build) user=@sim:fighter-l12-goblin_warrens-5 ability="Second Wind"
2026/05/17 14:05:36 INFO database initialized path=/tmp/expedition-sim-3245849012/gogobee.db
2026/05/17 14:05:36 INFO dnd: armed ability fired (turn-based build) user=@sim:fighter-l12-forest_shadows-15 ability="Second Wind"
2026/05/17 14:05:36 INFO dnd: armed ability fired (turn-based build) user=@sim:fighter-l12-forest_shadows-15 ability="Second Wind"
2026/05/17 14:05:36 INFO dnd: armed ability fired (turn-based build) user=@sim:fighter-l12-forest_shadows-15 ability="Second Wind"
2026/05/17 14:05:36 INFO database initialized path=/tmp/expedition-sim-3871603674/gogobee.db
2026/05/17 14:05:36 INFO dnd: armed ability fired (turn-based build) user=@sim:fighter-l12-manor_blackspire-16 ability="Second Wind"
2026/05/17 14:05:36 INFO dnd: armed ability fired (turn-based build) user=@sim:fighter-l12-manor_blackspire-16 ability="Second Wind"
2026/05/17 14:05:36 INFO dnd: armed ability fired (turn-based build) user=@sim:fighter-l12-manor_blackspire-16 ability="Second Wind"
2026/05/17 14:05:36 INFO database initialized path=/tmp/expedition-sim-4168548944/gogobee.db
2026/05/17 14:05:36 INFO database initialized path=/tmp/expedition-sim-3726783177/gogobee.db
2026/05/17 14:05:36 INFO dnd: armed ability fired (turn-based build) user=@sim:fighter-l3-manor_blackspire-14 ability="Second Wind"
2026/05/17 14:05:36 INFO dnd: armed ability fired (turn-based build) user=@sim:fighter-l7-forest_shadows-13 ability="Second Wind"
2026/05/17 14:05:36 INFO dnd: armed ability fired (turn-based build) user=@sim:fighter-l7-forest_shadows-13 ability="Second Wind"
2026/05/17 14:05:36 INFO dnd: armed ability fired (turn-based build) user=@sim:fighter-l3-manor_blackspire-14 ability="Second Wind"
2026/05/17 14:05:36 WARN auto-heal cleanup: short on inventory user=@sim:fighter-l3-manor_blackspire-14 wanted=1 removed=0
2026/05/17 14:05:36 INFO database initialized path=/tmp/expedition-sim-963594003/gogobee.db
2026/05/17 14:05:36 INFO dnd: armed ability fired (turn-based build) user=@sim:fighter-l7-forest_shadows-13 ability="Second Wind"
2026/05/17 14:05:36 INFO dnd: armed ability fired (turn-based build) user=@sim:fighter-l12-underdark-11 ability="Second Wind"
2026/05/17 14:05:36 INFO dnd: armed ability fired (turn-based build) user=@sim:fighter-l3-manor_blackspire-14 ability="Second Wind"
2026/05/17 14:05:36 WARN auto-heal cleanup: short on inventory user=@sim:fighter-l3-manor_blackspire-14 wanted=1 removed=0
2026/05/17 14:05:36 INFO dnd: armed ability fired (turn-based build) user=@sim:fighter-l12-underdark-11 ability="Second Wind"
2026/05/17 14:05:36 INFO dnd: armed ability fired (turn-based build) user=@sim:fighter-l12-underdark-11 ability="Second Wind"
2026/05/17 14:05:36 INFO database initialized path=/tmp/expedition-sim-2446135189/gogobee.db
2026/05/17 14:05:36 INFO database initialized path=/tmp/expedition-sim-1729750210/gogobee.db
2026/05/17 14:05:36 INFO database initialized path=/tmp/expedition-sim-3072171721/gogobee.db
2026/05/17 14:05:36 INFO dnd: armed ability fired (turn-based build) user=@sim:fighter-l7-goblin_warrens-16 ability="Second Wind"
2026/05/17 14:05:37 INFO dnd: armed ability fired (turn-based build) user=@sim:fighter-l7-goblin_warrens-16 ability="Second Wind"
2026/05/17 14:05:37 INFO dnd: armed ability fired (turn-based build) user=@sim:fighter-l7-goblin_warrens-16 ability="Second Wind"
2026/05/17 14:05:37 INFO database initialized path=/tmp/expedition-sim-2649132042/gogobee.db
2026/05/17 14:05:37 INFO dnd: armed ability fired (turn-based build) user=@sim:fighter-l3-forest_shadows-17 ability="Second Wind"
2026/05/17 14:05:37 INFO database initialized path=/tmp/expedition-sim-2512888673/gogobee.db
2026/05/17 14:05:37 INFO database initialized path=/tmp/expedition-sim-2366858095/gogobee.db
2026/05/17 14:05:37 INFO dnd: armed ability fired (turn-based build) user=@sim:fighter-l3-forest_shadows-17 ability="Second Wind"
2026/05/17 14:05:37 INFO dnd: armed ability fired (turn-based build) user=@sim:fighter-l12-goblin_warrens-6 ability="Second Wind"
2026/05/17 14:05:37 INFO dnd: armed ability fired (turn-based build) user=@sim:fighter-l3-forest_shadows-17 ability="Second Wind"
2026/05/17 14:05:37 INFO dnd: armed ability fired (turn-based build) user=@sim:fighter-l7-dragons_lair-16 ability="Second Wind"
2026/05/17 14:05:37 INFO dnd: armed ability fired (turn-based build) user=@sim:fighter-l12-goblin_warrens-6 ability="Second Wind"
2026/05/17 14:05:37 INFO dnd: armed ability fired (turn-based build) user=@sim:fighter-l7-dragons_lair-16 ability="Second Wind"
2026/05/17 14:05:37 INFO dnd: armed ability fired (turn-based build) user=@sim:fighter-l12-goblin_warrens-6 ability="Second Wind"
2026/05/17 14:05:37 INFO dnd: armed ability fired (turn-based build) user=@sim:fighter-l7-dragons_lair-16 ability="Second Wind"
2026/05/17 14:05:37 INFO database initialized path=/tmp/expedition-sim-1457714835/gogobee.db
2026/05/17 14:05:37 INFO dnd: armed ability fired (turn-based build) user=@sim:fighter-l7-manor_blackspire-17 ability="Second Wind"
2026/05/17 14:05:37 INFO dnd: armed ability fired (turn-based build) user=@sim:fighter-l7-manor_blackspire-17 ability="Second Wind"
2026/05/17 14:05:37 INFO database initialized path=/tmp/expedition-sim-3549865194/gogobee.db
2026/05/17 14:05:37 INFO dnd: armed ability fired (turn-based build) user=@sim:fighter-l7-manor_blackspire-17 ability="Second Wind"
2026/05/17 14:05:37 INFO dnd: armed ability fired (turn-based build) user=@sim:fighter-l3-goblin_warrens-16 ability="Second Wind"
2026/05/17 14:05:37 INFO dnd: armed ability fired (turn-based build) user=@sim:fighter-l3-goblin_warrens-16 ability="Second Wind"
2026/05/17 14:05:37 INFO dnd: armed ability fired (turn-based build) user=@sim:fighter-l3-goblin_warrens-16 ability="Second Wind"
2026/05/17 14:05:37 INFO database initialized path=/tmp/expedition-sim-182859836/gogobee.db
2026/05/17 14:05:37 INFO database initialized path=/tmp/expedition-sim-3357098139/gogobee.db
2026/05/17 14:05:37 INFO dnd: armed ability fired (turn-based build) user=@sim:fighter-l7-underdark-13 ability="Second Wind"
2026/05/17 14:05:37 INFO dnd: armed ability fired (turn-based build) user=@sim:fighter-l7-underdark-13 ability="Second Wind"
2026/05/17 14:05:37 INFO dnd: armed ability fired (turn-based build) user=@sim:fighter-l7-underdark-13 ability="Second Wind"
2026/05/17 14:05:37 INFO database initialized path=/tmp/expedition-sim-4019201240/gogobee.db
2026/05/17 14:05:37 INFO dnd: armed ability fired (turn-based build) user=@sim:fighter-l3-manor_blackspire-15 ability="Second Wind"
2026/05/17 14:05:37 INFO dnd: armed ability fired (turn-based build) user=@sim:fighter-l3-manor_blackspire-15 ability="Second Wind"
2026/05/17 14:05:37 INFO dnd: armed ability fired (turn-based build) user=@sim:fighter-l3-manor_blackspire-15 ability="Second Wind"
2026/05/17 14:05:37 INFO database initialized path=/tmp/expedition-sim-2840454418/gogobee.db
2026/05/17 14:05:37 INFO database initialized path=/tmp/expedition-sim-598397879/gogobee.db
2026/05/17 14:05:37 INFO database initialized path=/tmp/expedition-sim-3059444566/gogobee.db
2026/05/17 14:05:37 INFO dnd: armed ability fired (turn-based build) user=@sim:fighter-l12-forest_shadows-16 ability="Second Wind"
2026/05/17 14:05:37 INFO dnd: armed ability fired (turn-based build) user=@sim:fighter-l12-underdark-12 ability="Second Wind"
2026/05/17 14:05:37 INFO dnd: armed ability fired (turn-based build) user=@sim:fighter-l12-forest_shadows-16 ability="Second Wind"
2026/05/17 14:05:37 INFO database initialized path=/tmp/expedition-sim-390064372/gogobee.db
2026/05/17 14:05:37 INFO database initialized path=/tmp/expedition-sim-4235002930/gogobee.db
2026/05/17 14:05:37 INFO dnd: armed ability fired (turn-based build) user=@sim:fighter-l12-underdark-12 ability="Second Wind"
2026/05/17 14:05:37 INFO dnd: armed ability fired (turn-based build) user=@sim:fighter-l12-forest_shadows-16 ability="Second Wind"
2026/05/17 14:05:37 INFO dnd: armed ability fired (turn-based build) user=@sim:fighter-l12-manor_blackspire-17 ability="Second Wind"
2026/05/17 14:05:37 INFO dnd: armed ability fired (turn-based build) user=@sim:fighter-l7-goblin_warrens-17 ability="Second Wind"
2026/05/17 14:05:37 INFO dnd: armed ability fired (turn-based build) user=@sim:fighter-l12-underdark-12 ability="Second Wind"
2026/05/17 14:05:37 INFO dnd: armed ability fired (turn-based build) user=@sim:fighter-l12-manor_blackspire-17 ability="Second Wind"
2026/05/17 14:05:37 INFO dnd: armed ability fired (turn-based build) user=@sim:fighter-l7-goblin_warrens-17 ability="Second Wind"
2026/05/17 14:05:37 INFO dnd: armed ability fired (turn-based build) user=@sim:fighter-l12-manor_blackspire-17 ability="Second Wind"
2026/05/17 14:05:37 INFO database initialized path=/tmp/expedition-sim-881815878/gogobee.db
2026/05/17 14:05:37 INFO dnd: armed ability fired (turn-based build) user=@sim:fighter-l7-forest_shadows-14 ability="Second Wind"
2026/05/17 14:05:37 INFO dnd: armed ability fired (turn-based build) user=@sim:fighter-l7-forest_shadows-14 ability="Second Wind"
2026/05/17 14:05:37 INFO database initialized path=/tmp/expedition-sim-2185893080/gogobee.db
2026/05/17 14:05:37 INFO dnd: armed ability fired (turn-based build) user=@sim:fighter-l7-forest_shadows-14 ability="Second Wind"
2026/05/17 14:05:37 INFO dnd: armed ability fired (turn-based build) user=@sim:fighter-l7-goblin_warrens-17 ability="Second Wind"
2026/05/17 14:05:37 INFO dnd: armed ability fired (turn-based build) user=@sim:fighter-l12-goblin_warrens-7 ability="Second Wind"
2026/05/17 14:05:37 INFO dnd: armed ability fired (turn-based build) user=@sim:fighter-l12-goblin_warrens-7 ability="Second Wind"
2026/05/17 14:05:37 INFO dnd: armed ability fired (turn-based build) user=@sim:fighter-l12-goblin_warrens-7 ability="Second Wind"
2026/05/17 14:05:37 INFO database initialized path=/tmp/expedition-sim-2314796398/gogobee.db
2026/05/17 14:05:37 INFO database initialized path=/tmp/expedition-sim-1223196756/gogobee.db
2026/05/17 14:05:37 INFO dnd: armed ability fired (turn-based build) user=@sim:fighter-l3-forest_shadows-18 ability="Second Wind"
2026/05/17 14:05:37 INFO dnd: armed ability fired (turn-based build) user=@sim:fighter-l3-forest_shadows-18 ability="Second Wind"
2026/05/17 14:05:37 INFO dnd: armed ability fired (turn-based build) user=@sim:fighter-l3-forest_shadows-18 ability="Second Wind"
2026/05/17 14:05:37 INFO dnd: armed ability fired (turn-based build) user=@sim:fighter-l7-manor_blackspire-18 ability="Second Wind"
2026/05/17 14:05:37 INFO dnd: armed ability fired (turn-based build) user=@sim:fighter-l7-manor_blackspire-18 ability="Second Wind"
2026/05/17 14:05:37 INFO database initialized path=/tmp/expedition-sim-414783785/gogobee.db
2026/05/17 14:05:37 INFO dnd: armed ability fired (turn-based build) user=@sim:fighter-l7-manor_blackspire-18 ability="Second Wind"
2026/05/17 14:05:37 INFO database initialized path=/tmp/expedition-sim-3429866757/gogobee.db
2026/05/17 14:05:37 INFO dnd: armed ability fired (turn-based build) user=@sim:fighter-l7-dragons_lair-17 ability="Second Wind"
2026/05/17 14:05:37 INFO database initialized path=/tmp/expedition-sim-1536432075/gogobee.db
2026/05/17 14:05:37 INFO database initialized path=/tmp/expedition-sim-1856123260/gogobee.db
2026/05/17 14:05:37 INFO database initialized path=/tmp/expedition-sim-1373607706/gogobee.db
2026/05/17 14:05:37 INFO dnd: armed ability fired (turn-based build) user=@sim:fighter-l7-underdark-14 ability="Second Wind"
2026/05/17 14:05:37 INFO dnd: armed ability fired (turn-based build) user=@sim:fighter-l3-goblin_warrens-17 ability="Second Wind"
2026/05/17 14:05:37 INFO dnd: armed ability fired (turn-based build) user=@sim:fighter-l7-underdark-14 ability="Second Wind"
2026/05/17 14:05:37 INFO dnd: armed ability fired (turn-based build) user=@sim:fighter-l3-goblin_warrens-17 ability="Second Wind"
2026/05/17 14:05:37 INFO dnd: armed ability fired (turn-based build) user=@sim:fighter-l7-underdark-14 ability="Second Wind"
2026/05/17 14:05:37 INFO dnd: armed ability fired (turn-based build) user=@sim:fighter-l3-goblin_warrens-17 ability="Second Wind"
2026/05/17 14:05:37 INFO database initialized path=/tmp/expedition-sim-3590423787/gogobee.db
2026/05/17 14:05:37 INFO dnd: armed ability fired (turn-based build) user=@sim:fighter-l3-manor_blackspire-16 ability="Second Wind"
2026/05/17 14:05:37 INFO dnd: armed ability fired (turn-based build) user=@sim:fighter-l3-manor_blackspire-16 ability="Second Wind"
2026/05/17 14:05:37 INFO dnd: armed ability fired (turn-based build) user=@sim:fighter-l3-manor_blackspire-16 ability="Second Wind"
2026/05/17 14:05:37 INFO database initialized path=/tmp/expedition-sim-2307262790/gogobee.db
2026/05/17 14:05:37 INFO dnd: armed ability fired (turn-based build) user=@sim:fighter-l7-goblin_warrens-18 ability="Second Wind"
2026/05/17 14:05:37 INFO dnd: armed ability fired (turn-based build) user=@sim:fighter-l7-goblin_warrens-18 ability="Second Wind"
2026/05/17 14:05:37 INFO database initialized path=/tmp/expedition-sim-549970317/gogobee.db
2026/05/17 14:05:37 INFO database initialized path=/tmp/expedition-sim-3496138757/gogobee.db
2026/05/17 14:05:37 INFO dnd: armed ability fired (turn-based build) user=@sim:fighter-l7-goblin_warrens-18 ability="Second Wind"
2026/05/17 14:05:37 INFO dnd: armed ability fired (turn-based build) user=@sim:fighter-l12-goblin_warrens-8 ability="Second Wind"
2026/05/17 14:05:37 INFO dnd: armed ability fired (turn-based build) user=@sim:fighter-l12-underdark-13 ability="Second Wind"
2026/05/17 14:05:37 INFO dnd: armed ability fired (turn-based build) user=@sim:fighter-l12-goblin_warrens-8 ability="Second Wind"
2026/05/17 14:05:37 INFO dnd: armed ability fired (turn-based build) user=@sim:fighter-l12-underdark-13 ability="Second Wind"
2026/05/17 14:05:37 INFO dnd: armed ability fired (turn-based build) user=@sim:fighter-l12-goblin_warrens-8 ability="Second Wind"
2026/05/17 14:05:37 INFO dnd: armed ability fired (turn-based build) user=@sim:fighter-l12-underdark-13 ability="Second Wind"
2026/05/17 14:05:37 INFO database initialized path=/tmp/expedition-sim-3582956217/gogobee.db
2026/05/17 14:05:37 INFO database initialized path=/tmp/expedition-sim-3627865669/gogobee.db
2026/05/17 14:05:37 INFO database initialized path=/tmp/expedition-sim-2749700995/gogobee.db
2026/05/17 14:05:37 INFO dnd: armed ability fired (turn-based build) user=@sim:fighter-l12-manor_blackspire-18 ability="Second Wind"
2026/05/17 14:05:37 INFO dnd: armed ability fired (turn-based build) user=@sim:fighter-l12-manor_blackspire-18 ability="Second Wind"
2026/05/17 14:05:37 INFO dnd: armed ability fired (turn-based build) user=@sim:fighter-l7-forest_shadows-15 ability="Second Wind"
2026/05/17 14:05:37 INFO dnd: armed ability fired (turn-based build) user=@sim:fighter-l12-manor_blackspire-18 ability="Second Wind"
2026/05/17 14:05:37 INFO dnd: armed ability fired (turn-based build) user=@sim:fighter-l7-forest_shadows-15 ability="Second Wind"
2026/05/17 14:05:37 INFO database initialized path=/tmp/expedition-sim-2354357820/gogobee.db
2026/05/17 14:05:37 INFO dnd: armed ability fired (turn-based build) user=@sim:fighter-l7-forest_shadows-15 ability="Second Wind"
2026/05/17 14:05:37 INFO database initialized path=/tmp/expedition-sim-3327398401/gogobee.db
2026/05/17 14:05:37 INFO dnd: armed ability fired (turn-based build) user=@sim:fighter-l12-forest_shadows-17 ability="Second Wind"
2026/05/17 14:05:37 INFO dnd: armed ability fired (turn-based build) user=@sim:fighter-l12-forest_shadows-17 ability="Second Wind"
2026/05/17 14:05:37 INFO dnd: armed ability fired (turn-based build) user=@sim:fighter-l12-forest_shadows-17 ability="Second Wind"
2026/05/17 14:05:37 INFO database initialized path=/tmp/expedition-sim-3165292096/gogobee.db
2026/05/17 14:05:37 INFO dnd: armed ability fired (turn-based build) user=@sim:fighter-l7-dragons_lair-18 ability="Second Wind"
2026/05/17 14:05:37 INFO dnd: armed ability fired (turn-based build) user=@sim:fighter-l7-dragons_lair-18 ability="Second Wind"
2026/05/17 14:05:37 INFO dnd: armed ability fired (turn-based build) user=@sim:fighter-l7-dragons_lair-18 ability="Second Wind"
2026/05/17 14:05:37 INFO database initialized path=/tmp/expedition-sim-1405482147/gogobee.db
2026/05/17 14:05:37 INFO dnd: armed ability fired (turn-based build) user=@sim:fighter-l7-manor_blackspire-19 ability="Second Wind"
2026/05/17 14:05:37 INFO dnd: armed ability fired (turn-based build) user=@sim:fighter-l7-manor_blackspire-19 ability="Second Wind"
2026/05/17 14:05:37 INFO dnd: armed ability fired (turn-based build) user=@sim:fighter-l7-manor_blackspire-19 ability="Second Wind"
2026/05/17 14:05:37 INFO database initialized path=/tmp/expedition-sim-4292318024/gogobee.db
2026/05/17 14:05:37 INFO database initialized path=/tmp/expedition-sim-981504949/gogobee.db
2026/05/17 14:05:37 INFO dnd: armed ability fired (turn-based build) user=@sim:fighter-l3-manor_blackspire-17 ability="Second Wind"
2026/05/17 14:05:37 INFO dnd: armed ability fired (turn-based build) user=@sim:fighter-l7-underdark-15 ability="Second Wind"
2026/05/17 14:05:37 INFO dnd: armed ability fired (turn-based build) user=@sim:fighter-l3-manor_blackspire-17 ability="Second Wind"
2026/05/17 14:05:37 INFO dnd: armed ability fired (turn-based build) user=@sim:fighter-l7-underdark-15 ability="Second Wind"
2026/05/17 14:05:37 INFO dnd: armed ability fired (turn-based build) user=@sim:fighter-l3-manor_blackspire-17 ability="Second Wind"
2026/05/17 14:05:37 INFO database initialized path=/tmp/expedition-sim-899374030/gogobee.db
2026/05/17 14:05:37 INFO dnd: armed ability fired (turn-based build) user=@sim:fighter-l7-underdark-15 ability="Second Wind"
2026/05/17 14:05:37 INFO dnd: armed ability fired (turn-based build) user=@sim:fighter-l3-forest_shadows-19 ability="Second Wind"
2026/05/17 14:05:37 INFO dnd: armed ability fired (turn-based build) user=@sim:fighter-l3-forest_shadows-19 ability="Second Wind"
2026/05/17 14:05:37 INFO dnd: armed ability fired (turn-based build) user=@sim:fighter-l3-forest_shadows-19 ability="Second Wind"
2026/05/17 14:05:37 INFO database initialized path=/tmp/expedition-sim-3086878741/gogobee.db
2026/05/17 14:05:37 INFO database initialized path=/tmp/expedition-sim-1730213002/gogobee.db
2026/05/17 14:05:37 INFO dnd: armed ability fired (turn-based build) user=@sim:fighter-l12-goblin_warrens-9 ability="Second Wind"
2026/05/17 14:05:37 INFO database initialized path=/tmp/expedition-sim-2898511242/gogobee.db
2026/05/17 14:05:37 INFO database initialized path=/tmp/expedition-sim-93012547/gogobee.db
2026/05/17 14:05:37 INFO dnd: armed ability fired (turn-based build) user=@sim:fighter-l12-goblin_warrens-9 ability="Second Wind"
2026/05/17 14:05:37 INFO dnd: armed ability fired (turn-based build) user=@sim:fighter-l12-underdark-14 ability="Second Wind"
2026/05/17 14:05:37 INFO dnd: armed ability fired (turn-based build) user=@sim:fighter-l12-goblin_warrens-9 ability="Second Wind"
2026/05/17 14:05:37 INFO dnd: armed ability fired (turn-based build) user=@sim:fighter-l7-goblin_warrens-19 ability="Second Wind"
2026/05/17 14:05:37 INFO dnd: armed ability fired (turn-based build) user=@sim:fighter-l12-underdark-14 ability="Second Wind"
2026/05/17 14:05:37 INFO dnd: armed ability fired (turn-based build) user=@sim:fighter-l7-goblin_warrens-19 ability="Second Wind"
2026/05/17 14:05:37 INFO dnd: armed ability fired (turn-based build) user=@sim:fighter-l12-underdark-14 ability="Second Wind"
2026/05/17 14:05:37 INFO database initialized path=/tmp/expedition-sim-790628230/gogobee.db
2026/05/17 14:05:37 INFO dnd: armed ability fired (turn-based build) user=@sim:fighter-l7-goblin_warrens-19 ability="Second Wind"
2026/05/17 14:05:37 INFO database initialized path=/tmp/expedition-sim-150230749/gogobee.db
2026/05/17 14:05:37 INFO database initialized path=/tmp/expedition-sim-4163120757/gogobee.db
2026/05/17 14:05:37 INFO dnd: armed ability fired (turn-based build) user=@sim:fighter-l12-manor_blackspire-19 ability="Second Wind"
2026/05/17 14:05:37 INFO dnd: armed ability fired (turn-based build) user=@sim:fighter-l12-forest_shadows-18 ability="Second Wind"
2026/05/17 14:05:37 INFO dnd: armed ability fired (turn-based build) user=@sim:fighter-l12-manor_blackspire-19 ability="Second Wind"
2026/05/17 14:05:37 INFO dnd: armed ability fired (turn-based build) user=@sim:fighter-l12-forest_shadows-18 ability="Second Wind"
2026/05/17 14:05:37 INFO dnd: armed ability fired (turn-based build) user=@sim:fighter-l12-manor_blackspire-19 ability="Second Wind"
2026/05/17 14:05:37 INFO database initialized path=/tmp/expedition-sim-1072109490/gogobee.db
2026/05/17 14:05:37 INFO dnd: armed ability fired (turn-based build) user=@sim:fighter-l12-forest_shadows-18 ability="Second Wind"
2026/05/17 14:05:37 INFO database initialized path=/tmp/expedition-sim-3279058424/gogobee.db
2026/05/17 14:05:37 INFO dnd: armed ability fired (turn-based build) user=@sim:fighter-l7-forest_shadows-16 ability="Second Wind"
2026/05/17 14:05:37 INFO dnd: armed ability fired (turn-based build) user=@sim:fighter-l7-forest_shadows-16 ability="Second Wind"
2026/05/17 14:05:37 INFO dnd: armed ability fired (turn-based build) user=@sim:fighter-l3-goblin_warrens-18 ability="Second Wind"
2026/05/17 14:05:37 INFO dnd: armed ability fired (turn-based build) user=@sim:fighter-l7-forest_shadows-16 ability="Second Wind"
2026/05/17 14:05:37 INFO dnd: armed ability fired (turn-based build) user=@sim:fighter-l3-goblin_warrens-18 ability="Second Wind"
2026/05/17 14:05:37 INFO database initialized path=/tmp/expedition-sim-3902212619/gogobee.db
2026/05/17 14:05:37 INFO dnd: armed ability fired (turn-based build) user=@sim:fighter-l3-goblin_warrens-18 ability="Second Wind"
2026/05/17 14:05:37 INFO dnd: armed ability fired (turn-based build) user=@sim:fighter-l7-dragons_lair-19 ability="Second Wind"
2026/05/17 14:05:37 INFO dnd: armed ability fired (turn-based build) user=@sim:fighter-l7-dragons_lair-19 ability="Second Wind"
2026/05/17 14:05:37 INFO dnd: armed ability fired (turn-based build) user=@sim:fighter-l7-dragons_lair-19 ability="Second Wind"
2026/05/17 14:05:37 INFO database initialized path=/tmp/expedition-sim-2456367107/gogobee.db
2026/05/17 14:05:37 INFO database initialized path=/tmp/expedition-sim-3643330436/gogobee.db
2026/05/17 14:05:37 INFO database initialized path=/tmp/expedition-sim-3219746237/gogobee.db
2026/05/17 14:05:37 INFO dnd: armed ability fired (turn-based build) user=@sim:fighter-l3-forest_shadows-20 ability="Second Wind"
2026/05/17 14:05:37 INFO dnd: armed ability fired (turn-based build) user=@sim:fighter-l7-manor_blackspire-20 ability="Second Wind"
2026/05/17 14:05:37 INFO dnd: armed ability fired (turn-based build) user=@sim:fighter-l3-forest_shadows-20 ability="Second Wind"
2026/05/17 14:05:37 INFO dnd: armed ability fired (turn-based build) user=@sim:fighter-l7-manor_blackspire-20 ability="Second Wind"
2026/05/17 14:05:37 INFO dnd: armed ability fired (turn-based build) user=@sim:fighter-l3-forest_shadows-20 ability="Second Wind"
2026/05/17 14:05:37 INFO dnd: armed ability fired (turn-based build) user=@sim:fighter-l7-manor_blackspire-20 ability="Second Wind"
2026/05/17 14:05:37 INFO database initialized path=/tmp/expedition-sim-3805937041/gogobee.db
2026/05/17 14:05:37 INFO database initialized path=/tmp/expedition-sim-1608799317/gogobee.db
2026/05/17 14:05:37 INFO dnd: armed ability fired (turn-based build) user=@sim:fighter-l7-underdark-16 ability="Second Wind"
2026/05/17 14:05:37 INFO dnd: armed ability fired (turn-based build) user=@sim:fighter-l7-underdark-16 ability="Second Wind"
2026/05/17 14:05:38 INFO dnd: armed ability fired (turn-based build) user=@sim:fighter-l7-underdark-16 ability="Second Wind"
2026/05/17 14:05:38 INFO database initialized path=/tmp/expedition-sim-1188135978/gogobee.db
2026/05/17 14:05:38 INFO database initialized path=/tmp/expedition-sim-2887409523/gogobee.db
2026/05/17 14:05:38 INFO dnd: armed ability fired (turn-based build) user=@sim:fighter-l12-underdark-15 ability="Second Wind"
2026/05/17 14:05:38 INFO dnd: armed ability fired (turn-based build) user=@sim:fighter-l12-underdark-15 ability="Second Wind"
2026/05/17 14:05:38 INFO dnd: armed ability fired (turn-based build) user=@sim:fighter-l12-goblin_warrens-10 ability="Second Wind"
2026/05/17 14:05:38 INFO dnd: armed ability fired (turn-based build) user=@sim:fighter-l12-underdark-15 ability="Second Wind"
2026/05/17 14:05:38 INFO dnd: armed ability fired (turn-based build) user=@sim:fighter-l12-goblin_warrens-10 ability="Second Wind"
2026/05/17 14:05:38 INFO dnd: armed ability fired (turn-based build) user=@sim:fighter-l12-goblin_warrens-10 ability="Second Wind"
2026/05/17 14:05:38 INFO database initialized path=/tmp/expedition-sim-661546055/gogobee.db
2026/05/17 14:05:38 INFO dnd: armed ability fired (turn-based build) user=@sim:fighter-l7-goblin_warrens-20 ability="Second Wind"
2026/05/17 14:05:38 INFO dnd: armed ability fired (turn-based build) user=@sim:fighter-l7-goblin_warrens-20 ability="Second Wind"
2026/05/17 14:05:38 INFO database initialized path=/tmp/expedition-sim-1160436065/gogobee.db
2026/05/17 14:05:38 INFO dnd: armed ability fired (turn-based build) user=@sim:fighter-l7-goblin_warrens-20 ability="Second Wind"
2026/05/17 14:05:38 INFO dnd: armed ability fired (turn-based build) user=@sim:fighter-l12-forest_shadows-19 ability="Second Wind"
2026/05/17 14:05:38 INFO dnd: armed ability fired (turn-based build) user=@sim:fighter-l12-forest_shadows-19 ability="Second Wind"
2026/05/17 14:05:38 INFO database initialized path=/tmp/expedition-sim-3372372327/gogobee.db
2026/05/17 14:05:38 INFO database initialized path=/tmp/expedition-sim-810486820/gogobee.db
2026/05/17 14:05:38 INFO dnd: armed ability fired (turn-based build) user=@sim:fighter-l12-forest_shadows-19 ability="Second Wind"
2026/05/17 14:05:38 INFO dnd: armed ability fired (turn-based build) user=@sim:fighter-l7-forest_shadows-17 ability="Second Wind"
2026/05/17 14:05:38 INFO dnd: armed ability fired (turn-based build) user=@sim:fighter-l12-manor_blackspire-20 ability="Second Wind"
2026/05/17 14:05:38 INFO database initialized path=/tmp/expedition-sim-1979880746/gogobee.db
2026/05/17 14:05:38 INFO dnd: armed ability fired (turn-based build) user=@sim:fighter-l7-forest_shadows-17 ability="Second Wind"
2026/05/17 14:05:38 INFO dnd: armed ability fired (turn-based build) user=@sim:fighter-l12-manor_blackspire-20 ability="Second Wind"
2026/05/17 14:05:38 INFO dnd: armed ability fired (turn-based build) user=@sim:fighter-l7-forest_shadows-17 ability="Second Wind"
2026/05/17 14:05:38 INFO dnd: armed ability fired (turn-based build) user=@sim:fighter-l12-manor_blackspire-20 ability="Second Wind"
2026/05/17 14:05:38 INFO database initialized path=/tmp/expedition-sim-3109007291/gogobee.db
2026/05/17 14:05:38 INFO dnd: armed ability fired (turn-based build) user=@sim:fighter-l3-manor_blackspire-18 ability="Second Wind"
2026/05/17 14:05:38 INFO dnd: armed ability fired (turn-based build) user=@sim:fighter-l3-manor_blackspire-18 ability="Second Wind"
2026/05/17 14:05:38 INFO database initialized path=/tmp/expedition-sim-3938359692/gogobee.db
2026/05/17 14:05:38 INFO dnd: armed ability fired (turn-based build) user=@sim:fighter-l3-manor_blackspire-18 ability="Second Wind"
2026/05/17 14:05:38 INFO dnd: armed ability fired (turn-based build) user=@sim:fighter-l3-goblin_warrens-19 ability="Second Wind"
2026/05/17 14:05:38 INFO dnd: armed ability fired (turn-based build) user=@sim:fighter-l3-goblin_warrens-19 ability="Second Wind"
2026/05/17 14:05:38 INFO dnd: armed ability fired (turn-based build) user=@sim:fighter-l3-goblin_warrens-19 ability="Second Wind"
2026/05/17 14:05:38 INFO database initialized path=/tmp/expedition-sim-909263304/gogobee.db
2026/05/17 14:05:38 INFO database initialized path=/tmp/expedition-sim-2338481785/gogobee.db
2026/05/17 14:05:38 INFO dnd: armed ability fired (turn-based build) user=@sim:fighter-l7-dragons_lair-20 ability="Second Wind"
2026/05/17 14:05:38 INFO dnd: armed ability fired (turn-based build) user=@sim:fighter-l7-dragons_lair-20 ability="Second Wind"
2026/05/17 14:05:38 INFO dnd: armed ability fired (turn-based build) user=@sim:fighter-l7-dragons_lair-20 ability="Second Wind"
2026/05/17 14:05:38 INFO database initialized path=/tmp/expedition-sim-2640094438/gogobee.db
2026/05/17 14:05:38 INFO dnd: armed ability fired (turn-based build) user=@sim:fighter-l3-forest_shadows-21 ability="Second Wind"
2026/05/17 14:05:38 INFO dnd: armed ability fired (turn-based build) user=@sim:fighter-l3-forest_shadows-21 ability="Second Wind"
2026/05/17 14:05:38 INFO database initialized path=/tmp/expedition-sim-678850359/gogobee.db
2026/05/17 14:05:38 INFO dnd: armed ability fired (turn-based build) user=@sim:fighter-l3-forest_shadows-21 ability="Second Wind"
2026/05/17 14:05:38 INFO dnd: armed ability fired (turn-based build) user=@sim:fighter-l7-manor_blackspire-21 ability="Second Wind"
2026/05/17 14:05:38 INFO dnd: armed ability fired (turn-based build) user=@sim:fighter-l7-manor_blackspire-21 ability="Second Wind"
2026/05/17 14:05:38 INFO dnd: armed ability fired (turn-based build) user=@sim:fighter-l7-manor_blackspire-21 ability="Second Wind"
2026/05/17 14:05:38 INFO database initialized path=/tmp/expedition-sim-1753971519/gogobee.db
2026/05/17 14:05:38 INFO dnd: armed ability fired (turn-based build) user=@sim:fighter-l12-underdark-16 ability="Second Wind"
2026/05/17 14:05:38 INFO dnd: armed ability fired (turn-based build) user=@sim:fighter-l12-underdark-16 ability="Second Wind"
2026/05/17 14:05:38 INFO database initialized path=/tmp/expedition-sim-840135526/gogobee.db
2026/05/17 14:05:38 INFO dnd: armed ability fired (turn-based build) user=@sim:fighter-l12-underdark-16 ability="Second Wind"
2026/05/17 14:05:38 INFO database initialized path=/tmp/expedition-sim-3249186184/gogobee.db
2026/05/17 14:05:38 INFO dnd: armed ability fired (turn-based build) user=@sim:fighter-l7-underdark-17 ability="Second Wind"
2026/05/17 14:05:38 INFO dnd: armed ability fired (turn-based build) user=@sim:fighter-l7-underdark-17 ability="Second Wind"
2026/05/17 14:05:38 INFO dnd: armed ability fired (turn-based build) user=@sim:fighter-l7-underdark-17 ability="Second Wind"
2026/05/17 14:05:38 INFO database initialized path=/tmp/expedition-sim-2818466785/gogobee.db
2026/05/17 14:05:38 INFO dnd: armed ability fired (turn-based build) user=@sim:fighter-l12-goblin_warrens-11 ability="Second Wind"
2026/05/17 14:05:38 INFO dnd: armed ability fired (turn-based build) user=@sim:fighter-l12-goblin_warrens-11 ability="Second Wind"
2026/05/17 14:05:38 INFO dnd: armed ability fired (turn-based build) user=@sim:fighter-l12-goblin_warrens-11 ability="Second Wind"
2026/05/17 14:05:38 INFO database initialized path=/tmp/expedition-sim-4132207580/gogobee.db
2026/05/17 14:05:38 INFO dnd: armed ability fired (turn-based build) user=@sim:fighter-l7-goblin_warrens-21 ability="Second Wind"
2026/05/17 14:05:38 INFO dnd: armed ability fired (turn-based build) user=@sim:fighter-l7-goblin_warrens-21 ability="Second Wind"
2026/05/17 14:05:38 INFO dnd: armed ability fired (turn-based build) user=@sim:fighter-l7-goblin_warrens-21 ability="Second Wind"
2026/05/17 14:05:38 INFO database initialized path=/tmp/expedition-sim-659494067/gogobee.db
2026/05/17 14:05:38 INFO database initialized path=/tmp/expedition-sim-146865476/gogobee.db
2026/05/17 14:05:38 INFO dnd: armed ability fired (turn-based build) user=@sim:fighter-l12-forest_shadows-20 ability="Second Wind"
2026/05/17 14:05:38 INFO dnd: armed ability fired (turn-based build) user=@sim:fighter-l12-forest_shadows-20 ability="Second Wind"
2026/05/17 14:05:38 INFO database initialized path=/tmp/expedition-sim-2164908509/gogobee.db
2026/05/17 14:05:38 INFO dnd: armed ability fired (turn-based build) user=@sim:fighter-l12-forest_shadows-20 ability="Second Wind"
2026/05/17 14:05:38 INFO dnd: armed ability fired (turn-based build) user=@sim:fighter-l7-forest_shadows-18 ability="Second Wind"
2026/05/17 14:05:38 INFO dnd: armed ability fired (turn-based build) user=@sim:fighter-l7-forest_shadows-18 ability="Second Wind"
2026/05/17 14:05:38 INFO dnd: armed ability fired (turn-based build) user=@sim:fighter-l7-forest_shadows-18 ability="Second Wind"
2026/05/17 14:05:38 INFO database initialized path=/tmp/expedition-sim-1483258124/gogobee.db
2026/05/17 14:05:38 INFO dnd: armed ability fired (turn-based build) user=@sim:fighter-l12-manor_blackspire-21 ability="Second Wind"
2026/05/17 14:05:38 INFO database initialized path=/tmp/expedition-sim-4257172123/gogobee.db
2026/05/17 14:05:38 INFO dnd: armed ability fired (turn-based build) user=@sim:fighter-l12-manor_blackspire-21 ability="Second Wind"
2026/05/17 14:05:38 INFO database initialized path=/tmp/expedition-sim-3291088233/gogobee.db
2026/05/17 14:05:38 INFO dnd: armed ability fired (turn-based build) user=@sim:fighter-l12-manor_blackspire-21 ability="Second Wind"
2026/05/17 14:05:38 INFO dnd: armed ability fired (turn-based build) user=@sim:fighter-l3-goblin_warrens-20 ability="Second Wind"
2026/05/17 14:05:38 INFO dnd: armed ability fired (turn-based build) user=@sim:fighter-l7-dragons_lair-21 ability="Second Wind"
2026/05/17 14:05:38 INFO dnd: armed ability fired (turn-based build) user=@sim:fighter-l3-goblin_warrens-20 ability="Second Wind"
2026/05/17 14:05:38 INFO dnd: armed ability fired (turn-based build) user=@sim:fighter-l7-dragons_lair-21 ability="Second Wind"
2026/05/17 14:05:38 INFO dnd: armed ability fired (turn-based build) user=@sim:fighter-l3-goblin_warrens-20 ability="Second Wind"
2026/05/17 14:05:38 INFO dnd: armed ability fired (turn-based build) user=@sim:fighter-l7-dragons_lair-21 ability="Second Wind"
2026/05/17 14:05:38 INFO database initialized path=/tmp/expedition-sim-3932406955/gogobee.db
2026/05/17 14:05:38 INFO database initialized path=/tmp/expedition-sim-1800272265/gogobee.db
2026/05/17 14:05:38 INFO dnd: armed ability fired (turn-based build) user=@sim:fighter-l3-forest_shadows-22 ability="Second Wind"
2026/05/17 14:05:38 INFO dnd: armed ability fired (turn-based build) user=@sim:fighter-l3-forest_shadows-22 ability="Second Wind"
2026/05/17 14:05:38 INFO database initialized path=/tmp/expedition-sim-805534874/gogobee.db
2026/05/17 14:05:38 INFO database initialized path=/tmp/expedition-sim-237129712/gogobee.db
2026/05/17 14:05:38 INFO dnd: armed ability fired (turn-based build) user=@sim:fighter-l3-forest_shadows-22 ability="Second Wind"
2026/05/17 14:05:38 INFO dnd: armed ability fired (turn-based build) user=@sim:fighter-l12-underdark-17 ability="Second Wind"
2026/05/17 14:05:38 INFO dnd: armed ability fired (turn-based build) user=@sim:fighter-l7-manor_blackspire-22 ability="Second Wind"
2026/05/17 14:05:38 INFO dnd: armed ability fired (turn-based build) user=@sim:fighter-l12-underdark-17 ability="Second Wind"
2026/05/17 14:05:38 INFO dnd: armed ability fired (turn-based build) user=@sim:fighter-l7-manor_blackspire-22 ability="Second Wind"
2026/05/17 14:05:38 INFO dnd: armed ability fired (turn-based build) user=@sim:fighter-l12-underdark-17 ability="Second Wind"
2026/05/17 14:05:38 INFO dnd: armed ability fired (turn-based build) user=@sim:fighter-l7-manor_blackspire-22 ability="Second Wind"
2026/05/17 14:05:38 INFO database initialized path=/tmp/expedition-sim-224452253/gogobee.db
2026/05/17 14:05:38 INFO database initialized path=/tmp/expedition-sim-2503378552/gogobee.db
2026/05/17 14:05:38 INFO dnd: armed ability fired (turn-based build) user=@sim:fighter-l12-goblin_warrens-12 ability="Second Wind"
2026/05/17 14:05:38 INFO database initialized path=/tmp/expedition-sim-813094765/gogobee.db
2026/05/17 14:05:38 INFO dnd: armed ability fired (turn-based build) user=@sim:fighter-l12-goblin_warrens-12 ability="Second Wind"
2026/05/17 14:05:38 INFO database initialized path=/tmp/expedition-sim-1621687544/gogobee.db
2026/05/17 14:05:38 INFO dnd: armed ability fired (turn-based build) user=@sim:fighter-l3-manor_blackspire-19 ability="Second Wind"
2026/05/17 14:05:38 INFO dnd: armed ability fired (turn-based build) user=@sim:fighter-l12-goblin_warrens-12 ability="Second Wind"
2026/05/17 14:05:38 INFO dnd: armed ability fired (turn-based build) user=@sim:fighter-l3-manor_blackspire-19 ability="Second Wind"
2026/05/17 14:05:38 INFO dnd: armed ability fired (turn-based build) user=@sim:fighter-l7-underdark-18 ability="Second Wind"
2026/05/17 14:05:38 INFO dnd: armed ability fired (turn-based build) user=@sim:fighter-l7-underdark-18 ability="Second Wind"
2026/05/17 14:05:38 INFO dnd: armed ability fired (turn-based build) user=@sim:fighter-l3-manor_blackspire-19 ability="Second Wind"
2026/05/17 14:05:38 INFO dnd: armed ability fired (turn-based build) user=@sim:fighter-l7-underdark-18 ability="Second Wind"
2026/05/17 14:05:38 INFO database initialized path=/tmp/expedition-sim-1419137616/gogobee.db
2026/05/17 14:05:38 INFO dnd: armed ability fired (turn-based build) user=@sim:fighter-l7-goblin_warrens-22 ability="Second Wind"
2026/05/17 14:05:38 INFO database initialized path=/tmp/expedition-sim-3561984702/gogobee.db
2026/05/17 14:05:38 INFO dnd: armed ability fired (turn-based build) user=@sim:fighter-l7-goblin_warrens-22 ability="Second Wind"
2026/05/17 14:05:38 INFO dnd: armed ability fired (turn-based build) user=@sim:fighter-l7-goblin_warrens-22 ability="Second Wind"
2026/05/17 14:05:38 INFO database initialized path=/tmp/expedition-sim-80582465/gogobee.db
2026/05/17 14:05:38 INFO dnd: armed ability fired (turn-based build) user=@sim:fighter-l12-forest_shadows-21 ability="Second Wind"
2026/05/17 14:05:38 INFO dnd: armed ability fired (turn-based build) user=@sim:fighter-l12-forest_shadows-21 ability="Second Wind"
2026/05/17 14:05:38 INFO dnd: armed ability fired (turn-based build) user=@sim:fighter-l12-forest_shadows-21 ability="Second Wind"
2026/05/17 14:05:38 INFO database initialized path=/tmp/expedition-sim-790066145/gogobee.db
2026/05/17 14:05:38 INFO dnd: armed ability fired (turn-based build) user=@sim:fighter-l7-forest_shadows-19 ability="Second Wind"
2026/05/17 14:05:38 INFO dnd: armed ability fired (turn-based build) user=@sim:fighter-l7-forest_shadows-19 ability="Second Wind"
2026/05/17 14:05:38 INFO dnd: armed ability fired (turn-based build) user=@sim:fighter-l7-forest_shadows-19 ability="Second Wind"
2026/05/17 14:05:38 INFO database initialized path=/tmp/expedition-sim-1801606074/gogobee.db
2026/05/17 14:05:38 INFO database initialized path=/tmp/expedition-sim-2424787740/gogobee.db
2026/05/17 14:05:38 INFO dnd: armed ability fired (turn-based build) user=@sim:fighter-l7-dragons_lair-22 ability="Second Wind"
2026/05/17 14:05:38 INFO dnd: armed ability fired (turn-based build) user=@sim:fighter-l3-goblin_warrens-21 ability="Second Wind"
2026/05/17 14:05:38 INFO dnd: armed ability fired (turn-based build) user=@sim:fighter-l7-dragons_lair-22 ability="Second Wind"
2026/05/17 14:05:38 INFO dnd: armed ability fired (turn-based build) user=@sim:fighter-l3-goblin_warrens-21 ability="Second Wind"
2026/05/17 14:05:38 INFO dnd: armed ability fired (turn-based build) user=@sim:fighter-l7-dragons_lair-22 ability="Second Wind"
2026/05/17 14:05:38 INFO dnd: armed ability fired (turn-based build) user=@sim:fighter-l3-goblin_warrens-21 ability="Second Wind"
2026/05/17 14:05:38 INFO database initialized path=/tmp/expedition-sim-4069434564/gogobee.db
2026/05/17 14:05:38 INFO database initialized path=/tmp/expedition-sim-1129694876/gogobee.db
2026/05/17 14:05:38 INFO database initialized path=/tmp/expedition-sim-1604980121/gogobee.db
2026/05/17 14:05:38 INFO dnd: armed ability fired (turn-based build) user=@sim:fighter-l7-manor_blackspire-23 ability="Second Wind"
2026/05/17 14:05:38 INFO dnd: armed ability fired (turn-based build) user=@sim:fighter-l3-forest_shadows-23 ability="Second Wind"
2026/05/17 14:05:38 INFO dnd: armed ability fired (turn-based build) user=@sim:fighter-l3-forest_shadows-23 ability="Second Wind"
2026/05/17 14:05:38 INFO dnd: armed ability fired (turn-based build) user=@sim:fighter-l7-manor_blackspire-23 ability="Second Wind"
2026/05/17 14:05:38 INFO dnd: armed ability fired (turn-based build) user=@sim:fighter-l3-forest_shadows-23 ability="Second Wind"
2026/05/17 14:05:38 INFO dnd: armed ability fired (turn-based build) user=@sim:fighter-l7-manor_blackspire-23 ability="Second Wind"
2026/05/17 14:05:38 INFO database initialized path=/tmp/expedition-sim-3051000327/gogobee.db
2026/05/17 14:05:39 INFO dnd: armed ability fired (turn-based build) user=@sim:fighter-l12-underdark-18 ability="Second Wind"
2026/05/17 14:05:39 INFO dnd: armed ability fired (turn-based build) user=@sim:fighter-l12-underdark-18 ability="Second Wind"
2026/05/17 14:05:39 INFO dnd: armed ability fired (turn-based build) user=@sim:fighter-l12-underdark-18 ability="Second Wind"
2026/05/17 14:05:39 INFO database initialized path=/tmp/expedition-sim-3691619532/gogobee.db
2026/05/17 14:05:39 INFO database initialized path=/tmp/expedition-sim-3353752895/gogobee.db
2026/05/17 14:05:39 INFO dnd: armed ability fired (turn-based build) user=@sim:fighter-l12-manor_blackspire-22 ability="Second Wind"
2026/05/17 14:05:39 INFO dnd: armed ability fired (turn-based build) user=@sim:fighter-l12-manor_blackspire-22 ability="Second Wind"
2026/05/17 14:05:39 INFO database initialized path=/tmp/expedition-sim-899166755/gogobee.db
2026/05/17 14:05:39 INFO dnd: armed ability fired (turn-based build) user=@sim:fighter-l3-manor_blackspire-20 ability="Second Wind"
2026/05/17 14:05:39 INFO dnd: armed ability fired (turn-based build) user=@sim:fighter-l12-manor_blackspire-22 ability="Second Wind"
2026/05/17 14:05:39 INFO database initialized path=/tmp/expedition-sim-2636639555/gogobee.db
2026/05/17 14:05:39 INFO dnd: armed ability fired (turn-based build) user=@sim:fighter-l3-manor_blackspire-20 ability="Second Wind"
2026/05/17 14:05:39 INFO dnd: armed ability fired (turn-based build) user=@sim:fighter-l3-manor_blackspire-20 ability="Second Wind"
2026/05/17 14:05:39 INFO dnd: armed ability fired (turn-based build) user=@sim:fighter-l12-goblin_warrens-13 ability="Second Wind"
2026/05/17 14:05:39 INFO dnd: armed ability fired (turn-based build) user=@sim:fighter-l12-goblin_warrens-13 ability="Second Wind"
2026/05/17 14:05:39 INFO dnd: armed ability fired (turn-based build) user=@sim:fighter-l12-goblin_warrens-13 ability="Second Wind"
2026/05/17 14:05:39 INFO database initialized path=/tmp/expedition-sim-2679814279/gogobee.db
2026/05/17 14:05:39 INFO database initialized path=/tmp/expedition-sim-2970584484/gogobee.db
2026/05/17 14:05:39 INFO dnd: armed ability fired (turn-based build) user=@sim:fighter-l3-goblin_warrens-22 ability="Second Wind"
2026/05/17 14:05:39 INFO database initialized path=/tmp/expedition-sim-2080522846/gogobee.db
2026/05/17 14:05:39 INFO dnd: armed ability fired (turn-based build) user=@sim:fighter-l3-goblin_warrens-22 ability="Second Wind"
2026/05/17 14:05:39 INFO dnd: armed ability fired (turn-based build) user=@sim:fighter-l3-goblin_warrens-22 ability="Second Wind"
2026/05/17 14:05:39 INFO dnd: armed ability fired (turn-based build) user=@sim:fighter-l12-forest_shadows-22 ability="Second Wind"
2026/05/17 14:05:39 INFO database initialized path=/tmp/expedition-sim-705774620/gogobee.db
2026/05/17 14:05:39 INFO dnd: armed ability fired (turn-based build) user=@sim:fighter-l12-forest_shadows-22 ability="Second Wind"
2026/05/17 14:05:39 INFO dnd: armed ability fired (turn-based build) user=@sim:fighter-l12-forest_shadows-22 ability="Second Wind"
2026/05/17 14:05:39 INFO database initialized path=/tmp/expedition-sim-1748455730/gogobee.db
2026/05/17 14:05:39 INFO dnd: armed ability fired (turn-based build) user=@sim:fighter-l7-underdark-19 ability="Second Wind"
2026/05/17 14:05:39 INFO dnd: armed ability fired (turn-based build) user=@sim:fighter-l7-forest_shadows-20 ability="Second Wind"
2026/05/17 14:05:39 INFO database initialized path=/tmp/expedition-sim-4274775193/gogobee.db
2026/05/17 14:05:39 INFO dnd: armed ability fired (turn-based build) user=@sim:fighter-l7-forest_shadows-20 ability="Second Wind"
2026/05/17 14:05:39 INFO dnd: armed ability fired (turn-based build) user=@sim:fighter-l7-underdark-19 ability="Second Wind"
2026/05/17 14:05:39 INFO dnd: armed ability fired (turn-based build) user=@sim:fighter-l7-dragons_lair-23 ability="Second Wind"
2026/05/17 14:05:39 INFO dnd: armed ability fired (turn-based build) user=@sim:fighter-l7-forest_shadows-20 ability="Second Wind"
2026/05/17 14:05:39 INFO dnd: armed ability fired (turn-based build) user=@sim:fighter-l7-dragons_lair-23 ability="Second Wind"
2026/05/17 14:05:39 INFO dnd: armed ability fired (turn-based build) user=@sim:fighter-l7-underdark-19 ability="Second Wind"
2026/05/17 14:05:39 INFO database initialized path=/tmp/expedition-sim-3355765835/gogobee.db
2026/05/17 14:05:39 INFO dnd: armed ability fired (turn-based build) user=@sim:fighter-l7-dragons_lair-23 ability="Second Wind"
2026/05/17 14:05:39 INFO database initialized path=/tmp/expedition-sim-1086824193/gogobee.db
2026/05/17 14:05:39 INFO dnd: armed ability fired (turn-based build) user=@sim:fighter-l7-goblin_warrens-23 ability="Second Wind"
2026/05/17 14:05:39 INFO database initialized path=/tmp/expedition-sim-3565503288/gogobee.db
2026/05/17 14:05:39 INFO dnd: armed ability fired (turn-based build) user=@sim:fighter-l3-forest_shadows-24 ability="Second Wind"
2026/05/17 14:05:39 INFO dnd: armed ability fired (turn-based build) user=@sim:fighter-l7-manor_blackspire-24 ability="Second Wind"
2026/05/17 14:05:39 INFO dnd: armed ability fired (turn-based build) user=@sim:fighter-l7-goblin_warrens-23 ability="Second Wind"
2026/05/17 14:05:39 INFO dnd: armed ability fired (turn-based build) user=@sim:fighter-l3-forest_shadows-24 ability="Second Wind"
2026/05/17 14:05:39 INFO dnd: armed ability fired (turn-based build) user=@sim:fighter-l7-manor_blackspire-24 ability="Second Wind"
2026/05/17 14:05:39 INFO dnd: armed ability fired (turn-based build) user=@sim:fighter-l3-forest_shadows-24 ability="Second Wind"
2026/05/17 14:05:39 INFO dnd: armed ability fired (turn-based build) user=@sim:fighter-l7-goblin_warrens-23 ability="Second Wind"
2026/05/17 14:05:39 INFO dnd: armed ability fired (turn-based build) user=@sim:fighter-l7-manor_blackspire-24 ability="Second Wind"
2026/05/17 14:05:39 INFO database initialized path=/tmp/expedition-sim-2752458799/gogobee.db
2026/05/17 14:05:39 INFO database initialized path=/tmp/expedition-sim-2631477801/gogobee.db
2026/05/17 14:05:39 INFO dnd: armed ability fired (turn-based build) user=@sim:fighter-l12-underdark-19 ability="Second Wind"
2026/05/17 14:05:39 INFO dnd: armed ability fired (turn-based build) user=@sim:fighter-l12-underdark-19 ability="Second Wind"
2026/05/17 14:05:39 INFO dnd: armed ability fired (turn-based build) user=@sim:fighter-l12-underdark-19 ability="Second Wind"
2026/05/17 14:05:39 INFO database initialized path=/tmp/expedition-sim-392416100/gogobee.db
2026/05/17 14:05:39 INFO database initialized path=/tmp/expedition-sim-1216828079/gogobee.db
2026/05/17 14:05:39 INFO dnd: armed ability fired (turn-based build) user=@sim:fighter-l12-manor_blackspire-23 ability="Second Wind"
2026/05/17 14:05:39 INFO dnd: armed ability fired (turn-based build) user=@sim:fighter-l12-manor_blackspire-23 ability="Second Wind"
2026/05/17 14:05:39 INFO dnd: armed ability fired (turn-based build) user=@sim:fighter-l3-manor_blackspire-21 ability="Second Wind"
2026/05/17 14:05:39 INFO dnd: armed ability fired (turn-based build) user=@sim:fighter-l12-manor_blackspire-23 ability="Second Wind"
2026/05/17 14:05:39 INFO database initialized path=/tmp/expedition-sim-2259277504/gogobee.db
2026/05/17 14:05:39 INFO dnd: armed ability fired (turn-based build) user=@sim:fighter-l3-manor_blackspire-21 ability="Second Wind"
2026/05/17 14:05:39 INFO dnd: armed ability fired (turn-based build) user=@sim:fighter-l3-manor_blackspire-21 ability="Second Wind"
2026/05/17 14:05:39 WARN auto-heal cleanup: short on inventory user=@sim:fighter-l3-manor_blackspire-21 wanted=1 removed=0
2026/05/17 14:05:39 INFO database initialized path=/tmp/expedition-sim-2318693786/gogobee.db
2026/05/17 14:05:39 INFO dnd: armed ability fired (turn-based build) user=@sim:fighter-l12-goblin_warrens-14 ability="Second Wind"
2026/05/17 14:05:39 INFO dnd: armed ability fired (turn-based build) user=@sim:fighter-l12-goblin_warrens-14 ability="Second Wind"
2026/05/17 14:05:39 INFO dnd: armed ability fired (turn-based build) user=@sim:fighter-l12-goblin_warrens-14 ability="Second Wind"
2026/05/17 14:05:39 INFO database initialized path=/tmp/expedition-sim-2609163504/gogobee.db
2026/05/17 14:05:39 INFO dnd: armed ability fired (turn-based build) user=@sim:fighter-l3-goblin_warrens-23 ability="Second Wind"
2026/05/17 14:05:39 INFO dnd: armed ability fired (turn-based build) user=@sim:fighter-l3-goblin_warrens-23 ability="Second Wind"
2026/05/17 14:05:39 INFO dnd: armed ability fired (turn-based build) user=@sim:fighter-l3-goblin_warrens-23 ability="Second Wind"
2026/05/17 14:05:39 INFO database initialized path=/tmp/expedition-sim-1638457879/gogobee.db
2026/05/17 14:05:39 INFO database initialized path=/tmp/expedition-sim-3384911543/gogobee.db
2026/05/17 14:05:39 INFO dnd: armed ability fired (turn-based build) user=@sim:fighter-l7-dragons_lair-24 ability="Second Wind"
2026/05/17 14:05:39 INFO dnd: armed ability fired (turn-based build) user=@sim:fighter-l7-dragons_lair-24 ability="Second Wind"
2026/05/17 14:05:39 INFO dnd: armed ability fired (turn-based build) user=@sim:fighter-l3-forest_shadows-25 ability="Second Wind"
2026/05/17 14:05:39 INFO dnd: armed ability fired (turn-based build) user=@sim:fighter-l7-dragons_lair-24 ability="Second Wind"
2026/05/17 14:05:39 INFO dnd: armed ability fired (turn-based build) user=@sim:fighter-l3-forest_shadows-25 ability="Second Wind"
2026/05/17 14:05:39 INFO dnd: armed ability fired (turn-based build) user=@sim:fighter-l3-forest_shadows-25 ability="Second Wind"
2026/05/17 14:05:39 INFO database initialized path=/tmp/expedition-sim-1209352059/gogobee.db
2026/05/17 14:05:39 INFO dnd: armed ability fired (turn-based build) user=@sim:fighter-l7-forest_shadows-21 ability="Second Wind"
2026/05/17 14:05:39 INFO database initialized path=/tmp/expedition-sim-2345396318/gogobee.db
2026/05/17 14:05:39 INFO dnd: armed ability fired (turn-based build) user=@sim:fighter-l7-forest_shadows-21 ability="Second Wind"
2026/05/17 14:05:39 INFO dnd: armed ability fired (turn-based build) user=@sim:fighter-l7-forest_shadows-21 ability="Second Wind"
2026/05/17 14:05:39 INFO database initialized path=/tmp/expedition-sim-3205076753/gogobee.db
2026/05/17 14:05:39 INFO database initialized path=/tmp/expedition-sim-330169325/gogobee.db
2026/05/17 14:05:39 INFO dnd: armed ability fired (turn-based build) user=@sim:fighter-l12-underdark-20 ability="Second Wind"
2026/05/17 14:05:39 INFO dnd: armed ability fired (turn-based build) user=@sim:fighter-l12-underdark-20 ability="Second Wind"
2026/05/17 14:05:39 INFO dnd: armed ability fired (turn-based build) user=@sim:fighter-l12-underdark-20 ability="Second Wind"
2026/05/17 14:05:39 INFO database initialized path=/tmp/expedition-sim-2387948815/gogobee.db
2026/05/17 14:05:39 INFO database initialized path=/tmp/expedition-sim-36127879/gogobee.db
2026/05/17 14:05:39 INFO dnd: armed ability fired (turn-based build) user=@sim:fighter-l7-manor_blackspire-25 ability="Second Wind"
2026/05/17 14:05:39 INFO database initialized path=/tmp/expedition-sim-1484025573/gogobee.db
2026/05/17 14:05:39 INFO dnd: armed ability fired (turn-based build) user=@sim:fighter-l3-manor_blackspire-22 ability="Second Wind"
2026/05/17 14:05:39 INFO dnd: armed ability fired (turn-based build) user=@sim:fighter-l3-manor_blackspire-22 ability="Second Wind"
2026/05/17 14:05:39 INFO dnd: armed ability fired (turn-based build) user=@sim:fighter-l12-manor_blackspire-24 ability="Second Wind"
2026/05/17 14:05:39 INFO dnd: armed ability fired (turn-based build) user=@sim:fighter-l7-manor_blackspire-25 ability="Second Wind"
2026/05/17 14:05:39 INFO dnd: armed ability fired (turn-based build) user=@sim:fighter-l3-manor_blackspire-22 ability="Second Wind"
2026/05/17 14:05:39 INFO dnd: armed ability fired (turn-based build) user=@sim:fighter-l12-manor_blackspire-24 ability="Second Wind"
2026/05/17 14:05:39 INFO dnd: armed ability fired (turn-based build) user=@sim:fighter-l12-manor_blackspire-24 ability="Second Wind"
2026/05/17 14:05:39 INFO dnd: armed ability fired (turn-based build) user=@sim:fighter-l7-manor_blackspire-25 ability="Second Wind"
2026/05/17 14:05:39 INFO database initialized path=/tmp/expedition-sim-1110903289/gogobee.db
2026/05/17 14:05:39 INFO dnd: armed ability fired (turn-based build) user=@sim:fighter-l12-goblin_warrens-15 ability="Second Wind"
2026/05/17 14:05:39 INFO dnd: armed ability fired (turn-based build) user=@sim:fighter-l12-goblin_warrens-15 ability="Second Wind"
2026/05/17 14:05:39 INFO dnd: armed ability fired (turn-based build) user=@sim:fighter-l12-goblin_warrens-15 ability="Second Wind"
2026/05/17 14:05:40 INFO database initialized path=/tmp/expedition-sim-1145927114/gogobee.db
2026/05/17 14:05:40 INFO dnd: armed ability fired (turn-based build) user=@sim:fighter-l3-goblin_warrens-24 ability="Second Wind"
2026/05/17 14:05:40 INFO dnd: armed ability fired (turn-based build) user=@sim:fighter-l3-goblin_warrens-24 ability="Second Wind"
2026/05/17 14:05:40 INFO dnd: armed ability fired (turn-based build) user=@sim:fighter-l3-goblin_warrens-24 ability="Second Wind"
2026/05/17 14:05:40 INFO database initialized path=/tmp/expedition-sim-1638025974/gogobee.db
2026/05/17 14:05:40 INFO database initialized path=/tmp/expedition-sim-2493216731/gogobee.db
2026/05/17 14:05:40 INFO dnd: armed ability fired (turn-based build) user=@sim:fighter-l7-dragons_lair-25 ability="Second Wind"
2026/05/17 14:05:40 INFO database initialized path=/tmp/expedition-sim-1140566807/gogobee.db
2026/05/17 14:05:40 INFO database initialized path=/tmp/expedition-sim-1580957977/gogobee.db
2026/05/17 14:05:40 INFO dnd: armed ability fired (turn-based build) user=@sim:fighter-l3-forest_shadows-26 ability="Second Wind"
2026/05/17 14:05:40 INFO dnd: armed ability fired (turn-based build) user=@sim:fighter-l7-dragons_lair-25 ability="Second Wind"
2026/05/17 14:05:40 INFO dnd: armed ability fired (turn-based build) user=@sim:fighter-l3-forest_shadows-26 ability="Second Wind"
2026/05/17 14:05:40 INFO dnd: armed ability fired (turn-based build) user=@sim:fighter-l12-forest_shadows-23 ability="Second Wind"
2026/05/17 14:05:40 INFO dnd: armed ability fired (turn-based build) user=@sim:fighter-l7-dragons_lair-25 ability="Second Wind"
2026/05/17 14:05:40 INFO dnd: armed ability fired (turn-based build) user=@sim:fighter-l12-forest_shadows-23 ability="Second Wind"
2026/05/17 14:05:40 INFO dnd: armed ability fired (turn-based build) user=@sim:fighter-l3-forest_shadows-26 ability="Second Wind"
2026/05/17 14:05:40 INFO database initialized path=/tmp/expedition-sim-1222937959/gogobee.db
2026/05/17 14:05:40 INFO dnd: armed ability fired (turn-based build) user=@sim:fighter-l12-forest_shadows-23 ability="Second Wind"
2026/05/17 14:05:40 INFO database initialized path=/tmp/expedition-sim-4045371026/gogobee.db
2026/05/17 14:05:40 INFO dnd: armed ability fired (turn-based build) user=@sim:fighter-l7-underdark-20 ability="Second Wind"
2026/05/17 14:05:40 INFO database initialized path=/tmp/expedition-sim-279536536/gogobee.db
2026/05/17 14:05:40 INFO dnd: armed ability fired (turn-based build) user=@sim:fighter-l7-underdark-20 ability="Second Wind"
2026/05/17 14:05:40 INFO dnd: armed ability fired (turn-based build) user=@sim:fighter-l7-forest_shadows-22 ability="Second Wind"
2026/05/17 14:05:40 INFO dnd: armed ability fired (turn-based build) user=@sim:fighter-l7-forest_shadows-22 ability="Second Wind"
2026/05/17 14:05:40 INFO dnd: armed ability fired (turn-based build) user=@sim:fighter-l7-underdark-20 ability="Second Wind"
2026/05/17 14:05:40 INFO dnd: armed ability fired (turn-based build) user=@sim:fighter-l7-forest_shadows-22 ability="Second Wind"
2026/05/17 14:05:40 INFO database initialized path=/tmp/expedition-sim-544491413/gogobee.db
2026/05/17 14:05:40 INFO dnd: armed ability fired (turn-based build) user=@sim:fighter-l7-goblin_warrens-24 ability="Second Wind"
2026/05/17 14:05:40 INFO dnd: armed ability fired (turn-based build) user=@sim:fighter-l7-goblin_warrens-24 ability="Second Wind"
2026/05/17 14:05:40 INFO dnd: armed ability fired (turn-based build) user=@sim:fighter-l7-goblin_warrens-24 ability="Second Wind"
2026/05/17 14:05:40 INFO database initialized path=/tmp/expedition-sim-2882579/gogobee.db
2026/05/17 14:05:40 INFO dnd: armed ability fired (turn-based build) user=@sim:fighter-l12-underdark-21 ability="Second Wind"
2026/05/17 14:05:40 INFO dnd: armed ability fired (turn-based build) user=@sim:fighter-l12-underdark-21 ability="Second Wind"
2026/05/17 14:05:40 INFO dnd: armed ability fired (turn-based build) user=@sim:fighter-l12-underdark-21 ability="Second Wind"
2026/05/17 14:05:40 INFO database initialized path=/tmp/expedition-sim-4161173626/gogobee.db
2026/05/17 14:05:40 INFO dnd: armed ability fired (turn-based build) user=@sim:fighter-l3-manor_blackspire-23 ability="Second Wind"
2026/05/17 14:05:40 INFO dnd: armed ability fired (turn-based build) user=@sim:fighter-l3-manor_blackspire-23 ability="Second Wind"
2026/05/17 14:05:40 INFO dnd: armed ability fired (turn-based build) user=@sim:fighter-l3-manor_blackspire-23 ability="Second Wind"
2026/05/17 14:05:40 INFO database initialized path=/tmp/expedition-sim-72246232/gogobee.db
2026/05/17 14:05:40 INFO dnd: armed ability fired (turn-based build) user=@sim:fighter-l12-goblin_warrens-16 ability="Second Wind"
2026/05/17 14:05:40 INFO dnd: armed ability fired (turn-based build) user=@sim:fighter-l12-goblin_warrens-16 ability="Second Wind"
2026/05/17 14:05:40 INFO database initialized path=/tmp/expedition-sim-3806583668/gogobee.db
2026/05/17 14:05:40 INFO dnd: armed ability fired (turn-based build) user=@sim:fighter-l12-goblin_warrens-16 ability="Second Wind"
2026/05/17 14:05:40 INFO dnd: armed ability fired (turn-based build) user=@sim:fighter-l12-manor_blackspire-25 ability="Second Wind"
2026/05/17 14:05:40 INFO dnd: armed ability fired (turn-based build) user=@sim:fighter-l12-manor_blackspire-25 ability="Second Wind"
2026/05/17 14:05:40 INFO dnd: armed ability fired (turn-based build) user=@sim:fighter-l12-manor_blackspire-25 ability="Second Wind"
2026/05/17 14:05:40 INFO database initialized path=/tmp/expedition-sim-4041920713/gogobee.db
2026/05/17 14:05:40 INFO dnd: armed ability fired (turn-based build) user=@sim:fighter-l7-manor_blackspire-26 ability="Second Wind"
2026/05/17 14:05:40 INFO database initialized path=/tmp/expedition-sim-535037066/gogobee.db
2026/05/17 14:05:40 INFO dnd: armed ability fired (turn-based build) user=@sim:fighter-l7-manor_blackspire-26 ability="Second Wind"
2026/05/17 14:05:40 INFO dnd: armed ability fired (turn-based build) user=@sim:fighter-l7-manor_blackspire-26 ability="Second Wind"
2026/05/17 14:05:40 INFO database initialized path=/tmp/expedition-sim-2458786799/gogobee.db
2026/05/17 14:05:40 INFO dnd: armed ability fired (turn-based build) user=@sim:fighter-l3-forest_shadows-27 ability="Second Wind"
2026/05/17 14:05:40 INFO database initialized path=/tmp/expedition-sim-252655408/gogobee.db
2026/05/17 14:05:40 INFO dnd: armed ability fired (turn-based build) user=@sim:fighter-l3-forest_shadows-27 ability="Second Wind"
2026/05/17 14:05:40 INFO database initialized path=/tmp/expedition-sim-3131637746/gogobee.db
2026/05/17 14:05:40 INFO dnd: armed ability fired (turn-based build) user=@sim:fighter-l3-forest_shadows-27 ability="Second Wind"
2026/05/17 14:05:40 INFO dnd: armed ability fired (turn-based build) user=@sim:fighter-l7-dragons_lair-26 ability="Second Wind"
2026/05/17 14:05:40 INFO dnd: armed ability fired (turn-based build) user=@sim:fighter-l7-dragons_lair-26 ability="Second Wind"
2026/05/17 14:05:40 INFO dnd: armed ability fired (turn-based build) user=@sim:fighter-l7-dragons_lair-26 ability="Second Wind"
2026/05/17 14:05:40 INFO database initialized path=/tmp/expedition-sim-154087104/gogobee.db
2026/05/17 14:05:40 INFO dnd: armed ability fired (turn-based build) user=@sim:fighter-l12-forest_shadows-24 ability="Second Wind"
2026/05/17 14:05:40 INFO dnd: armed ability fired (turn-based build) user=@sim:fighter-l12-forest_shadows-24 ability="Second Wind"
2026/05/17 14:05:40 INFO dnd: armed ability fired (turn-based build) user=@sim:fighter-l12-forest_shadows-24 ability="Second Wind"
2026/05/17 14:05:40 INFO database initialized path=/tmp/expedition-sim-2218728288/gogobee.db
2026/05/17 14:05:40 INFO database initialized path=/tmp/expedition-sim-2012014586/gogobee.db
2026/05/17 14:05:40 INFO dnd: armed ability fired (turn-based build) user=@sim:fighter-l3-goblin_warrens-25 ability="Second Wind"
2026/05/17 14:05:40 INFO dnd: armed ability fired (turn-based build) user=@sim:fighter-l7-forest_shadows-23 ability="Second Wind"
2026/05/17 14:05:40 INFO dnd: armed ability fired (turn-based build) user=@sim:fighter-l3-goblin_warrens-25 ability="Second Wind"
2026/05/17 14:05:40 INFO dnd: armed ability fired (turn-based build) user=@sim:fighter-l3-goblin_warrens-25 ability="Second Wind"
2026/05/17 14:05:40 INFO dnd: armed ability fired (turn-based build) user=@sim:fighter-l7-forest_shadows-23 ability="Second Wind"
2026/05/17 14:05:40 INFO dnd: armed ability fired (turn-based build) user=@sim:fighter-l7-forest_shadows-23 ability="Second Wind"
2026/05/17 14:05:40 INFO database initialized path=/tmp/expedition-sim-4105932191/gogobee.db
2026/05/17 14:05:40 INFO dnd: armed ability fired (turn-based build) user=@sim:fighter-l7-underdark-21 ability="Second Wind"
2026/05/17 14:05:40 INFO dnd: armed ability fired (turn-based build) user=@sim:fighter-l7-underdark-21 ability="Second Wind"
2026/05/17 14:05:40 INFO dnd: armed ability fired (turn-based build) user=@sim:fighter-l7-underdark-21 ability="Second Wind"
2026/05/17 14:05:40 INFO database initialized path=/tmp/expedition-sim-3789381904/gogobee.db
2026/05/17 14:05:40 INFO database initialized path=/tmp/expedition-sim-461692364/gogobee.db
2026/05/17 14:05:40 INFO dnd: armed ability fired (turn-based build) user=@sim:fighter-l3-manor_blackspire-24 ability="Second Wind"
2026/05/17 14:05:40 INFO dnd: armed ability fired (turn-based build) user=@sim:fighter-l12-goblin_warrens-17 ability="Second Wind"
2026/05/17 14:05:40 INFO dnd: armed ability fired (turn-based build) user=@sim:fighter-l12-goblin_warrens-17 ability="Second Wind"
2026/05/17 14:05:40 INFO dnd: armed ability fired (turn-based build) user=@sim:fighter-l3-manor_blackspire-24 ability="Second Wind"
2026/05/17 14:05:40 INFO dnd: armed ability fired (turn-based build) user=@sim:fighter-l3-manor_blackspire-24 ability="Second Wind"
2026/05/17 14:05:40 INFO dnd: armed ability fired (turn-based build) user=@sim:fighter-l12-goblin_warrens-17 ability="Second Wind"
2026/05/17 14:05:40 WARN auto-heal cleanup: short on inventory user=@sim:fighter-l3-manor_blackspire-24 wanted=1 removed=0
2026/05/17 14:05:40 INFO database initialized path=/tmp/expedition-sim-1095115486/gogobee.db
2026/05/17 14:05:40 INFO database initialized path=/tmp/expedition-sim-3517194417/gogobee.db
2026/05/17 14:05:40 INFO dnd: armed ability fired (turn-based build) user=@sim:fighter-l7-goblin_warrens-25 ability="Second Wind"
2026/05/17 14:05:40 INFO database initialized path=/tmp/expedition-sim-3457315898/gogobee.db
2026/05/17 14:05:40 INFO database initialized path=/tmp/expedition-sim-3394206329/gogobee.db
2026/05/17 14:05:40 INFO dnd: armed ability fired (turn-based build) user=@sim:fighter-l12-manor_blackspire-26 ability="Second Wind"
2026/05/17 14:05:40 INFO dnd: armed ability fired (turn-based build) user=@sim:fighter-l7-manor_blackspire-27 ability="Second Wind"
2026/05/17 14:05:40 INFO dnd: armed ability fired (turn-based build) user=@sim:fighter-l12-manor_blackspire-26 ability="Second Wind"
2026/05/17 14:05:40 INFO dnd: armed ability fired (turn-based build) user=@sim:fighter-l7-goblin_warrens-25 ability="Second Wind"
2026/05/17 14:05:40 INFO dnd: armed ability fired (turn-based build) user=@sim:fighter-l7-manor_blackspire-27 ability="Second Wind"
2026/05/17 14:05:40 INFO dnd: armed ability fired (turn-based build) user=@sim:fighter-l12-manor_blackspire-26 ability="Second Wind"
2026/05/17 14:05:40 INFO dnd: armed ability fired (turn-based build) user=@sim:fighter-l7-manor_blackspire-27 ability="Second Wind"
2026/05/17 14:05:40 INFO dnd: armed ability fired (turn-based build) user=@sim:fighter-l7-goblin_warrens-25 ability="Second Wind"
2026/05/17 14:05:40 INFO database initialized path=/tmp/expedition-sim-3725643663/gogobee.db
2026/05/17 14:05:40 INFO database initialized path=/tmp/expedition-sim-3421256367/gogobee.db
2026/05/17 14:05:40 INFO dnd: armed ability fired (turn-based build) user=@sim:fighter-l3-forest_shadows-28 ability="Second Wind"
2026/05/17 14:05:40 INFO dnd: armed ability fired (turn-based build) user=@sim:fighter-l12-underdark-22 ability="Second Wind"
2026/05/17 14:05:40 INFO dnd: armed ability fired (turn-based build) user=@sim:fighter-l12-underdark-22 ability="Second Wind"
2026/05/17 14:05:40 INFO dnd: armed ability fired (turn-based build) user=@sim:fighter-l3-forest_shadows-28 ability="Second Wind"
2026/05/17 14:05:40 INFO dnd: armed ability fired (turn-based build) user=@sim:fighter-l12-underdark-22 ability="Second Wind"
2026/05/17 14:05:40 INFO dnd: armed ability fired (turn-based build) user=@sim:fighter-l3-forest_shadows-28 ability="Second Wind"
2026/05/17 14:05:40 INFO database initialized path=/tmp/expedition-sim-1953794974/gogobee.db
2026/05/17 14:05:40 INFO dnd: armed ability fired (turn-based build) user=@sim:fighter-l7-dragons_lair-27 ability="Second Wind"
2026/05/17 14:05:40 INFO database initialized path=/tmp/expedition-sim-1689860525/gogobee.db
2026/05/17 14:05:40 INFO dnd: armed ability fired (turn-based build) user=@sim:fighter-l7-dragons_lair-27 ability="Second Wind"
2026/05/17 14:05:40 INFO dnd: armed ability fired (turn-based build) user=@sim:fighter-l12-forest_shadows-25 ability="Second Wind"
2026/05/17 14:05:41 INFO dnd: armed ability fired (turn-based build) user=@sim:fighter-l7-dragons_lair-27 ability="Second Wind"
2026/05/17 14:05:41 WARN auto-heal cleanup: short on inventory user=@sim:fighter-l7-dragons_lair-27 wanted=1 removed=0
2026/05/17 14:05:41 INFO dnd: armed ability fired (turn-based build) user=@sim:fighter-l12-forest_shadows-25 ability="Second Wind"
2026/05/17 14:05:41 INFO dnd: armed ability fired (turn-based build) user=@sim:fighter-l12-forest_shadows-25 ability="Second Wind"
2026/05/17 14:05:41 INFO database initialized path=/tmp/expedition-sim-776776716/gogobee.db
2026/05/17 14:05:41 INFO database initialized path=/tmp/expedition-sim-2123568948/gogobee.db
2026/05/17 14:05:41 INFO dnd: armed ability fired (turn-based build) user=@sim:fighter-l7-forest_shadows-24 ability="Second Wind"
2026/05/17 14:05:41 INFO dnd: armed ability fired (turn-based build) user=@sim:fighter-l7-forest_shadows-24 ability="Second Wind"
2026/05/17 14:05:41 INFO dnd: armed ability fired (turn-based build) user=@sim:fighter-l7-forest_shadows-24 ability="Second Wind"
2026/05/17 14:05:41 INFO database initialized path=/tmp/expedition-sim-2177493079/gogobee.db
2026/05/17 14:05:41 INFO dnd: armed ability fired (turn-based build) user=@sim:fighter-l7-underdark-22 ability="Second Wind"
2026/05/17 14:05:41 INFO database initialized path=/tmp/expedition-sim-1100244511/gogobee.db
2026/05/17 14:05:41 INFO dnd: armed ability fired (turn-based build) user=@sim:fighter-l7-underdark-22 ability="Second Wind"
2026/05/17 14:05:41 INFO database initialized path=/tmp/expedition-sim-1019987141/gogobee.db
2026/05/17 14:05:41 INFO dnd: armed ability fired (turn-based build) user=@sim:fighter-l7-underdark-22 ability="Second Wind"
2026/05/17 14:05:41 INFO dnd: armed ability fired (turn-based build) user=@sim:fighter-l3-manor_blackspire-25 ability="Second Wind"
2026/05/17 14:05:41 INFO database initialized path=/tmp/expedition-sim-276998582/gogobee.db
2026/05/17 14:05:41 INFO dnd: armed ability fired (turn-based build) user=@sim:fighter-l3-manor_blackspire-25 ability="Second Wind"
2026/05/17 14:05:41 INFO database initialized path=/tmp/expedition-sim-2942345679/gogobee.db
2026/05/17 14:05:41 INFO dnd: armed ability fired (turn-based build) user=@sim:fighter-l3-goblin_warrens-26 ability="Second Wind"
2026/05/17 14:05:41 INFO dnd: armed ability fired (turn-based build) user=@sim:fighter-l12-goblin_warrens-18 ability="Second Wind"
2026/05/17 14:05:41 INFO dnd: armed ability fired (turn-based build) user=@sim:fighter-l3-manor_blackspire-25 ability="Second Wind"
2026/05/17 14:05:41 INFO dnd: armed ability fired (turn-based build) user=@sim:fighter-l3-goblin_warrens-26 ability="Second Wind"
2026/05/17 14:05:41 INFO dnd: armed ability fired (turn-based build) user=@sim:fighter-l12-goblin_warrens-18 ability="Second Wind"
2026/05/17 14:05:41 INFO dnd: armed ability fired (turn-based build) user=@sim:fighter-l3-goblin_warrens-26 ability="Second Wind"
2026/05/17 14:05:41 INFO dnd: armed ability fired (turn-based build) user=@sim:fighter-l12-goblin_warrens-18 ability="Second Wind"
2026/05/17 14:05:41 INFO database initialized path=/tmp/expedition-sim-4037778566/gogobee.db
2026/05/17 14:05:41 INFO dnd: armed ability fired (turn-based build) user=@sim:fighter-l12-manor_blackspire-27 ability="Second Wind"
2026/05/17 14:05:41 INFO dnd: armed ability fired (turn-based build) user=@sim:fighter-l12-manor_blackspire-27 ability="Second Wind"
2026/05/17 14:05:41 INFO dnd: armed ability fired (turn-based build) user=@sim:fighter-l12-manor_blackspire-27 ability="Second Wind"
2026/05/17 14:05:41 INFO database initialized path=/tmp/expedition-sim-3523443240/gogobee.db
2026/05/17 14:05:41 INFO dnd: armed ability fired (turn-based build) user=@sim:fighter-l3-forest_shadows-29 ability="Second Wind"
2026/05/17 14:05:41 INFO database initialized path=/tmp/expedition-sim-2978557601/gogobee.db
2026/05/17 14:05:41 INFO dnd: armed ability fired (turn-based build) user=@sim:fighter-l3-forest_shadows-29 ability="Second Wind"
2026/05/17 14:05:41 INFO dnd: armed ability fired (turn-based build) user=@sim:fighter-l7-manor_blackspire-28 ability="Second Wind"
2026/05/17 14:05:41 INFO dnd: armed ability fired (turn-based build) user=@sim:fighter-l3-forest_shadows-29 ability="Second Wind"
2026/05/17 14:05:41 INFO dnd: armed ability fired (turn-based build) user=@sim:fighter-l7-manor_blackspire-28 ability="Second Wind"
2026/05/17 14:05:41 INFO database initialized path=/tmp/expedition-sim-2027485778/gogobee.db
2026/05/17 14:05:41 INFO dnd: armed ability fired (turn-based build) user=@sim:fighter-l7-manor_blackspire-28 ability="Second Wind"
2026/05/17 14:05:41 INFO database initialized path=/tmp/expedition-sim-982701878/gogobee.db
2026/05/17 14:05:41 INFO dnd: armed ability fired (turn-based build) user=@sim:fighter-l7-goblin_warrens-26 ability="Second Wind"
2026/05/17 14:05:41 INFO dnd: armed ability fired (turn-based build) user=@sim:fighter-l7-dragons_lair-28 ability="Second Wind"
2026/05/17 14:05:41 INFO dnd: armed ability fired (turn-based build) user=@sim:fighter-l7-goblin_warrens-26 ability="Second Wind"
2026/05/17 14:05:41 INFO dnd: armed ability fired (turn-based build) user=@sim:fighter-l7-goblin_warrens-26 ability="Second Wind"
2026/05/17 14:05:41 INFO dnd: armed ability fired (turn-based build) user=@sim:fighter-l7-dragons_lair-28 ability="Second Wind"
2026/05/17 14:05:41 INFO dnd: armed ability fired (turn-based build) user=@sim:fighter-l7-dragons_lair-28 ability="Second Wind"
2026/05/17 14:05:41 INFO database initialized path=/tmp/expedition-sim-4174310052/gogobee.db
2026/05/17 14:05:41 INFO database initialized path=/tmp/expedition-sim-4021308561/gogobee.db
2026/05/17 14:05:41 INFO database initialized path=/tmp/expedition-sim-2005527007/gogobee.db
2026/05/17 14:05:41 INFO dnd: armed ability fired (turn-based build) user=@sim:fighter-l7-forest_shadows-25 ability="Second Wind"
2026/05/17 14:05:41 INFO database initialized path=/tmp/expedition-sim-1868367037/gogobee.db
2026/05/17 14:05:41 INFO dnd: armed ability fired (turn-based build) user=@sim:fighter-l7-forest_shadows-25 ability="Second Wind"
2026/05/17 14:05:41 INFO database initialized path=/tmp/expedition-sim-3436202331/gogobee.db
2026/05/17 14:05:41 INFO dnd: armed ability fired (turn-based build) user=@sim:fighter-l3-manor_blackspire-26 ability="Second Wind"
2026/05/17 14:05:41 INFO dnd: armed ability fired (turn-based build) user=@sim:fighter-l7-forest_shadows-25 ability="Second Wind"
2026/05/17 14:05:41 INFO dnd: armed ability fired (turn-based build) user=@sim:fighter-l3-manor_blackspire-26 ability="Second Wind"
2026/05/17 14:05:41 INFO dnd: armed ability fired (turn-based build) user=@sim:fighter-l12-underdark-23 ability="Second Wind"
2026/05/17 14:05:41 INFO database initialized path=/tmp/expedition-sim-147959514/gogobee.db
2026/05/17 14:05:41 INFO dnd: armed ability fired (turn-based build) user=@sim:fighter-l3-manor_blackspire-26 ability="Second Wind"
2026/05/17 14:05:41 INFO dnd: armed ability fired (turn-based build) user=@sim:fighter-l12-goblin_warrens-19 ability="Second Wind"
2026/05/17 14:05:41 INFO dnd: armed ability fired (turn-based build) user=@sim:fighter-l12-goblin_warrens-19 ability="Second Wind"
2026/05/17 14:05:41 INFO dnd: armed ability fired (turn-based build) user=@sim:fighter-l12-underdark-23 ability="Second Wind"
2026/05/17 14:05:41 INFO dnd: armed ability fired (turn-based build) user=@sim:fighter-l12-goblin_warrens-19 ability="Second Wind"
2026/05/17 14:05:41 INFO dnd: armed ability fired (turn-based build) user=@sim:fighter-l12-underdark-23 ability="Second Wind"
2026/05/17 14:05:41 INFO database initialized path=/tmp/expedition-sim-2643404629/gogobee.db
2026/05/17 14:05:41 INFO dnd: armed ability fired (turn-based build) user=@sim:fighter-l7-underdark-23 ability="Second Wind"
2026/05/17 14:05:41 INFO dnd: armed ability fired (turn-based build) user=@sim:fighter-l7-underdark-23 ability="Second Wind"
2026/05/17 14:05:41 INFO dnd: armed ability fired (turn-based build) user=@sim:fighter-l7-underdark-23 ability="Second Wind"
2026/05/17 14:05:41 INFO database initialized path=/tmp/expedition-sim-4068576434/gogobee.db
2026/05/17 14:05:41 INFO dnd: armed ability fired (turn-based build) user=@sim:fighter-l12-forest_shadows-26 ability="Second Wind"
2026/05/17 14:05:41 INFO dnd: armed ability fired (turn-based build) user=@sim:fighter-l12-forest_shadows-26 ability="Second Wind"
2026/05/17 14:05:41 INFO dnd: armed ability fired (turn-based build) user=@sim:fighter-l12-forest_shadows-26 ability="Second Wind"
2026/05/17 14:05:41 INFO database initialized path=/tmp/expedition-sim-2603429090/gogobee.db
2026/05/17 14:05:41 INFO database initialized path=/tmp/expedition-sim-549056321/gogobee.db
2026/05/17 14:05:41 INFO dnd: armed ability fired (turn-based build) user=@sim:fighter-l3-forest_shadows-30 ability="Second Wind"
2026/05/17 14:05:41 INFO dnd: armed ability fired (turn-based build) user=@sim:fighter-l12-manor_blackspire-28 ability="Second Wind"
2026/05/17 14:05:41 INFO database initialized path=/tmp/expedition-sim-221551029/gogobee.db
2026/05/17 14:05:41 INFO dnd: armed ability fired (turn-based build) user=@sim:fighter-l12-manor_blackspire-28 ability="Second Wind"
2026/05/17 14:05:41 INFO dnd: armed ability fired (turn-based build) user=@sim:fighter-l3-forest_shadows-30 ability="Second Wind"
2026/05/17 14:05:41 INFO dnd: armed ability fired (turn-based build) user=@sim:fighter-l12-manor_blackspire-28 ability="Second Wind"
2026/05/17 14:05:41 INFO dnd: armed ability fired (turn-based build) user=@sim:fighter-l3-forest_shadows-30 ability="Second Wind"
2026/05/17 14:05:41 INFO dnd: armed ability fired (turn-based build) user=@sim:fighter-l3-goblin_warrens-27 ability="Second Wind"
2026/05/17 14:05:41 INFO database initialized path=/tmp/expedition-sim-205448287/gogobee.db
2026/05/17 14:05:41 INFO dnd: armed ability fired (turn-based build) user=@sim:fighter-l3-goblin_warrens-27 ability="Second Wind"
2026/05/17 14:05:41 INFO dnd: armed ability fired (turn-based build) user=@sim:fighter-l3-goblin_warrens-27 ability="Second Wind"
2026/05/17 14:05:41 INFO database initialized path=/tmp/expedition-sim-2594664148/gogobee.db
2026/05/17 14:05:41 INFO database initialized path=/tmp/expedition-sim-3862004134/gogobee.db
2026/05/17 14:05:41 INFO dnd: armed ability fired (turn-based build) user=@sim:fighter-l7-goblin_warrens-27 ability="Second Wind"
2026/05/17 14:05:41 INFO dnd: armed ability fired (turn-based build) user=@sim:fighter-l7-goblin_warrens-27 ability="Second Wind"
2026/05/17 14:05:41 INFO dnd: armed ability fired (turn-based build) user=@sim:fighter-l7-goblin_warrens-27 ability="Second Wind"
2026/05/17 14:05:41 INFO database initialized path=/tmp/expedition-sim-403268228/gogobee.db
2026/05/17 14:05:41 INFO dnd: armed ability fired (turn-based build) user=@sim:fighter-l3-manor_blackspire-27 ability="Second Wind"
2026/05/17 14:05:42 INFO dnd: armed ability fired (turn-based build) user=@sim:fighter-l3-manor_blackspire-27 ability="Second Wind"
2026/05/17 14:05:42 WARN auto-heal cleanup: short on inventory user=@sim:fighter-l3-manor_blackspire-27 wanted=1 removed=0
2026/05/17 14:05:42 INFO dnd: armed ability fired (turn-based build) user=@sim:fighter-l3-manor_blackspire-27 ability="Second Wind"
2026/05/17 14:05:42 WARN auto-heal cleanup: short on inventory user=@sim:fighter-l3-manor_blackspire-27 wanted=1 removed=0
2026/05/17 14:05:42 INFO database initialized path=/tmp/expedition-sim-48893118/gogobee.db
2026/05/17 14:05:42 INFO dnd: armed ability fired (turn-based build) user=@sim:fighter-l12-goblin_warrens-20 ability="Second Wind"
2026/05/17 14:05:42 INFO dnd: armed ability fired (turn-based build) user=@sim:fighter-l12-goblin_warrens-20 ability="Second Wind"
2026/05/17 14:05:42 INFO database initialized path=/tmp/expedition-sim-601865050/gogobee.db
2026/05/17 14:05:42 INFO dnd: armed ability fired (turn-based build) user=@sim:fighter-l12-goblin_warrens-20 ability="Second Wind"
2026/05/17 14:05:42 INFO dnd: armed ability fired (turn-based build) user=@sim:fighter-l7-forest_shadows-26 ability="Second Wind"
2026/05/17 14:05:42 INFO dnd: armed ability fired (turn-based build) user=@sim:fighter-l7-forest_shadows-26 ability="Second Wind"
2026/05/17 14:05:42 INFO database initialized path=/tmp/expedition-sim-754262355/gogobee.db
2026/05/17 14:05:42 INFO dnd: armed ability fired (turn-based build) user=@sim:fighter-l7-forest_shadows-26 ability="Second Wind"
2026/05/17 14:05:42 INFO dnd: armed ability fired (turn-based build) user=@sim:fighter-l7-underdark-24 ability="Second Wind"
2026/05/17 14:05:42 INFO dnd: armed ability fired (turn-based build) user=@sim:fighter-l7-underdark-24 ability="Second Wind"
2026/05/17 14:05:42 INFO dnd: armed ability fired (turn-based build) user=@sim:fighter-l7-underdark-24 ability="Second Wind"
2026/05/17 14:05:42 INFO database initialized path=/tmp/expedition-sim-3568784148/gogobee.db
2026/05/17 14:05:42 INFO dnd: armed ability fired (turn-based build) user=@sim:fighter-l3-forest_shadows-31 ability="Second Wind"
2026/05/17 14:05:42 INFO dnd: armed ability fired (turn-based build) user=@sim:fighter-l3-forest_shadows-31 ability="Second Wind"
2026/05/17 14:05:42 INFO dnd: armed ability fired (turn-based build) user=@sim:fighter-l3-forest_shadows-31 ability="Second Wind"
2026/05/17 14:05:42 INFO database initialized path=/tmp/expedition-sim-70948791/gogobee.db
2026/05/17 14:05:42 INFO database initialized path=/tmp/expedition-sim-4020952825/gogobee.db
2026/05/17 14:05:42 INFO dnd: armed ability fired (turn-based build) user=@sim:fighter-l12-underdark-24 ability="Second Wind"
2026/05/17 14:05:42 INFO database initialized path=/tmp/expedition-sim-4233987820/gogobee.db
2026/05/17 14:05:42 INFO dnd: armed ability fired (turn-based build) user=@sim:fighter-l12-underdark-24 ability="Second Wind"
2026/05/17 14:05:42 INFO dnd: armed ability fired (turn-based build) user=@sim:fighter-l12-underdark-24 ability="Second Wind"
2026/05/17 14:05:42 INFO dnd: armed ability fired (turn-based build) user=@sim:fighter-l7-dragons_lair-29 ability="Second Wind"
2026/05/17 14:05:42 INFO database initialized path=/tmp/expedition-sim-3309463609/gogobee.db
2026/05/17 14:05:42 INFO dnd: armed ability fired (turn-based build) user=@sim:fighter-l12-manor_blackspire-29 ability="Second Wind"
2026/05/17 14:05:42 INFO dnd: armed ability fired (turn-based build) user=@sim:fighter-l7-dragons_lair-29 ability="Second Wind"
2026/05/17 14:05:42 INFO dnd: armed ability fired (turn-based build) user=@sim:fighter-l12-manor_blackspire-29 ability="Second Wind"
2026/05/17 14:05:42 INFO dnd: armed ability fired (turn-based build) user=@sim:fighter-l7-dragons_lair-29 ability="Second Wind"
2026/05/17 14:05:42 INFO database initialized path=/tmp/expedition-sim-1167097678/gogobee.db
2026/05/17 14:05:42 INFO dnd: armed ability fired (turn-based build) user=@sim:fighter-l12-manor_blackspire-29 ability="Second Wind"
2026/05/17 14:05:42 INFO database initialized path=/tmp/expedition-sim-2236897673/gogobee.db
2026/05/17 14:05:42 INFO dnd: armed ability fired (turn-based build) user=@sim:fighter-l7-manor_blackspire-29 ability="Second Wind"
2026/05/17 14:05:42 INFO dnd: armed ability fired (turn-based build) user=@sim:fighter-l7-manor_blackspire-29 ability="Second Wind"
2026/05/17 14:05:42 INFO dnd: armed ability fired (turn-based build) user=@sim:fighter-l7-manor_blackspire-29 ability="Second Wind"
2026/05/17 14:05:42 INFO database initialized path=/tmp/expedition-sim-3029412543/gogobee.db
2026/05/17 14:05:42 INFO dnd: armed ability fired (turn-based build) user=@sim:fighter-l12-forest_shadows-27 ability="Second Wind"
2026/05/17 14:05:42 INFO database initialized path=/tmp/expedition-sim-2842938106/gogobee.db
2026/05/17 14:05:42 INFO dnd: armed ability fired (turn-based build) user=@sim:fighter-l12-forest_shadows-27 ability="Second Wind"
2026/05/17 14:05:42 INFO dnd: armed ability fired (turn-based build) user=@sim:fighter-l12-forest_shadows-27 ability="Second Wind"
2026/05/17 14:05:42 INFO dnd: armed ability fired (turn-based build) user=@sim:fighter-l7-goblin_warrens-28 ability="Second Wind"
2026/05/17 14:05:42 INFO dnd: armed ability fired (turn-based build) user=@sim:fighter-l7-goblin_warrens-28 ability="Second Wind"
2026/05/17 14:05:42 INFO dnd: armed ability fired (turn-based build) user=@sim:fighter-l7-goblin_warrens-28 ability="Second Wind"
2026/05/17 14:05:42 INFO database initialized path=/tmp/expedition-sim-3531916554/gogobee.db
2026/05/17 14:05:42 INFO dnd: armed ability fired (turn-based build) user=@sim:fighter-l3-manor_blackspire-28 ability="Second Wind"
2026/05/17 14:05:42 INFO dnd: armed ability fired (turn-based build) user=@sim:fighter-l3-manor_blackspire-28 ability="Second Wind"
2026/05/17 14:05:42 INFO dnd: armed ability fired (turn-based build) user=@sim:fighter-l3-manor_blackspire-28 ability="Second Wind"
2026/05/17 14:05:42 INFO database initialized path=/tmp/expedition-sim-2498954551/gogobee.db
2026/05/17 14:05:42 INFO dnd: armed ability fired (turn-based build) user=@sim:fighter-l3-goblin_warrens-28 ability="Second Wind"
2026/05/17 14:05:42 INFO dnd: armed ability fired (turn-based build) user=@sim:fighter-l3-goblin_warrens-28 ability="Second Wind"
2026/05/17 14:05:42 INFO database initialized path=/tmp/expedition-sim-135921729/gogobee.db
2026/05/17 14:05:42 INFO database initialized path=/tmp/expedition-sim-2913474977/gogobee.db
2026/05/17 14:05:42 INFO dnd: armed ability fired (turn-based build) user=@sim:fighter-l3-goblin_warrens-28 ability="Second Wind"
2026/05/17 14:05:42 INFO dnd: armed ability fired (turn-based build) user=@sim:fighter-l12-goblin_warrens-21 ability="Second Wind"
2026/05/17 14:05:42 INFO dnd: armed ability fired (turn-based build) user=@sim:fighter-l12-goblin_warrens-21 ability="Second Wind"
2026/05/17 14:05:42 INFO dnd: armed ability fired (turn-based build) user=@sim:fighter-l12-goblin_warrens-21 ability="Second Wind"
2026/05/17 14:05:42 INFO database initialized path=/tmp/expedition-sim-785604250/gogobee.db
2026/05/17 14:05:42 INFO database initialized path=/tmp/expedition-sim-2739347572/gogobee.db
2026/05/17 14:05:42 INFO dnd: armed ability fired (turn-based build) user=@sim:fighter-l7-underdark-25 ability="Second Wind"
2026/05/17 14:05:42 INFO database initialized path=/tmp/expedition-sim-943545833/gogobee.db
2026/05/17 14:05:42 INFO dnd: armed ability fired (turn-based build) user=@sim:fighter-l7-forest_shadows-27 ability="Second Wind"
2026/05/17 14:05:42 INFO dnd: armed ability fired (turn-based build) user=@sim:fighter-l7-underdark-25 ability="Second Wind"
2026/05/17 14:05:42 INFO dnd: armed ability fired (turn-based build) user=@sim:fighter-l7-forest_shadows-27 ability="Second Wind"
2026/05/17 14:05:42 INFO dnd: armed ability fired (turn-based build) user=@sim:fighter-l7-underdark-25 ability="Second Wind"
2026/05/17 14:05:42 INFO database initialized path=/tmp/expedition-sim-2924176747/gogobee.db
2026/05/17 14:05:42 INFO dnd: armed ability fired (turn-based build) user=@sim:fighter-l7-forest_shadows-27 ability="Second Wind"
2026/05/17 14:05:42 INFO dnd: armed ability fired (turn-based build) user=@sim:fighter-l3-forest_shadows-32 ability="Second Wind"
2026/05/17 14:05:42 INFO database initialized path=/tmp/expedition-sim-179642914/gogobee.db
2026/05/17 14:05:42 INFO dnd: armed ability fired (turn-based build) user=@sim:fighter-l12-manor_blackspire-30 ability="Second Wind"
2026/05/17 14:05:42 INFO dnd: armed ability fired (turn-based build) user=@sim:fighter-l12-manor_blackspire-30 ability="Second Wind"
2026/05/17 14:05:42 INFO dnd: armed ability fired (turn-based build) user=@sim:fighter-l12-manor_blackspire-30 ability="Second Wind"
2026/05/17 14:05:42 INFO dnd: armed ability fired (turn-based build) user=@sim:fighter-l3-forest_shadows-32 ability="Second Wind"
2026/05/17 14:05:42 INFO dnd: armed ability fired (turn-based build) user=@sim:fighter-l3-forest_shadows-32 ability="Second Wind"
2026/05/17 14:05:42 INFO database initialized path=/tmp/expedition-sim-1533013536/gogobee.db
2026/05/17 14:05:42 INFO database initialized path=/tmp/expedition-sim-3007096083/gogobee.db
2026/05/17 14:05:42 INFO dnd: armed ability fired (turn-based build) user=@sim:fighter-l12-underdark-25 ability="Second Wind"
2026/05/17 14:05:42 INFO dnd: armed ability fired (turn-based build) user=@sim:fighter-l7-dragons_lair-30 ability="Second Wind"
2026/05/17 14:05:42 INFO dnd: armed ability fired (turn-based build) user=@sim:fighter-l7-dragons_lair-30 ability="Second Wind"
2026/05/17 14:05:42 INFO dnd: armed ability fired (turn-based build) user=@sim:fighter-l12-underdark-25 ability="Second Wind"
2026/05/17 14:05:42 INFO dnd: armed ability fired (turn-based build) user=@sim:fighter-l7-dragons_lair-30 ability="Second Wind"
2026/05/17 14:05:42 INFO dnd: armed ability fired (turn-based build) user=@sim:fighter-l12-underdark-25 ability="Second Wind"
2026/05/17 14:05:42 INFO database initialized path=/tmp/expedition-sim-2843690475/gogobee.db
2026/05/17 14:05:42 INFO dnd: armed ability fired (turn-based build) user=@sim:fighter-l7-manor_blackspire-30 ability="Second Wind"
2026/05/17 14:05:42 INFO dnd: armed ability fired (turn-based build) user=@sim:fighter-l7-manor_blackspire-30 ability="Second Wind"
2026/05/17 14:05:42 INFO database initialized path=/tmp/expedition-sim-3700622422/gogobee.db
2026/05/17 14:05:42 INFO database initialized path=/tmp/expedition-sim-2718833362/gogobee.db
2026/05/17 14:05:42 INFO dnd: armed ability fired (turn-based build) user=@sim:fighter-l7-goblin_warrens-29 ability="Second Wind"
2026/05/17 14:05:42 INFO dnd: armed ability fired (turn-based build) user=@sim:fighter-l12-forest_shadows-28 ability="Second Wind"
2026/05/17 14:05:42 INFO dnd: armed ability fired (turn-based build) user=@sim:fighter-l7-manor_blackspire-30 ability="Second Wind"
2026/05/17 14:05:42 INFO dnd: armed ability fired (turn-based build) user=@sim:fighter-l7-goblin_warrens-29 ability="Second Wind"
2026/05/17 14:05:42 INFO dnd: armed ability fired (turn-based build) user=@sim:fighter-l12-forest_shadows-28 ability="Second Wind"
2026/05/17 14:05:42 INFO database initialized path=/tmp/expedition-sim-1759086960/gogobee.db
2026/05/17 14:05:42 INFO dnd: armed ability fired (turn-based build) user=@sim:fighter-l7-goblin_warrens-29 ability="Second Wind"
2026/05/17 14:05:42 INFO dnd: armed ability fired (turn-based build) user=@sim:fighter-l12-forest_shadows-28 ability="Second Wind"
2026/05/17 14:05:42 INFO dnd: armed ability fired (turn-based build) user=@sim:fighter-l3-manor_blackspire-29 ability="Second Wind"
2026/05/17 14:05:42 INFO dnd: armed ability fired (turn-based build) user=@sim:fighter-l3-manor_blackspire-29 ability="Second Wind"
2026/05/17 14:05:42 INFO dnd: armed ability fired (turn-based build) user=@sim:fighter-l3-manor_blackspire-29 ability="Second Wind"
2026/05/17 14:05:42 INFO database initialized path=/tmp/expedition-sim-574627718/gogobee.db
2026/05/17 14:05:43 INFO database initialized path=/tmp/expedition-sim-1783262176/gogobee.db
2026/05/17 14:05:43 INFO database initialized path=/tmp/expedition-sim-2717501166/gogobee.db
2026/05/17 14:05:43 INFO dnd: armed ability fired (turn-based build) user=@sim:fighter-l12-goblin_warrens-22 ability="Second Wind"
2026/05/17 14:05:43 INFO dnd: armed ability fired (turn-based build) user=@sim:fighter-l12-goblin_warrens-22 ability="Second Wind"
2026/05/17 14:05:43 INFO dnd: armed ability fired (turn-based build) user=@sim:fighter-l12-goblin_warrens-22 ability="Second Wind"
2026/05/17 14:05:43 INFO database initialized path=/tmp/expedition-sim-59331275/gogobee.db
2026/05/17 14:05:43 INFO database initialized path=/tmp/expedition-sim-356765887/gogobee.db
2026/05/17 14:05:43 INFO database initialized path=/tmp/expedition-sim-1327536455/gogobee.db
2026/05/17 14:05:43 INFO dnd: armed ability fired (turn-based build) user=@sim:fighter-l3-forest_shadows-33 ability="Second Wind"
2026/05/17 14:05:43 INFO dnd: armed ability fired (turn-based build) user=@sim:fighter-l12-manor_blackspire-31 ability="Second Wind"
2026/05/17 14:05:43 INFO dnd: armed ability fired (turn-based build) user=@sim:fighter-l3-forest_shadows-33 ability="Second Wind"
2026/05/17 14:05:43 INFO dnd: armed ability fired (turn-based build) user=@sim:fighter-l12-manor_blackspire-31 ability="Second Wind"
2026/05/17 14:05:43 INFO dnd: armed ability fired (turn-based build) user=@sim:fighter-l3-goblin_warrens-29 ability="Second Wind"
2026/05/17 14:05:43 INFO dnd: armed ability fired (turn-based build) user=@sim:fighter-l3-forest_shadows-33 ability="Second Wind"
2026/05/17 14:05:43 INFO dnd: armed ability fired (turn-based build) user=@sim:fighter-l12-manor_blackspire-31 ability="Second Wind"
2026/05/17 14:05:43 INFO dnd: armed ability fired (turn-based build) user=@sim:fighter-l3-goblin_warrens-29 ability="Second Wind"
2026/05/17 14:05:43 INFO database initialized path=/tmp/expedition-sim-1250865758/gogobee.db
2026/05/17 14:05:43 INFO dnd: armed ability fired (turn-based build) user=@sim:fighter-l3-goblin_warrens-29 ability="Second Wind"
2026/05/17 14:05:43 INFO dnd: armed ability fired (turn-based build) user=@sim:fighter-l7-forest_shadows-28 ability="Second Wind"
2026/05/17 14:05:43 INFO dnd: armed ability fired (turn-based build) user=@sim:fighter-l7-forest_shadows-28 ability="Second Wind"
2026/05/17 14:05:43 INFO dnd: armed ability fired (turn-based build) user=@sim:fighter-l7-forest_shadows-28 ability="Second Wind"
2026/05/17 14:05:43 INFO database initialized path=/tmp/expedition-sim-1141228309/gogobee.db
2026/05/17 14:05:43 INFO database initialized path=/tmp/expedition-sim-1590198774/gogobee.db
2026/05/17 14:05:43 INFO database initialized path=/tmp/expedition-sim-3180862473/gogobee.db
2026/05/17 14:05:43 INFO dnd: armed ability fired (turn-based build) user=@sim:fighter-l7-underdark-26 ability="Second Wind"
2026/05/17 14:05:43 INFO dnd: armed ability fired (turn-based build) user=@sim:fighter-l7-dragons_lair-31 ability="Second Wind"
2026/05/17 14:05:43 INFO dnd: armed ability fired (turn-based build) user=@sim:fighter-l7-underdark-26 ability="Second Wind"
2026/05/17 14:05:43 INFO dnd: armed ability fired (turn-based build) user=@sim:fighter-l7-dragons_lair-31 ability="Second Wind"
2026/05/17 14:05:43 INFO database initialized path=/tmp/expedition-sim-2573573834/gogobee.db
2026/05/17 14:05:43 INFO dnd: armed ability fired (turn-based build) user=@sim:fighter-l7-dragons_lair-31 ability="Second Wind"
2026/05/17 14:05:43 INFO dnd: armed ability fired (turn-based build) user=@sim:fighter-l7-underdark-26 ability="Second Wind"
2026/05/17 14:05:43 INFO dnd: armed ability fired (turn-based build) user=@sim:fighter-l7-manor_blackspire-31 ability="Second Wind"
2026/05/17 14:05:43 INFO dnd: armed ability fired (turn-based build) user=@sim:fighter-l7-manor_blackspire-31 ability="Second Wind"
2026/05/17 14:05:43 INFO database initialized path=/tmp/expedition-sim-224804390/gogobee.db
2026/05/17 14:05:43 INFO database initialized path=/tmp/expedition-sim-1271221126/gogobee.db
2026/05/17 14:05:43 INFO dnd: armed ability fired (turn-based build) user=@sim:fighter-l7-manor_blackspire-31 ability="Second Wind"
2026/05/17 14:05:43 INFO dnd: armed ability fired (turn-based build) user=@sim:fighter-l12-underdark-26 ability="Second Wind"
2026/05/17 14:05:43 INFO database initialized path=/tmp/expedition-sim-83665351/gogobee.db
2026/05/17 14:05:43 INFO database initialized path=/tmp/expedition-sim-1082878302/gogobee.db
2026/05/17 14:05:43 INFO dnd: armed ability fired (turn-based build) user=@sim:fighter-l12-underdark-26 ability="Second Wind"
2026/05/17 14:05:43 INFO dnd: armed ability fired (turn-based build) user=@sim:fighter-l3-manor_blackspire-30 ability="Second Wind"
2026/05/17 14:05:43 INFO dnd: armed ability fired (turn-based build) user=@sim:fighter-l7-goblin_warrens-30 ability="Second Wind"
2026/05/17 14:05:43 INFO dnd: armed ability fired (turn-based build) user=@sim:fighter-l12-forest_shadows-29 ability="Second Wind"
2026/05/17 14:05:43 INFO dnd: armed ability fired (turn-based build) user=@sim:fighter-l3-manor_blackspire-30 ability="Second Wind"
2026/05/17 14:05:43 INFO dnd: armed ability fired (turn-based build) user=@sim:fighter-l12-forest_shadows-29 ability="Second Wind"
2026/05/17 14:05:43 INFO dnd: armed ability fired (turn-based build) user=@sim:fighter-l12-underdark-26 ability="Second Wind"
2026/05/17 14:05:43 INFO dnd: armed ability fired (turn-based build) user=@sim:fighter-l12-forest_shadows-29 ability="Second Wind"
2026/05/17 14:05:43 INFO dnd: armed ability fired (turn-based build) user=@sim:fighter-l7-goblin_warrens-30 ability="Second Wind"
2026/05/17 14:05:43 INFO dnd: armed ability fired (turn-based build) user=@sim:fighter-l3-manor_blackspire-30 ability="Second Wind"
2026/05/17 14:05:43 INFO dnd: armed ability fired (turn-based build) user=@sim:fighter-l7-goblin_warrens-30 ability="Second Wind"
2026/05/17 14:05:43 INFO database initialized path=/tmp/expedition-sim-233246393/gogobee.db
2026/05/17 14:05:43 INFO database initialized path=/tmp/expedition-sim-2157024274/gogobee.db
2026/05/17 14:05:43 INFO dnd: armed ability fired (turn-based build) user=@sim:fighter-l12-goblin_warrens-23 ability="Second Wind"
2026/05/17 14:05:43 INFO dnd: armed ability fired (turn-based build) user=@sim:fighter-l12-goblin_warrens-23 ability="Second Wind"
2026/05/17 14:05:43 INFO dnd: armed ability fired (turn-based build) user=@sim:fighter-l12-goblin_warrens-23 ability="Second Wind"
2026/05/17 14:05:43 INFO database initialized path=/tmp/expedition-sim-1252059493/gogobee.db
2026/05/17 14:05:43 INFO dnd: armed ability fired (turn-based build) user=@sim:fighter-l3-forest_shadows-34 ability="Second Wind"
2026/05/17 14:05:43 INFO dnd: armed ability fired (turn-based build) user=@sim:fighter-l3-forest_shadows-34 ability="Second Wind"
2026/05/17 14:05:43 INFO dnd: armed ability fired (turn-based build) user=@sim:fighter-l3-forest_shadows-34 ability="Second Wind"
2026/05/17 14:05:43 INFO database initialized path=/tmp/expedition-sim-4286646978/gogobee.db
2026/05/17 14:05:43 INFO database initialized path=/tmp/expedition-sim-3850889825/gogobee.db
2026/05/17 14:05:43 INFO dnd: armed ability fired (turn-based build) user=@sim:fighter-l12-manor_blackspire-32 ability="Second Wind"
2026/05/17 14:05:43 INFO dnd: armed ability fired (turn-based build) user=@sim:fighter-l12-manor_blackspire-32 ability="Second Wind"
2026/05/17 14:05:43 INFO dnd: armed ability fired (turn-based build) user=@sim:fighter-l12-manor_blackspire-32 ability="Second Wind"
2026/05/17 14:05:43 INFO database initialized path=/tmp/expedition-sim-1557960818/gogobee.db
2026/05/17 14:05:43 INFO dnd: armed ability fired (turn-based build) user=@sim:fighter-l7-dragons_lair-32 ability="Second Wind"
2026/05/17 14:05:43 INFO dnd: armed ability fired (turn-based build) user=@sim:fighter-l7-dragons_lair-32 ability="Second Wind"
2026/05/17 14:05:43 INFO dnd: armed ability fired (turn-based build) user=@sim:fighter-l7-dragons_lair-32 ability="Second Wind"
2026/05/17 14:05:43 INFO database initialized path=/tmp/expedition-sim-2404159507/gogobee.db
2026/05/17 14:05:43 INFO database initialized path=/tmp/expedition-sim-3692664266/gogobee.db
2026/05/17 14:05:43 INFO dnd: armed ability fired (turn-based build) user=@sim:fighter-l7-manor_blackspire-32 ability="Second Wind"
2026/05/17 14:05:43 INFO dnd: armed ability fired (turn-based build) user=@sim:fighter-l7-forest_shadows-29 ability="Second Wind"
2026/05/17 14:05:43 INFO dnd: armed ability fired (turn-based build) user=@sim:fighter-l7-manor_blackspire-32 ability="Second Wind"
2026/05/17 14:05:43 INFO database initialized path=/tmp/expedition-sim-904801098/gogobee.db
2026/05/17 14:05:43 INFO dnd: armed ability fired (turn-based build) user=@sim:fighter-l7-forest_shadows-29 ability="Second Wind"
2026/05/17 14:05:43 INFO dnd: armed ability fired (turn-based build) user=@sim:fighter-l7-manor_blackspire-32 ability="Second Wind"
2026/05/17 14:05:43 INFO dnd: armed ability fired (turn-based build) user=@sim:fighter-l3-manor_blackspire-31 ability="Second Wind"
2026/05/17 14:05:43 INFO database initialized path=/tmp/expedition-sim-619886867/gogobee.db
2026/05/17 14:05:43 INFO dnd: armed ability fired (turn-based build) user=@sim:fighter-l7-forest_shadows-29 ability="Second Wind"
2026/05/17 14:05:43 INFO dnd: armed ability fired (turn-based build) user=@sim:fighter-l3-manor_blackspire-31 ability="Second Wind"
2026/05/17 14:05:43 WARN auto-heal cleanup: short on inventory user=@sim:fighter-l3-manor_blackspire-31 wanted=1 removed=0
2026/05/17 14:05:43 INFO dnd: armed ability fired (turn-based build) user=@sim:fighter-l3-manor_blackspire-31 ability="Second Wind"
2026/05/17 14:05:43 WARN auto-heal cleanup: short on inventory user=@sim:fighter-l3-manor_blackspire-31 wanted=1 removed=0
2026/05/17 14:05:43 INFO database initialized path=/tmp/expedition-sim-2891769843/gogobee.db
2026/05/17 14:05:43 INFO database initialized path=/tmp/expedition-sim-1543833262/gogobee.db
2026/05/17 14:05:43 INFO dnd: armed ability fired (turn-based build) user=@sim:fighter-l3-goblin_warrens-30 ability="Second Wind"
2026/05/17 14:05:43 INFO dnd: armed ability fired (turn-based build) user=@sim:fighter-l3-goblin_warrens-30 ability="Second Wind"
2026/05/17 14:05:43 INFO dnd: armed ability fired (turn-based build) user=@sim:fighter-l7-underdark-27 ability="Second Wind"
2026/05/17 14:05:43 INFO dnd: armed ability fired (turn-based build) user=@sim:fighter-l3-goblin_warrens-30 ability="Second Wind"
2026/05/17 14:05:43 INFO dnd: armed ability fired (turn-based build) user=@sim:fighter-l7-underdark-27 ability="Second Wind"
2026/05/17 14:05:43 INFO dnd: armed ability fired (turn-based build) user=@sim:fighter-l7-underdark-27 ability="Second Wind"
2026/05/17 14:05:43 INFO database initialized path=/tmp/expedition-sim-231586716/gogobee.db
2026/05/17 14:05:43 INFO database initialized path=/tmp/expedition-sim-2528323307/gogobee.db
2026/05/17 14:05:43 INFO dnd: armed ability fired (turn-based build) user=@sim:fighter-l7-goblin_warrens-31 ability="Second Wind"
2026/05/17 14:05:43 INFO dnd: armed ability fired (turn-based build) user=@sim:fighter-l7-goblin_warrens-31 ability="Second Wind"
2026/05/17 14:05:43 INFO dnd: armed ability fired (turn-based build) user=@sim:fighter-l12-underdark-27 ability="Second Wind"
2026/05/17 14:05:43 INFO dnd: armed ability fired (turn-based build) user=@sim:fighter-l7-goblin_warrens-31 ability="Second Wind"
2026/05/17 14:05:43 INFO dnd: armed ability fired (turn-based build) user=@sim:fighter-l12-underdark-27 ability="Second Wind"
2026/05/17 14:05:43 INFO dnd: armed ability fired (turn-based build) user=@sim:fighter-l12-underdark-27 ability="Second Wind"
2026/05/17 14:05:43 INFO database initialized path=/tmp/expedition-sim-616610724/gogobee.db
2026/05/17 14:05:43 INFO dnd: armed ability fired (turn-based build) user=@sim:fighter-l12-forest_shadows-30 ability="Second Wind"
2026/05/17 14:05:43 INFO dnd: armed ability fired (turn-based build) user=@sim:fighter-l12-forest_shadows-30 ability="Second Wind"
2026/05/17 14:05:43 INFO dnd: armed ability fired (turn-based build) user=@sim:fighter-l12-forest_shadows-30 ability="Second Wind"
2026/05/17 14:05:43 INFO database initialized path=/tmp/expedition-sim-2464584818/gogobee.db
2026/05/17 14:05:43 INFO database initialized path=/tmp/expedition-sim-3900913731/gogobee.db
2026/05/17 14:05:43 INFO dnd: armed ability fired (turn-based build) user=@sim:fighter-l12-goblin_warrens-24 ability="Second Wind"
2026/05/17 14:05:43 INFO dnd: armed ability fired (turn-based build) user=@sim:fighter-l12-goblin_warrens-24 ability="Second Wind"
2026/05/17 14:05:43 INFO dnd: armed ability fired (turn-based build) user=@sim:fighter-l12-goblin_warrens-24 ability="Second Wind"
2026/05/17 14:05:43 INFO database initialized path=/tmp/expedition-sim-2140900143/gogobee.db
2026/05/17 14:05:43 INFO dnd: armed ability fired (turn-based build) user=@sim:fighter-l3-forest_shadows-35 ability="Second Wind"
2026/05/17 14:05:44 INFO dnd: armed ability fired (turn-based build) user=@sim:fighter-l3-forest_shadows-35 ability="Second Wind"
2026/05/17 14:05:44 INFO database initialized path=/tmp/expedition-sim-925046439/gogobee.db
2026/05/17 14:05:44 INFO database initialized path=/tmp/expedition-sim-2366344727/gogobee.db
2026/05/17 14:05:44 INFO dnd: armed ability fired (turn-based build) user=@sim:fighter-l3-forest_shadows-35 ability="Second Wind"
2026/05/17 14:05:44 INFO dnd: armed ability fired (turn-based build) user=@sim:fighter-l12-manor_blackspire-33 ability="Second Wind"
2026/05/17 14:05:44 INFO dnd: armed ability fired (turn-based build) user=@sim:fighter-l12-manor_blackspire-33 ability="Second Wind"
2026/05/17 14:05:44 INFO dnd: armed ability fired (turn-based build) user=@sim:fighter-l12-manor_blackspire-33 ability="Second Wind"
2026/05/17 14:05:44 INFO database initialized path=/tmp/expedition-sim-2350424256/gogobee.db
2026/05/17 14:05:44 INFO database initialized path=/tmp/expedition-sim-3769065506/gogobee.db
2026/05/17 14:05:44 INFO database initialized path=/tmp/expedition-sim-1470473481/gogobee.db
2026/05/17 14:05:44 INFO dnd: armed ability fired (turn-based build) user=@sim:fighter-l7-dragons_lair-33 ability="Second Wind"
2026/05/17 14:05:44 INFO dnd: armed ability fired (turn-based build) user=@sim:fighter-l3-goblin_warrens-31 ability="Second Wind"
2026/05/17 14:05:44 INFO dnd: armed ability fired (turn-based build) user=@sim:fighter-l7-dragons_lair-33 ability="Second Wind"
2026/05/17 14:05:44 INFO dnd: armed ability fired (turn-based build) user=@sim:fighter-l3-manor_blackspire-32 ability="Second Wind"
2026/05/17 14:05:44 INFO dnd: armed ability fired (turn-based build) user=@sim:fighter-l3-goblin_warrens-31 ability="Second Wind"
2026/05/17 14:05:44 INFO dnd: armed ability fired (turn-based build) user=@sim:fighter-l7-dragons_lair-33 ability="Second Wind"
2026/05/17 14:05:44 INFO dnd: armed ability fired (turn-based build) user=@sim:fighter-l3-manor_blackspire-32 ability="Second Wind"
2026/05/17 14:05:44 INFO dnd: armed ability fired (turn-based build) user=@sim:fighter-l3-goblin_warrens-31 ability="Second Wind"
2026/05/17 14:05:44 INFO dnd: armed ability fired (turn-based build) user=@sim:fighter-l3-manor_blackspire-32 ability="Second Wind"
2026/05/17 14:05:44 INFO database initialized path=/tmp/expedition-sim-3933632548/gogobee.db
2026/05/17 14:05:44 INFO dnd: armed ability fired (turn-based build) user=@sim:fighter-l7-forest_shadows-30 ability="Second Wind"
2026/05/17 14:05:44 INFO dnd: armed ability fired (turn-based build) user=@sim:fighter-l7-forest_shadows-30 ability="Second Wind"
2026/05/17 14:05:44 INFO dnd: armed ability fired (turn-based build) user=@sim:fighter-l7-forest_shadows-30 ability="Second Wind"
2026/05/17 14:05:44 INFO database initialized path=/tmp/expedition-sim-614945081/gogobee.db
2026/05/17 14:05:44 INFO dnd: armed ability fired (turn-based build) user=@sim:fighter-l7-goblin_warrens-32 ability="Second Wind"
2026/05/17 14:05:44 INFO database initialized path=/tmp/expedition-sim-2286307106/gogobee.db
2026/05/17 14:05:44 INFO dnd: armed ability fired (turn-based build) user=@sim:fighter-l7-manor_blackspire-33 ability="Second Wind"
2026/05/17 14:05:44 INFO dnd: armed ability fired (turn-based build) user=@sim:fighter-l7-goblin_warrens-32 ability="Second Wind"
2026/05/17 14:05:44 INFO dnd: armed ability fired (turn-based build) user=@sim:fighter-l7-manor_blackspire-33 ability="Second Wind"
2026/05/17 14:05:44 INFO dnd: armed ability fired (turn-based build) user=@sim:fighter-l7-manor_blackspire-33 ability="Second Wind"
2026/05/17 14:05:44 INFO database initialized path=/tmp/expedition-sim-2180350196/gogobee.db
2026/05/17 14:05:44 INFO dnd: armed ability fired (turn-based build) user=@sim:fighter-l7-goblin_warrens-32 ability="Second Wind"
2026/05/17 14:05:44 INFO dnd: armed ability fired (turn-based build) user=@sim:fighter-l7-underdark-28 ability="Second Wind"
2026/05/17 14:05:44 INFO dnd: armed ability fired (turn-based build) user=@sim:fighter-l7-underdark-28 ability="Second Wind"
2026/05/17 14:05:44 INFO database initialized path=/tmp/expedition-sim-3590718569/gogobee.db
2026/05/17 14:05:44 INFO dnd: armed ability fired (turn-based build) user=@sim:fighter-l7-underdark-28 ability="Second Wind"
2026/05/17 14:05:44 INFO database initialized path=/tmp/expedition-sim-1393916824/gogobee.db
2026/05/17 14:05:44 INFO database initialized path=/tmp/expedition-sim-725610929/gogobee.db
2026/05/17 14:05:44 INFO dnd: armed ability fired (turn-based build) user=@sim:fighter-l12-forest_shadows-31 ability="Second Wind"
2026/05/17 14:05:44 INFO dnd: armed ability fired (turn-based build) user=@sim:fighter-l12-goblin_warrens-25 ability="Second Wind"
2026/05/17 14:05:44 INFO dnd: armed ability fired (turn-based build) user=@sim:fighter-l12-forest_shadows-31 ability="Second Wind"
2026/05/17 14:05:44 INFO database initialized path=/tmp/expedition-sim-1483121791/gogobee.db
2026/05/17 14:05:44 INFO dnd: armed ability fired (turn-based build) user=@sim:fighter-l12-goblin_warrens-25 ability="Second Wind"
2026/05/17 14:05:44 INFO dnd: armed ability fired (turn-based build) user=@sim:fighter-l12-goblin_warrens-25 ability="Second Wind"
2026/05/17 14:05:44 INFO dnd: armed ability fired (turn-based build) user=@sim:fighter-l12-forest_shadows-31 ability="Second Wind"
2026/05/17 14:05:44 INFO database initialized path=/tmp/expedition-sim-1659526386/gogobee.db
2026/05/17 14:05:44 INFO dnd: armed ability fired (turn-based build) user=@sim:fighter-l12-underdark-28 ability="Second Wind"
2026/05/17 14:05:44 INFO dnd: armed ability fired (turn-based build) user=@sim:fighter-l12-underdark-28 ability="Second Wind"
2026/05/17 14:05:44 INFO dnd: armed ability fired (turn-based build) user=@sim:fighter-l12-underdark-28 ability="Second Wind"
2026/05/17 14:05:44 INFO database initialized path=/tmp/expedition-sim-3522400628/gogobee.db
2026/05/17 14:05:44 INFO dnd: armed ability fired (turn-based build) user=@sim:fighter-l7-dragons_lair-34 ability="Second Wind"
2026/05/17 14:05:44 INFO database initialized path=/tmp/expedition-sim-332324349/gogobee.db
2026/05/17 14:05:44 INFO database initialized path=/tmp/expedition-sim-2800575199/gogobee.db
2026/05/17 14:05:44 INFO dnd: armed ability fired (turn-based build) user=@sim:fighter-l3-manor_blackspire-33 ability="Second Wind"
2026/05/17 14:05:44 INFO dnd: armed ability fired (turn-based build) user=@sim:fighter-l3-manor_blackspire-33 ability="Second Wind"
2026/05/17 14:05:44 INFO dnd: armed ability fired (turn-based build) user=@sim:fighter-l12-manor_blackspire-34 ability="Second Wind"
2026/05/17 14:05:44 INFO database initialized path=/tmp/expedition-sim-2416601269/gogobee.db
2026/05/17 14:05:44 INFO dnd: armed ability fired (turn-based build) user=@sim:fighter-l12-manor_blackspire-34 ability="Second Wind"
2026/05/17 14:05:44 INFO database initialized path=/tmp/expedition-sim-1630406839/gogobee.db
2026/05/17 14:05:44 INFO dnd: armed ability fired (turn-based build) user=@sim:fighter-l3-manor_blackspire-33 ability="Second Wind"
2026/05/17 14:05:44 INFO dnd: armed ability fired (turn-based build) user=@sim:fighter-l12-manor_blackspire-34 ability="Second Wind"
2026/05/17 14:05:44 INFO dnd: armed ability fired (turn-based build) user=@sim:fighter-l3-goblin_warrens-32 ability="Second Wind"
2026/05/17 14:05:44 INFO dnd: armed ability fired (turn-based build) user=@sim:fighter-l3-goblin_warrens-32 ability="Second Wind"
2026/05/17 14:05:44 INFO database initialized path=/tmp/expedition-sim-1642942238/gogobee.db
2026/05/17 14:05:44 INFO dnd: armed ability fired (turn-based build) user=@sim:fighter-l3-forest_shadows-36 ability="Second Wind"
2026/05/17 14:05:44 INFO dnd: armed ability fired (turn-based build) user=@sim:fighter-l3-goblin_warrens-32 ability="Second Wind"
2026/05/17 14:05:44 INFO dnd: armed ability fired (turn-based build) user=@sim:fighter-l7-forest_shadows-31 ability="Second Wind"
2026/05/17 14:05:44 INFO dnd: armed ability fired (turn-based build) user=@sim:fighter-l3-forest_shadows-36 ability="Second Wind"
2026/05/17 14:05:44 INFO dnd: armed ability fired (turn-based build) user=@sim:fighter-l7-forest_shadows-31 ability="Second Wind"
2026/05/17 14:05:44 INFO dnd: armed ability fired (turn-based build) user=@sim:fighter-l3-forest_shadows-36 ability="Second Wind"
2026/05/17 14:05:44 INFO dnd: armed ability fired (turn-based build) user=@sim:fighter-l7-forest_shadows-31 ability="Second Wind"
2026/05/17 14:05:44 INFO database initialized path=/tmp/expedition-sim-1245379414/gogobee.db
2026/05/17 14:05:44 INFO database initialized path=/tmp/expedition-sim-2409140134/gogobee.db
2026/05/17 14:05:44 INFO dnd: armed ability fired (turn-based build) user=@sim:fighter-l7-manor_blackspire-34 ability="Second Wind"
2026/05/17 14:05:44 INFO database initialized path=/tmp/expedition-sim-4160333390/gogobee.db
2026/05/17 14:05:44 INFO dnd: armed ability fired (turn-based build) user=@sim:fighter-l7-manor_blackspire-34 ability="Second Wind"
2026/05/17 14:05:44 INFO dnd: armed ability fired (turn-based build) user=@sim:fighter-l7-manor_blackspire-34 ability="Second Wind"
2026/05/17 14:05:44 INFO database initialized path=/tmp/expedition-sim-1050095818/gogobee.db
2026/05/17 14:05:44 INFO database initialized path=/tmp/expedition-sim-580421796/gogobee.db
2026/05/17 14:05:44 INFO dnd: armed ability fired (turn-based build) user=@sim:fighter-l7-goblin_warrens-33 ability="Second Wind"
2026/05/17 14:05:44 INFO dnd: armed ability fired (turn-based build) user=@sim:fighter-l7-underdark-29 ability="Second Wind"
2026/05/17 14:05:44 INFO dnd: armed ability fired (turn-based build) user=@sim:fighter-l7-goblin_warrens-33 ability="Second Wind"
2026/05/17 14:05:44 INFO dnd: armed ability fired (turn-based build) user=@sim:fighter-l7-goblin_warrens-33 ability="Second Wind"
2026/05/17 14:05:44 INFO dnd: armed ability fired (turn-based build) user=@sim:fighter-l7-underdark-29 ability="Second Wind"
2026/05/17 14:05:44 INFO dnd: armed ability fired (turn-based build) user=@sim:fighter-l7-underdark-29 ability="Second Wind"
2026/05/17 14:05:44 INFO database initialized path=/tmp/expedition-sim-3270795273/gogobee.db
2026/05/17 14:05:44 INFO dnd: armed ability fired (turn-based build) user=@sim:fighter-l12-forest_shadows-32 ability="Second Wind"
2026/05/17 14:05:44 INFO dnd: armed ability fired (turn-based build) user=@sim:fighter-l12-forest_shadows-32 ability="Second Wind"
2026/05/17 14:05:44 INFO dnd: armed ability fired (turn-based build) user=@sim:fighter-l12-forest_shadows-32 ability="Second Wind"
2026/05/17 14:05:44 INFO database initialized path=/tmp/expedition-sim-320677341/gogobee.db
2026/05/17 14:05:44 INFO dnd: armed ability fired (turn-based build) user=@sim:fighter-l12-goblin_warrens-26 ability="Second Wind"
2026/05/17 14:05:44 INFO dnd: armed ability fired (turn-based build) user=@sim:fighter-l12-goblin_warrens-26 ability="Second Wind"
2026/05/17 14:05:44 INFO dnd: armed ability fired (turn-based build) user=@sim:fighter-l12-goblin_warrens-26 ability="Second Wind"
2026/05/17 14:05:44 INFO database initialized path=/tmp/expedition-sim-3845800019/gogobee.db
2026/05/17 14:05:44 INFO dnd: armed ability fired (turn-based build) user=@sim:fighter-l3-manor_blackspire-34 ability="Second Wind"
2026/05/17 14:05:44 INFO dnd: armed ability fired (turn-based build) user=@sim:fighter-l3-manor_blackspire-34 ability="Second Wind"
2026/05/17 14:05:44 INFO dnd: armed ability fired (turn-based build) user=@sim:fighter-l3-manor_blackspire-34 ability="Second Wind"
2026/05/17 14:05:44 INFO database initialized path=/tmp/expedition-sim-1284913532/gogobee.db
2026/05/17 14:05:44 INFO database initialized path=/tmp/expedition-sim-2929539413/gogobee.db
2026/05/17 14:05:44 INFO dnd: armed ability fired (turn-based build) user=@sim:fighter-l7-dragons_lair-35 ability="Second Wind"
2026/05/17 14:05:44 INFO dnd: armed ability fired (turn-based build) user=@sim:fighter-l12-underdark-29 ability="Second Wind"
2026/05/17 14:05:44 INFO dnd: armed ability fired (turn-based build) user=@sim:fighter-l7-dragons_lair-35 ability="Second Wind"
2026/05/17 14:05:44 INFO dnd: armed ability fired (turn-based build) user=@sim:fighter-l12-underdark-29 ability="Second Wind"
2026/05/17 14:05:44 INFO database initialized path=/tmp/expedition-sim-66123663/gogobee.db
2026/05/17 14:05:44 INFO database initialized path=/tmp/expedition-sim-1794221878/gogobee.db
2026/05/17 14:05:44 INFO dnd: armed ability fired (turn-based build) user=@sim:fighter-l3-goblin_warrens-33 ability="Second Wind"
2026/05/17 14:05:44 INFO dnd: armed ability fired (turn-based build) user=@sim:fighter-l7-dragons_lair-35 ability="Second Wind"
2026/05/17 14:05:44 INFO database initialized path=/tmp/expedition-sim-1118472251/gogobee.db
2026/05/17 14:05:44 INFO dnd: armed ability fired (turn-based build) user=@sim:fighter-l12-underdark-29 ability="Second Wind"
2026/05/17 14:05:44 INFO dnd: armed ability fired (turn-based build) user=@sim:fighter-l3-goblin_warrens-33 ability="Second Wind"
2026/05/17 14:05:44 INFO database initialized path=/tmp/expedition-sim-468838659/gogobee.db
2026/05/17 14:05:44 INFO dnd: armed ability fired (turn-based build) user=@sim:fighter-l3-goblin_warrens-33 ability="Second Wind"
2026/05/17 14:05:44 INFO database initialized path=/tmp/expedition-sim-1016239777/gogobee.db
2026/05/17 14:05:44 INFO dnd: armed ability fired (turn-based build) user=@sim:fighter-l12-manor_blackspire-35 ability="Second Wind"
2026/05/17 14:05:44 INFO dnd: armed ability fired (turn-based build) user=@sim:fighter-l12-manor_blackspire-35 ability="Second Wind"
2026/05/17 14:05:44 INFO dnd: armed ability fired (turn-based build) user=@sim:fighter-l12-manor_blackspire-35 ability="Second Wind"
2026/05/17 14:05:44 INFO dnd: armed ability fired (turn-based build) user=@sim:fighter-l3-forest_shadows-37 ability="Second Wind"
2026/05/17 14:05:44 INFO dnd: armed ability fired (turn-based build) user=@sim:fighter-l3-forest_shadows-37 ability="Second Wind"
2026/05/17 14:05:44 INFO dnd: armed ability fired (turn-based build) user=@sim:fighter-l3-forest_shadows-37 ability="Second Wind"
2026/05/17 14:05:45 INFO database initialized path=/tmp/expedition-sim-809322714/gogobee.db
2026/05/17 14:05:45 INFO dnd: armed ability fired (turn-based build) user=@sim:fighter-l7-forest_shadows-32 ability="Second Wind"
2026/05/17 14:05:45 INFO dnd: armed ability fired (turn-based build) user=@sim:fighter-l7-forest_shadows-32 ability="Second Wind"
2026/05/17 14:05:45 INFO dnd: armed ability fired (turn-based build) user=@sim:fighter-l7-forest_shadows-32 ability="Second Wind"
2026/05/17 14:05:45 INFO database initialized path=/tmp/expedition-sim-2641436961/gogobee.db
2026/05/17 14:05:45 INFO database initialized path=/tmp/expedition-sim-325211409/gogobee.db
2026/05/17 14:05:45 INFO dnd: armed ability fired (turn-based build) user=@sim:fighter-l7-manor_blackspire-35 ability="Second Wind"
2026/05/17 14:05:45 INFO dnd: armed ability fired (turn-based build) user=@sim:fighter-l7-goblin_warrens-34 ability="Second Wind"
2026/05/17 14:05:45 INFO dnd: armed ability fired (turn-based build) user=@sim:fighter-l7-manor_blackspire-35 ability="Second Wind"
2026/05/17 14:05:45 INFO dnd: armed ability fired (turn-based build) user=@sim:fighter-l7-manor_blackspire-35 ability="Second Wind"
2026/05/17 14:05:45 INFO dnd: armed ability fired (turn-based build) user=@sim:fighter-l7-goblin_warrens-34 ability="Second Wind"
2026/05/17 14:05:45 INFO dnd: armed ability fired (turn-based build) user=@sim:fighter-l7-goblin_warrens-34 ability="Second Wind"
2026/05/17 14:05:45 INFO database initialized path=/tmp/expedition-sim-3783211265/gogobee.db
2026/05/17 14:05:45 INFO dnd: armed ability fired (turn-based build) user=@sim:fighter-l7-underdark-30 ability="Second Wind"
2026/05/17 14:05:45 INFO dnd: armed ability fired (turn-based build) user=@sim:fighter-l7-underdark-30 ability="Second Wind"
2026/05/17 14:05:45 INFO dnd: armed ability fired (turn-based build) user=@sim:fighter-l7-underdark-30 ability="Second Wind"
2026/05/17 14:05:45 INFO database initialized path=/tmp/expedition-sim-3044692007/gogobee.db
2026/05/17 14:05:45 INFO dnd: armed ability fired (turn-based build) user=@sim:fighter-l12-goblin_warrens-27 ability="Second Wind"
2026/05/17 14:05:45 INFO dnd: armed ability fired (turn-based build) user=@sim:fighter-l12-goblin_warrens-27 ability="Second Wind"
2026/05/17 14:05:45 INFO dnd: armed ability fired (turn-based build) user=@sim:fighter-l12-goblin_warrens-27 ability="Second Wind"
2026/05/17 14:05:45 INFO database initialized path=/tmp/expedition-sim-2539306238/gogobee.db
2026/05/17 14:05:45 INFO dnd: armed ability fired (turn-based build) user=@sim:fighter-l3-manor_blackspire-35 ability="Second Wind"
2026/05/17 14:05:45 INFO dnd: armed ability fired (turn-based build) user=@sim:fighter-l3-manor_blackspire-35 ability="Second Wind"
2026/05/17 14:05:45 INFO dnd: armed ability fired (turn-based build) user=@sim:fighter-l3-manor_blackspire-35 ability="Second Wind"
2026/05/17 14:05:45 INFO database initialized path=/tmp/expedition-sim-3730217569/gogobee.db
2026/05/17 14:05:45 INFO database initialized path=/tmp/expedition-sim-3439329471/gogobee.db
2026/05/17 14:05:45 INFO dnd: armed ability fired (turn-based build) user=@sim:fighter-l12-forest_shadows-33 ability="Second Wind"
2026/05/17 14:05:45 INFO dnd: armed ability fired (turn-based build) user=@sim:fighter-l12-forest_shadows-33 ability="Second Wind"
2026/05/17 14:05:45 INFO database initialized path=/tmp/expedition-sim-421735899/gogobee.db
2026/05/17 14:05:45 INFO dnd: armed ability fired (turn-based build) user=@sim:fighter-l12-forest_shadows-33 ability="Second Wind"
2026/05/17 14:05:45 INFO database initialized path=/tmp/expedition-sim-294873307/gogobee.db
2026/05/17 14:05:45 INFO database initialized path=/tmp/expedition-sim-483304102/gogobee.db
2026/05/17 14:05:45 INFO dnd: armed ability fired (turn-based build) user=@sim:fighter-l3-forest_shadows-38 ability="Second Wind"
2026/05/17 14:05:45 INFO database initialized path=/tmp/expedition-sim-1941714436/gogobee.db
2026/05/17 14:05:45 INFO database initialized path=/tmp/expedition-sim-2592201468/gogobee.db
2026/05/17 14:05:45 INFO dnd: armed ability fired (turn-based build) user=@sim:fighter-l7-dragons_lair-36 ability="Second Wind"
2026/05/17 14:05:45 INFO database initialized path=/tmp/expedition-sim-2076235583/gogobee.db
2026/05/17 14:05:45 INFO dnd: armed ability fired (turn-based build) user=@sim:fighter-l3-goblin_warrens-34 ability="Second Wind"
2026/05/17 14:05:45 INFO dnd: armed ability fired (turn-based build) user=@sim:fighter-l3-forest_shadows-38 ability="Second Wind"
2026/05/17 14:05:45 INFO dnd: armed ability fired (turn-based build) user=@sim:fighter-l12-manor_blackspire-36 ability="Second Wind"
2026/05/17 14:05:45 INFO dnd: armed ability fired (turn-based build) user=@sim:fighter-l7-dragons_lair-36 ability="Second Wind"
2026/05/17 14:05:45 INFO dnd: armed ability fired (turn-based build) user=@sim:fighter-l12-underdark-30 ability="Second Wind"
2026/05/17 14:05:45 INFO dnd: armed ability fired (turn-based build) user=@sim:fighter-l3-goblin_warrens-34 ability="Second Wind"
2026/05/17 14:05:45 INFO dnd: armed ability fired (turn-based build) user=@sim:fighter-l7-dragons_lair-36 ability="Second Wind"
2026/05/17 14:05:45 INFO dnd: armed ability fired (turn-based build) user=@sim:fighter-l12-manor_blackspire-36 ability="Second Wind"
2026/05/17 14:05:45 INFO dnd: armed ability fired (turn-based build) user=@sim:fighter-l3-forest_shadows-38 ability="Second Wind"
2026/05/17 14:05:45 INFO dnd: armed ability fired (turn-based build) user=@sim:fighter-l12-underdark-30 ability="Second Wind"
2026/05/17 14:05:45 INFO dnd: armed ability fired (turn-based build) user=@sim:fighter-l3-goblin_warrens-34 ability="Second Wind"
2026/05/17 14:05:45 INFO dnd: armed ability fired (turn-based build) user=@sim:fighter-l12-manor_blackspire-36 ability="Second Wind"
2026/05/17 14:05:45 INFO dnd: armed ability fired (turn-based build) user=@sim:fighter-l12-underdark-30 ability="Second Wind"
2026/05/17 14:05:45 INFO database initialized path=/tmp/expedition-sim-166045299/gogobee.db
2026/05/17 14:05:45 INFO dnd: armed ability fired (turn-based build) user=@sim:fighter-l7-forest_shadows-33 ability="Second Wind"
2026/05/17 14:05:45 INFO dnd: armed ability fired (turn-based build) user=@sim:fighter-l7-forest_shadows-33 ability="Second Wind"
2026/05/17 14:05:45 INFO dnd: armed ability fired (turn-based build) user=@sim:fighter-l7-forest_shadows-33 ability="Second Wind"
2026/05/17 14:05:45 INFO database initialized path=/tmp/expedition-sim-1747696533/gogobee.db
2026/05/17 14:05:45 INFO database initialized path=/tmp/expedition-sim-32860251/gogobee.db
2026/05/17 14:05:45 INFO dnd: armed ability fired (turn-based build) user=@sim:fighter-l7-underdark-31 ability="Second Wind"
2026/05/17 14:05:45 INFO database initialized path=/tmp/expedition-sim-1228834817/gogobee.db
2026/05/17 14:05:45 INFO dnd: armed ability fired (turn-based build) user=@sim:fighter-l7-underdark-31 ability="Second Wind"
2026/05/17 14:05:45 INFO database initialized path=/tmp/expedition-sim-3168423529/gogobee.db
2026/05/17 14:05:45 INFO database initialized path=/tmp/expedition-sim-2702922221/gogobee.db
2026/05/17 14:05:45 INFO dnd: armed ability fired (turn-based build) user=@sim:fighter-l7-underdark-31 ability="Second Wind"
2026/05/17 14:05:45 INFO dnd: armed ability fired (turn-based build) user=@sim:fighter-l12-goblin_warrens-28 ability="Second Wind"
2026/05/17 14:05:45 INFO database initialized path=/tmp/expedition-sim-3883925121/gogobee.db
2026/05/17 14:05:45 INFO dnd: armed ability fired (turn-based build) user=@sim:fighter-l7-goblin_warrens-35 ability="Second Wind"
2026/05/17 14:05:45 INFO dnd: armed ability fired (turn-based build) user=@sim:fighter-l3-manor_blackspire-36 ability="Second Wind"
2026/05/17 14:05:45 INFO dnd: armed ability fired (turn-based build) user=@sim:fighter-l12-goblin_warrens-28 ability="Second Wind"
2026/05/17 14:05:45 INFO dnd: armed ability fired (turn-based build) user=@sim:fighter-l3-manor_blackspire-36 ability="Second Wind"
2026/05/17 14:05:45 WARN auto-heal cleanup: short on inventory user=@sim:fighter-l3-manor_blackspire-36 wanted=1 removed=0
2026/05/17 14:05:45 INFO dnd: armed ability fired (turn-based build) user=@sim:fighter-l12-goblin_warrens-28 ability="Second Wind"
2026/05/17 14:05:45 INFO dnd: armed ability fired (turn-based build) user=@sim:fighter-l7-goblin_warrens-35 ability="Second Wind"
2026/05/17 14:05:45 INFO dnd: armed ability fired (turn-based build) user=@sim:fighter-l3-manor_blackspire-36 ability="Second Wind"
2026/05/17 14:05:45 WARN auto-heal cleanup: short on inventory user=@sim:fighter-l3-manor_blackspire-36 wanted=1 removed=0
2026/05/17 14:05:45 INFO dnd: armed ability fired (turn-based build) user=@sim:fighter-l7-goblin_warrens-35 ability="Second Wind"
2026/05/17 14:05:45 INFO database initialized path=/tmp/expedition-sim-3520005367/gogobee.db
2026/05/17 14:05:45 INFO dnd: armed ability fired (turn-based build) user=@sim:fighter-l7-manor_blackspire-36 ability="Second Wind"
2026/05/17 14:05:45 INFO dnd: armed ability fired (turn-based build) user=@sim:fighter-l7-manor_blackspire-36 ability="Second Wind"
2026/05/17 14:05:45 INFO dnd: armed ability fired (turn-based build) user=@sim:fighter-l7-manor_blackspire-36 ability="Second Wind"
2026/05/17 14:05:45 INFO database initialized path=/tmp/expedition-sim-2891789431/gogobee.db
2026/05/17 14:05:45 INFO dnd: armed ability fired (turn-based build) user=@sim:fighter-l12-forest_shadows-34 ability="Second Wind"
2026/05/17 14:05:45 INFO dnd: armed ability fired (turn-based build) user=@sim:fighter-l12-forest_shadows-34 ability="Second Wind"
2026/05/17 14:05:45 INFO dnd: armed ability fired (turn-based build) user=@sim:fighter-l12-forest_shadows-34 ability="Second Wind"
2026/05/17 14:05:45 INFO database initialized path=/tmp/expedition-sim-599735805/gogobee.db
2026/05/17 14:05:45 INFO database initialized path=/tmp/expedition-sim-2351766721/gogobee.db
2026/05/17 14:05:45 INFO dnd: armed ability fired (turn-based build) user=@sim:fighter-l12-manor_blackspire-37 ability="Second Wind"
2026/05/17 14:05:45 INFO dnd: armed ability fired (turn-based build) user=@sim:fighter-l3-forest_shadows-39 ability="Second Wind"
2026/05/17 14:05:45 INFO dnd: armed ability fired (turn-based build) user=@sim:fighter-l12-manor_blackspire-37 ability="Second Wind"
2026/05/17 14:05:45 INFO dnd: armed ability fired (turn-based build) user=@sim:fighter-l3-forest_shadows-39 ability="Second Wind"
2026/05/17 14:05:45 INFO dnd: armed ability fired (turn-based build) user=@sim:fighter-l12-manor_blackspire-37 ability="Second Wind"
2026/05/17 14:05:45 INFO dnd: armed ability fired (turn-based build) user=@sim:fighter-l3-forest_shadows-39 ability="Second Wind"
2026/05/17 14:05:45 INFO database initialized path=/tmp/expedition-sim-3612211294/gogobee.db
2026/05/17 14:05:45 INFO dnd: armed ability fired (turn-based build) user=@sim:fighter-l12-underdark-31 ability="Second Wind"
2026/05/17 14:05:45 INFO database initialized path=/tmp/expedition-sim-1321633491/gogobee.db
2026/05/17 14:05:45 INFO dnd: armed ability fired (turn-based build) user=@sim:fighter-l3-manor_blackspire-37 ability="Second Wind"
2026/05/17 14:05:45 INFO dnd: armed ability fired (turn-based build) user=@sim:fighter-l12-underdark-31 ability="Second Wind"
2026/05/17 14:05:45 INFO database initialized path=/tmp/expedition-sim-1475628552/gogobee.db
2026/05/17 14:05:45 INFO dnd: armed ability fired (turn-based build) user=@sim:fighter-l3-manor_blackspire-37 ability="Second Wind"
2026/05/17 14:05:45 INFO dnd: armed ability fired (turn-based build) user=@sim:fighter-l12-underdark-31 ability="Second Wind"
2026/05/17 14:05:45 INFO dnd: armed ability fired (turn-based build) user=@sim:fighter-l3-manor_blackspire-37 ability="Second Wind"
2026/05/17 14:05:45 INFO database initialized path=/tmp/expedition-sim-1570533105/gogobee.db
2026/05/17 14:05:45 INFO database initialized path=/tmp/expedition-sim-2956561342/gogobee.db
2026/05/17 14:05:46 INFO database initialized path=/tmp/expedition-sim-1979615271/gogobee.db
2026/05/17 14:05:46 INFO dnd: armed ability fired (turn-based build) user=@sim:fighter-l7-dragons_lair-37 ability="Second Wind"
2026/05/17 14:05:46 INFO dnd: armed ability fired (turn-based build) user=@sim:fighter-l3-goblin_warrens-35 ability="Second Wind"
2026/05/17 14:05:46 INFO dnd: armed ability fired (turn-based build) user=@sim:fighter-l7-dragons_lair-37 ability="Second Wind"
2026/05/17 14:05:46 INFO database initialized path=/tmp/expedition-sim-3237437457/gogobee.db
2026/05/17 14:05:46 INFO dnd: armed ability fired (turn-based build) user=@sim:fighter-l7-dragons_lair-37 ability="Second Wind"
2026/05/17 14:05:46 INFO dnd: armed ability fired (turn-based build) user=@sim:fighter-l7-forest_shadows-34 ability="Second Wind"
2026/05/17 14:05:46 INFO dnd: armed ability fired (turn-based build) user=@sim:fighter-l7-forest_shadows-34 ability="Second Wind"
2026/05/17 14:05:46 INFO dnd: armed ability fired (turn-based build) user=@sim:fighter-l3-goblin_warrens-35 ability="Second Wind"
2026/05/17 14:05:46 INFO dnd: armed ability fired (turn-based build) user=@sim:fighter-l7-forest_shadows-34 ability="Second Wind"
2026/05/17 14:05:46 INFO dnd: armed ability fired (turn-based build) user=@sim:fighter-l3-goblin_warrens-35 ability="Second Wind"
2026/05/17 14:05:46 INFO database initialized path=/tmp/expedition-sim-1559192675/gogobee.db
2026/05/17 14:05:46 INFO dnd: armed ability fired (turn-based build) user=@sim:fighter-l7-goblin_warrens-36 ability="Second Wind"
2026/05/17 14:05:46 INFO dnd: armed ability fired (turn-based build) user=@sim:fighter-l7-goblin_warrens-36 ability="Second Wind"
2026/05/17 14:05:46 INFO dnd: armed ability fired (turn-based build) user=@sim:fighter-l7-goblin_warrens-36 ability="Second Wind"
2026/05/17 14:05:46 INFO database initialized path=/tmp/expedition-sim-1197045575/gogobee.db
2026/05/17 14:05:46 INFO dnd: armed ability fired (turn-based build) user=@sim:fighter-l12-goblin_warrens-29 ability="Second Wind"
2026/05/17 14:05:46 INFO dnd: armed ability fired (turn-based build) user=@sim:fighter-l12-goblin_warrens-29 ability="Second Wind"
2026/05/17 14:05:46 INFO dnd: armed ability fired (turn-based build) user=@sim:fighter-l12-goblin_warrens-29 ability="Second Wind"
2026/05/17 14:05:46 INFO database initialized path=/tmp/expedition-sim-2441926865/gogobee.db
2026/05/17 14:05:46 INFO dnd: armed ability fired (turn-based build) user=@sim:fighter-l7-manor_blackspire-37 ability="Second Wind"
2026/05/17 14:05:46 INFO dnd: armed ability fired (turn-based build) user=@sim:fighter-l7-manor_blackspire-37 ability="Second Wind"
2026/05/17 14:05:46 INFO database initialized path=/tmp/expedition-sim-476812198/gogobee.db
2026/05/17 14:05:46 INFO dnd: armed ability fired (turn-based build) user=@sim:fighter-l7-manor_blackspire-37 ability="Second Wind"
2026/05/17 14:05:46 INFO database initialized path=/tmp/expedition-sim-1248162088/gogobee.db
2026/05/17 14:05:46 INFO dnd: armed ability fired (turn-based build) user=@sim:fighter-l12-forest_shadows-35 ability="Second Wind"
2026/05/17 14:05:46 INFO dnd: armed ability fired (turn-based build) user=@sim:fighter-l7-underdark-32 ability="Second Wind"
2026/05/17 14:05:46 INFO dnd: armed ability fired (turn-based build) user=@sim:fighter-l12-forest_shadows-35 ability="Second Wind"
2026/05/17 14:05:46 INFO dnd: armed ability fired (turn-based build) user=@sim:fighter-l7-underdark-32 ability="Second Wind"
2026/05/17 14:05:46 INFO dnd: armed ability fired (turn-based build) user=@sim:fighter-l7-underdark-32 ability="Second Wind"
2026/05/17 14:05:46 INFO dnd: armed ability fired (turn-based build) user=@sim:fighter-l12-forest_shadows-35 ability="Second Wind"
2026/05/17 14:05:46 INFO database initialized path=/tmp/expedition-sim-2823187545/gogobee.db
2026/05/17 14:05:46 INFO database initialized path=/tmp/expedition-sim-2290623424/gogobee.db
2026/05/17 14:05:46 INFO dnd: armed ability fired (turn-based build) user=@sim:fighter-l12-manor_blackspire-38 ability="Second Wind"
2026/05/17 14:05:46 INFO dnd: armed ability fired (turn-based build) user=@sim:fighter-l12-manor_blackspire-38 ability="Second Wind"
2026/05/17 14:05:46 INFO dnd: armed ability fired (turn-based build) user=@sim:fighter-l12-manor_blackspire-38 ability="Second Wind"
2026/05/17 14:05:46 INFO database initialized path=/tmp/expedition-sim-1373205559/gogobee.db
2026/05/17 14:05:46 INFO dnd: armed ability fired (turn-based build) user=@sim:fighter-l3-manor_blackspire-38 ability="Second Wind"
2026/05/17 14:05:46 INFO database initialized path=/tmp/expedition-sim-837463759/gogobee.db
2026/05/17 14:05:46 INFO dnd: armed ability fired (turn-based build) user=@sim:fighter-l7-dragons_lair-38 ability="Second Wind"
2026/05/17 14:05:46 INFO database initialized path=/tmp/expedition-sim-3589463580/gogobee.db
2026/05/17 14:05:46 INFO dnd: armed ability fired (turn-based build) user=@sim:fighter-l7-dragons_lair-38 ability="Second Wind"
2026/05/17 14:05:46 INFO dnd: armed ability fired (turn-based build) user=@sim:fighter-l3-manor_blackspire-38 ability="Second Wind"
2026/05/17 14:05:46 INFO dnd: armed ability fired (turn-based build) user=@sim:fighter-l3-forest_shadows-40 ability="Second Wind"
2026/05/17 14:05:46 INFO dnd: armed ability fired (turn-based build) user=@sim:fighter-l7-dragons_lair-38 ability="Second Wind"
2026/05/17 14:05:46 INFO dnd: armed ability fired (turn-based build) user=@sim:fighter-l3-manor_blackspire-38 ability="Second Wind"
2026/05/17 14:05:46 INFO dnd: armed ability fired (turn-based build) user=@sim:fighter-l3-forest_shadows-40 ability="Second Wind"
2026/05/17 14:05:46 INFO dnd: armed ability fired (turn-based build) user=@sim:fighter-l3-forest_shadows-40 ability="Second Wind"
2026/05/17 14:05:46 INFO database initialized path=/tmp/expedition-sim-3419559651/gogobee.db
2026/05/17 14:05:46 INFO database initialized path=/tmp/expedition-sim-3718828221/gogobee.db
2026/05/17 14:05:46 INFO dnd: armed ability fired (turn-based build) user=@sim:fighter-l7-forest_shadows-35 ability="Second Wind"
2026/05/17 14:05:46 INFO dnd: armed ability fired (turn-based build) user=@sim:fighter-l12-underdark-32 ability="Second Wind"
2026/05/17 14:05:46 INFO database initialized path=/tmp/expedition-sim-2653689402/gogobee.db
2026/05/17 14:05:46 INFO dnd: armed ability fired (turn-based build) user=@sim:fighter-l12-underdark-32 ability="Second Wind"
2026/05/17 14:05:46 INFO dnd: armed ability fired (turn-based build) user=@sim:fighter-l7-forest_shadows-35 ability="Second Wind"
2026/05/17 14:05:46 INFO dnd: armed ability fired (turn-based build) user=@sim:fighter-l12-underdark-32 ability="Second Wind"
2026/05/17 14:05:46 INFO dnd: armed ability fired (turn-based build) user=@sim:fighter-l7-goblin_warrens-37 ability="Second Wind"
2026/05/17 14:05:46 INFO dnd: armed ability fired (turn-based build) user=@sim:fighter-l7-forest_shadows-35 ability="Second Wind"
2026/05/17 14:05:46 INFO dnd: armed ability fired (turn-based build) user=@sim:fighter-l7-goblin_warrens-37 ability="Second Wind"
2026/05/17 14:05:46 INFO dnd: armed ability fired (turn-based build) user=@sim:fighter-l7-goblin_warrens-37 ability="Second Wind"
2026/05/17 14:05:46 INFO database initialized path=/tmp/expedition-sim-1046061406/gogobee.db
2026/05/17 14:05:46 INFO dnd: armed ability fired (turn-based build) user=@sim:fighter-l3-goblin_warrens-36 ability="Second Wind"
2026/05/17 14:05:46 INFO dnd: armed ability fired (turn-based build) user=@sim:fighter-l3-goblin_warrens-36 ability="Second Wind"
2026/05/17 14:05:46 INFO dnd: armed ability fired (turn-based build) user=@sim:fighter-l3-goblin_warrens-36 ability="Second Wind"
2026/05/17 14:05:46 INFO database initialized path=/tmp/expedition-sim-1797982368/gogobee.db
2026/05/17 14:05:46 INFO dnd: armed ability fired (turn-based build) user=@sim:fighter-l7-underdark-33 ability="Second Wind"
2026/05/17 14:05:46 INFO dnd: armed ability fired (turn-based build) user=@sim:fighter-l7-underdark-33 ability="Second Wind"
2026/05/17 14:05:46 INFO dnd: armed ability fired (turn-based build) user=@sim:fighter-l7-underdark-33 ability="Second Wind"
2026/05/17 14:05:46 INFO database initialized path=/tmp/expedition-sim-456559040/gogobee.db
2026/05/17 14:05:46 INFO database initialized path=/tmp/expedition-sim-452344109/gogobee.db
2026/05/17 14:05:46 INFO dnd: armed ability fired (turn-based build) user=@sim:fighter-l12-goblin_warrens-30 ability="Second Wind"
2026/05/17 14:05:46 INFO dnd: armed ability fired (turn-based build) user=@sim:fighter-l12-goblin_warrens-30 ability="Second Wind"
2026/05/17 14:05:46 INFO dnd: armed ability fired (turn-based build) user=@sim:fighter-l12-goblin_warrens-30 ability="Second Wind"
2026/05/17 14:05:46 INFO database initialized path=/tmp/expedition-sim-4144295471/gogobee.db
2026/05/17 14:05:46 INFO database initialized path=/tmp/expedition-sim-2717969970/gogobee.db
2026/05/17 14:05:46 INFO dnd: armed ability fired (turn-based build) user=@sim:fighter-l12-forest_shadows-36 ability="Second Wind"
2026/05/17 14:05:46 INFO dnd: armed ability fired (turn-based build) user=@sim:fighter-l12-manor_blackspire-39 ability="Second Wind"
2026/05/17 14:05:46 INFO dnd: armed ability fired (turn-based build) user=@sim:fighter-l12-forest_shadows-36 ability="Second Wind"
2026/05/17 14:05:46 INFO dnd: armed ability fired (turn-based build) user=@sim:fighter-l12-forest_shadows-36 ability="Second Wind"
2026/05/17 14:05:46 INFO dnd: armed ability fired (turn-based build) user=@sim:fighter-l12-manor_blackspire-39 ability="Second Wind"
2026/05/17 14:05:46 INFO dnd: armed ability fired (turn-based build) user=@sim:fighter-l12-manor_blackspire-39 ability="Second Wind"
2026/05/17 14:05:46 INFO database initialized path=/tmp/expedition-sim-966044213/gogobee.db
2026/05/17 14:05:46 INFO database initialized path=/tmp/expedition-sim-1532782188/gogobee.db
2026/05/17 14:05:46 INFO dnd: armed ability fired (turn-based build) user=@sim:fighter-l7-manor_blackspire-38 ability="Second Wind"
2026/05/17 14:05:46 INFO dnd: armed ability fired (turn-based build) user=@sim:fighter-l7-manor_blackspire-38 ability="Second Wind"
2026/05/17 14:05:46 INFO dnd: armed ability fired (turn-based build) user=@sim:fighter-l7-manor_blackspire-38 ability="Second Wind"
2026/05/17 14:05:46 INFO database initialized path=/tmp/expedition-sim-1274512281/gogobee.db
2026/05/17 14:05:46 INFO database initialized path=/tmp/expedition-sim-3539810332/gogobee.db
2026/05/17 14:05:46 INFO dnd: armed ability fired (turn-based build) user=@sim:fighter-l7-dragons_lair-39 ability="Second Wind"
2026/05/17 14:05:46 INFO dnd: armed ability fired (turn-based build) user=@sim:fighter-l3-manor_blackspire-39 ability="Second Wind"
2026/05/17 14:05:46 INFO dnd: armed ability fired (turn-based build) user=@sim:fighter-l7-dragons_lair-39 ability="Second Wind"
2026/05/17 14:05:46 INFO dnd: armed ability fired (turn-based build) user=@sim:fighter-l3-manor_blackspire-39 ability="Second Wind"
2026/05/17 14:05:47 INFO dnd: armed ability fired (turn-based build) user=@sim:fighter-l7-dragons_lair-39 ability="Second Wind"
2026/05/17 14:05:47 INFO database initialized path=/tmp/expedition-sim-2903956694/gogobee.db
2026/05/17 14:05:47 INFO dnd: armed ability fired (turn-based build) user=@sim:fighter-l3-manor_blackspire-39 ability="Second Wind"
2026/05/17 14:05:47 INFO dnd: armed ability fired (turn-based build) user=@sim:fighter-l12-underdark-33 ability="Second Wind"
2026/05/17 14:05:47 INFO dnd: armed ability fired (turn-based build) user=@sim:fighter-l12-underdark-33 ability="Second Wind"
2026/05/17 14:05:47 INFO dnd: armed ability fired (turn-based build) user=@sim:fighter-l12-underdark-33 ability="Second Wind"
2026/05/17 14:05:47 INFO database initialized path=/tmp/expedition-sim-2451097648/gogobee.db
2026/05/17 14:05:47 INFO dnd: armed ability fired (turn-based build) user=@sim:fighter-l7-forest_shadows-36 ability="Second Wind"
2026/05/17 14:05:47 INFO database initialized path=/tmp/expedition-sim-4203201673/gogobee.db
2026/05/17 14:05:47 INFO dnd: armed ability fired (turn-based build) user=@sim:fighter-l7-goblin_warrens-38 ability="Second Wind"
2026/05/17 14:05:47 INFO dnd: armed ability fired (turn-based build) user=@sim:fighter-l7-forest_shadows-36 ability="Second Wind"
2026/05/17 14:05:47 INFO dnd: armed ability fired (turn-based build) user=@sim:fighter-l7-goblin_warrens-38 ability="Second Wind"
2026/05/17 14:05:47 INFO dnd: armed ability fired (turn-based build) user=@sim:fighter-l7-goblin_warrens-38 ability="Second Wind"
2026/05/17 14:05:47 INFO dnd: armed ability fired (turn-based build) user=@sim:fighter-l7-forest_shadows-36 ability="Second Wind"
2026/05/17 14:05:47 INFO database initialized path=/tmp/expedition-sim-1601185528/gogobee.db
2026/05/17 14:05:47 INFO dnd: armed ability fired (turn-based build) user=@sim:fighter-l3-goblin_warrens-37 ability="Second Wind"
2026/05/17 14:05:47 INFO dnd: armed ability fired (turn-based build) user=@sim:fighter-l3-goblin_warrens-37 ability="Second Wind"
2026/05/17 14:05:47 INFO dnd: armed ability fired (turn-based build) user=@sim:fighter-l3-goblin_warrens-37 ability="Second Wind"
2026/05/17 14:05:47 INFO database initialized path=/tmp/expedition-sim-854409725/gogobee.db
2026/05/17 14:05:47 INFO database initialized path=/tmp/expedition-sim-3953006602/gogobee.db
2026/05/17 14:05:47 INFO dnd: armed ability fired (turn-based build) user=@sim:fighter-l3-forest_shadows-41 ability="Second Wind"
2026/05/17 14:05:47 INFO dnd: armed ability fired (turn-based build) user=@sim:fighter-l7-underdark-34 ability="Second Wind"
2026/05/17 14:05:47 INFO dnd: armed ability fired (turn-based build) user=@sim:fighter-l3-forest_shadows-41 ability="Second Wind"
2026/05/17 14:05:47 INFO dnd: armed ability fired (turn-based build) user=@sim:fighter-l7-underdark-34 ability="Second Wind"
2026/05/17 14:05:47 INFO dnd: armed ability fired (turn-based build) user=@sim:fighter-l3-forest_shadows-41 ability="Second Wind"
2026/05/17 14:05:47 INFO database initialized path=/tmp/expedition-sim-1049844060/gogobee.db
2026/05/17 14:05:47 INFO dnd: armed ability fired (turn-based build) user=@sim:fighter-l7-underdark-34 ability="Second Wind"
2026/05/17 14:05:47 INFO database initialized path=/tmp/expedition-sim-467987326/gogobee.db
2026/05/17 14:05:47 INFO dnd: armed ability fired (turn-based build) user=@sim:fighter-l12-forest_shadows-37 ability="Second Wind"
2026/05/17 14:05:47 INFO dnd: armed ability fired (turn-based build) user=@sim:fighter-l12-forest_shadows-37 ability="Second Wind"
2026/05/17 14:05:47 INFO dnd: armed ability fired (turn-based build) user=@sim:fighter-l12-forest_shadows-37 ability="Second Wind"
2026/05/17 14:05:47 INFO database initialized path=/tmp/expedition-sim-955014957/gogobee.db
2026/05/17 14:05:47 INFO dnd: armed ability fired (turn-based build) user=@sim:fighter-l12-goblin_warrens-31 ability="Second Wind"
2026/05/17 14:05:47 INFO database initialized path=/tmp/expedition-sim-146366991/gogobee.db
2026/05/17 14:05:47 INFO dnd: armed ability fired (turn-based build) user=@sim:fighter-l12-goblin_warrens-31 ability="Second Wind"
2026/05/17 14:05:47 INFO dnd: armed ability fired (turn-based build) user=@sim:fighter-l12-manor_blackspire-40 ability="Second Wind"
2026/05/17 14:05:47 INFO dnd: armed ability fired (turn-based build) user=@sim:fighter-l12-goblin_warrens-31 ability="Second Wind"
2026/05/17 14:05:47 INFO dnd: armed ability fired (turn-based build) user=@sim:fighter-l12-manor_blackspire-40 ability="Second Wind"
2026/05/17 14:05:47 INFO dnd: armed ability fired (turn-based build) user=@sim:fighter-l12-manor_blackspire-40 ability="Second Wind"
2026/05/17 14:05:47 INFO database initialized path=/tmp/expedition-sim-1992898783/gogobee.db
2026/05/17 14:05:47 INFO database initialized path=/tmp/expedition-sim-144980354/gogobee.db
2026/05/17 14:05:47 INFO dnd: armed ability fired (turn-based build) user=@sim:fighter-l7-manor_blackspire-39 ability="Second Wind"
2026/05/17 14:05:47 INFO dnd: armed ability fired (turn-based build) user=@sim:fighter-l7-manor_blackspire-39 ability="Second Wind"
2026/05/17 14:05:47 INFO dnd: armed ability fired (turn-based build) user=@sim:fighter-l7-manor_blackspire-39 ability="Second Wind"
2026/05/17 14:05:47 INFO database initialized path=/tmp/expedition-sim-2613462141/gogobee.db
2026/05/17 14:05:47 INFO dnd: armed ability fired (turn-based build) user=@sim:fighter-l3-manor_blackspire-40 ability="Second Wind"
2026/05/17 14:05:47 INFO dnd: armed ability fired (turn-based build) user=@sim:fighter-l3-manor_blackspire-40 ability="Second Wind"
2026/05/17 14:05:47 INFO database initialized path=/tmp/expedition-sim-344191138/gogobee.db
2026/05/17 14:05:47 INFO dnd: armed ability fired (turn-based build) user=@sim:fighter-l3-manor_blackspire-40 ability="Second Wind"
2026/05/17 14:05:47 INFO dnd: armed ability fired (turn-based build) user=@sim:fighter-l12-underdark-34 ability="Second Wind"
2026/05/17 14:05:47 INFO dnd: armed ability fired (turn-based build) user=@sim:fighter-l12-underdark-34 ability="Second Wind"
2026/05/17 14:05:47 INFO dnd: armed ability fired (turn-based build) user=@sim:fighter-l12-underdark-34 ability="Second Wind"
2026/05/17 14:05:47 INFO database initialized path=/tmp/expedition-sim-3919882466/gogobee.db
2026/05/17 14:05:47 INFO database initialized path=/tmp/expedition-sim-3477376316/gogobee.db
2026/05/17 14:05:47 INFO database initialized path=/tmp/expedition-sim-1652757098/gogobee.db
2026/05/17 14:05:47 INFO dnd: armed ability fired (turn-based build) user=@sim:fighter-l7-dragons_lair-40 ability="Second Wind"
2026/05/17 14:05:47 INFO dnd: armed ability fired (turn-based build) user=@sim:fighter-l7-goblin_warrens-39 ability="Second Wind"
2026/05/17 14:05:47 INFO dnd: armed ability fired (turn-based build) user=@sim:fighter-l7-goblin_warrens-39 ability="Second Wind"
2026/05/17 14:05:47 INFO dnd: armed ability fired (turn-based build) user=@sim:fighter-l7-goblin_warrens-39 ability="Second Wind"
2026/05/17 14:05:47 INFO dnd: armed ability fired (turn-based build) user=@sim:fighter-l7-dragons_lair-40 ability="Second Wind"
2026/05/17 14:05:47 INFO dnd: armed ability fired (turn-based build) user=@sim:fighter-l7-dragons_lair-40 ability="Second Wind"
2026/05/17 14:05:47 INFO database initialized path=/tmp/expedition-sim-1002699768/gogobee.db
2026/05/17 14:05:47 INFO dnd: armed ability fired (turn-based build) user=@sim:fighter-l3-goblin_warrens-38 ability="Second Wind"
2026/05/17 14:05:47 INFO dnd: armed ability fired (turn-based build) user=@sim:fighter-l3-goblin_warrens-38 ability="Second Wind"
2026/05/17 14:05:47 INFO dnd: armed ability fired (turn-based build) user=@sim:fighter-l3-goblin_warrens-38 ability="Second Wind"
2026/05/17 14:05:47 INFO database initialized path=/tmp/expedition-sim-610496524/gogobee.db
2026/05/17 14:05:47 INFO dnd: armed ability fired (turn-based build) user=@sim:fighter-l7-underdark-35 ability="Second Wind"
2026/05/17 14:05:47 INFO database initialized path=/tmp/expedition-sim-1147981834/gogobee.db
2026/05/17 14:05:47 INFO dnd: armed ability fired (turn-based build) user=@sim:fighter-l7-underdark-35 ability="Second Wind"
2026/05/17 14:05:47 INFO dnd: armed ability fired (turn-based build) user=@sim:fighter-l7-underdark-35 ability="Second Wind"
2026/05/17 14:05:47 INFO dnd: armed ability fired (turn-based build) user=@sim:fighter-l7-forest_shadows-37 ability="Second Wind"
2026/05/17 14:05:47 INFO dnd: armed ability fired (turn-based build) user=@sim:fighter-l7-forest_shadows-37 ability="Second Wind"
2026/05/17 14:05:47 INFO dnd: armed ability fired (turn-based build) user=@sim:fighter-l7-forest_shadows-37 ability="Second Wind"
2026/05/17 14:05:47 INFO database initialized path=/tmp/expedition-sim-4115021464/gogobee.db
2026/05/17 14:05:47 INFO database initialized path=/tmp/expedition-sim-692542629/gogobee.db
2026/05/17 14:05:47 INFO dnd: armed ability fired (turn-based build) user=@sim:fighter-l3-forest_shadows-42 ability="Second Wind"
2026/05/17 14:05:47 INFO dnd: armed ability fired (turn-based build) user=@sim:fighter-l12-forest_shadows-38 ability="Second Wind"
2026/05/17 14:05:47 INFO dnd: armed ability fired (turn-based build) user=@sim:fighter-l3-forest_shadows-42 ability="Second Wind"
2026/05/17 14:05:47 INFO dnd: armed ability fired (turn-based build) user=@sim:fighter-l12-forest_shadows-38 ability="Second Wind"
2026/05/17 14:05:47 INFO database initialized path=/tmp/expedition-sim-3394030433/gogobee.db
2026/05/17 14:05:47 INFO dnd: armed ability fired (turn-based build) user=@sim:fighter-l3-forest_shadows-42 ability="Second Wind"
2026/05/17 14:05:47 INFO dnd: armed ability fired (turn-based build) user=@sim:fighter-l12-forest_shadows-38 ability="Second Wind"
2026/05/17 14:05:47 INFO database initialized path=/tmp/expedition-sim-4187813740/gogobee.db
2026/05/17 14:05:47 INFO database initialized path=/tmp/expedition-sim-612651738/gogobee.db
2026/05/17 14:05:47 INFO database initialized path=/tmp/expedition-sim-3442616302/gogobee.db
2026/05/17 14:05:47 INFO dnd: armed ability fired (turn-based build) user=@sim:fighter-l12-goblin_warrens-32 ability="Second Wind"
2026/05/17 14:05:47 INFO dnd: armed ability fired (turn-based build) user=@sim:fighter-l12-manor_blackspire-41 ability="Second Wind"
2026/05/17 14:05:47 INFO dnd: armed ability fired (turn-based build) user=@sim:fighter-l3-manor_blackspire-41 ability="Second Wind"
2026/05/17 14:05:47 INFO dnd: armed ability fired (turn-based build) user=@sim:fighter-l3-manor_blackspire-41 ability="Second Wind"
2026/05/17 14:05:47 INFO dnd: armed ability fired (turn-based build) user=@sim:fighter-l12-goblin_warrens-32 ability="Second Wind"
2026/05/17 14:05:47 INFO dnd: armed ability fired (turn-based build) user=@sim:fighter-l12-manor_blackspire-41 ability="Second Wind"
2026/05/17 14:05:47 INFO database initialized path=/tmp/expedition-sim-514213945/gogobee.db
2026/05/17 14:05:47 INFO dnd: armed ability fired (turn-based build) user=@sim:fighter-l3-manor_blackspire-41 ability="Second Wind"
2026/05/17 14:05:47 INFO dnd: armed ability fired (turn-based build) user=@sim:fighter-l12-manor_blackspire-41 ability="Second Wind"
2026/05/17 14:05:47 INFO dnd: armed ability fired (turn-based build) user=@sim:fighter-l12-goblin_warrens-32 ability="Second Wind"
2026/05/17 14:05:47 INFO database initialized path=/tmp/expedition-sim-3088508744/gogobee.db
2026/05/17 14:05:48 INFO dnd: armed ability fired (turn-based build) user=@sim:fighter-l7-goblin_warrens-40 ability="Second Wind"
2026/05/17 14:05:48 INFO dnd: armed ability fired (turn-based build) user=@sim:fighter-l7-goblin_warrens-40 ability="Second Wind"
2026/05/17 14:05:48 INFO dnd: armed ability fired (turn-based build) user=@sim:fighter-l7-goblin_warrens-40 ability="Second Wind"
2026/05/17 14:05:48 INFO database initialized path=/tmp/expedition-sim-784110755/gogobee.db
2026/05/17 14:05:48 INFO dnd: armed ability fired (turn-based build) user=@sim:fighter-l7-manor_blackspire-40 ability="Second Wind"
2026/05/17 14:05:48 INFO database initialized path=/tmp/expedition-sim-3585536358/gogobee.db
2026/05/17 14:05:48 INFO dnd: armed ability fired (turn-based build) user=@sim:fighter-l7-manor_blackspire-40 ability="Second Wind"
2026/05/17 14:05:48 INFO dnd: armed ability fired (turn-based build) user=@sim:fighter-l12-underdark-35 ability="Second Wind"
2026/05/17 14:05:48 INFO database initialized path=/tmp/expedition-sim-878675701/gogobee.db
2026/05/17 14:05:48 INFO dnd: armed ability fired (turn-based build) user=@sim:fighter-l12-underdark-35 ability="Second Wind"
2026/05/17 14:05:48 INFO dnd: armed ability fired (turn-based build) user=@sim:fighter-l12-underdark-35 ability="Second Wind"
2026/05/17 14:05:48 INFO dnd: armed ability fired (turn-based build) user=@sim:fighter-l7-manor_blackspire-40 ability="Second Wind"
2026/05/17 14:05:48 INFO database initialized path=/tmp/expedition-sim-1605454366/gogobee.db
2026/05/17 14:05:48 INFO database initialized path=/tmp/expedition-sim-3534059246/gogobee.db
2026/05/17 14:05:48 INFO dnd: armed ability fired (turn-based build) user=@sim:fighter-l3-goblin_warrens-39 ability="Second Wind"
2026/05/17 14:05:48 INFO dnd: armed ability fired (turn-based build) user=@sim:fighter-l7-dragons_lair-41 ability="Second Wind"
2026/05/17 14:05:48 INFO dnd: armed ability fired (turn-based build) user=@sim:fighter-l3-goblin_warrens-39 ability="Second Wind"
2026/05/17 14:05:48 INFO dnd: armed ability fired (turn-based build) user=@sim:fighter-l7-dragons_lair-41 ability="Second Wind"
2026/05/17 14:05:48 INFO database initialized path=/tmp/expedition-sim-499314651/gogobee.db
2026/05/17 14:05:48 INFO dnd: armed ability fired (turn-based build) user=@sim:fighter-l3-goblin_warrens-39 ability="Second Wind"
2026/05/17 14:05:48 INFO dnd: armed ability fired (turn-based build) user=@sim:fighter-l3-forest_shadows-43 ability="Second Wind"
2026/05/17 14:05:48 INFO dnd: armed ability fired (turn-based build) user=@sim:fighter-l7-dragons_lair-41 ability="Second Wind"
2026/05/17 14:05:48 INFO dnd: armed ability fired (turn-based build) user=@sim:fighter-l3-forest_shadows-43 ability="Second Wind"
2026/05/17 14:05:48 INFO database initialized path=/tmp/expedition-sim-282041916/gogobee.db
2026/05/17 14:05:48 INFO dnd: armed ability fired (turn-based build) user=@sim:fighter-l3-forest_shadows-43 ability="Second Wind"
2026/05/17 14:05:48 INFO dnd: armed ability fired (turn-based build) user=@sim:fighter-l7-underdark-36 ability="Second Wind"
2026/05/17 14:05:48 INFO dnd: armed ability fired (turn-based build) user=@sim:fighter-l7-underdark-36 ability="Second Wind"
2026/05/17 14:05:48 INFO dnd: armed ability fired (turn-based build) user=@sim:fighter-l7-underdark-36 ability="Second Wind"
2026/05/17 14:05:48 INFO database initialized path=/tmp/expedition-sim-2186394511/gogobee.db
2026/05/17 14:05:48 INFO database initialized path=/tmp/expedition-sim-1431120453/gogobee.db
2026/05/17 14:05:48 INFO dnd: armed ability fired (turn-based build) user=@sim:fighter-l12-forest_shadows-39 ability="Second Wind"
2026/05/17 14:05:48 INFO dnd: armed ability fired (turn-based build) user=@sim:fighter-l12-forest_shadows-39 ability="Second Wind"
2026/05/17 14:05:48 INFO database initialized path=/tmp/expedition-sim-1906079516/gogobee.db
2026/05/17 14:05:48 INFO dnd: armed ability fired (turn-based build) user=@sim:fighter-l12-forest_shadows-39 ability="Second Wind"
2026/05/17 14:05:48 INFO dnd: armed ability fired (turn-based build) user=@sim:fighter-l7-forest_shadows-38 ability="Second Wind"
2026/05/17 14:05:48 INFO dnd: armed ability fired (turn-based build) user=@sim:fighter-l7-forest_shadows-38 ability="Second Wind"
2026/05/17 14:05:48 INFO dnd: armed ability fired (turn-based build) user=@sim:fighter-l7-forest_shadows-38 ability="Second Wind"
2026/05/17 14:05:48 INFO database initialized path=/tmp/expedition-sim-15900709/gogobee.db
2026/05/17 14:05:48 INFO dnd: armed ability fired (turn-based build) user=@sim:fighter-l3-manor_blackspire-42 ability="Second Wind"
2026/05/17 14:05:48 INFO dnd: armed ability fired (turn-based build) user=@sim:fighter-l3-manor_blackspire-42 ability="Second Wind"
2026/05/17 14:05:48 INFO dnd: armed ability fired (turn-based build) user=@sim:fighter-l3-manor_blackspire-42 ability="Second Wind"
2026/05/17 14:05:48 INFO database initialized path=/tmp/expedition-sim-2275356967/gogobee.db
2026/05/17 14:05:48 INFO dnd: armed ability fired (turn-based build) user=@sim:fighter-l12-manor_blackspire-42 ability="Second Wind"
2026/05/17 14:05:48 INFO database initialized path=/tmp/expedition-sim-2984146838/gogobee.db
2026/05/17 14:05:48 INFO dnd: armed ability fired (turn-based build) user=@sim:fighter-l12-manor_blackspire-42 ability="Second Wind"
2026/05/17 14:05:48 INFO dnd: armed ability fired (turn-based build) user=@sim:fighter-l12-manor_blackspire-42 ability="Second Wind"
2026/05/17 14:05:48 INFO dnd: armed ability fired (turn-based build) user=@sim:fighter-l12-goblin_warrens-33 ability="Second Wind"
2026/05/17 14:05:48 INFO dnd: armed ability fired (turn-based build) user=@sim:fighter-l12-goblin_warrens-33 ability="Second Wind"
2026/05/17 14:05:48 INFO dnd: armed ability fired (turn-based build) user=@sim:fighter-l12-goblin_warrens-33 ability="Second Wind"
2026/05/17 14:05:48 INFO database initialized path=/tmp/expedition-sim-4269985640/gogobee.db
2026/05/17 14:05:48 INFO database initialized path=/tmp/expedition-sim-2008386585/gogobee.db
2026/05/17 14:05:48 INFO database initialized path=/tmp/expedition-sim-536180291/gogobee.db
2026/05/17 14:05:48 INFO database initialized path=/tmp/expedition-sim-3364043103/gogobee.db
2026/05/17 14:05:48 INFO dnd: armed ability fired (turn-based build) user=@sim:fighter-l3-forest_shadows-44 ability="Second Wind"
2026/05/17 14:05:48 INFO dnd: armed ability fired (turn-based build) user=@sim:fighter-l7-goblin_warrens-41 ability="Second Wind"
2026/05/17 14:05:48 INFO dnd: armed ability fired (turn-based build) user=@sim:fighter-l3-goblin_warrens-40 ability="Second Wind"
2026/05/17 14:05:48 INFO dnd: armed ability fired (turn-based build) user=@sim:fighter-l3-forest_shadows-44 ability="Second Wind"
2026/05/17 14:05:48 INFO dnd: armed ability fired (turn-based build) user=@sim:fighter-l7-goblin_warrens-41 ability="Second Wind"
2026/05/17 14:05:48 INFO database initialized path=/tmp/expedition-sim-36233764/gogobee.db
2026/05/17 14:05:48 INFO dnd: armed ability fired (turn-based build) user=@sim:fighter-l3-forest_shadows-44 ability="Second Wind"
2026/05/17 14:05:48 INFO dnd: armed ability fired (turn-based build) user=@sim:fighter-l3-goblin_warrens-40 ability="Second Wind"
2026/05/17 14:05:48 INFO dnd: armed ability fired (turn-based build) user=@sim:fighter-l7-goblin_warrens-41 ability="Second Wind"
2026/05/17 14:05:48 INFO dnd: armed ability fired (turn-based build) user=@sim:fighter-l3-goblin_warrens-40 ability="Second Wind"
2026/05/17 14:05:48 INFO dnd: armed ability fired (turn-based build) user=@sim:fighter-l12-underdark-36 ability="Second Wind"
2026/05/17 14:05:48 INFO dnd: armed ability fired (turn-based build) user=@sim:fighter-l12-underdark-36 ability="Second Wind"
2026/05/17 14:05:48 INFO dnd: armed ability fired (turn-based build) user=@sim:fighter-l12-underdark-36 ability="Second Wind"
2026/05/17 14:05:48 INFO database initialized path=/tmp/expedition-sim-763173783/gogobee.db
2026/05/17 14:05:48 INFO database initialized path=/tmp/expedition-sim-2420527217/gogobee.db
2026/05/17 14:05:48 INFO dnd: armed ability fired (turn-based build) user=@sim:fighter-l7-dragons_lair-42 ability="Second Wind"
2026/05/17 14:05:48 INFO dnd: armed ability fired (turn-based build) user=@sim:fighter-l7-dragons_lair-42 ability="Second Wind"
2026/05/17 14:05:48 INFO dnd: armed ability fired (turn-based build) user=@sim:fighter-l7-underdark-37 ability="Second Wind"
2026/05/17 14:05:48 INFO dnd: armed ability fired (turn-based build) user=@sim:fighter-l7-dragons_lair-42 ability="Second Wind"
2026/05/17 14:05:48 INFO database initialized path=/tmp/expedition-sim-3085984436/gogobee.db
2026/05/17 14:05:48 INFO dnd: armed ability fired (turn-based build) user=@sim:fighter-l7-underdark-37 ability="Second Wind"
2026/05/17 14:05:48 INFO dnd: armed ability fired (turn-based build) user=@sim:fighter-l7-underdark-37 ability="Second Wind"
2026/05/17 14:05:48 INFO database initialized path=/tmp/expedition-sim-76384943/gogobee.db
2026/05/17 14:05:48 INFO database initialized path=/tmp/expedition-sim-2070346369/gogobee.db
2026/05/17 14:05:48 INFO dnd: armed ability fired (turn-based build) user=@sim:fighter-l3-manor_blackspire-43 ability="Second Wind"
2026/05/17 14:05:48 INFO dnd: armed ability fired (turn-based build) user=@sim:fighter-l3-manor_blackspire-43 ability="Second Wind"
2026/05/17 14:05:48 INFO dnd: armed ability fired (turn-based build) user=@sim:fighter-l7-manor_blackspire-41 ability="Second Wind"
2026/05/17 14:05:48 INFO dnd: armed ability fired (turn-based build) user=@sim:fighter-l3-manor_blackspire-43 ability="Second Wind"
2026/05/17 14:05:48 INFO dnd: armed ability fired (turn-based build) user=@sim:fighter-l7-manor_blackspire-41 ability="Second Wind"
2026/05/17 14:05:48 INFO dnd: armed ability fired (turn-based build) user=@sim:fighter-l7-manor_blackspire-41 ability="Second Wind"
2026/05/17 14:05:48 INFO database initialized path=/tmp/expedition-sim-3681300259/gogobee.db
2026/05/17 14:05:48 INFO dnd: armed ability fired (turn-based build) user=@sim:fighter-l7-forest_shadows-39 ability="Second Wind"
2026/05/17 14:05:48 INFO dnd: armed ability fired (turn-based build) user=@sim:fighter-l7-forest_shadows-39 ability="Second Wind"
2026/05/17 14:05:48 INFO dnd: armed ability fired (turn-based build) user=@sim:fighter-l7-forest_shadows-39 ability="Second Wind"
2026/05/17 14:05:48 INFO database initialized path=/tmp/expedition-sim-2875115352/gogobee.db
2026/05/17 14:05:48 INFO database initialized path=/tmp/expedition-sim-1227253300/gogobee.db
2026/05/17 14:05:48 INFO dnd: armed ability fired (turn-based build) user=@sim:fighter-l12-manor_blackspire-43 ability="Second Wind"
2026/05/17 14:05:48 INFO dnd: armed ability fired (turn-based build) user=@sim:fighter-l12-manor_blackspire-43 ability="Second Wind"
2026/05/17 14:05:48 INFO dnd: armed ability fired (turn-based build) user=@sim:fighter-l12-manor_blackspire-43 ability="Second Wind"
2026/05/17 14:05:48 INFO database initialized path=/tmp/expedition-sim-2549711836/gogobee.db
2026/05/17 14:05:48 INFO database initialized path=/tmp/expedition-sim-2738538745/gogobee.db
2026/05/17 14:05:48 INFO dnd: armed ability fired (turn-based build) user=@sim:fighter-l12-forest_shadows-40 ability="Second Wind"
2026/05/17 14:05:48 INFO dnd: armed ability fired (turn-based build) user=@sim:fighter-l12-goblin_warrens-34 ability="Second Wind"
2026/05/17 14:05:48 INFO dnd: armed ability fired (turn-based build) user=@sim:fighter-l12-forest_shadows-40 ability="Second Wind"
2026/05/17 14:05:48 INFO dnd: armed ability fired (turn-based build) user=@sim:fighter-l12-goblin_warrens-34 ability="Second Wind"
2026/05/17 14:05:48 INFO dnd: armed ability fired (turn-based build) user=@sim:fighter-l12-goblin_warrens-34 ability="Second Wind"
2026/05/17 14:05:48 INFO dnd: armed ability fired (turn-based build) user=@sim:fighter-l12-forest_shadows-40 ability="Second Wind"
2026/05/17 14:05:48 INFO database initialized path=/tmp/expedition-sim-846269159/gogobee.db
2026/05/17 14:05:48 INFO dnd: armed ability fired (turn-based build) user=@sim:fighter-l3-forest_shadows-45 ability="Second Wind"
2026/05/17 14:05:48 INFO database initialized path=/tmp/expedition-sim-2953890654/gogobee.db
2026/05/17 14:05:48 INFO dnd: armed ability fired (turn-based build) user=@sim:fighter-l3-forest_shadows-45 ability="Second Wind"
2026/05/17 14:05:49 INFO dnd: armed ability fired (turn-based build) user=@sim:fighter-l3-goblin_warrens-41 ability="Second Wind"
2026/05/17 14:05:49 INFO dnd: armed ability fired (turn-based build) user=@sim:fighter-l3-forest_shadows-45 ability="Second Wind"
2026/05/17 14:05:49 INFO database initialized path=/tmp/expedition-sim-818019775/gogobee.db
2026/05/17 14:05:49 INFO database initialized path=/tmp/expedition-sim-3835002626/gogobee.db
2026/05/17 14:05:49 INFO dnd: armed ability fired (turn-based build) user=@sim:fighter-l3-goblin_warrens-41 ability="Second Wind"
2026/05/17 14:05:49 INFO dnd: armed ability fired (turn-based build) user=@sim:fighter-l3-goblin_warrens-41 ability="Second Wind"
2026/05/17 14:05:49 INFO dnd: armed ability fired (turn-based build) user=@sim:fighter-l7-goblin_warrens-42 ability="Second Wind"
2026/05/17 14:05:49 INFO dnd: armed ability fired (turn-based build) user=@sim:fighter-l7-goblin_warrens-42 ability="Second Wind"
2026/05/17 14:05:49 INFO dnd: armed ability fired (turn-based build) user=@sim:fighter-l7-goblin_warrens-42 ability="Second Wind"
2026/05/17 14:05:49 INFO database initialized path=/tmp/expedition-sim-1600900862/gogobee.db
2026/05/17 14:05:49 INFO dnd: armed ability fired (turn-based build) user=@sim:fighter-l3-manor_blackspire-44 ability="Second Wind"
2026/05/17 14:05:49 INFO dnd: armed ability fired (turn-based build) user=@sim:fighter-l3-manor_blackspire-44 ability="Second Wind"
2026/05/17 14:05:49 INFO database initialized path=/tmp/expedition-sim-2073177584/gogobee.db
2026/05/17 14:05:49 INFO dnd: armed ability fired (turn-based build) user=@sim:fighter-l3-manor_blackspire-44 ability="Second Wind"
2026/05/17 14:05:49 INFO dnd: armed ability fired (turn-based build) user=@sim:fighter-l12-underdark-37 ability="Second Wind"
2026/05/17 14:05:49 INFO database initialized path=/tmp/expedition-sim-832002931/gogobee.db
2026/05/17 14:05:49 INFO database initialized path=/tmp/expedition-sim-210741792/gogobee.db
2026/05/17 14:05:49 INFO dnd: armed ability fired (turn-based build) user=@sim:fighter-l12-underdark-37 ability="Second Wind"
2026/05/17 14:05:49 INFO database initialized path=/tmp/expedition-sim-3388294571/gogobee.db
2026/05/17 14:05:49 INFO dnd: armed ability fired (turn-based build) user=@sim:fighter-l7-underdark-38 ability="Second Wind"
2026/05/17 14:05:49 INFO dnd: armed ability fired (turn-based build) user=@sim:fighter-l7-underdark-38 ability="Second Wind"
2026/05/17 14:05:49 INFO dnd: armed ability fired (turn-based build) user=@sim:fighter-l7-dragons_lair-43 ability="Second Wind"
2026/05/17 14:05:49 INFO dnd: armed ability fired (turn-based build) user=@sim:fighter-l7-underdark-38 ability="Second Wind"
2026/05/17 14:05:49 INFO dnd: armed ability fired (turn-based build) user=@sim:fighter-l12-underdark-37 ability="Second Wind"
2026/05/17 14:05:49 INFO dnd: armed ability fired (turn-based build) user=@sim:fighter-l7-manor_blackspire-42 ability="Second Wind"
2026/05/17 14:05:49 INFO dnd: armed ability fired (turn-based build) user=@sim:fighter-l7-dragons_lair-43 ability="Second Wind"
2026/05/17 14:05:49 INFO dnd: armed ability fired (turn-based build) user=@sim:fighter-l7-manor_blackspire-42 ability="Second Wind"
2026/05/17 14:05:49 INFO database initialized path=/tmp/expedition-sim-1541705994/gogobee.db
2026/05/17 14:05:49 INFO dnd: armed ability fired (turn-based build) user=@sim:fighter-l7-manor_blackspire-42 ability="Second Wind"
2026/05/17 14:05:49 INFO dnd: armed ability fired (turn-based build) user=@sim:fighter-l7-dragons_lair-43 ability="Second Wind"
2026/05/17 14:05:49 INFO database initialized path=/tmp/expedition-sim-3030460951/gogobee.db
2026/05/17 14:05:49 INFO dnd: armed ability fired (turn-based build) user=@sim:fighter-l7-forest_shadows-40 ability="Second Wind"
2026/05/17 14:05:49 INFO dnd: armed ability fired (turn-based build) user=@sim:fighter-l7-forest_shadows-40 ability="Second Wind"
2026/05/17 14:05:49 INFO dnd: armed ability fired (turn-based build) user=@sim:fighter-l7-forest_shadows-40 ability="Second Wind"
2026/05/17 14:05:49 INFO database initialized path=/tmp/expedition-sim-3954285027/gogobee.db
2026/05/17 14:05:49 INFO dnd: armed ability fired (turn-based build) user=@sim:fighter-l12-goblin_warrens-35 ability="Second Wind"
2026/05/17 14:05:49 INFO dnd: armed ability fired (turn-based build) user=@sim:fighter-l12-goblin_warrens-35 ability="Second Wind"
2026/05/17 14:05:49 INFO dnd: armed ability fired (turn-based build) user=@sim:fighter-l12-goblin_warrens-35 ability="Second Wind"
2026/05/17 14:05:49 INFO database initialized path=/tmp/expedition-sim-3037528113/gogobee.db
2026/05/17 14:05:49 INFO dnd: armed ability fired (turn-based build) user=@sim:fighter-l12-forest_shadows-41 ability="Second Wind"
2026/05/17 14:05:49 INFO dnd: armed ability fired (turn-based build) user=@sim:fighter-l12-forest_shadows-41 ability="Second Wind"
2026/05/17 14:05:49 INFO database initialized path=/tmp/expedition-sim-2284477546/gogobee.db
2026/05/17 14:05:49 INFO dnd: armed ability fired (turn-based build) user=@sim:fighter-l12-forest_shadows-41 ability="Second Wind"
2026/05/17 14:05:49 INFO dnd: armed ability fired (turn-based build) user=@sim:fighter-l12-manor_blackspire-44 ability="Second Wind"
2026/05/17 14:05:49 INFO database initialized path=/tmp/expedition-sim-519638197/gogobee.db
2026/05/17 14:05:49 INFO dnd: armed ability fired (turn-based build) user=@sim:fighter-l12-manor_blackspire-44 ability="Second Wind"
2026/05/17 14:05:49 INFO dnd: armed ability fired (turn-based build) user=@sim:fighter-l12-manor_blackspire-44 ability="Second Wind"
2026/05/17 14:05:49 INFO database initialized path=/tmp/expedition-sim-4164400972/gogobee.db
2026/05/17 14:05:49 INFO dnd: armed ability fired (turn-based build) user=@sim:fighter-l3-forest_shadows-46 ability="Second Wind"
2026/05/17 14:05:49 INFO dnd: armed ability fired (turn-based build) user=@sim:fighter-l3-forest_shadows-46 ability="Second Wind"
2026/05/17 14:05:49 INFO dnd: armed ability fired (turn-based build) user=@sim:fighter-l3-forest_shadows-46 ability="Second Wind"
2026/05/17 14:05:49 INFO database initialized path=/tmp/expedition-sim-1595755356/gogobee.db
2026/05/17 14:05:49 INFO dnd: armed ability fired (turn-based build) user=@sim:fighter-l7-goblin_warrens-43 ability="Second Wind"
2026/05/17 14:05:49 INFO dnd: armed ability fired (turn-based build) user=@sim:fighter-l7-goblin_warrens-43 ability="Second Wind"
2026/05/17 14:05:49 INFO database initialized path=/tmp/expedition-sim-2320235699/gogobee.db
2026/05/17 14:05:49 INFO dnd: armed ability fired (turn-based build) user=@sim:fighter-l7-goblin_warrens-43 ability="Second Wind"
2026/05/17 14:05:49 INFO dnd: armed ability fired (turn-based build) user=@sim:fighter-l3-manor_blackspire-45 ability="Second Wind"
2026/05/17 14:05:49 INFO dnd: armed ability fired (turn-based build) user=@sim:fighter-l3-manor_blackspire-45 ability="Second Wind"
2026/05/17 14:05:49 INFO database initialized path=/tmp/expedition-sim-1165208423/gogobee.db
2026/05/17 14:05:49 INFO dnd: armed ability fired (turn-based build) user=@sim:fighter-l3-manor_blackspire-45 ability="Second Wind"
2026/05/17 14:05:49 INFO dnd: armed ability fired (turn-based build) user=@sim:fighter-l3-goblin_warrens-42 ability="Second Wind"
2026/05/17 14:05:49 INFO dnd: armed ability fired (turn-based build) user=@sim:fighter-l3-goblin_warrens-42 ability="Second Wind"
2026/05/17 14:05:49 INFO dnd: armed ability fired (turn-based build) user=@sim:fighter-l3-goblin_warrens-42 ability="Second Wind"
2026/05/17 14:05:49 INFO database initialized path=/tmp/expedition-sim-4181025251/gogobee.db
2026/05/17 14:05:49 INFO database initialized path=/tmp/expedition-sim-1725034221/gogobee.db
2026/05/17 14:05:49 INFO dnd: armed ability fired (turn-based build) user=@sim:fighter-l7-underdark-39 ability="Second Wind"
2026/05/17 14:05:49 INFO dnd: armed ability fired (turn-based build) user=@sim:fighter-l7-underdark-39 ability="Second Wind"
2026/05/17 14:05:49 INFO dnd: armed ability fired (turn-based build) user=@sim:fighter-l7-underdark-39 ability="Second Wind"
2026/05/17 14:05:49 INFO database initialized path=/tmp/expedition-sim-1955295081/gogobee.db
2026/05/17 14:05:49 INFO dnd: armed ability fired (turn-based build) user=@sim:fighter-l12-underdark-38 ability="Second Wind"
2026/05/17 14:05:49 INFO dnd: armed ability fired (turn-based build) user=@sim:fighter-l12-underdark-38 ability="Second Wind"
2026/05/17 14:05:49 INFO dnd: armed ability fired (turn-based build) user=@sim:fighter-l12-underdark-38 ability="Second Wind"
2026/05/17 14:05:49 INFO database initialized path=/tmp/expedition-sim-1224477194/gogobee.db
2026/05/17 14:05:49 INFO dnd: armed ability fired (turn-based build) user=@sim:fighter-l7-dragons_lair-44 ability="Second Wind"
2026/05/17 14:05:49 INFO database initialized path=/tmp/expedition-sim-3738962821/gogobee.db
2026/05/17 14:05:49 INFO database initialized path=/tmp/expedition-sim-3098067097/gogobee.db
2026/05/17 14:05:49 INFO dnd: armed ability fired (turn-based build) user=@sim:fighter-l7-dragons_lair-44 ability="Second Wind"
2026/05/17 14:05:49 INFO dnd: armed ability fired (turn-based build) user=@sim:fighter-l7-forest_shadows-41 ability="Second Wind"
2026/05/17 14:05:49 INFO dnd: armed ability fired (turn-based build) user=@sim:fighter-l7-manor_blackspire-43 ability="Second Wind"
2026/05/17 14:05:49 INFO dnd: armed ability fired (turn-based build) user=@sim:fighter-l7-dragons_lair-44 ability="Second Wind"
2026/05/17 14:05:49 INFO dnd: armed ability fired (turn-based build) user=@sim:fighter-l7-forest_shadows-41 ability="Second Wind"
2026/05/17 14:05:49 INFO database initialized path=/tmp/expedition-sim-425319013/gogobee.db
2026/05/17 14:05:49 INFO dnd: armed ability fired (turn-based build) user=@sim:fighter-l7-manor_blackspire-43 ability="Second Wind"
2026/05/17 14:05:49 INFO dnd: armed ability fired (turn-based build) user=@sim:fighter-l7-forest_shadows-41 ability="Second Wind"
2026/05/17 14:05:49 INFO dnd: armed ability fired (turn-based build) user=@sim:fighter-l7-manor_blackspire-43 ability="Second Wind"
2026/05/17 14:05:49 INFO database initialized path=/tmp/expedition-sim-1418188009/gogobee.db
2026/05/17 14:05:49 INFO dnd: armed ability fired (turn-based build) user=@sim:fighter-l12-goblin_warrens-36 ability="Second Wind"
2026/05/17 14:05:49 INFO dnd: armed ability fired (turn-based build) user=@sim:fighter-l12-goblin_warrens-36 ability="Second Wind"
2026/05/17 14:05:49 INFO dnd: armed ability fired (turn-based build) user=@sim:fighter-l12-goblin_warrens-36 ability="Second Wind"
2026/05/17 14:05:49 INFO database initialized path=/tmp/expedition-sim-3768252011/gogobee.db
2026/05/17 14:05:49 INFO database initialized path=/tmp/expedition-sim-1564438877/gogobee.db
2026/05/17 14:05:49 INFO database initialized path=/tmp/expedition-sim-1417437282/gogobee.db
2026/05/17 14:05:49 INFO database initialized path=/tmp/expedition-sim-2343218014/gogobee.db
2026/05/17 14:05:49 INFO dnd: armed ability fired (turn-based build) user=@sim:fighter-l3-manor_blackspire-46 ability="Second Wind"
2026/05/17 14:05:49 INFO dnd: armed ability fired (turn-based build) user=@sim:fighter-l12-manor_blackspire-45 ability="Second Wind"
2026/05/17 14:05:49 INFO database initialized path=/tmp/expedition-sim-1095119223/gogobee.db
2026/05/17 14:05:49 INFO dnd: armed ability fired (turn-based build) user=@sim:fighter-l12-forest_shadows-42 ability="Second Wind"
2026/05/17 14:05:49 INFO dnd: armed ability fired (turn-based build) user=@sim:fighter-l3-manor_blackspire-46 ability="Second Wind"
2026/05/17 14:05:49 INFO database initialized path=/tmp/expedition-sim-3999279046/gogobee.db
2026/05/17 14:05:49 INFO dnd: armed ability fired (turn-based build) user=@sim:fighter-l12-forest_shadows-42 ability="Second Wind"
2026/05/17 14:05:49 INFO dnd: armed ability fired (turn-based build) user=@sim:fighter-l3-manor_blackspire-46 ability="Second Wind"
2026/05/17 14:05:49 INFO dnd: armed ability fired (turn-based build) user=@sim:fighter-l12-manor_blackspire-45 ability="Second Wind"
2026/05/17 14:05:49 INFO dnd: armed ability fired (turn-based build) user=@sim:fighter-l3-forest_shadows-47 ability="Second Wind"
2026/05/17 14:05:49 INFO dnd: armed ability fired (turn-based build) user=@sim:fighter-l12-forest_shadows-42 ability="Second Wind"
2026/05/17 14:05:49 INFO dnd: armed ability fired (turn-based build) user=@sim:fighter-l7-goblin_warrens-44 ability="Second Wind"
2026/05/17 14:05:49 INFO dnd: armed ability fired (turn-based build) user=@sim:fighter-l3-forest_shadows-47 ability="Second Wind"
2026/05/17 14:05:49 INFO dnd: armed ability fired (turn-based build) user=@sim:fighter-l12-manor_blackspire-45 ability="Second Wind"
2026/05/17 14:05:49 INFO dnd: armed ability fired (turn-based build) user=@sim:fighter-l7-goblin_warrens-44 ability="Second Wind"
2026/05/17 14:05:49 INFO dnd: armed ability fired (turn-based build) user=@sim:fighter-l3-forest_shadows-47 ability="Second Wind"
2026/05/17 14:05:49 INFO dnd: armed ability fired (turn-based build) user=@sim:fighter-l7-goblin_warrens-44 ability="Second Wind"
2026/05/17 14:05:50 INFO database initialized path=/tmp/expedition-sim-1384958528/gogobee.db
2026/05/17 14:05:50 INFO dnd: armed ability fired (turn-based build) user=@sim:fighter-l3-goblin_warrens-43 ability="Second Wind"
2026/05/17 14:05:50 INFO dnd: armed ability fired (turn-based build) user=@sim:fighter-l3-goblin_warrens-43 ability="Second Wind"
2026/05/17 14:05:50 INFO dnd: armed ability fired (turn-based build) user=@sim:fighter-l3-goblin_warrens-43 ability="Second Wind"
2026/05/17 14:05:50 INFO database initialized path=/tmp/expedition-sim-3459731929/gogobee.db
2026/05/17 14:05:50 INFO database initialized path=/tmp/expedition-sim-32885874/gogobee.db
2026/05/17 14:05:50 INFO database initialized path=/tmp/expedition-sim-4162184721/gogobee.db
2026/05/17 14:05:50 INFO dnd: armed ability fired (turn-based build) user=@sim:fighter-l7-underdark-40 ability="Second Wind"
2026/05/17 14:05:50 INFO dnd: armed ability fired (turn-based build) user=@sim:fighter-l12-underdark-39 ability="Second Wind"
2026/05/17 14:05:50 INFO dnd: armed ability fired (turn-based build) user=@sim:fighter-l12-underdark-39 ability="Second Wind"
2026/05/17 14:05:50 INFO database initialized path=/tmp/expedition-sim-2009046632/gogobee.db
2026/05/17 14:05:50 INFO dnd: armed ability fired (turn-based build) user=@sim:fighter-l12-underdark-39 ability="Second Wind"
2026/05/17 14:05:50 INFO dnd: armed ability fired (turn-based build) user=@sim:fighter-l7-underdark-40 ability="Second Wind"
2026/05/17 14:05:50 INFO database initialized path=/tmp/expedition-sim-2889865512/gogobee.db
2026/05/17 14:05:50 INFO dnd: armed ability fired (turn-based build) user=@sim:fighter-l12-goblin_warrens-37 ability="Second Wind"
2026/05/17 14:05:50 INFO dnd: armed ability fired (turn-based build) user=@sim:fighter-l7-underdark-40 ability="Second Wind"
2026/05/17 14:05:50 INFO dnd: armed ability fired (turn-based build) user=@sim:fighter-l7-forest_shadows-42 ability="Second Wind"
2026/05/17 14:05:50 INFO dnd: armed ability fired (turn-based build) user=@sim:fighter-l12-goblin_warrens-37 ability="Second Wind"
2026/05/17 14:05:50 INFO dnd: armed ability fired (turn-based build) user=@sim:fighter-l7-forest_shadows-42 ability="Second Wind"
2026/05/17 14:05:50 INFO dnd: armed ability fired (turn-based build) user=@sim:fighter-l12-goblin_warrens-37 ability="Second Wind"
2026/05/17 14:05:50 INFO dnd: armed ability fired (turn-based build) user=@sim:fighter-l7-forest_shadows-42 ability="Second Wind"
2026/05/17 14:05:50 INFO database initialized path=/tmp/expedition-sim-185783946/gogobee.db
2026/05/17 14:05:50 INFO dnd: armed ability fired (turn-based build) user=@sim:fighter-l7-manor_blackspire-44 ability="Second Wind"
2026/05/17 14:05:50 INFO database initialized path=/tmp/expedition-sim-3669170888/gogobee.db
2026/05/17 14:05:50 INFO database initialized path=/tmp/expedition-sim-397784000/gogobee.db
2026/05/17 14:05:50 INFO dnd: armed ability fired (turn-based build) user=@sim:fighter-l7-manor_blackspire-44 ability="Second Wind"
2026/05/17 14:05:50 INFO dnd: armed ability fired (turn-based build) user=@sim:fighter-l7-dragons_lair-45 ability="Second Wind"
2026/05/17 14:05:50 INFO dnd: armed ability fired (turn-based build) user=@sim:fighter-l7-manor_blackspire-44 ability="Second Wind"
2026/05/17 14:05:50 INFO dnd: armed ability fired (turn-based build) user=@sim:fighter-l7-dragons_lair-45 ability="Second Wind"
2026/05/17 14:05:50 INFO dnd: armed ability fired (turn-based build) user=@sim:fighter-l7-dragons_lair-45 ability="Second Wind"
2026/05/17 14:05:50 INFO database initialized path=/tmp/expedition-sim-1867304146/gogobee.db
2026/05/17 14:05:50 INFO dnd: armed ability fired (turn-based build) user=@sim:fighter-l3-forest_shadows-48 ability="Second Wind"
2026/05/17 14:05:50 INFO dnd: armed ability fired (turn-based build) user=@sim:fighter-l3-forest_shadows-48 ability="Second Wind"
2026/05/17 14:05:50 INFO dnd: armed ability fired (turn-based build) user=@sim:fighter-l3-forest_shadows-48 ability="Second Wind"
2026/05/17 14:05:50 INFO database initialized path=/tmp/expedition-sim-536113398/gogobee.db
2026/05/17 14:05:50 INFO database initialized path=/tmp/expedition-sim-2186670950/gogobee.db
2026/05/17 14:05:50 INFO dnd: armed ability fired (turn-based build) user=@sim:fighter-l3-manor_blackspire-47 ability="Second Wind"
2026/05/17 14:05:50 INFO dnd: armed ability fired (turn-based build) user=@sim:fighter-l3-manor_blackspire-47 ability="Second Wind"
2026/05/17 14:05:50 INFO dnd: armed ability fired (turn-based build) user=@sim:fighter-l12-forest_shadows-43 ability="Second Wind"
2026/05/17 14:05:50 WARN auto-heal cleanup: short on inventory user=@sim:fighter-l3-manor_blackspire-47 wanted=1 removed=0
2026/05/17 14:05:50 INFO dnd: armed ability fired (turn-based build) user=@sim:fighter-l3-manor_blackspire-47 ability="Second Wind"
2026/05/17 14:05:50 WARN auto-heal cleanup: short on inventory user=@sim:fighter-l3-manor_blackspire-47 wanted=1 removed=0
2026/05/17 14:05:50 INFO database initialized path=/tmp/expedition-sim-2197564657/gogobee.db
2026/05/17 14:05:50 INFO dnd: armed ability fired (turn-based build) user=@sim:fighter-l12-forest_shadows-43 ability="Second Wind"
2026/05/17 14:05:50 INFO dnd: armed ability fired (turn-based build) user=@sim:fighter-l7-goblin_warrens-45 ability="Second Wind"
2026/05/17 14:05:50 INFO database initialized path=/tmp/expedition-sim-3377756740/gogobee.db
2026/05/17 14:05:50 INFO dnd: armed ability fired (turn-based build) user=@sim:fighter-l7-goblin_warrens-45 ability="Second Wind"
2026/05/17 14:05:50 INFO database initialized path=/tmp/expedition-sim-509733968/gogobee.db
2026/05/17 14:05:50 INFO dnd: armed ability fired (turn-based build) user=@sim:fighter-l12-forest_shadows-43 ability="Second Wind"
2026/05/17 14:05:50 INFO dnd: armed ability fired (turn-based build) user=@sim:fighter-l7-goblin_warrens-45 ability="Second Wind"
2026/05/17 14:05:50 INFO dnd: armed ability fired (turn-based build) user=@sim:fighter-l12-manor_blackspire-46 ability="Second Wind"
2026/05/17 14:05:50 INFO dnd: armed ability fired (turn-based build) user=@sim:fighter-l12-manor_blackspire-46 ability="Second Wind"
2026/05/17 14:05:50 INFO dnd: armed ability fired (turn-based build) user=@sim:fighter-l12-manor_blackspire-46 ability="Second Wind"
2026/05/17 14:05:50 INFO database initialized path=/tmp/expedition-sim-1599743600/gogobee.db
2026/05/17 14:05:50 INFO dnd: armed ability fired (turn-based build) user=@sim:fighter-l3-goblin_warrens-44 ability="Second Wind"
2026/05/17 14:05:50 INFO dnd: armed ability fired (turn-based build) user=@sim:fighter-l3-goblin_warrens-44 ability="Second Wind"
2026/05/17 14:05:50 INFO dnd: armed ability fired (turn-based build) user=@sim:fighter-l3-goblin_warrens-44 ability="Second Wind"
2026/05/17 14:05:50 INFO database initialized path=/tmp/expedition-sim-3957700098/gogobee.db
2026/05/17 14:05:50 INFO dnd: armed ability fired (turn-based build) user=@sim:fighter-l12-underdark-40 ability="Second Wind"
2026/05/17 14:05:50 INFO dnd: armed ability fired (turn-based build) user=@sim:fighter-l12-underdark-40 ability="Second Wind"
2026/05/17 14:05:50 INFO dnd: armed ability fired (turn-based build) user=@sim:fighter-l12-underdark-40 ability="Second Wind"
2026/05/17 14:05:50 INFO database initialized path=/tmp/expedition-sim-1119887216/gogobee.db
2026/05/17 14:05:50 INFO database initialized path=/tmp/expedition-sim-1375374507/gogobee.db
2026/05/17 14:05:50 INFO dnd: armed ability fired (turn-based build) user=@sim:fighter-l7-manor_blackspire-45 ability="Second Wind"
2026/05/17 14:05:50 INFO database initialized path=/tmp/expedition-sim-2822097544/gogobee.db
2026/05/17 14:05:50 INFO dnd: armed ability fired (turn-based build) user=@sim:fighter-l7-manor_blackspire-45 ability="Second Wind"
2026/05/17 14:05:50 INFO dnd: armed ability fired (turn-based build) user=@sim:fighter-l7-manor_blackspire-45 ability="Second Wind"
2026/05/17 14:05:50 INFO dnd: armed ability fired (turn-based build) user=@sim:fighter-l12-goblin_warrens-38 ability="Second Wind"
2026/05/17 14:05:50 INFO database initialized path=/tmp/expedition-sim-2185062858/gogobee.db
2026/05/17 14:05:50 INFO database initialized path=/tmp/expedition-sim-439275976/gogobee.db
2026/05/17 14:05:50 INFO dnd: armed ability fired (turn-based build) user=@sim:fighter-l12-goblin_warrens-38 ability="Second Wind"
2026/05/17 14:05:50 INFO dnd: armed ability fired (turn-based build) user=@sim:fighter-l7-underdark-41 ability="Second Wind"
2026/05/17 14:05:50 INFO dnd: armed ability fired (turn-based build) user=@sim:fighter-l3-forest_shadows-49 ability="Second Wind"
2026/05/17 14:05:50 INFO database initialized path=/tmp/expedition-sim-3067564932/gogobee.db
2026/05/17 14:05:50 INFO dnd: armed ability fired (turn-based build) user=@sim:fighter-l3-forest_shadows-49 ability="Second Wind"
2026/05/17 14:05:50 INFO database initialized path=/tmp/expedition-sim-1637103868/gogobee.db
2026/05/17 14:05:50 INFO dnd: armed ability fired (turn-based build) user=@sim:fighter-l7-underdark-41 ability="Second Wind"
2026/05/17 14:05:50 INFO dnd: armed ability fired (turn-based build) user=@sim:fighter-l7-forest_shadows-43 ability="Second Wind"
2026/05/17 14:05:50 INFO dnd: armed ability fired (turn-based build) user=@sim:fighter-l12-goblin_warrens-38 ability="Second Wind"
2026/05/17 14:05:50 INFO dnd: armed ability fired (turn-based build) user=@sim:fighter-l3-forest_shadows-49 ability="Second Wind"
2026/05/17 14:05:50 WARN auto-heal cleanup: short on inventory user=@sim:fighter-l3-forest_shadows-49 wanted=1 removed=0
2026/05/17 14:05:50 INFO dnd: armed ability fired (turn-based build) user=@sim:fighter-l7-forest_shadows-43 ability="Second Wind"
2026/05/17 14:05:50 INFO database initialized path=/tmp/expedition-sim-4061229021/gogobee.db
2026/05/17 14:05:50 INFO dnd: armed ability fired (turn-based build) user=@sim:fighter-l7-forest_shadows-43 ability="Second Wind"
2026/05/17 14:05:50 INFO dnd: armed ability fired (turn-based build) user=@sim:fighter-l7-dragons_lair-46 ability="Second Wind"
2026/05/17 14:05:50 INFO dnd: armed ability fired (turn-based build) user=@sim:fighter-l7-dragons_lair-46 ability="Second Wind"
2026/05/17 14:05:50 INFO database initialized path=/tmp/expedition-sim-1498967714/gogobee.db
2026/05/17 14:05:50 INFO dnd: armed ability fired (turn-based build) user=@sim:fighter-l7-dragons_lair-46 ability="Second Wind"
2026/05/17 14:05:50 INFO database initialized path=/tmp/expedition-sim-3796966075/gogobee.db
2026/05/17 14:05:50 INFO dnd: armed ability fired (turn-based build) user=@sim:fighter-l7-underdark-41 ability="Second Wind"
2026/05/17 14:05:50 INFO dnd: armed ability fired (turn-based build) user=@sim:fighter-l7-goblin_warrens-46 ability="Second Wind"
2026/05/17 14:05:50 INFO dnd: armed ability fired (turn-based build) user=@sim:fighter-l3-manor_blackspire-48 ability="Second Wind"
2026/05/17 14:05:50 INFO dnd: armed ability fired (turn-based build) user=@sim:fighter-l7-goblin_warrens-46 ability="Second Wind"
2026/05/17 14:05:50 INFO dnd: armed ability fired (turn-based build) user=@sim:fighter-l3-manor_blackspire-48 ability="Second Wind"
2026/05/17 14:05:50 INFO database initialized path=/tmp/expedition-sim-3382760350/gogobee.db
2026/05/17 14:05:50 INFO dnd: armed ability fired (turn-based build) user=@sim:fighter-l7-goblin_warrens-46 ability="Second Wind"
2026/05/17 14:05:50 INFO dnd: armed ability fired (turn-based build) user=@sim:fighter-l3-manor_blackspire-48 ability="Second Wind"
2026/05/17 14:05:50 INFO dnd: armed ability fired (turn-based build) user=@sim:fighter-l12-forest_shadows-44 ability="Second Wind"
2026/05/17 14:05:50 INFO dnd: armed ability fired (turn-based build) user=@sim:fighter-l12-forest_shadows-44 ability="Second Wind"
2026/05/17 14:05:50 INFO database initialized path=/tmp/expedition-sim-3715448299/gogobee.db
2026/05/17 14:05:50 INFO dnd: armed ability fired (turn-based build) user=@sim:fighter-l12-forest_shadows-44 ability="Second Wind"
2026/05/17 14:05:50 INFO dnd: armed ability fired (turn-based build) user=@sim:fighter-l12-manor_blackspire-47 ability="Second Wind"
2026/05/17 14:05:50 INFO dnd: armed ability fired (turn-based build) user=@sim:fighter-l12-manor_blackspire-47 ability="Second Wind"
2026/05/17 14:05:50 INFO dnd: armed ability fired (turn-based build) user=@sim:fighter-l12-manor_blackspire-47 ability="Second Wind"
2026/05/17 14:05:50 INFO database initialized path=/tmp/expedition-sim-1736011057/gogobee.db
2026/05/17 14:05:51 INFO database initialized path=/tmp/expedition-sim-2013617708/gogobee.db
2026/05/17 14:05:51 INFO dnd: armed ability fired (turn-based build) user=@sim:fighter-l3-goblin_warrens-45 ability="Second Wind"
2026/05/17 14:05:51 INFO dnd: armed ability fired (turn-based build) user=@sim:fighter-l3-goblin_warrens-45 ability="Second Wind"
2026/05/17 14:05:51 INFO dnd: armed ability fired (turn-based build) user=@sim:fighter-l3-goblin_warrens-45 ability="Second Wind"
2026/05/17 14:05:51 INFO database initialized path=/tmp/expedition-sim-120127577/gogobee.db
2026/05/17 14:05:51 INFO dnd: armed ability fired (turn-based build) user=@sim:fighter-l12-underdark-41 ability="Second Wind"
2026/05/17 14:05:51 INFO dnd: armed ability fired (turn-based build) user=@sim:fighter-l12-underdark-41 ability="Second Wind"
2026/05/17 14:05:51 INFO dnd: armed ability fired (turn-based build) user=@sim:fighter-l12-underdark-41 ability="Second Wind"
2026/05/17 14:05:51 INFO database initialized path=/tmp/expedition-sim-3870185691/gogobee.db
2026/05/17 14:05:51 INFO dnd: armed ability fired (turn-based build) user=@sim:fighter-l3-forest_shadows-50 ability="Second Wind"
2026/05/17 14:05:51 INFO database initialized path=/tmp/expedition-sim-3759192460/gogobee.db
2026/05/17 14:05:51 INFO dnd: armed ability fired (turn-based build) user=@sim:fighter-l3-forest_shadows-50 ability="Second Wind"
2026/05/17 14:05:51 INFO database initialized path=/tmp/expedition-sim-265876643/gogobee.db
2026/05/17 14:05:51 INFO dnd: armed ability fired (turn-based build) user=@sim:fighter-l7-manor_blackspire-46 ability="Second Wind"
2026/05/17 14:05:51 INFO dnd: armed ability fired (turn-based build) user=@sim:fighter-l3-forest_shadows-50 ability="Second Wind"
2026/05/17 14:05:51 INFO dnd: armed ability fired (turn-based build) user=@sim:fighter-l7-manor_blackspire-46 ability="Second Wind"
2026/05/17 14:05:51 INFO dnd: armed ability fired (turn-based build) user=@sim:fighter-l7-manor_blackspire-46 ability="Second Wind"
2026/05/17 14:05:51 INFO database initialized path=/tmp/expedition-sim-3620721862/gogobee.db
2026/05/17 14:05:51 INFO dnd: armed ability fired (turn-based build) user=@sim:fighter-l12-goblin_warrens-39 ability="Second Wind"
2026/05/17 14:05:51 INFO dnd: armed ability fired (turn-based build) user=@sim:fighter-l12-goblin_warrens-39 ability="Second Wind"
2026/05/17 14:05:51 INFO database initialized path=/tmp/expedition-sim-2243938333/gogobee.db
2026/05/17 14:05:51 INFO dnd: armed ability fired (turn-based build) user=@sim:fighter-l12-goblin_warrens-39 ability="Second Wind"
2026/05/17 14:05:51 INFO database initialized path=/tmp/expedition-sim-1372188342/gogobee.db
2026/05/17 14:05:51 INFO dnd: armed ability fired (turn-based build) user=@sim:fighter-l3-manor_blackspire-49 ability="Second Wind"
2026/05/17 14:05:51 INFO dnd: armed ability fired (turn-based build) user=@sim:fighter-l7-dragons_lair-47 ability="Second Wind"
2026/05/17 14:05:51 INFO dnd: armed ability fired (turn-based build) user=@sim:fighter-l3-manor_blackspire-49 ability="Second Wind"
2026/05/17 14:05:51 INFO dnd: armed ability fired (turn-based build) user=@sim:fighter-l7-dragons_lair-47 ability="Second Wind"
2026/05/17 14:05:51 INFO dnd: armed ability fired (turn-based build) user=@sim:fighter-l3-manor_blackspire-49 ability="Second Wind"
2026/05/17 14:05:51 INFO database initialized path=/tmp/expedition-sim-3461989952/gogobee.db
2026/05/17 14:05:51 INFO dnd: armed ability fired (turn-based build) user=@sim:fighter-l7-dragons_lair-47 ability="Second Wind"
2026/05/17 14:05:51 INFO dnd: armed ability fired (turn-based build) user=@sim:fighter-l7-goblin_warrens-47 ability="Second Wind"
2026/05/17 14:05:51 INFO dnd: armed ability fired (turn-based build) user=@sim:fighter-l7-goblin_warrens-47 ability="Second Wind"
2026/05/17 14:05:51 INFO dnd: armed ability fired (turn-based build) user=@sim:fighter-l7-goblin_warrens-47 ability="Second Wind"
2026/05/17 14:05:51 INFO database initialized path=/tmp/expedition-sim-4175935319/gogobee.db
2026/05/17 14:05:51 INFO dnd: armed ability fired (turn-based build) user=@sim:fighter-l12-forest_shadows-45 ability="Second Wind"
2026/05/17 14:05:51 INFO database initialized path=/tmp/expedition-sim-2353280075/gogobee.db
2026/05/17 14:05:51 INFO dnd: armed ability fired (turn-based build) user=@sim:fighter-l12-forest_shadows-45 ability="Second Wind"
2026/05/17 14:05:51 INFO dnd: armed ability fired (turn-based build) user=@sim:fighter-l12-forest_shadows-45 ability="Second Wind"
2026/05/17 14:05:51 INFO dnd: armed ability fired (turn-based build) user=@sim:fighter-l7-underdark-42 ability="Second Wind"
2026/05/17 14:05:51 INFO database initialized path=/tmp/expedition-sim-3932685022/gogobee.db
2026/05/17 14:05:51 INFO dnd: armed ability fired (turn-based build) user=@sim:fighter-l7-underdark-42 ability="Second Wind"
2026/05/17 14:05:51 INFO dnd: armed ability fired (turn-based build) user=@sim:fighter-l7-forest_shadows-44 ability="Second Wind"
2026/05/17 14:05:51 INFO dnd: armed ability fired (turn-based build) user=@sim:fighter-l7-underdark-42 ability="Second Wind"
2026/05/17 14:05:51 INFO dnd: armed ability fired (turn-based build) user=@sim:fighter-l7-forest_shadows-44 ability="Second Wind"
2026/05/17 14:05:51 INFO dnd: armed ability fired (turn-based build) user=@sim:fighter-l7-forest_shadows-44 ability="Second Wind"
2026/05/17 14:05:51 INFO database initialized path=/tmp/expedition-sim-3663880452/gogobee.db
2026/05/17 14:05:51 INFO database initialized path=/tmp/expedition-sim-1522459965/gogobee.db
2026/05/17 14:05:51 INFO dnd: armed ability fired (turn-based build) user=@sim:fighter-l12-manor_blackspire-48 ability="Second Wind"
2026/05/17 14:05:51 INFO dnd: armed ability fired (turn-based build) user=@sim:fighter-l12-manor_blackspire-48 ability="Second Wind"
2026/05/17 14:05:51 INFO dnd: armed ability fired (turn-based build) user=@sim:fighter-l12-manor_blackspire-48 ability="Second Wind"
2026/05/17 14:05:51 INFO database initialized path=/tmp/expedition-sim-3896263422/gogobee.db
2026/05/17 14:05:51 INFO database initialized path=/tmp/expedition-sim-1433416686/gogobee.db
2026/05/17 14:05:51 INFO database initialized path=/tmp/expedition-sim-972765230/gogobee.db
2026/05/17 14:05:51 INFO dnd: armed ability fired (turn-based build) user=@sim:fighter-l12-underdark-42 ability="Second Wind"
2026/05/17 14:05:51 INFO dnd: armed ability fired (turn-based build) user=@sim:fighter-l3-forest_shadows-51 ability="Second Wind"
2026/05/17 14:05:51 INFO dnd: armed ability fired (turn-based build) user=@sim:fighter-l12-underdark-42 ability="Second Wind"
2026/05/17 14:05:51 INFO dnd: armed ability fired (turn-based build) user=@sim:fighter-l3-forest_shadows-51 ability="Second Wind"
2026/05/17 14:05:51 INFO dnd: armed ability fired (turn-based build) user=@sim:fighter-l12-underdark-42 ability="Second Wind"
2026/05/17 14:05:51 INFO dnd: armed ability fired (turn-based build) user=@sim:fighter-l3-forest_shadows-51 ability="Second Wind"
2026/05/17 14:05:51 INFO database initialized path=/tmp/expedition-sim-545591830/gogobee.db
2026/05/17 14:05:51 INFO database initialized path=/tmp/expedition-sim-2131383830/gogobee.db
2026/05/17 14:05:51 INFO dnd: armed ability fired (turn-based build) user=@sim:fighter-l3-goblin_warrens-46 ability="Second Wind"
2026/05/17 14:05:51 INFO dnd: armed ability fired (turn-based build) user=@sim:fighter-l7-manor_blackspire-47 ability="Second Wind"
2026/05/17 14:05:51 INFO database initialized path=/tmp/expedition-sim-2459624558/gogobee.db
2026/05/17 14:05:51 INFO dnd: armed ability fired (turn-based build) user=@sim:fighter-l7-manor_blackspire-47 ability="Second Wind"
2026/05/17 14:05:51 INFO dnd: armed ability fired (turn-based build) user=@sim:fighter-l12-goblin_warrens-40 ability="Second Wind"
2026/05/17 14:05:51 INFO dnd: armed ability fired (turn-based build) user=@sim:fighter-l3-goblin_warrens-46 ability="Second Wind"
2026/05/17 14:05:51 INFO dnd: armed ability fired (turn-based build) user=@sim:fighter-l7-manor_blackspire-47 ability="Second Wind"
2026/05/17 14:05:51 INFO dnd: armed ability fired (turn-based build) user=@sim:fighter-l12-goblin_warrens-40 ability="Second Wind"
2026/05/17 14:05:51 INFO dnd: armed ability fired (turn-based build) user=@sim:fighter-l12-goblin_warrens-40 ability="Second Wind"
2026/05/17 14:05:51 INFO dnd: armed ability fired (turn-based build) user=@sim:fighter-l3-goblin_warrens-46 ability="Second Wind"
2026/05/17 14:05:51 INFO database initialized path=/tmp/expedition-sim-2310731876/gogobee.db
2026/05/17 14:05:51 INFO dnd: armed ability fired (turn-based build) user=@sim:fighter-l3-manor_blackspire-50 ability="Second Wind"
2026/05/17 14:05:51 INFO dnd: armed ability fired (turn-based build) user=@sim:fighter-l3-manor_blackspire-50 ability="Second Wind"
2026/05/17 14:05:51 INFO dnd: armed ability fired (turn-based build) user=@sim:fighter-l3-manor_blackspire-50 ability="Second Wind"
2026/05/17 14:05:51 INFO database initialized path=/tmp/expedition-sim-1596774809/gogobee.db
2026/05/17 14:05:51 INFO dnd: armed ability fired (turn-based build) user=@sim:fighter-l7-goblin_warrens-48 ability="Second Wind"
2026/05/17 14:05:51 INFO dnd: armed ability fired (turn-based build) user=@sim:fighter-l7-goblin_warrens-48 ability="Second Wind"
2026/05/17 14:05:51 INFO dnd: armed ability fired (turn-based build) user=@sim:fighter-l7-goblin_warrens-48 ability="Second Wind"
2026/05/17 14:05:51 INFO database initialized path=/tmp/expedition-sim-2647823337/gogobee.db
2026/05/17 14:05:51 INFO dnd: armed ability fired (turn-based build) user=@sim:fighter-l12-forest_shadows-46 ability="Second Wind"
2026/05/17 14:05:51 INFO database initialized path=/tmp/expedition-sim-2081632234/gogobee.db
2026/05/17 14:05:51 INFO dnd: armed ability fired (turn-based build) user=@sim:fighter-l12-forest_shadows-46 ability="Second Wind"
2026/05/17 14:05:51 INFO dnd: armed ability fired (turn-based build) user=@sim:fighter-l12-forest_shadows-46 ability="Second Wind"
2026/05/17 14:05:51 INFO database initialized path=/tmp/expedition-sim-4127199606/gogobee.db
2026/05/17 14:05:51 INFO dnd: armed ability fired (turn-based build) user=@sim:fighter-l7-dragons_lair-48 ability="Second Wind"
2026/05/17 14:05:51 INFO dnd: armed ability fired (turn-based build) user=@sim:fighter-l7-dragons_lair-48 ability="Second Wind"
2026/05/17 14:05:51 INFO dnd: armed ability fired (turn-based build) user=@sim:fighter-l7-dragons_lair-48 ability="Second Wind"
2026/05/17 14:05:51 INFO database initialized path=/tmp/expedition-sim-3550623251/gogobee.db
2026/05/17 14:05:51 INFO database initialized path=/tmp/expedition-sim-2059211727/gogobee.db
2026/05/17 14:05:51 INFO dnd: armed ability fired (turn-based build) user=@sim:fighter-l7-underdark-43 ability="Second Wind"
2026/05/17 14:05:51 INFO database initialized path=/tmp/expedition-sim-510401161/gogobee.db
2026/05/17 14:05:51 INFO dnd: armed ability fired (turn-based build) user=@sim:fighter-l7-forest_shadows-45 ability="Second Wind"
2026/05/17 14:05:51 INFO dnd: armed ability fired (turn-based build) user=@sim:fighter-l7-underdark-43 ability="Second Wind"
2026/05/17 14:05:51 INFO dnd: armed ability fired (turn-based build) user=@sim:fighter-l7-forest_shadows-45 ability="Second Wind"
2026/05/17 14:05:51 INFO dnd: armed ability fired (turn-based build) user=@sim:fighter-l7-forest_shadows-45 ability="Second Wind"
2026/05/17 14:05:51 INFO dnd: armed ability fired (turn-based build) user=@sim:fighter-l7-underdark-43 ability="Second Wind"
2026/05/17 14:05:51 INFO database initialized path=/tmp/expedition-sim-2798424795/gogobee.db
2026/05/17 14:05:51 INFO dnd: armed ability fired (turn-based build) user=@sim:fighter-l3-forest_shadows-52 ability="Second Wind"
2026/05/17 14:05:51 INFO dnd: armed ability fired (turn-based build) user=@sim:fighter-l3-forest_shadows-52 ability="Second Wind"
2026/05/17 14:05:51 INFO dnd: armed ability fired (turn-based build) user=@sim:fighter-l3-forest_shadows-52 ability="Second Wind"
2026/05/17 14:05:52 INFO database initialized path=/tmp/expedition-sim-44195717/gogobee.db
2026/05/17 14:05:52 INFO database initialized path=/tmp/expedition-sim-1492943557/gogobee.db
2026/05/17 14:05:52 INFO dnd: armed ability fired (turn-based build) user=@sim:fighter-l12-manor_blackspire-49 ability="Second Wind"
2026/05/17 14:05:52 INFO dnd: armed ability fired (turn-based build) user=@sim:fighter-l12-underdark-43 ability="Second Wind"
2026/05/17 14:05:52 INFO dnd: armed ability fired (turn-based build) user=@sim:fighter-l12-manor_blackspire-49 ability="Second Wind"
2026/05/17 14:05:52 INFO dnd: armed ability fired (turn-based build) user=@sim:fighter-l12-underdark-43 ability="Second Wind"
2026/05/17 14:05:52 INFO dnd: armed ability fired (turn-based build) user=@sim:fighter-l12-manor_blackspire-49 ability="Second Wind"
2026/05/17 14:05:52 INFO dnd: armed ability fired (turn-based build) user=@sim:fighter-l12-underdark-43 ability="Second Wind"
2026/05/17 14:05:52 INFO database initialized path=/tmp/expedition-sim-3165308067/gogobee.db
2026/05/17 14:05:52 INFO database initialized path=/tmp/expedition-sim-3810606106/gogobee.db
2026/05/17 14:05:52 INFO dnd: armed ability fired (turn-based build) user=@sim:fighter-l7-manor_blackspire-48 ability="Second Wind"
2026/05/17 14:05:52 INFO dnd: armed ability fired (turn-based build) user=@sim:fighter-l7-manor_blackspire-48 ability="Second Wind"
2026/05/17 14:05:52 INFO database initialized path=/tmp/expedition-sim-1851106262/gogobee.db
2026/05/17 14:05:52 INFO dnd: armed ability fired (turn-based build) user=@sim:fighter-l7-manor_blackspire-48 ability="Second Wind"
2026/05/17 14:05:52 INFO dnd: armed ability fired (turn-based build) user=@sim:fighter-l3-goblin_warrens-47 ability="Second Wind"
2026/05/17 14:05:52 INFO database initialized path=/tmp/expedition-sim-1291879880/gogobee.db
2026/05/17 14:05:52 INFO dnd: armed ability fired (turn-based build) user=@sim:fighter-l3-goblin_warrens-47 ability="Second Wind"
2026/05/17 14:05:52 INFO dnd: armed ability fired (turn-based build) user=@sim:fighter-l12-goblin_warrens-41 ability="Second Wind"
2026/05/17 14:05:52 INFO dnd: armed ability fired (turn-based build) user=@sim:fighter-l3-goblin_warrens-47 ability="Second Wind"
2026/05/17 14:05:52 INFO dnd: armed ability fired (turn-based build) user=@sim:fighter-l12-goblin_warrens-41 ability="Second Wind"
2026/05/17 14:05:52 INFO dnd: armed ability fired (turn-based build) user=@sim:fighter-l12-goblin_warrens-41 ability="Second Wind"
2026/05/17 14:05:52 INFO database initialized path=/tmp/expedition-sim-544573287/gogobee.db
2026/05/17 14:05:52 INFO dnd: armed ability fired (turn-based build) user=@sim:fighter-l7-dragons_lair-49 ability="Second Wind"
2026/05/17 14:05:52 INFO database initialized path=/tmp/expedition-sim-3937956994/gogobee.db
2026/05/17 14:05:52 INFO dnd: armed ability fired (turn-based build) user=@sim:fighter-l7-dragons_lair-49 ability="Second Wind"
2026/05/17 14:05:52 INFO dnd: armed ability fired (turn-based build) user=@sim:fighter-l7-dragons_lair-49 ability="Second Wind"
2026/05/17 14:05:52 INFO dnd: armed ability fired (turn-based build) user=@sim:fighter-l3-manor_blackspire-51 ability="Second Wind"
2026/05/17 14:05:52 INFO dnd: armed ability fired (turn-based build) user=@sim:fighter-l3-manor_blackspire-51 ability="Second Wind"
2026/05/17 14:05:52 INFO database initialized path=/tmp/expedition-sim-2425865660/gogobee.db
2026/05/17 14:05:52 INFO database initialized path=/tmp/expedition-sim-2063797621/gogobee.db
2026/05/17 14:05:52 INFO database initialized path=/tmp/expedition-sim-1892084914/gogobee.db
2026/05/17 14:05:52 INFO dnd: armed ability fired (turn-based build) user=@sim:fighter-l3-manor_blackspire-51 ability="Second Wind"
2026/05/17 14:05:52 INFO dnd: armed ability fired (turn-based build) user=@sim:fighter-l7-forest_shadows-46 ability="Second Wind"
2026/05/17 14:05:52 INFO dnd: armed ability fired (turn-based build) user=@sim:fighter-l7-forest_shadows-46 ability="Second Wind"
2026/05/17 14:05:52 INFO dnd: armed ability fired (turn-based build) user=@sim:fighter-l7-goblin_warrens-49 ability="Second Wind"
2026/05/17 14:05:52 INFO dnd: armed ability fired (turn-based build) user=@sim:fighter-l7-forest_shadows-46 ability="Second Wind"
2026/05/17 14:05:52 INFO dnd: armed ability fired (turn-based build) user=@sim:fighter-l7-goblin_warrens-49 ability="Second Wind"
2026/05/17 14:05:52 INFO dnd: armed ability fired (turn-based build) user=@sim:fighter-l7-goblin_warrens-49 ability="Second Wind"
2026/05/17 14:05:52 INFO database initialized path=/tmp/expedition-sim-921764992/gogobee.db
2026/05/17 14:05:52 INFO dnd: armed ability fired (turn-based build) user=@sim:fighter-l7-underdark-44 ability="Second Wind"
2026/05/17 14:05:52 INFO database initialized path=/tmp/expedition-sim-2343327625/gogobee.db
2026/05/17 14:05:52 INFO dnd: armed ability fired (turn-based build) user=@sim:fighter-l7-underdark-44 ability="Second Wind"
2026/05/17 14:05:52 INFO dnd: armed ability fired (turn-based build) user=@sim:fighter-l3-forest_shadows-53 ability="Second Wind"
2026/05/17 14:05:52 INFO dnd: armed ability fired (turn-based build) user=@sim:fighter-l7-underdark-44 ability="Second Wind"
2026/05/17 14:05:52 INFO dnd: armed ability fired (turn-based build) user=@sim:fighter-l3-forest_shadows-53 ability="Second Wind"
2026/05/17 14:05:52 INFO database initialized path=/tmp/expedition-sim-1182565842/gogobee.db
2026/05/17 14:05:52 INFO dnd: armed ability fired (turn-based build) user=@sim:fighter-l3-forest_shadows-53 ability="Second Wind"
2026/05/17 14:05:52 INFO dnd: armed ability fired (turn-based build) user=@sim:fighter-l12-forest_shadows-47 ability="Second Wind"
2026/05/17 14:05:52 INFO dnd: armed ability fired (turn-based build) user=@sim:fighter-l12-forest_shadows-47 ability="Second Wind"
2026/05/17 14:05:52 INFO dnd: armed ability fired (turn-based build) user=@sim:fighter-l12-forest_shadows-47 ability="Second Wind"
2026/05/17 14:05:52 INFO database initialized path=/tmp/expedition-sim-2563500187/gogobee.db
2026/05/17 14:05:52 INFO database initialized path=/tmp/expedition-sim-1930213267/gogobee.db
2026/05/17 14:05:52 INFO dnd: armed ability fired (turn-based build) user=@sim:fighter-l12-underdark-44 ability="Second Wind"
2026/05/17 14:05:52 INFO dnd: armed ability fired (turn-based build) user=@sim:fighter-l12-underdark-44 ability="Second Wind"
2026/05/17 14:05:52 INFO dnd: armed ability fired (turn-based build) user=@sim:fighter-l12-underdark-44 ability="Second Wind"
2026/05/17 14:05:52 INFO database initialized path=/tmp/expedition-sim-2704882760/gogobee.db
2026/05/17 14:05:52 INFO dnd: armed ability fired (turn-based build) user=@sim:fighter-l12-manor_blackspire-50 ability="Second Wind"
2026/05/17 14:05:52 INFO dnd: armed ability fired (turn-based build) user=@sim:fighter-l12-manor_blackspire-50 ability="Second Wind"
2026/05/17 14:05:52 INFO dnd: armed ability fired (turn-based build) user=@sim:fighter-l12-manor_blackspire-50 ability="Second Wind"
2026/05/17 14:05:52 INFO database initialized path=/tmp/expedition-sim-3980857608/gogobee.db
2026/05/17 14:05:52 INFO database initialized path=/tmp/expedition-sim-728764137/gogobee.db
2026/05/17 14:05:52 INFO dnd: armed ability fired (turn-based build) user=@sim:fighter-l7-manor_blackspire-49 ability="Second Wind"
2026/05/17 14:05:52 INFO dnd: armed ability fired (turn-based build) user=@sim:fighter-l7-manor_blackspire-49 ability="Second Wind"
2026/05/17 14:05:52 INFO dnd: armed ability fired (turn-based build) user=@sim:fighter-l7-manor_blackspire-49 ability="Second Wind"
2026/05/17 14:05:52 INFO database initialized path=/tmp/expedition-sim-2310573560/gogobee.db
2026/05/17 14:05:52 INFO database initialized path=/tmp/expedition-sim-3288345211/gogobee.db
2026/05/17 14:05:52 INFO dnd: armed ability fired (turn-based build) user=@sim:fighter-l3-manor_blackspire-52 ability="Second Wind"
2026/05/17 14:05:52 INFO dnd: armed ability fired (turn-based build) user=@sim:fighter-l12-goblin_warrens-42 ability="Second Wind"
2026/05/17 14:05:52 INFO dnd: armed ability fired (turn-based build) user=@sim:fighter-l3-manor_blackspire-52 ability="Second Wind"
2026/05/17 14:05:52 INFO dnd: armed ability fired (turn-based build) user=@sim:fighter-l12-goblin_warrens-42 ability="Second Wind"
2026/05/17 14:05:52 INFO dnd: armed ability fired (turn-based build) user=@sim:fighter-l3-manor_blackspire-52 ability="Second Wind"
2026/05/17 14:05:52 INFO dnd: armed ability fired (turn-based build) user=@sim:fighter-l12-goblin_warrens-42 ability="Second Wind"
2026/05/17 14:05:52 INFO database initialized path=/tmp/expedition-sim-2574275412/gogobee.db
2026/05/17 14:05:52 INFO dnd: armed ability fired (turn-based build) user=@sim:fighter-l7-dragons_lair-50 ability="Second Wind"
2026/05/17 14:05:52 INFO dnd: armed ability fired (turn-based build) user=@sim:fighter-l7-dragons_lair-50 ability="Second Wind"
2026/05/17 14:05:52 INFO dnd: armed ability fired (turn-based build) user=@sim:fighter-l7-dragons_lair-50 ability="Second Wind"
2026/05/17 14:05:52 INFO database initialized path=/tmp/expedition-sim-355086868/gogobee.db
2026/05/17 14:05:52 INFO dnd: armed ability fired (turn-based build) user=@sim:fighter-l7-forest_shadows-47 ability="Second Wind"
2026/05/17 14:05:52 INFO dnd: armed ability fired (turn-based build) user=@sim:fighter-l7-forest_shadows-47 ability="Second Wind"
2026/05/17 14:05:52 INFO database initialized path=/tmp/expedition-sim-1309374079/gogobee.db
2026/05/17 14:05:52 INFO dnd: armed ability fired (turn-based build) user=@sim:fighter-l7-forest_shadows-47 ability="Second Wind"
2026/05/17 14:05:52 INFO database initialized path=/tmp/expedition-sim-855221569/gogobee.db
2026/05/17 14:05:52 INFO dnd: armed ability fired (turn-based build) user=@sim:fighter-l3-forest_shadows-54 ability="Second Wind"
2026/05/17 14:05:52 INFO dnd: armed ability fired (turn-based build) user=@sim:fighter-l3-forest_shadows-54 ability="Second Wind"
2026/05/17 14:05:52 INFO dnd: armed ability fired (turn-based build) user=@sim:fighter-l3-forest_shadows-54 ability="Second Wind"
2026/05/17 14:05:52 INFO database initialized path=/tmp/expedition-sim-349076016/gogobee.db
2026/05/17 14:05:52 INFO database initialized path=/tmp/expedition-sim-163508096/gogobee.db
2026/05/17 14:05:52 INFO dnd: armed ability fired (turn-based build) user=@sim:fighter-l3-goblin_warrens-48 ability="Second Wind"
2026/05/17 14:05:52 INFO dnd: armed ability fired (turn-based build) user=@sim:fighter-l7-goblin_warrens-50 ability="Second Wind"
2026/05/17 14:05:52 INFO dnd: armed ability fired (turn-based build) user=@sim:fighter-l3-goblin_warrens-48 ability="Second Wind"
2026/05/17 14:05:52 INFO database initialized path=/tmp/expedition-sim-3476491771/gogobee.db
2026/05/17 14:05:52 INFO dnd: armed ability fired (turn-based build) user=@sim:fighter-l3-goblin_warrens-48 ability="Second Wind"
2026/05/17 14:05:52 INFO dnd: armed ability fired (turn-based build) user=@sim:fighter-l7-underdark-45 ability="Second Wind"
2026/05/17 14:05:52 INFO dnd: armed ability fired (turn-based build) user=@sim:fighter-l7-goblin_warrens-50 ability="Second Wind"
2026/05/17 14:05:52 INFO dnd: armed ability fired (turn-based build) user=@sim:fighter-l7-underdark-45 ability="Second Wind"
2026/05/17 14:05:52 INFO dnd: armed ability fired (turn-based build) user=@sim:fighter-l7-goblin_warrens-50 ability="Second Wind"
2026/05/17 14:05:52 INFO database initialized path=/tmp/expedition-sim-3795703719/gogobee.db
2026/05/17 14:05:52 INFO dnd: armed ability fired (turn-based build) user=@sim:fighter-l7-underdark-45 ability="Second Wind"
2026/05/17 14:05:52 INFO dnd: armed ability fired (turn-based build) user=@sim:fighter-l12-forest_shadows-48 ability="Second Wind"
2026/05/17 14:05:52 INFO dnd: armed ability fired (turn-based build) user=@sim:fighter-l12-forest_shadows-48 ability="Second Wind"
2026/05/17 14:05:52 INFO dnd: armed ability fired (turn-based build) user=@sim:fighter-l12-forest_shadows-48 ability="Second Wind"
2026/05/17 14:05:53 INFO database initialized path=/tmp/expedition-sim-4138577487/gogobee.db
2026/05/17 14:05:53 INFO database initialized path=/tmp/expedition-sim-3684799178/gogobee.db
2026/05/17 14:05:53 INFO dnd: armed ability fired (turn-based build) user=@sim:fighter-l12-manor_blackspire-51 ability="Second Wind"
2026/05/17 14:05:53 INFO dnd: armed ability fired (turn-based build) user=@sim:fighter-l12-manor_blackspire-51 ability="Second Wind"
2026/05/17 14:05:53 INFO database initialized path=/tmp/expedition-sim-1749096849/gogobee.db
2026/05/17 14:05:53 INFO dnd: armed ability fired (turn-based build) user=@sim:fighter-l12-manor_blackspire-51 ability="Second Wind"
2026/05/17 14:05:53 INFO dnd: armed ability fired (turn-based build) user=@sim:fighter-l12-underdark-45 ability="Second Wind"
2026/05/17 14:05:53 INFO dnd: armed ability fired (turn-based build) user=@sim:fighter-l12-underdark-45 ability="Second Wind"
2026/05/17 14:05:53 INFO dnd: armed ability fired (turn-based build) user=@sim:fighter-l12-underdark-45 ability="Second Wind"
2026/05/17 14:05:53 INFO database initialized path=/tmp/expedition-sim-1778662230/gogobee.db
2026/05/17 14:05:53 INFO dnd: armed ability fired (turn-based build) user=@sim:fighter-l7-manor_blackspire-50 ability="Second Wind"
2026/05/17 14:05:53 INFO database initialized path=/tmp/expedition-sim-1244105764/gogobee.db
2026/05/17 14:05:53 INFO dnd: armed ability fired (turn-based build) user=@sim:fighter-l7-manor_blackspire-50 ability="Second Wind"
2026/05/17 14:05:53 INFO dnd: armed ability fired (turn-based build) user=@sim:fighter-l3-manor_blackspire-53 ability="Second Wind"
2026/05/17 14:05:53 INFO dnd: armed ability fired (turn-based build) user=@sim:fighter-l7-manor_blackspire-50 ability="Second Wind"
2026/05/17 14:05:53 INFO dnd: armed ability fired (turn-based build) user=@sim:fighter-l3-manor_blackspire-53 ability="Second Wind"
2026/05/17 14:05:53 INFO dnd: armed ability fired (turn-based build) user=@sim:fighter-l3-manor_blackspire-53 ability="Second Wind"
2026/05/17 14:05:53 INFO database initialized path=/tmp/expedition-sim-548197676/gogobee.db
2026/05/17 14:05:53 INFO dnd: armed ability fired (turn-based build) user=@sim:fighter-l12-goblin_warrens-43 ability="Second Wind"
2026/05/17 14:05:53 INFO dnd: armed ability fired (turn-based build) user=@sim:fighter-l12-goblin_warrens-43 ability="Second Wind"
2026/05/17 14:05:53 INFO database initialized path=/tmp/expedition-sim-1760972865/gogobee.db
2026/05/17 14:05:53 INFO dnd: armed ability fired (turn-based build) user=@sim:fighter-l12-goblin_warrens-43 ability="Second Wind"
2026/05/17 14:05:53 INFO dnd: armed ability fired (turn-based build) user=@sim:fighter-l7-dragons_lair-51 ability="Second Wind"
2026/05/17 14:05:53 INFO dnd: armed ability fired (turn-based build) user=@sim:fighter-l7-dragons_lair-51 ability="Second Wind"
2026/05/17 14:05:53 INFO database initialized path=/tmp/expedition-sim-4474322/gogobee.db
2026/05/17 14:05:53 INFO dnd: armed ability fired (turn-based build) user=@sim:fighter-l7-dragons_lair-51 ability="Second Wind"
2026/05/17 14:05:53 INFO database initialized path=/tmp/expedition-sim-2310877247/gogobee.db
2026/05/17 14:05:53 INFO database initialized path=/tmp/expedition-sim-3583169441/gogobee.db
2026/05/17 14:05:53 INFO dnd: armed ability fired (turn-based build) user=@sim:fighter-l7-forest_shadows-48 ability="Second Wind"
2026/05/17 14:05:53 INFO dnd: armed ability fired (turn-based build) user=@sim:fighter-l3-forest_shadows-55 ability="Second Wind"
2026/05/17 14:05:53 INFO dnd: armed ability fired (turn-based build) user=@sim:fighter-l7-forest_shadows-48 ability="Second Wind"
2026/05/17 14:05:53 INFO dnd: armed ability fired (turn-based build) user=@sim:fighter-l3-forest_shadows-55 ability="Second Wind"
2026/05/17 14:05:53 INFO dnd: armed ability fired (turn-based build) user=@sim:fighter-l7-forest_shadows-48 ability="Second Wind"
2026/05/17 14:05:53 INFO dnd: armed ability fired (turn-based build) user=@sim:fighter-l3-forest_shadows-55 ability="Second Wind"
2026/05/17 14:05:53 INFO database initialized path=/tmp/expedition-sim-1572774563/gogobee.db
2026/05/17 14:05:53 INFO database initialized path=/tmp/expedition-sim-2036241034/gogobee.db
2026/05/17 14:05:53 INFO dnd: armed ability fired (turn-based build) user=@sim:fighter-l7-underdark-46 ability="Second Wind"
2026/05/17 14:05:53 INFO dnd: armed ability fired (turn-based build) user=@sim:fighter-l7-underdark-46 ability="Second Wind"
2026/05/17 14:05:53 INFO database initialized path=/tmp/expedition-sim-565097734/gogobee.db
2026/05/17 14:05:53 INFO dnd: armed ability fired (turn-based build) user=@sim:fighter-l7-underdark-46 ability="Second Wind"
2026/05/17 14:05:53 INFO dnd: armed ability fired (turn-based build) user=@sim:fighter-l7-goblin_warrens-51 ability="Second Wind"
2026/05/17 14:05:53 INFO dnd: armed ability fired (turn-based build) user=@sim:fighter-l7-goblin_warrens-51 ability="Second Wind"
2026/05/17 14:05:53 INFO dnd: armed ability fired (turn-based build) user=@sim:fighter-l7-goblin_warrens-51 ability="Second Wind"
2026/05/17 14:05:53 INFO database initialized path=/tmp/expedition-sim-3289211833/gogobee.db
2026/05/17 14:05:53 INFO dnd: armed ability fired (turn-based build) user=@sim:fighter-l3-goblin_warrens-49 ability="Second Wind"
2026/05/17 14:05:53 INFO dnd: armed ability fired (turn-based build) user=@sim:fighter-l3-goblin_warrens-49 ability="Second Wind"
2026/05/17 14:05:53 INFO database initialized path=/tmp/expedition-sim-2628846730/gogobee.db
2026/05/17 14:05:53 INFO dnd: armed ability fired (turn-based build) user=@sim:fighter-l3-goblin_warrens-49 ability="Second Wind"
2026/05/17 14:05:53 INFO database initialized path=/tmp/expedition-sim-2065191639/gogobee.db
2026/05/17 14:05:53 INFO dnd: armed ability fired (turn-based build) user=@sim:fighter-l12-underdark-46 ability="Second Wind"
2026/05/17 14:05:53 INFO dnd: armed ability fired (turn-based build) user=@sim:fighter-l12-underdark-46 ability="Second Wind"
2026/05/17 14:05:53 INFO dnd: armed ability fired (turn-based build) user=@sim:fighter-l12-forest_shadows-49 ability="Second Wind"
2026/05/17 14:05:53 INFO dnd: armed ability fired (turn-based build) user=@sim:fighter-l12-underdark-46 ability="Second Wind"
2026/05/17 14:05:53 INFO dnd: armed ability fired (turn-based build) user=@sim:fighter-l12-forest_shadows-49 ability="Second Wind"
2026/05/17 14:05:53 INFO dnd: armed ability fired (turn-based build) user=@sim:fighter-l12-forest_shadows-49 ability="Second Wind"
2026/05/17 14:05:53 INFO database initialized path=/tmp/expedition-sim-2113376126/gogobee.db
2026/05/17 14:05:53 INFO database initialized path=/tmp/expedition-sim-3261654052/gogobee.db
2026/05/17 14:05:53 INFO dnd: armed ability fired (turn-based build) user=@sim:fighter-l7-dragons_lair-52 ability="Second Wind"
2026/05/17 14:05:53 INFO dnd: armed ability fired (turn-based build) user=@sim:fighter-l7-dragons_lair-52 ability="Second Wind"
2026/05/17 14:05:53 INFO database initialized path=/tmp/expedition-sim-2514383241/gogobee.db
2026/05/17 14:05:53 INFO dnd: armed ability fired (turn-based build) user=@sim:fighter-l7-dragons_lair-52 ability="Second Wind"
2026/05/17 14:05:53 INFO database initialized path=/tmp/expedition-sim-3166052143/gogobee.db
2026/05/17 14:05:53 INFO database initialized path=/tmp/expedition-sim-2763646890/gogobee.db
2026/05/17 14:05:53 INFO dnd: armed ability fired (turn-based build) user=@sim:fighter-l7-manor_blackspire-51 ability="Second Wind"
2026/05/17 14:05:53 INFO dnd: armed ability fired (turn-based build) user=@sim:fighter-l12-manor_blackspire-52 ability="Second Wind"
2026/05/17 14:05:53 INFO dnd: armed ability fired (turn-based build) user=@sim:fighter-l3-manor_blackspire-54 ability="Second Wind"
2026/05/17 14:05:53 INFO dnd: armed ability fired (turn-based build) user=@sim:fighter-l7-manor_blackspire-51 ability="Second Wind"
2026/05/17 14:05:53 INFO dnd: armed ability fired (turn-based build) user=@sim:fighter-l3-manor_blackspire-54 ability="Second Wind"
2026/05/17 14:05:53 INFO dnd: armed ability fired (turn-based build) user=@sim:fighter-l12-manor_blackspire-52 ability="Second Wind"
2026/05/17 14:05:53 INFO dnd: armed ability fired (turn-based build) user=@sim:fighter-l3-manor_blackspire-54 ability="Second Wind"
2026/05/17 14:05:53 INFO database initialized path=/tmp/expedition-sim-2218838693/gogobee.db
2026/05/17 14:05:53 INFO dnd: armed ability fired (turn-based build) user=@sim:fighter-l12-manor_blackspire-52 ability="Second Wind"
2026/05/17 14:05:53 INFO dnd: armed ability fired (turn-based build) user=@sim:fighter-l7-manor_blackspire-51 ability="Second Wind"
2026/05/17 14:05:53 INFO dnd: armed ability fired (turn-based build) user=@sim:fighter-l12-goblin_warrens-44 ability="Second Wind"
2026/05/17 14:05:53 INFO database initialized path=/tmp/expedition-sim-1486306613/gogobee.db
2026/05/17 14:05:53 INFO dnd: armed ability fired (turn-based build) user=@sim:fighter-l12-goblin_warrens-44 ability="Second Wind"
2026/05/17 14:05:53 INFO dnd: armed ability fired (turn-based build) user=@sim:fighter-l12-goblin_warrens-44 ability="Second Wind"
2026/05/17 14:05:53 INFO dnd: armed ability fired (turn-based build) user=@sim:fighter-l3-forest_shadows-56 ability="Second Wind"
2026/05/17 14:05:53 INFO dnd: armed ability fired (turn-based build) user=@sim:fighter-l3-forest_shadows-56 ability="Second Wind"
2026/05/17 14:05:53 INFO dnd: armed ability fired (turn-based build) user=@sim:fighter-l3-forest_shadows-56 ability="Second Wind"
2026/05/17 14:05:53 INFO database initialized path=/tmp/expedition-sim-2038119900/gogobee.db
2026/05/17 14:05:53 INFO database initialized path=/tmp/expedition-sim-485935411/gogobee.db
2026/05/17 14:05:53 INFO dnd: armed ability fired (turn-based build) user=@sim:fighter-l7-underdark-47 ability="Second Wind"
2026/05/17 14:05:53 INFO dnd: armed ability fired (turn-based build) user=@sim:fighter-l7-forest_shadows-49 ability="Second Wind"
2026/05/17 14:05:53 INFO dnd: armed ability fired (turn-based build) user=@sim:fighter-l7-underdark-47 ability="Second Wind"
2026/05/17 14:05:53 INFO dnd: armed ability fired (turn-based build) user=@sim:fighter-l7-forest_shadows-49 ability="Second Wind"
2026/05/17 14:05:53 INFO database initialized path=/tmp/expedition-sim-2600434257/gogobee.db
2026/05/17 14:05:53 INFO dnd: armed ability fired (turn-based build) user=@sim:fighter-l7-underdark-47 ability="Second Wind"
2026/05/17 14:05:53 INFO dnd: armed ability fired (turn-based build) user=@sim:fighter-l7-forest_shadows-49 ability="Second Wind"
2026/05/17 14:05:53 INFO database initialized path=/tmp/expedition-sim-1315618289/gogobee.db
2026/05/17 14:05:53 INFO dnd: armed ability fired (turn-based build) user=@sim:fighter-l7-goblin_warrens-52 ability="Second Wind"
2026/05/17 14:05:53 INFO dnd: armed ability fired (turn-based build) user=@sim:fighter-l7-goblin_warrens-52 ability="Second Wind"
2026/05/17 14:05:53 INFO dnd: armed ability fired (turn-based build) user=@sim:fighter-l7-goblin_warrens-52 ability="Second Wind"
2026/05/17 14:05:53 INFO database initialized path=/tmp/expedition-sim-46582840/gogobee.db
2026/05/17 14:05:53 INFO database initialized path=/tmp/expedition-sim-2539126599/gogobee.db
2026/05/17 14:05:53 INFO database initialized path=/tmp/expedition-sim-3709468380/gogobee.db
2026/05/17 14:05:53 INFO dnd: armed ability fired (turn-based build) user=@sim:fighter-l12-underdark-47 ability="Second Wind"
2026/05/17 14:05:53 INFO dnd: armed ability fired (turn-based build) user=@sim:fighter-l3-goblin_warrens-50 ability="Second Wind"
2026/05/17 14:05:53 INFO dnd: armed ability fired (turn-based build) user=@sim:fighter-l12-underdark-47 ability="Second Wind"
2026/05/17 14:05:53 INFO dnd: armed ability fired (turn-based build) user=@sim:fighter-l3-goblin_warrens-50 ability="Second Wind"
2026/05/17 14:05:53 INFO dnd: armed ability fired (turn-based build) user=@sim:fighter-l12-underdark-47 ability="Second Wind"
2026/05/17 14:05:53 INFO dnd: armed ability fired (turn-based build) user=@sim:fighter-l3-goblin_warrens-50 ability="Second Wind"
2026/05/17 14:05:54 INFO database initialized path=/tmp/expedition-sim-284419221/gogobee.db
2026/05/17 14:05:54 INFO dnd: armed ability fired (turn-based build) user=@sim:fighter-l12-forest_shadows-50 ability="Second Wind"
2026/05/17 14:05:54 INFO dnd: armed ability fired (turn-based build) user=@sim:fighter-l12-forest_shadows-50 ability="Second Wind"
2026/05/17 14:05:54 INFO dnd: armed ability fired (turn-based build) user=@sim:fighter-l12-forest_shadows-50 ability="Second Wind"
2026/05/17 14:05:54 INFO database initialized path=/tmp/expedition-sim-3928492695/gogobee.db
2026/05/17 14:05:54 INFO dnd: armed ability fired (turn-based build) user=@sim:fighter-l3-manor_blackspire-55 ability="Second Wind"
2026/05/17 14:05:54 INFO dnd: armed ability fired (turn-based build) user=@sim:fighter-l3-manor_blackspire-55 ability="Second Wind"
2026/05/17 14:05:54 INFO database initialized path=/tmp/expedition-sim-78511498/gogobee.db
2026/05/17 14:05:54 INFO dnd: armed ability fired (turn-based build) user=@sim:fighter-l3-manor_blackspire-55 ability="Second Wind"
2026/05/17 14:05:54 INFO dnd: armed ability fired (turn-based build) user=@sim:fighter-l3-forest_shadows-57 ability="Second Wind"
2026/05/17 14:05:54 INFO dnd: armed ability fired (turn-based build) user=@sim:fighter-l3-forest_shadows-57 ability="Second Wind"
2026/05/17 14:05:54 INFO dnd: armed ability fired (turn-based build) user=@sim:fighter-l3-forest_shadows-57 ability="Second Wind"
2026/05/17 14:05:54 INFO database initialized path=/tmp/expedition-sim-2916658149/gogobee.db
2026/05/17 14:05:54 INFO database initialized path=/tmp/expedition-sim-1368473794/gogobee.db
2026/05/17 14:05:54 INFO dnd: armed ability fired (turn-based build) user=@sim:fighter-l12-manor_blackspire-53 ability="Second Wind"
2026/05/17 14:05:54 INFO database initialized path=/tmp/expedition-sim-4214247649/gogobee.db
2026/05/17 14:05:54 INFO dnd: armed ability fired (turn-based build) user=@sim:fighter-l12-manor_blackspire-53 ability="Second Wind"
2026/05/17 14:05:54 INFO dnd: armed ability fired (turn-based build) user=@sim:fighter-l7-dragons_lair-53 ability="Second Wind"
2026/05/17 14:05:54 INFO dnd: armed ability fired (turn-based build) user=@sim:fighter-l12-manor_blackspire-53 ability="Second Wind"
2026/05/17 14:05:54 INFO database initialized path=/tmp/expedition-sim-2870730096/gogobee.db
2026/05/17 14:05:54 INFO dnd: armed ability fired (turn-based build) user=@sim:fighter-l7-dragons_lair-53 ability="Second Wind"
2026/05/17 14:05:54 INFO dnd: armed ability fired (turn-based build) user=@sim:fighter-l7-manor_blackspire-52 ability="Second Wind"
2026/05/17 14:05:54 INFO dnd: armed ability fired (turn-based build) user=@sim:fighter-l7-dragons_lair-53 ability="Second Wind"
2026/05/17 14:05:54 INFO dnd: armed ability fired (turn-based build) user=@sim:fighter-l7-manor_blackspire-52 ability="Second Wind"
2026/05/17 14:05:54 INFO dnd: armed ability fired (turn-based build) user=@sim:fighter-l7-manor_blackspire-52 ability="Second Wind"
2026/05/17 14:05:54 INFO database initialized path=/tmp/expedition-sim-383311154/gogobee.db
2026/05/17 14:05:54 INFO dnd: armed ability fired (turn-based build) user=@sim:fighter-l7-forest_shadows-50 ability="Second Wind"
2026/05/17 14:05:54 INFO dnd: armed ability fired (turn-based build) user=@sim:fighter-l7-forest_shadows-50 ability="Second Wind"
2026/05/17 14:05:54 INFO database initialized path=/tmp/expedition-sim-3787997191/gogobee.db
2026/05/17 14:05:54 INFO dnd: armed ability fired (turn-based build) user=@sim:fighter-l7-forest_shadows-50 ability="Second Wind"
2026/05/17 14:05:54 INFO database initialized path=/tmp/expedition-sim-2494681876/gogobee.db
2026/05/17 14:05:54 INFO dnd: armed ability fired (turn-based build) user=@sim:fighter-l12-goblin_warrens-45 ability="Second Wind"
2026/05/17 14:05:54 INFO dnd: armed ability fired (turn-based build) user=@sim:fighter-l12-goblin_warrens-45 ability="Second Wind"
2026/05/17 14:05:54 INFO dnd: armed ability fired (turn-based build) user=@sim:fighter-l7-goblin_warrens-53 ability="Second Wind"
2026/05/17 14:05:54 INFO database initialized path=/tmp/expedition-sim-3448942532/gogobee.db
2026/05/17 14:05:54 INFO dnd: armed ability fired (turn-based build) user=@sim:fighter-l7-goblin_warrens-53 ability="Second Wind"
2026/05/17 14:05:54 INFO dnd: armed ability fired (turn-based build) user=@sim:fighter-l12-goblin_warrens-45 ability="Second Wind"
2026/05/17 14:05:54 INFO dnd: armed ability fired (turn-based build) user=@sim:fighter-l7-underdark-48 ability="Second Wind"
2026/05/17 14:05:54 INFO dnd: armed ability fired (turn-based build) user=@sim:fighter-l7-goblin_warrens-53 ability="Second Wind"
2026/05/17 14:05:54 INFO database initialized path=/tmp/expedition-sim-2097457830/gogobee.db
2026/05/17 14:05:54 INFO dnd: armed ability fired (turn-based build) user=@sim:fighter-l7-underdark-48 ability="Second Wind"
2026/05/17 14:05:54 INFO dnd: armed ability fired (turn-based build) user=@sim:fighter-l7-underdark-48 ability="Second Wind"
2026/05/17 14:05:54 INFO database initialized path=/tmp/expedition-sim-2754567540/gogobee.db
2026/05/17 14:05:54 INFO dnd: armed ability fired (turn-based build) user=@sim:fighter-l3-goblin_warrens-51 ability="Second Wind"
2026/05/17 14:05:54 INFO dnd: armed ability fired (turn-based build) user=@sim:fighter-l3-goblin_warrens-51 ability="Second Wind"
2026/05/17 14:05:54 INFO dnd: armed ability fired (turn-based build) user=@sim:fighter-l3-goblin_warrens-51 ability="Second Wind"
2026/05/17 14:05:54 INFO database initialized path=/tmp/expedition-sim-2156685252/gogobee.db
2026/05/17 14:05:54 INFO dnd: armed ability fired (turn-based build) user=@sim:fighter-l12-underdark-48 ability="Second Wind"
2026/05/17 14:05:54 INFO dnd: armed ability fired (turn-based build) user=@sim:fighter-l12-underdark-48 ability="Second Wind"
2026/05/17 14:05:54 INFO dnd: armed ability fired (turn-based build) user=@sim:fighter-l12-underdark-48 ability="Second Wind"
2026/05/17 14:05:54 INFO database initialized path=/tmp/expedition-sim-3432414985/gogobee.db
2026/05/17 14:05:54 INFO dnd: armed ability fired (turn-based build) user=@sim:fighter-l12-forest_shadows-51 ability="Second Wind"
2026/05/17 14:05:54 INFO dnd: armed ability fired (turn-based build) user=@sim:fighter-l12-forest_shadows-51 ability="Second Wind"
2026/05/17 14:05:54 INFO dnd: armed ability fired (turn-based build) user=@sim:fighter-l12-forest_shadows-51 ability="Second Wind"
2026/05/17 14:05:54 INFO database initialized path=/tmp/expedition-sim-3940851768/gogobee.db
2026/05/17 14:05:54 INFO dnd: armed ability fired (turn-based build) user=@sim:fighter-l3-forest_shadows-58 ability="Second Wind"
2026/05/17 14:05:54 INFO database initialized path=/tmp/expedition-sim-3123786930/gogobee.db
2026/05/17 14:05:54 INFO dnd: armed ability fired (turn-based build) user=@sim:fighter-l3-forest_shadows-58 ability="Second Wind"
2026/05/17 14:05:54 INFO dnd: armed ability fired (turn-based build) user=@sim:fighter-l3-forest_shadows-58 ability="Second Wind"
2026/05/17 14:05:54 INFO database initialized path=/tmp/expedition-sim-1212078645/gogobee.db
2026/05/17 14:05:54 INFO dnd: armed ability fired (turn-based build) user=@sim:fighter-l3-manor_blackspire-56 ability="Second Wind"
2026/05/17 14:05:54 INFO dnd: armed ability fired (turn-based build) user=@sim:fighter-l3-manor_blackspire-56 ability="Second Wind"
2026/05/17 14:05:54 INFO dnd: armed ability fired (turn-based build) user=@sim:fighter-l3-manor_blackspire-56 ability="Second Wind"
2026/05/17 14:05:54 INFO database initialized path=/tmp/expedition-sim-1400745000/gogobee.db
2026/05/17 14:05:54 INFO dnd: armed ability fired (turn-based build) user=@sim:fighter-l12-manor_blackspire-54 ability="Second Wind"
2026/05/17 14:05:54 INFO dnd: armed ability fired (turn-based build) user=@sim:fighter-l12-manor_blackspire-54 ability="Second Wind"
2026/05/17 14:05:54 INFO database initialized path=/tmp/expedition-sim-3856778667/gogobee.db
2026/05/17 14:05:54 INFO dnd: armed ability fired (turn-based build) user=@sim:fighter-l12-manor_blackspire-54 ability="Second Wind"
2026/05/17 14:05:54 INFO database initialized path=/tmp/expedition-sim-412051188/gogobee.db
2026/05/17 14:05:54 INFO database initialized path=/tmp/expedition-sim-503196543/gogobee.db
2026/05/17 14:05:54 INFO dnd: armed ability fired (turn-based build) user=@sim:fighter-l7-goblin_warrens-54 ability="Second Wind"
2026/05/17 14:05:54 INFO dnd: armed ability fired (turn-based build) user=@sim:fighter-l7-forest_shadows-51 ability="Second Wind"
2026/05/17 14:05:54 INFO dnd: armed ability fired (turn-based build) user=@sim:fighter-l7-goblin_warrens-54 ability="Second Wind"
2026/05/17 14:05:54 INFO dnd: armed ability fired (turn-based build) user=@sim:fighter-l7-forest_shadows-51 ability="Second Wind"
2026/05/17 14:05:54 INFO dnd: armed ability fired (turn-based build) user=@sim:fighter-l7-forest_shadows-51 ability="Second Wind"
2026/05/17 14:05:54 INFO dnd: armed ability fired (turn-based build) user=@sim:fighter-l7-goblin_warrens-54 ability="Second Wind"
2026/05/17 14:05:54 INFO database initialized path=/tmp/expedition-sim-1239993698/gogobee.db
2026/05/17 14:05:54 INFO dnd: armed ability fired (turn-based build) user=@sim:fighter-l12-goblin_warrens-46 ability="Second Wind"
2026/05/17 14:05:54 INFO database initialized path=/tmp/expedition-sim-1347970094/gogobee.db
2026/05/17 14:05:54 INFO dnd: armed ability fired (turn-based build) user=@sim:fighter-l12-goblin_warrens-46 ability="Second Wind"
2026/05/17 14:05:54 INFO dnd: armed ability fired (turn-based build) user=@sim:fighter-l7-manor_blackspire-53 ability="Second Wind"
2026/05/17 14:05:54 INFO database initialized path=/tmp/expedition-sim-1775924006/gogobee.db
2026/05/17 14:05:54 INFO dnd: armed ability fired (turn-based build) user=@sim:fighter-l7-manor_blackspire-53 ability="Second Wind"
2026/05/17 14:05:54 INFO dnd: armed ability fired (turn-based build) user=@sim:fighter-l12-goblin_warrens-46 ability="Second Wind"
2026/05/17 14:05:54 INFO database initialized path=/tmp/expedition-sim-4136389984/gogobee.db
2026/05/17 14:05:54 INFO database initialized path=/tmp/expedition-sim-1725414392/gogobee.db
2026/05/17 14:05:54 INFO dnd: armed ability fired (turn-based build) user=@sim:fighter-l7-manor_blackspire-53 ability="Second Wind"
2026/05/17 14:05:54 INFO dnd: armed ability fired (turn-based build) user=@sim:fighter-l7-dragons_lair-54 ability="Second Wind"
2026/05/17 14:05:54 INFO dnd: armed ability fired (turn-based build) user=@sim:fighter-l7-underdark-49 ability="Second Wind"
2026/05/17 14:05:54 INFO dnd: armed ability fired (turn-based build) user=@sim:fighter-l3-goblin_warrens-52 ability="Second Wind"
2026/05/17 14:05:54 INFO dnd: armed ability fired (turn-based build) user=@sim:fighter-l7-dragons_lair-54 ability="Second Wind"
2026/05/17 14:05:54 INFO dnd: armed ability fired (turn-based build) user=@sim:fighter-l7-underdark-49 ability="Second Wind"
2026/05/17 14:05:54 INFO dnd: armed ability fired (turn-based build) user=@sim:fighter-l3-goblin_warrens-52 ability="Second Wind"
2026/05/17 14:05:54 INFO dnd: armed ability fired (turn-based build) user=@sim:fighter-l3-goblin_warrens-52 ability="Second Wind"
2026/05/17 14:05:54 INFO dnd: armed ability fired (turn-based build) user=@sim:fighter-l7-dragons_lair-54 ability="Second Wind"
2026/05/17 14:05:54 INFO dnd: armed ability fired (turn-based build) user=@sim:fighter-l7-underdark-49 ability="Second Wind"
2026/05/17 14:05:54 INFO database initialized path=/tmp/expedition-sim-1064862298/gogobee.db
2026/05/17 14:05:54 INFO database initialized path=/tmp/expedition-sim-1013377315/gogobee.db
2026/05/17 14:05:54 INFO dnd: armed ability fired (turn-based build) user=@sim:fighter-l12-underdark-49 ability="Second Wind"
2026/05/17 14:05:54 INFO dnd: armed ability fired (turn-based build) user=@sim:fighter-l12-forest_shadows-52 ability="Second Wind"
2026/05/17 14:05:54 INFO dnd: armed ability fired (turn-based build) user=@sim:fighter-l12-underdark-49 ability="Second Wind"
2026/05/17 14:05:54 INFO dnd: armed ability fired (turn-based build) user=@sim:fighter-l12-forest_shadows-52 ability="Second Wind"
2026/05/17 14:05:54 INFO dnd: armed ability fired (turn-based build) user=@sim:fighter-l12-underdark-49 ability="Second Wind"
2026/05/17 14:05:54 INFO dnd: armed ability fired (turn-based build) user=@sim:fighter-l12-forest_shadows-52 ability="Second Wind"
2026/05/17 14:05:54 INFO database initialized path=/tmp/expedition-sim-1308466916/gogobee.db
2026/05/17 14:05:54 INFO dnd: armed ability fired (turn-based build) user=@sim:fighter-l3-forest_shadows-59 ability="Second Wind"
2026/05/17 14:05:54 INFO dnd: armed ability fired (turn-based build) user=@sim:fighter-l3-forest_shadows-59 ability="Second Wind"
2026/05/17 14:05:54 INFO dnd: armed ability fired (turn-based build) user=@sim:fighter-l3-forest_shadows-59 ability="Second Wind"
2026/05/17 14:05:54 INFO database initialized path=/tmp/expedition-sim-3263071747/gogobee.db
2026/05/17 14:05:55 INFO database initialized path=/tmp/expedition-sim-2761258965/gogobee.db
2026/05/17 14:05:55 INFO database initialized path=/tmp/expedition-sim-1770849402/gogobee.db
2026/05/17 14:05:55 INFO dnd: armed ability fired (turn-based build) user=@sim:fighter-l3-manor_blackspire-57 ability="Second Wind"
2026/05/17 14:05:55 INFO dnd: armed ability fired (turn-based build) user=@sim:fighter-l3-manor_blackspire-57 ability="Second Wind"
2026/05/17 14:05:55 INFO dnd: armed ability fired (turn-based build) user=@sim:fighter-l3-manor_blackspire-57 ability="Second Wind"
2026/05/17 14:05:55 INFO database initialized path=/tmp/expedition-sim-3942153914/gogobee.db
2026/05/17 14:05:55 INFO dnd: armed ability fired (turn-based build) user=@sim:fighter-l12-manor_blackspire-55 ability="Second Wind"
2026/05/17 14:05:55 INFO dnd: armed ability fired (turn-based build) user=@sim:fighter-l12-manor_blackspire-55 ability="Second Wind"
2026/05/17 14:05:55 INFO dnd: armed ability fired (turn-based build) user=@sim:fighter-l12-manor_blackspire-55 ability="Second Wind"
2026/05/17 14:05:55 INFO database initialized path=/tmp/expedition-sim-1942759041/gogobee.db
2026/05/17 14:05:55 INFO dnd: armed ability fired (turn-based build) user=@sim:fighter-l7-goblin_warrens-55 ability="Second Wind"
2026/05/17 14:05:55 INFO dnd: armed ability fired (turn-based build) user=@sim:fighter-l7-goblin_warrens-55 ability="Second Wind"
2026/05/17 14:05:55 INFO dnd: armed ability fired (turn-based build) user=@sim:fighter-l7-goblin_warrens-55 ability="Second Wind"
2026/05/17 14:05:55 INFO database initialized path=/tmp/expedition-sim-3457915790/gogobee.db
2026/05/17 14:05:55 INFO dnd: armed ability fired (turn-based build) user=@sim:fighter-l7-forest_shadows-52 ability="Second Wind"
2026/05/17 14:05:55 INFO dnd: armed ability fired (turn-based build) user=@sim:fighter-l7-forest_shadows-52 ability="Second Wind"
2026/05/17 14:05:55 INFO dnd: armed ability fired (turn-based build) user=@sim:fighter-l7-forest_shadows-52 ability="Second Wind"
2026/05/17 14:05:55 INFO database initialized path=/tmp/expedition-sim-3559471453/gogobee.db
2026/05/17 14:05:55 INFO dnd: armed ability fired (turn-based build) user=@sim:fighter-l3-goblin_warrens-53 ability="Second Wind"
2026/05/17 14:05:55 INFO database initialized path=/tmp/expedition-sim-1718508427/gogobee.db
2026/05/17 14:05:55 INFO dnd: armed ability fired (turn-based build) user=@sim:fighter-l12-goblin_warrens-47 ability="Second Wind"
2026/05/17 14:05:55 INFO dnd: armed ability fired (turn-based build) user=@sim:fighter-l3-goblin_warrens-53 ability="Second Wind"
2026/05/17 14:05:55 INFO dnd: armed ability fired (turn-based build) user=@sim:fighter-l12-goblin_warrens-47 ability="Second Wind"
2026/05/17 14:05:55 INFO dnd: armed ability fired (turn-based build) user=@sim:fighter-l3-goblin_warrens-53 ability="Second Wind"
2026/05/17 14:05:55 INFO dnd: armed ability fired (turn-based build) user=@sim:fighter-l12-goblin_warrens-47 ability="Second Wind"
2026/05/17 14:05:55 INFO database initialized path=/tmp/expedition-sim-1080462437/gogobee.db
2026/05/17 14:05:55 INFO database initialized path=/tmp/expedition-sim-3323476646/gogobee.db
2026/05/17 14:05:55 INFO dnd: armed ability fired (turn-based build) user=@sim:fighter-l7-manor_blackspire-54 ability="Second Wind"
2026/05/17 14:05:55 INFO dnd: armed ability fired (turn-based build) user=@sim:fighter-l7-manor_blackspire-54 ability="Second Wind"
2026/05/17 14:05:55 INFO dnd: armed ability fired (turn-based build) user=@sim:fighter-l7-dragons_lair-55 ability="Second Wind"
2026/05/17 14:05:55 INFO dnd: armed ability fired (turn-based build) user=@sim:fighter-l7-dragons_lair-55 ability="Second Wind"
2026/05/17 14:05:55 INFO dnd: armed ability fired (turn-based build) user=@sim:fighter-l7-manor_blackspire-54 ability="Second Wind"
2026/05/17 14:05:55 INFO dnd: armed ability fired (turn-based build) user=@sim:fighter-l7-dragons_lair-55 ability="Second Wind"
2026/05/17 14:05:55 INFO database initialized path=/tmp/expedition-sim-1389711684/gogobee.db
2026/05/17 14:05:55 INFO database initialized path=/tmp/expedition-sim-3101708297/gogobee.db
2026/05/17 14:05:55 INFO database initialized path=/tmp/expedition-sim-3881670667/gogobee.db
2026/05/17 14:05:55 INFO dnd: armed ability fired (turn-based build) user=@sim:fighter-l3-forest_shadows-60 ability="Second Wind"
2026/05/17 14:05:55 INFO database initialized path=/tmp/expedition-sim-2225827237/gogobee.db
2026/05/17 14:05:55 INFO dnd: armed ability fired (turn-based build) user=@sim:fighter-l3-forest_shadows-60 ability="Second Wind"
2026/05/17 14:05:55 INFO dnd: armed ability fired (turn-based build) user=@sim:fighter-l12-underdark-50 ability="Second Wind"
2026/05/17 14:05:55 INFO dnd: armed ability fired (turn-based build) user=@sim:fighter-l12-underdark-50 ability="Second Wind"
2026/05/17 14:05:55 INFO dnd: armed ability fired (turn-based build) user=@sim:fighter-l3-forest_shadows-60 ability="Second Wind"
2026/05/17 14:05:55 INFO dnd: armed ability fired (turn-based build) user=@sim:fighter-l12-underdark-50 ability="Second Wind"
2026/05/17 14:05:55 INFO database initialized path=/tmp/expedition-sim-2115634794/gogobee.db
2026/05/17 14:05:55 INFO database initialized path=/tmp/expedition-sim-1653547218/gogobee.db
2026/05/17 14:05:55 INFO dnd: armed ability fired (turn-based build) user=@sim:fighter-l12-forest_shadows-53 ability="Second Wind"
2026/05/17 14:05:55 INFO dnd: armed ability fired (turn-based build) user=@sim:fighter-l3-manor_blackspire-58 ability="Second Wind"
2026/05/17 14:05:55 INFO dnd: armed ability fired (turn-based build) user=@sim:fighter-l12-forest_shadows-53 ability="Second Wind"
2026/05/17 14:05:55 INFO dnd: armed ability fired (turn-based build) user=@sim:fighter-l3-manor_blackspire-58 ability="Second Wind"
2026/05/17 14:05:55 INFO dnd: armed ability fired (turn-based build) user=@sim:fighter-l12-forest_shadows-53 ability="Second Wind"
2026/05/17 14:05:55 INFO dnd: armed ability fired (turn-based build) user=@sim:fighter-l3-manor_blackspire-58 ability="Second Wind"
2026/05/17 14:05:55 INFO database initialized path=/tmp/expedition-sim-4019659959/gogobee.db
2026/05/17 14:05:55 INFO database initialized path=/tmp/expedition-sim-3912172154/gogobee.db
2026/05/17 14:05:55 INFO dnd: armed ability fired (turn-based build) user=@sim:fighter-l7-goblin_warrens-56 ability="Second Wind"
2026/05/17 14:05:55 INFO dnd: armed ability fired (turn-based build) user=@sim:fighter-l7-underdark-50 ability="Second Wind"
2026/05/17 14:05:55 INFO dnd: armed ability fired (turn-based build) user=@sim:fighter-l7-goblin_warrens-56 ability="Second Wind"
2026/05/17 14:05:55 INFO dnd: armed ability fired (turn-based build) user=@sim:fighter-l7-underdark-50 ability="Second Wind"
2026/05/17 14:05:55 INFO dnd: armed ability fired (turn-based build) user=@sim:fighter-l7-goblin_warrens-56 ability="Second Wind"
2026/05/17 14:05:55 INFO dnd: armed ability fired (turn-based build) user=@sim:fighter-l7-underdark-50 ability="Second Wind"
2026/05/17 14:05:55 INFO database initialized path=/tmp/expedition-sim-174344848/gogobee.db
2026/05/17 14:05:55 INFO dnd: armed ability fired (turn-based build) user=@sim:fighter-l12-manor_blackspire-56 ability="Second Wind"
2026/05/17 14:05:55 INFO dnd: armed ability fired (turn-based build) user=@sim:fighter-l12-manor_blackspire-56 ability="Second Wind"
2026/05/17 14:05:55 INFO dnd: armed ability fired (turn-based build) user=@sim:fighter-l12-manor_blackspire-56 ability="Second Wind"
2026/05/17 14:05:55 INFO database initialized path=/tmp/expedition-sim-2285522822/gogobee.db
2026/05/17 14:05:55 INFO dnd: armed ability fired (turn-based build) user=@sim:fighter-l3-goblin_warrens-54 ability="Second Wind"
2026/05/17 14:05:55 INFO dnd: armed ability fired (turn-based build) user=@sim:fighter-l3-goblin_warrens-54 ability="Second Wind"
2026/05/17 14:05:55 INFO dnd: armed ability fired (turn-based build) user=@sim:fighter-l3-goblin_warrens-54 ability="Second Wind"
2026/05/17 14:05:55 INFO database initialized path=/tmp/expedition-sim-2773383602/gogobee.db
2026/05/17 14:05:55 INFO database initialized path=/tmp/expedition-sim-98156112/gogobee.db
2026/05/17 14:05:55 INFO dnd: armed ability fired (turn-based build) user=@sim:fighter-l7-forest_shadows-53 ability="Second Wind"
2026/05/17 14:05:55 INFO database initialized path=/tmp/expedition-sim-2356350156/gogobee.db
2026/05/17 14:05:55 INFO dnd: armed ability fired (turn-based build) user=@sim:fighter-l12-goblin_warrens-48 ability="Second Wind"
2026/05/17 14:05:55 INFO dnd: armed ability fired (turn-based build) user=@sim:fighter-l7-forest_shadows-53 ability="Second Wind"
2026/05/17 14:05:55 INFO dnd: armed ability fired (turn-based build) user=@sim:fighter-l12-goblin_warrens-48 ability="Second Wind"
2026/05/17 14:05:55 INFO database initialized path=/tmp/expedition-sim-4144650624/gogobee.db
2026/05/17 14:05:55 INFO dnd: armed ability fired (turn-based build) user=@sim:fighter-l7-forest_shadows-53 ability="Second Wind"
2026/05/17 14:05:55 INFO dnd: armed ability fired (turn-based build) user=@sim:fighter-l12-goblin_warrens-48 ability="Second Wind"
2026/05/17 14:05:55 INFO database initialized path=/tmp/expedition-sim-567847156/gogobee.db
2026/05/17 14:05:55 INFO dnd: armed ability fired (turn-based build) user=@sim:fighter-l7-manor_blackspire-55 ability="Second Wind"
2026/05/17 14:05:55 INFO dnd: armed ability fired (turn-based build) user=@sim:fighter-l7-manor_blackspire-55 ability="Second Wind"
2026/05/17 14:05:55 INFO dnd: armed ability fired (turn-based build) user=@sim:fighter-l7-manor_blackspire-55 ability="Second Wind"
2026/05/17 14:05:55 INFO database initialized path=/tmp/expedition-sim-150405723/gogobee.db
2026/05/17 14:05:55 INFO dnd: armed ability fired (turn-based build) user=@sim:fighter-l7-dragons_lair-56 ability="Second Wind"
2026/05/17 14:05:55 INFO dnd: armed ability fired (turn-based build) user=@sim:fighter-l7-dragons_lair-56 ability="Second Wind"
2026/05/17 14:05:55 INFO database initialized path=/tmp/expedition-sim-749660554/gogobee.db
2026/05/17 14:05:55 INFO database initialized path=/tmp/expedition-sim-2455725985/gogobee.db
2026/05/17 14:05:55 INFO dnd: armed ability fired (turn-based build) user=@sim:fighter-l12-underdark-51 ability="Second Wind"
2026/05/17 14:05:55 INFO dnd: armed ability fired (turn-based build) user=@sim:fighter-l7-dragons_lair-56 ability="Second Wind"
2026/05/17 14:05:55 INFO dnd: armed ability fired (turn-based build) user=@sim:fighter-l12-underdark-51 ability="Second Wind"
2026/05/17 14:05:55 INFO dnd: armed ability fired (turn-based build) user=@sim:fighter-l3-forest_shadows-61 ability="Second Wind"
2026/05/17 14:05:55 INFO dnd: armed ability fired (turn-based build) user=@sim:fighter-l3-forest_shadows-61 ability="Second Wind"
2026/05/17 14:05:55 INFO dnd: armed ability fired (turn-based build) user=@sim:fighter-l12-underdark-51 ability="Second Wind"
2026/05/17 14:05:55 INFO dnd: armed ability fired (turn-based build) user=@sim:fighter-l3-forest_shadows-61 ability="Second Wind"
2026/05/17 14:05:55 INFO database initialized path=/tmp/expedition-sim-1618585282/gogobee.db
2026/05/17 14:05:55 INFO database initialized path=/tmp/expedition-sim-529230965/gogobee.db
2026/05/17 14:05:55 INFO dnd: armed ability fired (turn-based build) user=@sim:fighter-l7-goblin_warrens-57 ability="Second Wind"
2026/05/17 14:05:55 INFO dnd: armed ability fired (turn-based build) user=@sim:fighter-l12-forest_shadows-54 ability="Second Wind"
2026/05/17 14:05:55 INFO dnd: armed ability fired (turn-based build) user=@sim:fighter-l7-goblin_warrens-57 ability="Second Wind"
2026/05/17 14:05:55 INFO dnd: armed ability fired (turn-based build) user=@sim:fighter-l7-goblin_warrens-57 ability="Second Wind"
2026/05/17 14:05:55 INFO dnd: armed ability fired (turn-based build) user=@sim:fighter-l12-forest_shadows-54 ability="Second Wind"
2026/05/17 14:05:55 INFO dnd: armed ability fired (turn-based build) user=@sim:fighter-l12-forest_shadows-54 ability="Second Wind"
2026/05/17 14:05:55 INFO database initialized path=/tmp/expedition-sim-670513821/gogobee.db
2026/05/17 14:05:55 INFO dnd: armed ability fired (turn-based build) user=@sim:fighter-l3-manor_blackspire-59 ability="Second Wind"
2026/05/17 14:05:55 INFO dnd: armed ability fired (turn-based build) user=@sim:fighter-l3-manor_blackspire-59 ability="Second Wind"
2026/05/17 14:05:55 INFO dnd: armed ability fired (turn-based build) user=@sim:fighter-l3-manor_blackspire-59 ability="Second Wind"
2026/05/17 14:05:55 WARN auto-heal cleanup: short on inventory user=@sim:fighter-l3-manor_blackspire-59 wanted=1 removed=0
2026/05/17 14:05:56 INFO database initialized path=/tmp/expedition-sim-2321845258/gogobee.db
2026/05/17 14:05:56 INFO dnd: armed ability fired (turn-based build) user=@sim:fighter-l3-goblin_warrens-55 ability="Second Wind"
2026/05/17 14:05:56 INFO dnd: armed ability fired (turn-based build) user=@sim:fighter-l3-goblin_warrens-55 ability="Second Wind"
2026/05/17 14:05:56 INFO database initialized path=/tmp/expedition-sim-642872602/gogobee.db
2026/05/17 14:05:56 INFO dnd: armed ability fired (turn-based build) user=@sim:fighter-l3-goblin_warrens-55 ability="Second Wind"
2026/05/17 14:05:56 INFO database initialized path=/tmp/expedition-sim-3645727104/gogobee.db
2026/05/17 14:05:56 INFO database initialized path=/tmp/expedition-sim-3629624062/gogobee.db
2026/05/17 14:05:56 INFO database initialized path=/tmp/expedition-sim-4174561564/gogobee.db
2026/05/17 14:05:56 INFO dnd: armed ability fired (turn-based build) user=@sim:fighter-l7-underdark-51 ability="Second Wind"
2026/05/17 14:05:56 INFO dnd: armed ability fired (turn-based build) user=@sim:fighter-l12-manor_blackspire-57 ability="Second Wind"
2026/05/17 14:05:56 INFO dnd: armed ability fired (turn-based build) user=@sim:fighter-l7-underdark-51 ability="Second Wind"
2026/05/17 14:05:56 INFO dnd: armed ability fired (turn-based build) user=@sim:fighter-l12-manor_blackspire-57 ability="Second Wind"
2026/05/17 14:05:56 INFO dnd: armed ability fired (turn-based build) user=@sim:fighter-l12-manor_blackspire-57 ability="Second Wind"
2026/05/17 14:05:56 INFO dnd: armed ability fired (turn-based build) user=@sim:fighter-l7-underdark-51 ability="Second Wind"
2026/05/17 14:05:56 INFO database initialized path=/tmp/expedition-sim-3962052400/gogobee.db
2026/05/17 14:05:56 INFO dnd: armed ability fired (turn-based build) user=@sim:fighter-l7-forest_shadows-54 ability="Second Wind"
2026/05/17 14:05:56 INFO dnd: armed ability fired (turn-based build) user=@sim:fighter-l7-forest_shadows-54 ability="Second Wind"
2026/05/17 14:05:56 INFO dnd: armed ability fired (turn-based build) user=@sim:fighter-l7-forest_shadows-54 ability="Second Wind"
2026/05/17 14:05:56 INFO database initialized path=/tmp/expedition-sim-784820888/gogobee.db
2026/05/17 14:05:56 INFO dnd: armed ability fired (turn-based build) user=@sim:fighter-l12-goblin_warrens-49 ability="Second Wind"
2026/05/17 14:05:56 INFO dnd: armed ability fired (turn-based build) user=@sim:fighter-l12-goblin_warrens-49 ability="Second Wind"
2026/05/17 14:05:56 INFO dnd: armed ability fired (turn-based build) user=@sim:fighter-l12-goblin_warrens-49 ability="Second Wind"
2026/05/17 14:05:56 INFO database initialized path=/tmp/expedition-sim-1351165984/gogobee.db
2026/05/17 14:05:56 INFO dnd: armed ability fired (turn-based build) user=@sim:fighter-l7-goblin_warrens-58 ability="Second Wind"
2026/05/17 14:05:56 INFO dnd: armed ability fired (turn-based build) user=@sim:fighter-l7-goblin_warrens-58 ability="Second Wind"
2026/05/17 14:05:56 INFO database initialized path=/tmp/expedition-sim-1068272766/gogobee.db
2026/05/17 14:05:56 INFO dnd: armed ability fired (turn-based build) user=@sim:fighter-l7-goblin_warrens-58 ability="Second Wind"
2026/05/17 14:05:56 INFO dnd: armed ability fired (turn-based build) user=@sim:fighter-l3-forest_shadows-62 ability="Second Wind"
2026/05/17 14:05:56 INFO database initialized path=/tmp/expedition-sim-1320957370/gogobee.db
2026/05/17 14:05:56 INFO dnd: armed ability fired (turn-based build) user=@sim:fighter-l3-forest_shadows-62 ability="Second Wind"
2026/05/17 14:05:56 INFO database initialized path=/tmp/expedition-sim-686998297/gogobee.db
2026/05/17 14:05:56 INFO database initialized path=/tmp/expedition-sim-3268633311/gogobee.db
2026/05/17 14:05:56 INFO dnd: armed ability fired (turn-based build) user=@sim:fighter-l3-manor_blackspire-60 ability="Second Wind"
2026/05/17 14:05:56 INFO dnd: armed ability fired (turn-based build) user=@sim:fighter-l3-forest_shadows-62 ability="Second Wind"
2026/05/17 14:05:56 INFO dnd: armed ability fired (turn-based build) user=@sim:fighter-l7-manor_blackspire-56 ability="Second Wind"
2026/05/17 14:05:56 INFO dnd: armed ability fired (turn-based build) user=@sim:fighter-l3-manor_blackspire-60 ability="Second Wind"
2026/05/17 14:05:56 INFO dnd: armed ability fired (turn-based build) user=@sim:fighter-l12-underdark-52 ability="Second Wind"
2026/05/17 14:05:56 INFO dnd: armed ability fired (turn-based build) user=@sim:fighter-l7-manor_blackspire-56 ability="Second Wind"
2026/05/17 14:05:56 INFO dnd: armed ability fired (turn-based build) user=@sim:fighter-l3-manor_blackspire-60 ability="Second Wind"
2026/05/17 14:05:56 INFO database initialized path=/tmp/expedition-sim-3968542597/gogobee.db
2026/05/17 14:05:56 INFO database initialized path=/tmp/expedition-sim-2357027388/gogobee.db
2026/05/17 14:05:56 INFO dnd: armed ability fired (turn-based build) user=@sim:fighter-l7-manor_blackspire-56 ability="Second Wind"
2026/05/17 14:05:56 INFO dnd: armed ability fired (turn-based build) user=@sim:fighter-l12-underdark-52 ability="Second Wind"
2026/05/17 14:05:56 INFO dnd: armed ability fired (turn-based build) user=@sim:fighter-l12-forest_shadows-55 ability="Second Wind"
2026/05/17 14:05:56 INFO dnd: armed ability fired (turn-based build) user=@sim:fighter-l12-underdark-52 ability="Second Wind"
2026/05/17 14:05:56 INFO dnd: armed ability fired (turn-based build) user=@sim:fighter-l12-forest_shadows-55 ability="Second Wind"
2026/05/17 14:05:56 INFO dnd: armed ability fired (turn-based build) user=@sim:fighter-l12-forest_shadows-55 ability="Second Wind"
2026/05/17 14:05:56 INFO database initialized path=/tmp/expedition-sim-1096005873/gogobee.db
2026/05/17 14:05:56 INFO dnd: armed ability fired (turn-based build) user=@sim:fighter-l3-goblin_warrens-56 ability="Second Wind"
2026/05/17 14:05:56 INFO dnd: armed ability fired (turn-based build) user=@sim:fighter-l3-goblin_warrens-56 ability="Second Wind"
2026/05/17 14:05:56 INFO dnd: armed ability fired (turn-based build) user=@sim:fighter-l3-goblin_warrens-56 ability="Second Wind"
2026/05/17 14:05:56 INFO database initialized path=/tmp/expedition-sim-900406118/gogobee.db
2026/05/17 14:05:56 INFO database initialized path=/tmp/expedition-sim-1040798887/gogobee.db
2026/05/17 14:05:56 INFO dnd: armed ability fired (turn-based build) user=@sim:fighter-l12-manor_blackspire-58 ability="Second Wind"
2026/05/17 14:05:56 INFO dnd: armed ability fired (turn-based build) user=@sim:fighter-l12-manor_blackspire-58 ability="Second Wind"
2026/05/17 14:05:56 INFO database initialized path=/tmp/expedition-sim-1733462308/gogobee.db
2026/05/17 14:05:56 INFO dnd: armed ability fired (turn-based build) user=@sim:fighter-l12-manor_blackspire-58 ability="Second Wind"
2026/05/17 14:05:56 INFO dnd: armed ability fired (turn-based build) user=@sim:fighter-l7-forest_shadows-55 ability="Second Wind"
2026/05/17 14:05:56 INFO dnd: armed ability fired (turn-based build) user=@sim:fighter-l7-forest_shadows-55 ability="Second Wind"
2026/05/17 14:05:56 INFO dnd: armed ability fired (turn-based build) user=@sim:fighter-l7-forest_shadows-55 ability="Second Wind"
2026/05/17 14:05:56 INFO database initialized path=/tmp/expedition-sim-2773906202/gogobee.db
2026/05/17 14:05:56 INFO dnd: armed ability fired (turn-based build) user=@sim:fighter-l7-dragons_lair-57 ability="Second Wind"
2026/05/17 14:05:56 INFO dnd: armed ability fired (turn-based build) user=@sim:fighter-l7-dragons_lair-57 ability="Second Wind"
2026/05/17 14:05:56 INFO dnd: armed ability fired (turn-based build) user=@sim:fighter-l7-dragons_lair-57 ability="Second Wind"
2026/05/17 14:05:56 INFO database initialized path=/tmp/expedition-sim-530449999/gogobee.db
2026/05/17 14:05:56 INFO dnd: armed ability fired (turn-based build) user=@sim:fighter-l12-goblin_warrens-50 ability="Second Wind"
2026/05/17 14:05:56 INFO dnd: armed ability fired (turn-based build) user=@sim:fighter-l12-goblin_warrens-50 ability="Second Wind"
2026/05/17 14:05:56 INFO dnd: armed ability fired (turn-based build) user=@sim:fighter-l12-goblin_warrens-50 ability="Second Wind"
2026/05/17 14:05:56 INFO database initialized path=/tmp/expedition-sim-995782246/gogobee.db
2026/05/17 14:05:56 INFO database initialized path=/tmp/expedition-sim-2774570910/gogobee.db
2026/05/17 14:05:56 INFO dnd: armed ability fired (turn-based build) user=@sim:fighter-l7-goblin_warrens-59 ability="Second Wind"
2026/05/17 14:05:56 INFO dnd: armed ability fired (turn-based build) user=@sim:fighter-l7-goblin_warrens-59 ability="Second Wind"
2026/05/17 14:05:56 INFO database initialized path=/tmp/expedition-sim-666330440/gogobee.db
2026/05/17 14:05:56 INFO dnd: armed ability fired (turn-based build) user=@sim:fighter-l7-goblin_warrens-59 ability="Second Wind"
2026/05/17 14:05:56 INFO dnd: armed ability fired (turn-based build) user=@sim:fighter-l7-underdark-52 ability="Second Wind"
2026/05/17 14:05:56 INFO database initialized path=/tmp/expedition-sim-3176541863/gogobee.db
2026/05/17 14:05:56 INFO dnd: armed ability fired (turn-based build) user=@sim:fighter-l7-underdark-52 ability="Second Wind"
2026/05/17 14:05:56 INFO dnd: armed ability fired (turn-based build) user=@sim:fighter-l3-forest_shadows-63 ability="Second Wind"
2026/05/17 14:05:56 INFO database initialized path=/tmp/expedition-sim-3546897462/gogobee.db
2026/05/17 14:05:56 INFO dnd: armed ability fired (turn-based build) user=@sim:fighter-l7-underdark-52 ability="Second Wind"
2026/05/17 14:05:56 WARN auto-heal cleanup: short on inventory user=@sim:fighter-l7-underdark-52 wanted=1 removed=0
2026/05/17 14:05:56 INFO database initialized path=/tmp/expedition-sim-678651186/gogobee.db
2026/05/17 14:05:56 INFO dnd: armed ability fired (turn-based build) user=@sim:fighter-l3-forest_shadows-63 ability="Second Wind"
2026/05/17 14:05:56 INFO dnd: armed ability fired (turn-based build) user=@sim:fighter-l12-underdark-53 ability="Second Wind"
2026/05/17 14:05:56 INFO dnd: armed ability fired (turn-based build) user=@sim:fighter-l3-manor_blackspire-61 ability="Second Wind"
2026/05/17 14:05:56 INFO dnd: armed ability fired (turn-based build) user=@sim:fighter-l3-forest_shadows-63 ability="Second Wind"
2026/05/17 14:05:56 INFO database initialized path=/tmp/expedition-sim-1225325316/gogobee.db
2026/05/17 14:05:56 INFO dnd: armed ability fired (turn-based build) user=@sim:fighter-l3-manor_blackspire-61 ability="Second Wind"
2026/05/17 14:05:56 INFO dnd: armed ability fired (turn-based build) user=@sim:fighter-l12-underdark-53 ability="Second Wind"
2026/05/17 14:05:56 INFO dnd: armed ability fired (turn-based build) user=@sim:fighter-l3-manor_blackspire-61 ability="Second Wind"
2026/05/17 14:05:56 INFO dnd: armed ability fired (turn-based build) user=@sim:fighter-l12-underdark-53 ability="Second Wind"
2026/05/17 14:05:56 INFO database initialized path=/tmp/expedition-sim-2528543456/gogobee.db
2026/05/17 14:05:56 INFO dnd: armed ability fired (turn-based build) user=@sim:fighter-l7-manor_blackspire-57 ability="Second Wind"
2026/05/17 14:05:56 INFO dnd: armed ability fired (turn-based build) user=@sim:fighter-l7-manor_blackspire-57 ability="Second Wind"
2026/05/17 14:05:56 INFO dnd: armed ability fired (turn-based build) user=@sim:fighter-l7-manor_blackspire-57 ability="Second Wind"
2026/05/17 14:05:56 INFO database initialized path=/tmp/expedition-sim-343102178/gogobee.db
2026/05/17 14:05:56 INFO dnd: armed ability fired (turn-based build) user=@sim:fighter-l12-forest_shadows-56 ability="Second Wind"
2026/05/17 14:05:56 INFO dnd: armed ability fired (turn-based build) user=@sim:fighter-l12-forest_shadows-56 ability="Second Wind"
2026/05/17 14:05:56 INFO dnd: armed ability fired (turn-based build) user=@sim:fighter-l12-forest_shadows-56 ability="Second Wind"
2026/05/17 14:05:56 INFO database initialized path=/tmp/expedition-sim-3867338933/gogobee.db
2026/05/17 14:05:56 INFO dnd: armed ability fired (turn-based build) user=@sim:fighter-l3-goblin_warrens-57 ability="Second Wind"
2026/05/17 14:05:56 INFO dnd: armed ability fired (turn-based build) user=@sim:fighter-l3-goblin_warrens-57 ability="Second Wind"
2026/05/17 14:05:56 INFO dnd: armed ability fired (turn-based build) user=@sim:fighter-l3-goblin_warrens-57 ability="Second Wind"
2026/05/17 14:05:56 INFO database initialized path=/tmp/expedition-sim-2209763855/gogobee.db
2026/05/17 14:05:56 INFO dnd: armed ability fired (turn-based build) user=@sim:fighter-l7-dragons_lair-58 ability="Second Wind"
2026/05/17 14:05:56 INFO dnd: armed ability fired (turn-based build) user=@sim:fighter-l7-dragons_lair-58 ability="Second Wind"
2026/05/17 14:05:56 INFO database initialized path=/tmp/expedition-sim-3509234427/gogobee.db
2026/05/17 14:05:56 INFO dnd: armed ability fired (turn-based build) user=@sim:fighter-l12-manor_blackspire-59 ability="Second Wind"
2026/05/17 14:05:56 INFO dnd: armed ability fired (turn-based build) user=@sim:fighter-l7-dragons_lair-58 ability="Second Wind"
2026/05/17 14:05:56 INFO database initialized path=/tmp/expedition-sim-2882085206/gogobee.db
2026/05/17 14:05:56 INFO dnd: armed ability fired (turn-based build) user=@sim:fighter-l12-manor_blackspire-59 ability="Second Wind"
2026/05/17 14:05:56 INFO dnd: armed ability fired (turn-based build) user=@sim:fighter-l12-manor_blackspire-59 ability="Second Wind"
2026/05/17 14:05:57 INFO database initialized path=/tmp/expedition-sim-1348162753/gogobee.db
2026/05/17 14:05:57 INFO dnd: armed ability fired (turn-based build) user=@sim:fighter-l12-goblin_warrens-51 ability="Second Wind"
2026/05/17 14:05:57 INFO database initialized path=/tmp/expedition-sim-2994746954/gogobee.db
2026/05/17 14:05:57 INFO dnd: armed ability fired (turn-based build) user=@sim:fighter-l12-goblin_warrens-51 ability="Second Wind"
2026/05/17 14:05:57 INFO dnd: armed ability fired (turn-based build) user=@sim:fighter-l12-goblin_warrens-51 ability="Second Wind"
2026/05/17 14:05:57 INFO database initialized path=/tmp/expedition-sim-822944106/gogobee.db
2026/05/17 14:05:57 INFO dnd: armed ability fired (turn-based build) user=@sim:fighter-l7-forest_shadows-56 ability="Second Wind"
2026/05/17 14:05:57 INFO dnd: armed ability fired (turn-based build) user=@sim:fighter-l7-forest_shadows-56 ability="Second Wind"
2026/05/17 14:05:57 INFO database initialized path=/tmp/expedition-sim-3431613263/gogobee.db
2026/05/17 14:05:57 INFO dnd: armed ability fired (turn-based build) user=@sim:fighter-l7-goblin_warrens-60 ability="Second Wind"
2026/05/17 14:05:57 INFO dnd: armed ability fired (turn-based build) user=@sim:fighter-l7-forest_shadows-56 ability="Second Wind"
2026/05/17 14:05:57 INFO dnd: armed ability fired (turn-based build) user=@sim:fighter-l7-goblin_warrens-60 ability="Second Wind"
2026/05/17 14:05:57 INFO dnd: armed ability fired (turn-based build) user=@sim:fighter-l7-goblin_warrens-60 ability="Second Wind"
2026/05/17 14:05:57 INFO database initialized path=/tmp/expedition-sim-1881506838/gogobee.db
2026/05/17 14:05:57 INFO database initialized path=/tmp/expedition-sim-706686189/gogobee.db
2026/05/17 14:05:57 INFO dnd: armed ability fired (turn-based build) user=@sim:fighter-l3-forest_shadows-64 ability="Second Wind"
2026/05/17 14:05:57 INFO dnd: armed ability fired (turn-based build) user=@sim:fighter-l3-forest_shadows-64 ability="Second Wind"
2026/05/17 14:05:57 INFO dnd: armed ability fired (turn-based build) user=@sim:fighter-l7-underdark-53 ability="Second Wind"
2026/05/17 14:05:57 INFO dnd: armed ability fired (turn-based build) user=@sim:fighter-l3-forest_shadows-64 ability="Second Wind"
2026/05/17 14:05:57 INFO dnd: armed ability fired (turn-based build) user=@sim:fighter-l7-underdark-53 ability="Second Wind"
2026/05/17 14:05:57 INFO dnd: armed ability fired (turn-based build) user=@sim:fighter-l7-underdark-53 ability="Second Wind"
2026/05/17 14:05:57 INFO database initialized path=/tmp/expedition-sim-260815115/gogobee.db
2026/05/17 14:05:57 INFO dnd: armed ability fired (turn-based build) user=@sim:fighter-l7-manor_blackspire-58 ability="Second Wind"
2026/05/17 14:05:57 INFO dnd: armed ability fired (turn-based build) user=@sim:fighter-l7-manor_blackspire-58 ability="Second Wind"
2026/05/17 14:05:57 INFO dnd: armed ability fired (turn-based build) user=@sim:fighter-l7-manor_blackspire-58 ability="Second Wind"
2026/05/17 14:05:57 INFO database initialized path=/tmp/expedition-sim-468231782/gogobee.db
2026/05/17 14:05:57 INFO dnd: armed ability fired (turn-based build) user=@sim:fighter-l12-underdark-54 ability="Second Wind"
2026/05/17 14:05:57 INFO dnd: armed ability fired (turn-based build) user=@sim:fighter-l12-underdark-54 ability="Second Wind"
2026/05/17 14:05:57 INFO dnd: armed ability fired (turn-based build) user=@sim:fighter-l12-underdark-54 ability="Second Wind"
2026/05/17 14:05:57 INFO database initialized path=/tmp/expedition-sim-3754764624/gogobee.db
2026/05/17 14:05:57 INFO database initialized path=/tmp/expedition-sim-3704659224/gogobee.db
2026/05/17 14:05:57 INFO database initialized path=/tmp/expedition-sim-1493777296/gogobee.db
2026/05/17 14:05:57 INFO dnd: armed ability fired (turn-based build) user=@sim:fighter-l12-forest_shadows-57 ability="Second Wind"
2026/05/17 14:05:57 INFO dnd: armed ability fired (turn-based build) user=@sim:fighter-l3-manor_blackspire-62 ability="Second Wind"
2026/05/17 14:05:57 INFO dnd: armed ability fired (turn-based build) user=@sim:fighter-l12-forest_shadows-57 ability="Second Wind"
2026/05/17 14:05:57 INFO dnd: armed ability fired (turn-based build) user=@sim:fighter-l3-manor_blackspire-62 ability="Second Wind"
2026/05/17 14:05:57 INFO dnd: armed ability fired (turn-based build) user=@sim:fighter-l12-forest_shadows-57 ability="Second Wind"
2026/05/17 14:05:57 INFO dnd: armed ability fired (turn-based build) user=@sim:fighter-l3-manor_blackspire-62 ability="Second Wind"
2026/05/17 14:05:57 INFO database initialized path=/tmp/expedition-sim-3027064888/gogobee.db
2026/05/17 14:05:57 INFO database initialized path=/tmp/expedition-sim-2517407153/gogobee.db
2026/05/17 14:05:57 INFO dnd: armed ability fired (turn-based build) user=@sim:fighter-l12-manor_blackspire-60 ability="Second Wind"
2026/05/17 14:05:57 INFO dnd: armed ability fired (turn-based build) user=@sim:fighter-l12-manor_blackspire-60 ability="Second Wind"
2026/05/17 14:05:57 INFO dnd: armed ability fired (turn-based build) user=@sim:fighter-l12-manor_blackspire-60 ability="Second Wind"
2026/05/17 14:05:57 INFO database initialized path=/tmp/expedition-sim-1931145036/gogobee.db
2026/05/17 14:05:57 INFO dnd: armed ability fired (turn-based build) user=@sim:fighter-l7-dragons_lair-59 ability="Second Wind"
2026/05/17 14:05:57 INFO database initialized path=/tmp/expedition-sim-763959117/gogobee.db
2026/05/17 14:05:57 INFO dnd: armed ability fired (turn-based build) user=@sim:fighter-l7-dragons_lair-59 ability="Second Wind"
2026/05/17 14:05:57 INFO dnd: armed ability fired (turn-based build) user=@sim:fighter-l12-goblin_warrens-52 ability="Second Wind"
2026/05/17 14:05:57 INFO dnd: armed ability fired (turn-based build) user=@sim:fighter-l7-dragons_lair-59 ability="Second Wind"
2026/05/17 14:05:57 INFO dnd: armed ability fired (turn-based build) user=@sim:fighter-l12-goblin_warrens-52 ability="Second Wind"
2026/05/17 14:05:57 INFO dnd: armed ability fired (turn-based build) user=@sim:fighter-l12-goblin_warrens-52 ability="Second Wind"
2026/05/17 14:05:57 INFO database initialized path=/tmp/expedition-sim-2876167081/gogobee.db
2026/05/17 14:05:57 INFO database initialized path=/tmp/expedition-sim-3589841497/gogobee.db
2026/05/17 14:05:57 INFO dnd: armed ability fired (turn-based build) user=@sim:fighter-l3-forest_shadows-65 ability="Second Wind"
2026/05/17 14:05:57 INFO dnd: armed ability fired (turn-based build) user=@sim:fighter-l3-forest_shadows-65 ability="Second Wind"
2026/05/17 14:05:57 INFO dnd: armed ability fired (turn-based build) user=@sim:fighter-l7-goblin_warrens-61 ability="Second Wind"
2026/05/17 14:05:57 INFO dnd: armed ability fired (turn-based build) user=@sim:fighter-l3-forest_shadows-65 ability="Second Wind"
2026/05/17 14:05:57 INFO dnd: armed ability fired (turn-based build) user=@sim:fighter-l7-goblin_warrens-61 ability="Second Wind"
2026/05/17 14:05:57 INFO database initialized path=/tmp/expedition-sim-3036032360/gogobee.db
2026/05/17 14:05:57 INFO dnd: armed ability fired (turn-based build) user=@sim:fighter-l7-goblin_warrens-61 ability="Second Wind"
2026/05/17 14:05:57 INFO dnd: armed ability fired (turn-based build) user=@sim:fighter-l7-forest_shadows-57 ability="Second Wind"
2026/05/17 14:05:57 INFO dnd: armed ability fired (turn-based build) user=@sim:fighter-l7-forest_shadows-57 ability="Second Wind"
2026/05/17 14:05:57 INFO dnd: armed ability fired (turn-based build) user=@sim:fighter-l7-forest_shadows-57 ability="Second Wind"
2026/05/17 14:05:57 INFO database initialized path=/tmp/expedition-sim-599137846/gogobee.db
2026/05/17 14:05:57 INFO database initialized path=/tmp/expedition-sim-1531965909/gogobee.db
2026/05/17 14:05:57 INFO database initialized path=/tmp/expedition-sim-1338529499/gogobee.db
2026/05/17 14:05:57 INFO dnd: armed ability fired (turn-based build) user=@sim:fighter-l3-goblin_warrens-58 ability="Second Wind"
2026/05/17 14:05:57 INFO database initialized path=/tmp/expedition-sim-4108748748/gogobee.db
2026/05/17 14:05:57 INFO dnd: armed ability fired (turn-based build) user=@sim:fighter-l7-manor_blackspire-59 ability="Second Wind"
2026/05/17 14:05:57 INFO dnd: armed ability fired (turn-based build) user=@sim:fighter-l3-goblin_warrens-58 ability="Second Wind"
2026/05/17 14:05:57 INFO dnd: armed ability fired (turn-based build) user=@sim:fighter-l7-underdark-54 ability="Second Wind"
2026/05/17 14:05:57 INFO dnd: armed ability fired (turn-based build) user=@sim:fighter-l3-goblin_warrens-58 ability="Second Wind"
2026/05/17 14:05:57 INFO dnd: armed ability fired (turn-based build) user=@sim:fighter-l7-underdark-54 ability="Second Wind"
2026/05/17 14:05:57 INFO dnd: armed ability fired (turn-based build) user=@sim:fighter-l7-manor_blackspire-59 ability="Second Wind"
2026/05/17 14:05:57 INFO dnd: armed ability fired (turn-based build) user=@sim:fighter-l7-underdark-54 ability="Second Wind"
2026/05/17 14:05:57 INFO dnd: armed ability fired (turn-based build) user=@sim:fighter-l7-manor_blackspire-59 ability="Second Wind"
2026/05/17 14:05:57 INFO database initialized path=/tmp/expedition-sim-3160743039/gogobee.db
2026/05/17 14:05:57 INFO database initialized path=/tmp/expedition-sim-3092211095/gogobee.db
2026/05/17 14:05:57 INFO database initialized path=/tmp/expedition-sim-3967745801/gogobee.db
2026/05/17 14:05:57 INFO dnd: armed ability fired (turn-based build) user=@sim:fighter-l12-forest_shadows-58 ability="Second Wind"
2026/05/17 14:05:57 INFO database initialized path=/tmp/expedition-sim-4216259158/gogobee.db
2026/05/17 14:05:57 INFO dnd: armed ability fired (turn-based build) user=@sim:fighter-l12-underdark-55 ability="Second Wind"
2026/05/17 14:05:57 INFO dnd: armed ability fired (turn-based build) user=@sim:fighter-l12-forest_shadows-58 ability="Second Wind"
2026/05/17 14:05:57 INFO dnd: armed ability fired (turn-based build) user=@sim:fighter-l12-underdark-55 ability="Second Wind"
2026/05/17 14:05:57 INFO dnd: armed ability fired (turn-based build) user=@sim:fighter-l12-underdark-55 ability="Second Wind"
2026/05/17 14:05:57 INFO dnd: armed ability fired (turn-based build) user=@sim:fighter-l12-forest_shadows-58 ability="Second Wind"
2026/05/17 14:05:57 INFO dnd: armed ability fired (turn-based build) user=@sim:fighter-l3-manor_blackspire-63 ability="Second Wind"
2026/05/17 14:05:57 INFO dnd: armed ability fired (turn-based build) user=@sim:fighter-l3-manor_blackspire-63 ability="Second Wind"
2026/05/17 14:05:57 WARN auto-heal cleanup: short on inventory user=@sim:fighter-l3-manor_blackspire-63 wanted=1 removed=0
2026/05/17 14:05:57 INFO database initialized path=/tmp/expedition-sim-1605347408/gogobee.db
2026/05/17 14:05:57 INFO dnd: armed ability fired (turn-based build) user=@sim:fighter-l3-manor_blackspire-63 ability="Second Wind"
2026/05/17 14:05:57 INFO dnd: armed ability fired (turn-based build) user=@sim:fighter-l12-manor_blackspire-61 ability="Second Wind"
2026/05/17 14:05:57 WARN auto-heal cleanup: short on inventory user=@sim:fighter-l3-manor_blackspire-63 wanted=1 removed=0
2026/05/17 14:05:57 INFO dnd: armed ability fired (turn-based build) user=@sim:fighter-l12-manor_blackspire-61 ability="Second Wind"
2026/05/17 14:05:57 INFO dnd: armed ability fired (turn-based build) user=@sim:fighter-l12-manor_blackspire-61 ability="Second Wind"
2026/05/17 14:05:57 INFO database initialized path=/tmp/expedition-sim-2991547660/gogobee.db
2026/05/17 14:05:57 INFO database initialized path=/tmp/expedition-sim-3647606021/gogobee.db
2026/05/17 14:05:57 INFO dnd: armed ability fired (turn-based build) user=@sim:fighter-l12-goblin_warrens-53 ability="Second Wind"
2026/05/17 14:05:57 INFO dnd: armed ability fired (turn-based build) user=@sim:fighter-l12-goblin_warrens-53 ability="Second Wind"
2026/05/17 14:05:57 INFO dnd: armed ability fired (turn-based build) user=@sim:fighter-l12-goblin_warrens-53 ability="Second Wind"
2026/05/17 14:05:57 INFO database initialized path=/tmp/expedition-sim-2177539527/gogobee.db
2026/05/17 14:05:57 INFO dnd: armed ability fired (turn-based build) user=@sim:fighter-l7-dragons_lair-60 ability="Second Wind"
2026/05/17 14:05:57 INFO dnd: armed ability fired (turn-based build) user=@sim:fighter-l7-dragons_lair-60 ability="Second Wind"
2026/05/17 14:05:57 INFO dnd: armed ability fired (turn-based build) user=@sim:fighter-l7-dragons_lair-60 ability="Second Wind"
2026/05/17 14:05:58 INFO database initialized path=/tmp/expedition-sim-3978939875/gogobee.db
2026/05/17 14:05:58 INFO dnd: armed ability fired (turn-based build) user=@sim:fighter-l3-forest_shadows-66 ability="Second Wind"
2026/05/17 14:05:58 INFO dnd: armed ability fired (turn-based build) user=@sim:fighter-l3-forest_shadows-66 ability="Second Wind"
2026/05/17 14:05:58 INFO dnd: armed ability fired (turn-based build) user=@sim:fighter-l3-forest_shadows-66 ability="Second Wind"
2026/05/17 14:05:58 INFO database initialized path=/tmp/expedition-sim-1095350645/gogobee.db
2026/05/17 14:05:58 INFO database initialized path=/tmp/expedition-sim-4111715151/gogobee.db
2026/05/17 14:05:58 INFO database initialized path=/tmp/expedition-sim-1228503235/gogobee.db
2026/05/17 14:05:58 INFO dnd: armed ability fired (turn-based build) user=@sim:fighter-l7-forest_shadows-58 ability="Second Wind"
2026/05/17 14:05:58 INFO database initialized path=/tmp/expedition-sim-3993360440/gogobee.db
2026/05/17 14:05:58 INFO dnd: armed ability fired (turn-based build) user=@sim:fighter-l7-forest_shadows-58 ability="Second Wind"
2026/05/17 14:05:58 INFO dnd: armed ability fired (turn-based build) user=@sim:fighter-l3-goblin_warrens-59 ability="Second Wind"
2026/05/17 14:05:58 INFO dnd: armed ability fired (turn-based build) user=@sim:fighter-l7-underdark-55 ability="Second Wind"
2026/05/17 14:05:58 INFO dnd: armed ability fired (turn-based build) user=@sim:fighter-l7-forest_shadows-58 ability="Second Wind"
2026/05/17 14:05:58 INFO dnd: armed ability fired (turn-based build) user=@sim:fighter-l3-goblin_warrens-59 ability="Second Wind"
2026/05/17 14:05:58 INFO dnd: armed ability fired (turn-based build) user=@sim:fighter-l7-underdark-55 ability="Second Wind"
2026/05/17 14:05:58 INFO database initialized path=/tmp/expedition-sim-826790072/gogobee.db
2026/05/17 14:05:58 INFO dnd: armed ability fired (turn-based build) user=@sim:fighter-l3-goblin_warrens-59 ability="Second Wind"
2026/05/17 14:05:58 INFO dnd: armed ability fired (turn-based build) user=@sim:fighter-l7-underdark-55 ability="Second Wind"
2026/05/17 14:05:58 INFO dnd: armed ability fired (turn-based build) user=@sim:fighter-l7-goblin_warrens-62 ability="Second Wind"
2026/05/17 14:05:58 INFO dnd: armed ability fired (turn-based build) user=@sim:fighter-l7-goblin_warrens-62 ability="Second Wind"
2026/05/17 14:05:58 INFO database initialized path=/tmp/expedition-sim-894354800/gogobee.db
2026/05/17 14:05:58 INFO dnd: armed ability fired (turn-based build) user=@sim:fighter-l7-manor_blackspire-60 ability="Second Wind"
2026/05/17 14:05:58 INFO dnd: armed ability fired (turn-based build) user=@sim:fighter-l7-goblin_warrens-62 ability="Second Wind"
2026/05/17 14:05:58 INFO dnd: armed ability fired (turn-based build) user=@sim:fighter-l7-manor_blackspire-60 ability="Second Wind"
2026/05/17 14:05:58 INFO dnd: armed ability fired (turn-based build) user=@sim:fighter-l7-manor_blackspire-60 ability="Second Wind"
2026/05/17 14:05:58 INFO database initialized path=/tmp/expedition-sim-4203912656/gogobee.db
2026/05/17 14:05:58 INFO database initialized path=/tmp/expedition-sim-1894094394/gogobee.db
2026/05/17 14:05:58 INFO dnd: armed ability fired (turn-based build) user=@sim:fighter-l12-forest_shadows-59 ability="Second Wind"
2026/05/17 14:05:58 INFO dnd: armed ability fired (turn-based build) user=@sim:fighter-l12-forest_shadows-59 ability="Second Wind"
2026/05/17 14:05:58 INFO database initialized path=/tmp/expedition-sim-82830732/gogobee.db
2026/05/17 14:05:58 INFO dnd: armed ability fired (turn-based build) user=@sim:fighter-l12-forest_shadows-59 ability="Second Wind"
2026/05/17 14:05:58 INFO database initialized path=/tmp/expedition-sim-1802267806/gogobee.db
2026/05/17 14:05:58 INFO dnd: armed ability fired (turn-based build) user=@sim:fighter-l12-manor_blackspire-62 ability="Second Wind"
2026/05/17 14:05:58 INFO dnd: armed ability fired (turn-based build) user=@sim:fighter-l3-manor_blackspire-64 ability="Second Wind"
2026/05/17 14:05:58 INFO dnd: armed ability fired (turn-based build) user=@sim:fighter-l12-manor_blackspire-62 ability="Second Wind"
2026/05/17 14:05:58 INFO dnd: armed ability fired (turn-based build) user=@sim:fighter-l3-manor_blackspire-64 ability="Second Wind"
2026/05/17 14:05:58 INFO dnd: armed ability fired (turn-based build) user=@sim:fighter-l12-manor_blackspire-62 ability="Second Wind"
2026/05/17 14:05:58 INFO dnd: armed ability fired (turn-based build) user=@sim:fighter-l3-manor_blackspire-64 ability="Second Wind"
2026/05/17 14:05:58 WARN auto-heal cleanup: short on inventory user=@sim:fighter-l3-manor_blackspire-64 wanted=1 removed=0
2026/05/17 14:05:58 INFO database initialized path=/tmp/expedition-sim-3881169678/gogobee.db
2026/05/17 14:05:58 INFO dnd: armed ability fired (turn-based build) user=@sim:fighter-l12-underdark-56 ability="Second Wind"
2026/05/17 14:05:58 INFO dnd: armed ability fired (turn-based build) user=@sim:fighter-l12-underdark-56 ability="Second Wind"
2026/05/17 14:05:58 INFO dnd: armed ability fired (turn-based build) user=@sim:fighter-l12-underdark-56 ability="Second Wind"
2026/05/17 14:05:58 INFO database initialized path=/tmp/expedition-sim-350472381/gogobee.db
2026/05/17 14:05:58 INFO database initialized path=/tmp/expedition-sim-239940861/gogobee.db
2026/05/17 14:05:58 INFO dnd: armed ability fired (turn-based build) user=@sim:fighter-l7-dragons_lair-61 ability="Second Wind"
2026/05/17 14:05:58 INFO database initialized path=/tmp/expedition-sim-2794145204/gogobee.db
2026/05/17 14:05:58 INFO database initialized path=/tmp/expedition-sim-4067690355/gogobee.db
2026/05/17 14:05:58 INFO dnd: armed ability fired (turn-based build) user=@sim:fighter-l7-dragons_lair-61 ability="Second Wind"
2026/05/17 14:05:58 INFO dnd: armed ability fired (turn-based build) user=@sim:fighter-l3-goblin_warrens-60 ability="Second Wind"
2026/05/17 14:05:58 INFO dnd: armed ability fired (turn-based build) user=@sim:fighter-l3-forest_shadows-67 ability="Second Wind"
2026/05/17 14:05:58 INFO dnd: armed ability fired (turn-based build) user=@sim:fighter-l7-dragons_lair-61 ability="Second Wind"
2026/05/17 14:05:58 INFO dnd: armed ability fired (turn-based build) user=@sim:fighter-l3-goblin_warrens-60 ability="Second Wind"
2026/05/17 14:05:58 INFO dnd: armed ability fired (turn-based build) user=@sim:fighter-l3-forest_shadows-67 ability="Second Wind"
2026/05/17 14:05:58 INFO dnd: armed ability fired (turn-based build) user=@sim:fighter-l3-goblin_warrens-60 ability="Second Wind"
2026/05/17 14:05:58 INFO dnd: armed ability fired (turn-based build) user=@sim:fighter-l3-forest_shadows-67 ability="Second Wind"
2026/05/17 14:05:58 INFO database initialized path=/tmp/expedition-sim-815646631/gogobee.db
2026/05/17 14:05:58 INFO dnd: armed ability fired (turn-based build) user=@sim:fighter-l12-goblin_warrens-54 ability="Second Wind"
2026/05/17 14:05:58 INFO dnd: armed ability fired (turn-based build) user=@sim:fighter-l12-goblin_warrens-54 ability="Second Wind"
2026/05/17 14:05:58 INFO database initialized path=/tmp/expedition-sim-3075279749/gogobee.db
2026/05/17 14:05:58 INFO dnd: armed ability fired (turn-based build) user=@sim:fighter-l12-goblin_warrens-54 ability="Second Wind"
2026/05/17 14:05:58 INFO dnd: armed ability fired (turn-based build) user=@sim:fighter-l7-underdark-56 ability="Second Wind"
2026/05/17 14:05:58 INFO database initialized path=/tmp/expedition-sim-1430464622/gogobee.db
2026/05/17 14:05:58 INFO dnd: armed ability fired (turn-based build) user=@sim:fighter-l7-underdark-56 ability="Second Wind"
2026/05/17 14:05:58 INFO dnd: armed ability fired (turn-based build) user=@sim:fighter-l7-underdark-56 ability="Second Wind"
2026/05/17 14:05:58 INFO database initialized path=/tmp/expedition-sim-2979097047/gogobee.db
2026/05/17 14:05:58 INFO dnd: armed ability fired (turn-based build) user=@sim:fighter-l7-goblin_warrens-63 ability="Second Wind"
2026/05/17 14:05:58 INFO dnd: armed ability fired (turn-based build) user=@sim:fighter-l7-goblin_warrens-63 ability="Second Wind"
2026/05/17 14:05:58 INFO database initialized path=/tmp/expedition-sim-3123133904/gogobee.db
2026/05/17 14:05:58 INFO dnd: armed ability fired (turn-based build) user=@sim:fighter-l7-goblin_warrens-63 ability="Second Wind"
2026/05/17 14:05:58 INFO dnd: armed ability fired (turn-based build) user=@sim:fighter-l7-forest_shadows-59 ability="Second Wind"
2026/05/17 14:05:58 INFO database initialized path=/tmp/expedition-sim-1115457922/gogobee.db
2026/05/17 14:05:58 INFO dnd: armed ability fired (turn-based build) user=@sim:fighter-l7-forest_shadows-59 ability="Second Wind"
2026/05/17 14:05:58 INFO dnd: armed ability fired (turn-based build) user=@sim:fighter-l7-manor_blackspire-61 ability="Second Wind"
2026/05/17 14:05:58 INFO dnd: armed ability fired (turn-based build) user=@sim:fighter-l7-forest_shadows-59 ability="Second Wind"
2026/05/17 14:05:58 INFO dnd: armed ability fired (turn-based build) user=@sim:fighter-l7-manor_blackspire-61 ability="Second Wind"
2026/05/17 14:05:58 INFO dnd: armed ability fired (turn-based build) user=@sim:fighter-l7-manor_blackspire-61 ability="Second Wind"
2026/05/17 14:05:58 INFO database initialized path=/tmp/expedition-sim-1151908203/gogobee.db
2026/05/17 14:05:58 INFO database initialized path=/tmp/expedition-sim-1185210387/gogobee.db
2026/05/17 14:05:58 INFO database initialized path=/tmp/expedition-sim-1065315229/gogobee.db
2026/05/17 14:05:58 INFO dnd: armed ability fired (turn-based build) user=@sim:fighter-l3-manor_blackspire-65 ability="Second Wind"
2026/05/17 14:05:58 INFO dnd: armed ability fired (turn-based build) user=@sim:fighter-l12-forest_shadows-60 ability="Second Wind"
2026/05/17 14:05:58 INFO dnd: armed ability fired (turn-based build) user=@sim:fighter-l12-forest_shadows-60 ability="Second Wind"
2026/05/17 14:05:58 INFO dnd: armed ability fired (turn-based build) user=@sim:fighter-l3-manor_blackspire-65 ability="Second Wind"
2026/05/17 14:05:58 INFO dnd: armed ability fired (turn-based build) user=@sim:fighter-l12-forest_shadows-60 ability="Second Wind"
2026/05/17 14:05:58 INFO dnd: armed ability fired (turn-based build) user=@sim:fighter-l3-manor_blackspire-65 ability="Second Wind"
2026/05/17 14:05:58 WARN auto-heal cleanup: short on inventory user=@sim:fighter-l3-manor_blackspire-65 wanted=1 removed=0
2026/05/17 14:05:58 INFO database initialized path=/tmp/expedition-sim-3504310894/gogobee.db
2026/05/17 14:05:58 INFO dnd: armed ability fired (turn-based build) user=@sim:fighter-l12-manor_blackspire-63 ability="Second Wind"
2026/05/17 14:05:58 INFO dnd: armed ability fired (turn-based build) user=@sim:fighter-l12-manor_blackspire-63 ability="Second Wind"
2026/05/17 14:05:58 INFO dnd: armed ability fired (turn-based build) user=@sim:fighter-l12-manor_blackspire-63 ability="Second Wind"
2026/05/17 14:05:58 INFO database initialized path=/tmp/expedition-sim-375067259/gogobee.db
2026/05/17 14:05:58 INFO dnd: armed ability fired (turn-based build) user=@sim:fighter-l12-underdark-57 ability="Second Wind"
2026/05/17 14:05:58 INFO dnd: armed ability fired (turn-based build) user=@sim:fighter-l12-underdark-57 ability="Second Wind"
2026/05/17 14:05:58 INFO dnd: armed ability fired (turn-based build) user=@sim:fighter-l12-underdark-57 ability="Second Wind"
2026/05/17 14:05:58 INFO database initialized path=/tmp/expedition-sim-2828819048/gogobee.db
2026/05/17 14:05:58 INFO database initialized path=/tmp/expedition-sim-1051481025/gogobee.db
2026/05/17 14:05:58 INFO dnd: armed ability fired (turn-based build) user=@sim:fighter-l3-forest_shadows-68 ability="Second Wind"
2026/05/17 14:05:58 INFO dnd: armed ability fired (turn-based build) user=@sim:fighter-l3-forest_shadows-68 ability="Second Wind"
2026/05/17 14:05:58 INFO dnd: armed ability fired (turn-based build) user=@sim:fighter-l3-forest_shadows-68 ability="Second Wind"
2026/05/17 14:05:58 INFO database initialized path=/tmp/expedition-sim-161270064/gogobee.db
2026/05/17 14:05:58 INFO dnd: armed ability fired (turn-based build) user=@sim:fighter-l7-dragons_lair-62 ability="Second Wind"
2026/05/17 14:05:58 INFO dnd: armed ability fired (turn-based build) user=@sim:fighter-l7-dragons_lair-62 ability="Second Wind"
2026/05/17 14:05:58 INFO database initialized path=/tmp/expedition-sim-2551072346/gogobee.db
2026/05/17 14:05:58 INFO dnd: armed ability fired (turn-based build) user=@sim:fighter-l7-dragons_lair-62 ability="Second Wind"
2026/05/17 14:05:58 INFO dnd: armed ability fired (turn-based build) user=@sim:fighter-l7-underdark-57 ability="Second Wind"
2026/05/17 14:05:59 INFO dnd: armed ability fired (turn-based build) user=@sim:fighter-l7-underdark-57 ability="Second Wind"
2026/05/17 14:05:59 INFO database initialized path=/tmp/expedition-sim-854705841/gogobee.db
2026/05/17 14:05:59 INFO dnd: armed ability fired (turn-based build) user=@sim:fighter-l7-underdark-57 ability="Second Wind"
2026/05/17 14:05:59 INFO database initialized path=/tmp/expedition-sim-1936679943/gogobee.db
2026/05/17 14:05:59 INFO dnd: armed ability fired (turn-based build) user=@sim:fighter-l7-goblin_warrens-64 ability="Second Wind"
2026/05/17 14:05:59 INFO database initialized path=/tmp/expedition-sim-4035590745/gogobee.db
2026/05/17 14:05:59 INFO dnd: armed ability fired (turn-based build) user=@sim:fighter-l7-goblin_warrens-64 ability="Second Wind"
2026/05/17 14:05:59 INFO dnd: armed ability fired (turn-based build) user=@sim:fighter-l7-goblin_warrens-64 ability="Second Wind"
2026/05/17 14:05:59 INFO dnd: armed ability fired (turn-based build) user=@sim:fighter-l12-goblin_warrens-55 ability="Second Wind"
2026/05/17 14:05:59 INFO dnd: armed ability fired (turn-based build) user=@sim:fighter-l12-goblin_warrens-55 ability="Second Wind"
2026/05/17 14:05:59 INFO database initialized path=/tmp/expedition-sim-1340338347/gogobee.db
2026/05/17 14:05:59 INFO dnd: armed ability fired (turn-based build) user=@sim:fighter-l7-manor_blackspire-62 ability="Second Wind"
2026/05/17 14:05:59 INFO dnd: armed ability fired (turn-based build) user=@sim:fighter-l12-goblin_warrens-55 ability="Second Wind"
2026/05/17 14:05:59 INFO dnd: armed ability fired (turn-based build) user=@sim:fighter-l7-manor_blackspire-62 ability="Second Wind"
2026/05/17 14:05:59 INFO dnd: armed ability fired (turn-based build) user=@sim:fighter-l7-manor_blackspire-62 ability="Second Wind"
2026/05/17 14:05:59 INFO database initialized path=/tmp/expedition-sim-1889415147/gogobee.db
2026/05/17 14:05:59 INFO dnd: armed ability fired (turn-based build) user=@sim:fighter-l3-goblin_warrens-61 ability="Second Wind"
2026/05/17 14:05:59 INFO database initialized path=/tmp/expedition-sim-837901021/gogobee.db
2026/05/17 14:05:59 INFO database initialized path=/tmp/expedition-sim-3444904572/gogobee.db
2026/05/17 14:05:59 INFO database initialized path=/tmp/expedition-sim-1810503484/gogobee.db
2026/05/17 14:05:59 INFO dnd: armed ability fired (turn-based build) user=@sim:fighter-l3-goblin_warrens-61 ability="Second Wind"
2026/05/17 14:05:59 INFO dnd: armed ability fired (turn-based build) user=@sim:fighter-l3-manor_blackspire-66 ability="Second Wind"
2026/05/17 14:05:59 INFO dnd: armed ability fired (turn-based build) user=@sim:fighter-l7-forest_shadows-60 ability="Second Wind"
2026/05/17 14:05:59 INFO dnd: armed ability fired (turn-based build) user=@sim:fighter-l12-forest_shadows-61 ability="Second Wind"
2026/05/17 14:05:59 INFO dnd: armed ability fired (turn-based build) user=@sim:fighter-l3-manor_blackspire-66 ability="Second Wind"
2026/05/17 14:05:59 INFO dnd: armed ability fired (turn-based build) user=@sim:fighter-l3-goblin_warrens-61 ability="Second Wind"
2026/05/17 14:05:59 INFO dnd: armed ability fired (turn-based build) user=@sim:fighter-l12-forest_shadows-61 ability="Second Wind"
2026/05/17 14:05:59 INFO dnd: armed ability fired (turn-based build) user=@sim:fighter-l7-forest_shadows-60 ability="Second Wind"
2026/05/17 14:05:59 INFO dnd: armed ability fired (turn-based build) user=@sim:fighter-l3-manor_blackspire-66 ability="Second Wind"
2026/05/17 14:05:59 INFO dnd: armed ability fired (turn-based build) user=@sim:fighter-l12-forest_shadows-61 ability="Second Wind"
2026/05/17 14:05:59 INFO dnd: armed ability fired (turn-based build) user=@sim:fighter-l7-forest_shadows-60 ability="Second Wind"
2026/05/17 14:05:59 INFO database initialized path=/tmp/expedition-sim-60757927/gogobee.db
2026/05/17 14:05:59 INFO dnd: armed ability fired (turn-based build) user=@sim:fighter-l12-manor_blackspire-64 ability="Second Wind"
2026/05/17 14:05:59 INFO database initialized path=/tmp/expedition-sim-2211831830/gogobee.db
2026/05/17 14:05:59 INFO dnd: armed ability fired (turn-based build) user=@sim:fighter-l12-manor_blackspire-64 ability="Second Wind"
2026/05/17 14:05:59 INFO dnd: armed ability fired (turn-based build) user=@sim:fighter-l12-manor_blackspire-64 ability="Second Wind"
2026/05/17 14:05:59 INFO database initialized path=/tmp/expedition-sim-1712298544/gogobee.db
2026/05/17 14:05:59 INFO database initialized path=/tmp/expedition-sim-3324992250/gogobee.db
2026/05/17 14:05:59 INFO dnd: armed ability fired (turn-based build) user=@sim:fighter-l3-forest_shadows-69 ability="Second Wind"
2026/05/17 14:05:59 INFO database initialized path=/tmp/expedition-sim-2530284224/gogobee.db
2026/05/17 14:05:59 INFO dnd: armed ability fired (turn-based build) user=@sim:fighter-l3-forest_shadows-69 ability="Second Wind"
2026/05/17 14:05:59 INFO dnd: armed ability fired (turn-based build) user=@sim:fighter-l12-underdark-58 ability="Second Wind"
2026/05/17 14:05:59 INFO dnd: armed ability fired (turn-based build) user=@sim:fighter-l3-forest_shadows-69 ability="Second Wind"
2026/05/17 14:05:59 INFO dnd: armed ability fired (turn-based build) user=@sim:fighter-l12-underdark-58 ability="Second Wind"
2026/05/17 14:05:59 INFO dnd: armed ability fired (turn-based build) user=@sim:fighter-l12-underdark-58 ability="Second Wind"
2026/05/17 14:05:59 INFO database initialized path=/tmp/expedition-sim-1913972532/gogobee.db
2026/05/17 14:05:59 INFO dnd: armed ability fired (turn-based build) user=@sim:fighter-l7-goblin_warrens-65 ability="Second Wind"
2026/05/17 14:05:59 INFO dnd: armed ability fired (turn-based build) user=@sim:fighter-l7-goblin_warrens-65 ability="Second Wind"
2026/05/17 14:05:59 INFO database initialized path=/tmp/expedition-sim-758221472/gogobee.db
2026/05/17 14:05:59 INFO dnd: armed ability fired (turn-based build) user=@sim:fighter-l7-goblin_warrens-65 ability="Second Wind"
2026/05/17 14:05:59 INFO dnd: armed ability fired (turn-based build) user=@sim:fighter-l7-dragons_lair-63 ability="Second Wind"
2026/05/17 14:05:59 INFO database initialized path=/tmp/expedition-sim-52479568/gogobee.db
2026/05/17 14:05:59 INFO dnd: armed ability fired (turn-based build) user=@sim:fighter-l7-dragons_lair-63 ability="Second Wind"
2026/05/17 14:05:59 INFO dnd: armed ability fired (turn-based build) user=@sim:fighter-l7-dragons_lair-63 ability="Second Wind"
2026/05/17 14:05:59 INFO dnd: armed ability fired (turn-based build) user=@sim:fighter-l12-goblin_warrens-56 ability="Second Wind"
2026/05/17 14:05:59 INFO dnd: armed ability fired (turn-based build) user=@sim:fighter-l12-goblin_warrens-56 ability="Second Wind"
2026/05/17 14:05:59 INFO dnd: armed ability fired (turn-based build) user=@sim:fighter-l12-goblin_warrens-56 ability="Second Wind"
2026/05/17 14:05:59 INFO database initialized path=/tmp/expedition-sim-1779519667/gogobee.db
2026/05/17 14:05:59 INFO dnd: armed ability fired (turn-based build) user=@sim:fighter-l7-underdark-58 ability="Second Wind"
2026/05/17 14:05:59 INFO dnd: armed ability fired (turn-based build) user=@sim:fighter-l7-underdark-58 ability="Second Wind"
2026/05/17 14:05:59 INFO dnd: armed ability fired (turn-based build) user=@sim:fighter-l7-underdark-58 ability="Second Wind"
2026/05/17 14:05:59 INFO database initialized path=/tmp/expedition-sim-830243009/gogobee.db
2026/05/17 14:05:59 INFO dnd: armed ability fired (turn-based build) user=@sim:fighter-l3-goblin_warrens-62 ability="Second Wind"
2026/05/17 14:05:59 INFO database initialized path=/tmp/expedition-sim-823747699/gogobee.db
2026/05/17 14:05:59 INFO dnd: armed ability fired (turn-based build) user=@sim:fighter-l3-goblin_warrens-62 ability="Second Wind"
2026/05/17 14:05:59 INFO dnd: armed ability fired (turn-based build) user=@sim:fighter-l3-manor_blackspire-67 ability="Second Wind"
2026/05/17 14:05:59 INFO dnd: armed ability fired (turn-based build) user=@sim:fighter-l3-goblin_warrens-62 ability="Second Wind"
2026/05/17 14:05:59 INFO dnd: armed ability fired (turn-based build) user=@sim:fighter-l3-manor_blackspire-67 ability="Second Wind"
2026/05/17 14:05:59 INFO database initialized path=/tmp/expedition-sim-1727265973/gogobee.db
2026/05/17 14:05:59 INFO database initialized path=/tmp/expedition-sim-1862945843/gogobee.db
2026/05/17 14:05:59 INFO dnd: armed ability fired (turn-based build) user=@sim:fighter-l12-forest_shadows-62 ability="Second Wind"
2026/05/17 14:05:59 INFO dnd: armed ability fired (turn-based build) user=@sim:fighter-l3-manor_blackspire-67 ability="Second Wind"
2026/05/17 14:05:59 INFO dnd: armed ability fired (turn-based build) user=@sim:fighter-l7-forest_shadows-61 ability="Second Wind"
2026/05/17 14:05:59 INFO dnd: armed ability fired (turn-based build) user=@sim:fighter-l12-forest_shadows-62 ability="Second Wind"
2026/05/17 14:05:59 INFO dnd: armed ability fired (turn-based build) user=@sim:fighter-l7-forest_shadows-61 ability="Second Wind"
2026/05/17 14:05:59 INFO dnd: armed ability fired (turn-based build) user=@sim:fighter-l12-forest_shadows-62 ability="Second Wind"
2026/05/17 14:05:59 INFO database initialized path=/tmp/expedition-sim-167048187/gogobee.db
2026/05/17 14:05:59 INFO dnd: armed ability fired (turn-based build) user=@sim:fighter-l7-forest_shadows-61 ability="Second Wind"
2026/05/17 14:05:59 INFO database initialized path=/tmp/expedition-sim-4019786355/gogobee.db
2026/05/17 14:05:59 INFO database initialized path=/tmp/expedition-sim-3975947169/gogobee.db
2026/05/17 14:05:59 INFO dnd: armed ability fired (turn-based build) user=@sim:fighter-l7-manor_blackspire-63 ability="Second Wind"
2026/05/17 14:05:59 INFO dnd: armed ability fired (turn-based build) user=@sim:fighter-l7-manor_blackspire-63 ability="Second Wind"
2026/05/17 14:05:59 INFO dnd: armed ability fired (turn-based build) user=@sim:fighter-l7-manor_blackspire-63 ability="Second Wind"
2026/05/17 14:05:59 INFO database initialized path=/tmp/expedition-sim-568813913/gogobee.db
2026/05/17 14:05:59 INFO dnd: armed ability fired (turn-based build) user=@sim:fighter-l12-manor_blackspire-65 ability="Second Wind"
2026/05/17 14:05:59 INFO dnd: armed ability fired (turn-based build) user=@sim:fighter-l12-manor_blackspire-65 ability="Second Wind"
2026/05/17 14:05:59 INFO dnd: armed ability fired (turn-based build) user=@sim:fighter-l12-manor_blackspire-65 ability="Second Wind"
2026/05/17 14:05:59 INFO database initialized path=/tmp/expedition-sim-3265100179/gogobee.db
2026/05/17 14:05:59 INFO dnd: armed ability fired (turn-based build) user=@sim:fighter-l3-forest_shadows-70 ability="Second Wind"
2026/05/17 14:05:59 INFO database initialized path=/tmp/expedition-sim-2890229605/gogobee.db
2026/05/17 14:05:59 INFO dnd: armed ability fired (turn-based build) user=@sim:fighter-l3-forest_shadows-70 ability="Second Wind"
2026/05/17 14:05:59 INFO dnd: armed ability fired (turn-based build) user=@sim:fighter-l3-forest_shadows-70 ability="Second Wind"
2026/05/17 14:05:59 INFO dnd: armed ability fired (turn-based build) user=@sim:fighter-l12-underdark-59 ability="Second Wind"
2026/05/17 14:05:59 INFO database initialized path=/tmp/expedition-sim-2070964638/gogobee.db
2026/05/17 14:05:59 INFO dnd: armed ability fired (turn-based build) user=@sim:fighter-l12-underdark-59 ability="Second Wind"
2026/05/17 14:05:59 INFO dnd: armed ability fired (turn-based build) user=@sim:fighter-l12-underdark-59 ability="Second Wind"
2026/05/17 14:05:59 INFO dnd: armed ability fired (turn-based build) user=@sim:fighter-l12-goblin_warrens-57 ability="Second Wind"
2026/05/17 14:05:59 INFO database initialized path=/tmp/expedition-sim-594820760/gogobee.db
2026/05/17 14:05:59 INFO dnd: armed ability fired (turn-based build) user=@sim:fighter-l12-goblin_warrens-57 ability="Second Wind"
2026/05/17 14:05:59 INFO dnd: armed ability fired (turn-based build) user=@sim:fighter-l7-goblin_warrens-66 ability="Second Wind"
2026/05/17 14:05:59 INFO dnd: armed ability fired (turn-based build) user=@sim:fighter-l12-goblin_warrens-57 ability="Second Wind"
2026/05/17 14:05:59 INFO dnd: armed ability fired (turn-based build) user=@sim:fighter-l7-goblin_warrens-66 ability="Second Wind"
2026/05/17 14:05:59 INFO dnd: armed ability fired (turn-based build) user=@sim:fighter-l7-goblin_warrens-66 ability="Second Wind"
2026/05/17 14:05:59 INFO database initialized path=/tmp/expedition-sim-2955983809/gogobee.db
2026/05/17 14:05:59 INFO dnd: armed ability fired (turn-based build) user=@sim:fighter-l7-underdark-59 ability="Second Wind"
2026/05/17 14:05:59 INFO dnd: armed ability fired (turn-based build) user=@sim:fighter-l7-underdark-59 ability="Second Wind"
2026/05/17 14:05:59 INFO dnd: armed ability fired (turn-based build) user=@sim:fighter-l7-underdark-59 ability="Second Wind"
2026/05/17 14:05:59 INFO database initialized path=/tmp/expedition-sim-1963761361/gogobee.db
2026/05/17 14:05:59 INFO dnd: armed ability fired (turn-based build) user=@sim:fighter-l7-dragons_lair-64 ability="Second Wind"
2026/05/17 14:05:59 INFO database initialized path=/tmp/expedition-sim-2380828868/gogobee.db
2026/05/17 14:05:59 INFO database initialized path=/tmp/expedition-sim-2874895600/gogobee.db
2026/05/17 14:05:59 INFO database initialized path=/tmp/expedition-sim-572118307/gogobee.db
2026/05/17 14:05:59 INFO dnd: armed ability fired (turn-based build) user=@sim:fighter-l7-dragons_lair-64 ability="Second Wind"
2026/05/17 14:05:59 INFO dnd: armed ability fired (turn-based build) user=@sim:fighter-l3-goblin_warrens-63 ability="Second Wind"
2026/05/17 14:05:59 INFO dnd: armed ability fired (turn-based build) user=@sim:fighter-l3-goblin_warrens-63 ability="Second Wind"
2026/05/17 14:05:59 INFO dnd: armed ability fired (turn-based build) user=@sim:fighter-l7-dragons_lair-64 ability="Second Wind"
2026/05/17 14:05:59 INFO dnd: armed ability fired (turn-based build) user=@sim:fighter-l3-goblin_warrens-63 ability="Second Wind"
2026/05/17 14:05:59 INFO database initialized path=/tmp/expedition-sim-6852914/gogobee.db
2026/05/17 14:05:59 INFO dnd: armed ability fired (turn-based build) user=@sim:fighter-l3-manor_blackspire-68 ability="Second Wind"
2026/05/17 14:05:59 INFO dnd: armed ability fired (turn-based build) user=@sim:fighter-l3-manor_blackspire-68 ability="Second Wind"
2026/05/17 14:05:59 INFO database initialized path=/tmp/expedition-sim-2121426345/gogobee.db
2026/05/17 14:06:00 INFO dnd: armed ability fired (turn-based build) user=@sim:fighter-l3-manor_blackspire-68 ability="Second Wind"
2026/05/17 14:06:00 WARN auto-heal cleanup: short on inventory user=@sim:fighter-l3-manor_blackspire-68 wanted=1 removed=0
2026/05/17 14:06:00 INFO dnd: armed ability fired (turn-based build) user=@sim:fighter-l7-forest_shadows-62 ability="Second Wind"
2026/05/17 14:06:00 INFO dnd: armed ability fired (turn-based build) user=@sim:fighter-l7-forest_shadows-62 ability="Second Wind"
2026/05/17 14:06:00 INFO dnd: armed ability fired (turn-based build) user=@sim:fighter-l7-forest_shadows-62 ability="Second Wind"
2026/05/17 14:06:00 INFO database initialized path=/tmp/expedition-sim-3482298003/gogobee.db
2026/05/17 14:06:00 INFO dnd: armed ability fired (turn-based build) user=@sim:fighter-l12-forest_shadows-63 ability="Second Wind"
2026/05/17 14:06:00 INFO dnd: armed ability fired (turn-based build) user=@sim:fighter-l12-forest_shadows-63 ability="Second Wind"
2026/05/17 14:06:00 INFO dnd: armed ability fired (turn-based build) user=@sim:fighter-l12-forest_shadows-63 ability="Second Wind"
2026/05/17 14:06:00 INFO database initialized path=/tmp/expedition-sim-4281341843/gogobee.db
2026/05/17 14:06:00 INFO database initialized path=/tmp/expedition-sim-1984529945/gogobee.db
2026/05/17 14:06:00 INFO dnd: armed ability fired (turn-based build) user=@sim:fighter-l3-forest_shadows-71 ability="Second Wind"
2026/05/17 14:06:00 INFO dnd: armed ability fired (turn-based build) user=@sim:fighter-l7-manor_blackspire-64 ability="Second Wind"
2026/05/17 14:06:00 INFO dnd: armed ability fired (turn-based build) user=@sim:fighter-l3-forest_shadows-71 ability="Second Wind"
2026/05/17 14:06:00 INFO database initialized path=/tmp/expedition-sim-2457875409/gogobee.db
2026/05/17 14:06:00 INFO dnd: armed ability fired (turn-based build) user=@sim:fighter-l7-manor_blackspire-64 ability="Second Wind"
2026/05/17 14:06:00 INFO dnd: armed ability fired (turn-based build) user=@sim:fighter-l3-forest_shadows-71 ability="Second Wind"
2026/05/17 14:06:00 INFO dnd: armed ability fired (turn-based build) user=@sim:fighter-l12-goblin_warrens-58 ability="Second Wind"
2026/05/17 14:06:00 INFO database initialized path=/tmp/expedition-sim-3647279008/gogobee.db
2026/05/17 14:06:00 INFO dnd: armed ability fired (turn-based build) user=@sim:fighter-l7-manor_blackspire-64 ability="Second Wind"
2026/05/17 14:06:00 INFO dnd: armed ability fired (turn-based build) user=@sim:fighter-l12-goblin_warrens-58 ability="Second Wind"
2026/05/17 14:06:00 INFO dnd: armed ability fired (turn-based build) user=@sim:fighter-l12-manor_blackspire-66 ability="Second Wind"
2026/05/17 14:06:00 INFO dnd: armed ability fired (turn-based build) user=@sim:fighter-l12-goblin_warrens-58 ability="Second Wind"
2026/05/17 14:06:00 INFO dnd: armed ability fired (turn-based build) user=@sim:fighter-l12-manor_blackspire-66 ability="Second Wind"
2026/05/17 14:06:00 INFO dnd: armed ability fired (turn-based build) user=@sim:fighter-l12-manor_blackspire-66 ability="Second Wind"
2026/05/17 14:06:00 INFO database initialized path=/tmp/expedition-sim-1749776208/gogobee.db
2026/05/17 14:06:00 INFO database initialized path=/tmp/expedition-sim-3150177479/gogobee.db
2026/05/17 14:06:00 INFO dnd: armed ability fired (turn-based build) user=@sim:fighter-l7-goblin_warrens-67 ability="Second Wind"
2026/05/17 14:06:00 INFO dnd: armed ability fired (turn-based build) user=@sim:fighter-l12-underdark-60 ability="Second Wind"
2026/05/17 14:06:00 INFO dnd: armed ability fired (turn-based build) user=@sim:fighter-l12-underdark-60 ability="Second Wind"
2026/05/17 14:06:00 INFO dnd: armed ability fired (turn-based build) user=@sim:fighter-l7-goblin_warrens-67 ability="Second Wind"
2026/05/17 14:06:00 INFO dnd: armed ability fired (turn-based build) user=@sim:fighter-l12-underdark-60 ability="Second Wind"
2026/05/17 14:06:00 INFO database initialized path=/tmp/expedition-sim-490527220/gogobee.db
2026/05/17 14:06:00 INFO database initialized path=/tmp/expedition-sim-650612016/gogobee.db
2026/05/17 14:06:00 INFO dnd: armed ability fired (turn-based build) user=@sim:fighter-l7-goblin_warrens-67 ability="Second Wind"
2026/05/17 14:06:00 INFO dnd: armed ability fired (turn-based build) user=@sim:fighter-l7-underdark-60 ability="Second Wind"
2026/05/17 14:06:00 INFO database initialized path=/tmp/expedition-sim-1745312737/gogobee.db
2026/05/17 14:06:00 INFO dnd: armed ability fired (turn-based build) user=@sim:fighter-l7-underdark-60 ability="Second Wind"
2026/05/17 14:06:00 INFO dnd: armed ability fired (turn-based build) user=@sim:fighter-l7-underdark-60 ability="Second Wind"
2026/05/17 14:06:00 INFO database initialized path=/tmp/expedition-sim-3375204339/gogobee.db
2026/05/17 14:06:00 INFO dnd: armed ability fired (turn-based build) user=@sim:fighter-l7-dragons_lair-65 ability="Second Wind"
2026/05/17 14:06:00 INFO dnd: armed ability fired (turn-based build) user=@sim:fighter-l7-dragons_lair-65 ability="Second Wind"
2026/05/17 14:06:00 INFO dnd: armed ability fired (turn-based build) user=@sim:fighter-l7-dragons_lair-65 ability="Second Wind"
2026/05/17 14:06:00 INFO database initialized path=/tmp/expedition-sim-2150530818/gogobee.db
2026/05/17 14:06:00 INFO dnd: armed ability fired (turn-based build) user=@sim:fighter-l3-manor_blackspire-69 ability="Second Wind"
2026/05/17 14:06:00 INFO database initialized path=/tmp/expedition-sim-131057716/gogobee.db
2026/05/17 14:06:00 INFO dnd: armed ability fired (turn-based build) user=@sim:fighter-l3-manor_blackspire-69 ability="Second Wind"
2026/05/17 14:06:00 INFO dnd: armed ability fired (turn-based build) user=@sim:fighter-l3-goblin_warrens-64 ability="Second Wind"
2026/05/17 14:06:00 INFO dnd: armed ability fired (turn-based build) user=@sim:fighter-l3-manor_blackspire-69 ability="Second Wind"
2026/05/17 14:06:00 INFO dnd: armed ability fired (turn-based build) user=@sim:fighter-l3-goblin_warrens-64 ability="Second Wind"
2026/05/17 14:06:00 INFO dnd: armed ability fired (turn-based build) user=@sim:fighter-l3-goblin_warrens-64 ability="Second Wind"
2026/05/17 14:06:00 INFO database initialized path=/tmp/expedition-sim-1274365782/gogobee.db
2026/05/17 14:06:00 INFO dnd: armed ability fired (turn-based build) user=@sim:fighter-l3-forest_shadows-72 ability="Second Wind"
2026/05/17 14:06:00 INFO dnd: armed ability fired (turn-based build) user=@sim:fighter-l3-forest_shadows-72 ability="Second Wind"
2026/05/17 14:06:00 INFO database initialized path=/tmp/expedition-sim-2464406075/gogobee.db
2026/05/17 14:06:00 INFO dnd: armed ability fired (turn-based build) user=@sim:fighter-l3-forest_shadows-72 ability="Second Wind"
2026/05/17 14:06:00 INFO database initialized path=/tmp/expedition-sim-4153002841/gogobee.db
2026/05/17 14:06:00 INFO database initialized path=/tmp/expedition-sim-2413390683/gogobee.db
2026/05/17 14:06:00 INFO dnd: armed ability fired (turn-based build) user=@sim:fighter-l12-goblin_warrens-59 ability="Second Wind"
2026/05/17 14:06:00 INFO database initialized path=/tmp/expedition-sim-2568668152/gogobee.db
2026/05/17 14:06:00 INFO dnd: armed ability fired (turn-based build) user=@sim:fighter-l12-goblin_warrens-59 ability="Second Wind"
2026/05/17 14:06:00 INFO database initialized path=/tmp/expedition-sim-3359499387/gogobee.db
2026/05/17 14:06:00 INFO database initialized path=/tmp/expedition-sim-631777645/gogobee.db
2026/05/17 14:06:00 INFO dnd: armed ability fired (turn-based build) user=@sim:fighter-l7-manor_blackspire-65 ability="Second Wind"
2026/05/17 14:06:00 INFO dnd: armed ability fired (turn-based build) user=@sim:fighter-l12-goblin_warrens-59 ability="Second Wind"
2026/05/17 14:06:00 INFO dnd: armed ability fired (turn-based build) user=@sim:fighter-l7-forest_shadows-63 ability="Second Wind"
2026/05/17 14:06:00 INFO dnd: armed ability fired (turn-based build) user=@sim:fighter-l12-manor_blackspire-67 ability="Second Wind"
2026/05/17 14:06:00 INFO dnd: armed ability fired (turn-based build) user=@sim:fighter-l7-manor_blackspire-65 ability="Second Wind"
2026/05/17 14:06:00 INFO dnd: armed ability fired (turn-based build) user=@sim:fighter-l7-forest_shadows-63 ability="Second Wind"
2026/05/17 14:06:00 INFO dnd: armed ability fired (turn-based build) user=@sim:fighter-l7-manor_blackspire-65 ability="Second Wind"
2026/05/17 14:06:00 INFO dnd: armed ability fired (turn-based build) user=@sim:fighter-l7-forest_shadows-63 ability="Second Wind"
2026/05/17 14:06:00 INFO database initialized path=/tmp/expedition-sim-1939785911/gogobee.db
2026/05/17 14:06:00 INFO dnd: armed ability fired (turn-based build) user=@sim:fighter-l12-manor_blackspire-67 ability="Second Wind"
2026/05/17 14:06:00 INFO dnd: armed ability fired (turn-based build) user=@sim:fighter-l12-underdark-61 ability="Second Wind"
2026/05/17 14:06:00 INFO dnd: armed ability fired (turn-based build) user=@sim:fighter-l12-manor_blackspire-67 ability="Second Wind"
2026/05/17 14:06:00 INFO dnd: armed ability fired (turn-based build) user=@sim:fighter-l12-underdark-61 ability="Second Wind"
2026/05/17 14:06:00 INFO dnd: armed ability fired (turn-based build) user=@sim:fighter-l12-underdark-61 ability="Second Wind"
2026/05/17 14:06:00 INFO database initialized path=/tmp/expedition-sim-1963164736/gogobee.db
2026/05/17 14:06:00 INFO dnd: armed ability fired (turn-based build) user=@sim:fighter-l7-goblin_warrens-68 ability="Second Wind"
2026/05/17 14:06:00 INFO dnd: armed ability fired (turn-based build) user=@sim:fighter-l7-goblin_warrens-68 ability="Second Wind"
2026/05/17 14:06:00 INFO dnd: armed ability fired (turn-based build) user=@sim:fighter-l7-goblin_warrens-68 ability="Second Wind"
2026/05/17 14:06:00 INFO database initialized path=/tmp/expedition-sim-1177019822/gogobee.db
2026/05/17 14:06:00 INFO dnd: armed ability fired (turn-based build) user=@sim:fighter-l7-underdark-61 ability="Second Wind"
2026/05/17 14:06:00 INFO dnd: armed ability fired (turn-based build) user=@sim:fighter-l7-underdark-61 ability="Second Wind"
2026/05/17 14:06:00 INFO database initialized path=/tmp/expedition-sim-1960410281/gogobee.db
2026/05/17 14:06:00 INFO database initialized path=/tmp/expedition-sim-3287961764/gogobee.db
2026/05/17 14:06:00 INFO dnd: armed ability fired (turn-based build) user=@sim:fighter-l7-underdark-61 ability="Second Wind"
2026/05/17 14:06:00 INFO dnd: armed ability fired (turn-based build) user=@sim:fighter-l12-forest_shadows-64 ability="Second Wind"
2026/05/17 14:06:00 INFO dnd: armed ability fired (turn-based build) user=@sim:fighter-l7-dragons_lair-66 ability="Second Wind"
2026/05/17 14:06:00 INFO dnd: armed ability fired (turn-based build) user=@sim:fighter-l12-forest_shadows-64 ability="Second Wind"
2026/05/17 14:06:00 INFO dnd: armed ability fired (turn-based build) user=@sim:fighter-l7-dragons_lair-66 ability="Second Wind"
2026/05/17 14:06:00 INFO dnd: armed ability fired (turn-based build) user=@sim:fighter-l12-forest_shadows-64 ability="Second Wind"
2026/05/17 14:06:00 INFO dnd: armed ability fired (turn-based build) user=@sim:fighter-l7-dragons_lair-66 ability="Second Wind"
2026/05/17 14:06:00 INFO database initialized path=/tmp/expedition-sim-2513269863/gogobee.db
2026/05/17 14:06:00 INFO dnd: armed ability fired (turn-based build) user=@sim:fighter-l3-manor_blackspire-70 ability="Second Wind"
2026/05/17 14:06:00 INFO dnd: armed ability fired (turn-based build) user=@sim:fighter-l3-manor_blackspire-70 ability="Second Wind"
2026/05/17 14:06:00 INFO dnd: armed ability fired (turn-based build) user=@sim:fighter-l3-manor_blackspire-70 ability="Second Wind"
2026/05/17 14:06:00 INFO database initialized path=/tmp/expedition-sim-1603315821/gogobee.db
2026/05/17 14:06:00 INFO database initialized path=/tmp/expedition-sim-3957140014/gogobee.db
2026/05/17 14:06:00 INFO database initialized path=/tmp/expedition-sim-198550531/gogobee.db
2026/05/17 14:06:00 INFO database initialized path=/tmp/expedition-sim-3445751822/gogobee.db
2026/05/17 14:06:00 INFO dnd: armed ability fired (turn-based build) user=@sim:fighter-l3-goblin_warrens-65 ability="Second Wind"
2026/05/17 14:06:00 INFO dnd: armed ability fired (turn-based build) user=@sim:fighter-l3-forest_shadows-73 ability="Second Wind"
2026/05/17 14:06:00 INFO dnd: armed ability fired (turn-based build) user=@sim:fighter-l3-goblin_warrens-65 ability="Second Wind"
2026/05/17 14:06:00 INFO dnd: armed ability fired (turn-based build) user=@sim:fighter-l3-forest_shadows-73 ability="Second Wind"
2026/05/17 14:06:00 INFO dnd: armed ability fired (turn-based build) user=@sim:fighter-l3-goblin_warrens-65 ability="Second Wind"
2026/05/17 14:06:00 INFO dnd: armed ability fired (turn-based build) user=@sim:fighter-l3-forest_shadows-73 ability="Second Wind"
2026/05/17 14:06:00 INFO database initialized path=/tmp/expedition-sim-2670952740/gogobee.db
2026/05/17 14:06:00 INFO dnd: armed ability fired (turn-based build) user=@sim:fighter-l12-goblin_warrens-60 ability="Second Wind"
2026/05/17 14:06:00 INFO dnd: armed ability fired (turn-based build) user=@sim:fighter-l12-goblin_warrens-60 ability="Second Wind"
2026/05/17 14:06:00 INFO database initialized path=/tmp/expedition-sim-1738459890/gogobee.db
2026/05/17 14:06:00 INFO dnd: armed ability fired (turn-based build) user=@sim:fighter-l12-goblin_warrens-60 ability="Second Wind"
2026/05/17 14:06:00 INFO dnd: armed ability fired (turn-based build) user=@sim:fighter-l7-manor_blackspire-66 ability="Second Wind"
2026/05/17 14:06:00 INFO database initialized path=/tmp/expedition-sim-3644143080/gogobee.db
2026/05/17 14:06:00 INFO dnd: armed ability fired (turn-based build) user=@sim:fighter-l7-manor_blackspire-66 ability="Second Wind"
2026/05/17 14:06:01 INFO dnd: armed ability fired (turn-based build) user=@sim:fighter-l7-manor_blackspire-66 ability="Second Wind"
2026/05/17 14:06:01 INFO dnd: armed ability fired (turn-based build) user=@sim:fighter-l12-manor_blackspire-68 ability="Second Wind"
2026/05/17 14:06:01 INFO dnd: armed ability fired (turn-based build) user=@sim:fighter-l12-manor_blackspire-68 ability="Second Wind"
2026/05/17 14:06:01 INFO dnd: armed ability fired (turn-based build) user=@sim:fighter-l12-manor_blackspire-68 ability="Second Wind"
2026/05/17 14:06:01 INFO database initialized path=/tmp/expedition-sim-3267091858/gogobee.db
2026/05/17 14:06:01 INFO database initialized path=/tmp/expedition-sim-530933350/gogobee.db
2026/05/17 14:06:01 INFO dnd: armed ability fired (turn-based build) user=@sim:fighter-l7-forest_shadows-64 ability="Second Wind"
2026/05/17 14:06:01 INFO dnd: armed ability fired (turn-based build) user=@sim:fighter-l12-underdark-62 ability="Second Wind"
2026/05/17 14:06:01 INFO dnd: armed ability fired (turn-based build) user=@sim:fighter-l7-forest_shadows-64 ability="Second Wind"
2026/05/17 14:06:01 INFO dnd: armed ability fired (turn-based build) user=@sim:fighter-l12-underdark-62 ability="Second Wind"
2026/05/17 14:06:01 INFO dnd: armed ability fired (turn-based build) user=@sim:fighter-l7-forest_shadows-64 ability="Second Wind"
2026/05/17 14:06:01 INFO database initialized path=/tmp/expedition-sim-4094905624/gogobee.db
2026/05/17 14:06:01 INFO dnd: armed ability fired (turn-based build) user=@sim:fighter-l12-underdark-62 ability="Second Wind"
2026/05/17 14:06:01 INFO dnd: armed ability fired (turn-based build) user=@sim:fighter-l7-underdark-62 ability="Second Wind"
2026/05/17 14:06:01 INFO dnd: armed ability fired (turn-based build) user=@sim:fighter-l7-underdark-62 ability="Second Wind"
2026/05/17 14:06:01 INFO database initialized path=/tmp/expedition-sim-1625617910/gogobee.db
2026/05/17 14:06:01 INFO dnd: armed ability fired (turn-based build) user=@sim:fighter-l7-underdark-62 ability="Second Wind"
2026/05/17 14:06:01 INFO database initialized path=/tmp/expedition-sim-1004401807/gogobee.db
2026/05/17 14:06:01 INFO dnd: armed ability fired (turn-based build) user=@sim:fighter-l7-goblin_warrens-69 ability="Second Wind"
2026/05/17 14:06:01 INFO dnd: armed ability fired (turn-based build) user=@sim:fighter-l12-forest_shadows-65 ability="Second Wind"
2026/05/17 14:06:01 INFO database initialized path=/tmp/expedition-sim-1837050348/gogobee.db
2026/05/17 14:06:01 INFO database initialized path=/tmp/expedition-sim-1795112832/gogobee.db
2026/05/17 14:06:01 INFO dnd: armed ability fired (turn-based build) user=@sim:fighter-l12-forest_shadows-65 ability="Second Wind"
2026/05/17 14:06:01 INFO dnd: armed ability fired (turn-based build) user=@sim:fighter-l3-manor_blackspire-71 ability="Second Wind"
2026/05/17 14:06:01 INFO database initialized path=/tmp/expedition-sim-2511010806/gogobee.db
2026/05/17 14:06:01 INFO dnd: armed ability fired (turn-based build) user=@sim:fighter-l7-dragons_lair-67 ability="Second Wind"
2026/05/17 14:06:01 INFO dnd: armed ability fired (turn-based build) user=@sim:fighter-l7-goblin_warrens-69 ability="Second Wind"
2026/05/17 14:06:01 INFO dnd: armed ability fired (turn-based build) user=@sim:fighter-l12-forest_shadows-65 ability="Second Wind"
2026/05/17 14:06:01 INFO dnd: armed ability fired (turn-based build) user=@sim:fighter-l3-manor_blackspire-71 ability="Second Wind"
2026/05/17 14:06:01 INFO dnd: armed ability fired (turn-based build) user=@sim:fighter-l7-dragons_lair-67 ability="Second Wind"
2026/05/17 14:06:01 INFO dnd: armed ability fired (turn-based build) user=@sim:fighter-l7-goblin_warrens-69 ability="Second Wind"
2026/05/17 14:06:01 INFO dnd: armed ability fired (turn-based build) user=@sim:fighter-l3-manor_blackspire-71 ability="Second Wind"
2026/05/17 14:06:01 INFO dnd: armed ability fired (turn-based build) user=@sim:fighter-l7-dragons_lair-67 ability="Second Wind"
2026/05/17 14:06:01 INFO database initialized path=/tmp/expedition-sim-477359011/gogobee.db
2026/05/17 14:06:01 INFO database initialized path=/tmp/expedition-sim-1559094867/gogobee.db
2026/05/17 14:06:01 INFO dnd: armed ability fired (turn-based build) user=@sim:fighter-l3-forest_shadows-74 ability="Second Wind"
2026/05/17 14:06:01 INFO dnd: armed ability fired (turn-based build) user=@sim:fighter-l3-forest_shadows-74 ability="Second Wind"
2026/05/17 14:06:01 INFO dnd: armed ability fired (turn-based build) user=@sim:fighter-l3-forest_shadows-74 ability="Second Wind"
2026/05/17 14:06:01 INFO database initialized path=/tmp/expedition-sim-3957190243/gogobee.db
2026/05/17 14:06:01 INFO dnd: armed ability fired (turn-based build) user=@sim:fighter-l12-goblin_warrens-61 ability="Second Wind"
2026/05/17 14:06:01 INFO dnd: armed ability fired (turn-based build) user=@sim:fighter-l12-goblin_warrens-61 ability="Second Wind"
2026/05/17 14:06:01 INFO dnd: armed ability fired (turn-based build) user=@sim:fighter-l12-goblin_warrens-61 ability="Second Wind"
2026/05/17 14:06:01 INFO database initialized path=/tmp/expedition-sim-136364800/gogobee.db
2026/05/17 14:06:01 INFO dnd: armed ability fired (turn-based build) user=@sim:fighter-l12-manor_blackspire-69 ability="Second Wind"
2026/05/17 14:06:01 INFO dnd: armed ability fired (turn-based build) user=@sim:fighter-l12-manor_blackspire-69 ability="Second Wind"
2026/05/17 14:06:01 INFO dnd: armed ability fired (turn-based build) user=@sim:fighter-l12-manor_blackspire-69 ability="Second Wind"
2026/05/17 14:06:01 INFO database initialized path=/tmp/expedition-sim-925278651/gogobee.db
2026/05/17 14:06:01 INFO database initialized path=/tmp/expedition-sim-3730573476/gogobee.db
2026/05/17 14:06:01 INFO dnd: armed ability fired (turn-based build) user=@sim:fighter-l7-forest_shadows-65 ability="Second Wind"
2026/05/17 14:06:01 INFO dnd: armed ability fired (turn-based build) user=@sim:fighter-l7-forest_shadows-65 ability="Second Wind"
2026/05/17 14:06:01 INFO dnd: armed ability fired (turn-based build) user=@sim:fighter-l7-forest_shadows-65 ability="Second Wind"
2026/05/17 14:06:01 INFO database initialized path=/tmp/expedition-sim-3939211474/gogobee.db
2026/05/17 14:06:01 INFO database initialized path=/tmp/expedition-sim-2393722442/gogobee.db
2026/05/17 14:06:01 INFO database initialized path=/tmp/expedition-sim-2810955856/gogobee.db
2026/05/17 14:06:01 INFO dnd: armed ability fired (turn-based build) user=@sim:fighter-l7-goblin_warrens-70 ability="Second Wind"
2026/05/17 14:06:01 INFO dnd: armed ability fired (turn-based build) user=@sim:fighter-l12-underdark-63 ability="Second Wind"
2026/05/17 14:06:01 INFO dnd: armed ability fired (turn-based build) user=@sim:fighter-l7-goblin_warrens-70 ability="Second Wind"
2026/05/17 14:06:01 INFO dnd: armed ability fired (turn-based build) user=@sim:fighter-l7-dragons_lair-68 ability="Second Wind"
2026/05/17 14:06:01 INFO database initialized path=/tmp/expedition-sim-3245942809/gogobee.db
2026/05/17 14:06:01 INFO dnd: armed ability fired (turn-based build) user=@sim:fighter-l7-goblin_warrens-70 ability="Second Wind"
2026/05/17 14:06:01 INFO dnd: armed ability fired (turn-based build) user=@sim:fighter-l12-underdark-63 ability="Second Wind"
2026/05/17 14:06:01 INFO dnd: armed ability fired (turn-based build) user=@sim:fighter-l7-dragons_lair-68 ability="Second Wind"
2026/05/17 14:06:01 INFO database initialized path=/tmp/expedition-sim-1192004696/gogobee.db
2026/05/17 14:06:01 INFO dnd: armed ability fired (turn-based build) user=@sim:fighter-l3-goblin_warrens-66 ability="Second Wind"
2026/05/17 14:06:01 INFO dnd: armed ability fired (turn-based build) user=@sim:fighter-l12-underdark-63 ability="Second Wind"
2026/05/17 14:06:01 INFO dnd: armed ability fired (turn-based build) user=@sim:fighter-l7-dragons_lair-68 ability="Second Wind"
2026/05/17 14:06:01 INFO database initialized path=/tmp/expedition-sim-147201620/gogobee.db
2026/05/17 14:06:01 INFO dnd: armed ability fired (turn-based build) user=@sim:fighter-l3-goblin_warrens-66 ability="Second Wind"
2026/05/17 14:06:01 INFO dnd: armed ability fired (turn-based build) user=@sim:fighter-l3-goblin_warrens-66 ability="Second Wind"
2026/05/17 14:06:01 INFO dnd: armed ability fired (turn-based build) user=@sim:fighter-l3-manor_blackspire-72 ability="Second Wind"
2026/05/17 14:06:01 INFO dnd: armed ability fired (turn-based build) user=@sim:fighter-l3-manor_blackspire-72 ability="Second Wind"
2026/05/17 14:06:01 INFO database initialized path=/tmp/expedition-sim-126352703/gogobee.db
2026/05/17 14:06:01 INFO dnd: armed ability fired (turn-based build) user=@sim:fighter-l3-manor_blackspire-72 ability="Second Wind"
2026/05/17 14:06:01 INFO dnd: armed ability fired (turn-based build) user=@sim:fighter-l12-forest_shadows-66 ability="Second Wind"
2026/05/17 14:06:01 INFO dnd: armed ability fired (turn-based build) user=@sim:fighter-l12-forest_shadows-66 ability="Second Wind"
2026/05/17 14:06:01 INFO dnd: armed ability fired (turn-based build) user=@sim:fighter-l12-forest_shadows-66 ability="Second Wind"
2026/05/17 14:06:01 INFO database initialized path=/tmp/expedition-sim-1405049026/gogobee.db
2026/05/17 14:06:01 INFO database initialized path=/tmp/expedition-sim-3994329378/gogobee.db
2026/05/17 14:06:01 INFO dnd: armed ability fired (turn-based build) user=@sim:fighter-l7-underdark-63 ability="Second Wind"
2026/05/17 14:06:01 INFO dnd: armed ability fired (turn-based build) user=@sim:fighter-l7-manor_blackspire-67 ability="Second Wind"
2026/05/17 14:06:01 INFO dnd: armed ability fired (turn-based build) user=@sim:fighter-l7-underdark-63 ability="Second Wind"
2026/05/17 14:06:01 INFO dnd: armed ability fired (turn-based build) user=@sim:fighter-l7-underdark-63 ability="Second Wind"
2026/05/17 14:06:01 INFO dnd: armed ability fired (turn-based build) user=@sim:fighter-l7-manor_blackspire-67 ability="Second Wind"
2026/05/17 14:06:01 INFO dnd: armed ability fired (turn-based build) user=@sim:fighter-l7-manor_blackspire-67 ability="Second Wind"
2026/05/17 14:06:01 INFO database initialized path=/tmp/expedition-sim-2269834104/gogobee.db
2026/05/17 14:06:01 INFO database initialized path=/tmp/expedition-sim-3412024377/gogobee.db
2026/05/17 14:06:01 INFO dnd: armed ability fired (turn-based build) user=@sim:fighter-l12-goblin_warrens-62 ability="Second Wind"
2026/05/17 14:06:01 INFO dnd: armed ability fired (turn-based build) user=@sim:fighter-l12-goblin_warrens-62 ability="Second Wind"
2026/05/17 14:06:01 INFO database initialized path=/tmp/expedition-sim-1314427503/gogobee.db
2026/05/17 14:06:01 INFO dnd: armed ability fired (turn-based build) user=@sim:fighter-l12-goblin_warrens-62 ability="Second Wind"
2026/05/17 14:06:01 INFO dnd: armed ability fired (turn-based build) user=@sim:fighter-l3-forest_shadows-75 ability="Second Wind"
2026/05/17 14:06:01 INFO dnd: armed ability fired (turn-based build) user=@sim:fighter-l3-forest_shadows-75 ability="Second Wind"
2026/05/17 14:06:01 INFO dnd: armed ability fired (turn-based build) user=@sim:fighter-l3-forest_shadows-75 ability="Second Wind"
2026/05/17 14:06:01 INFO database initialized path=/tmp/expedition-sim-2075858668/gogobee.db
2026/05/17 14:06:01 INFO database initialized path=/tmp/expedition-sim-3045219944/gogobee.db
2026/05/17 14:06:01 INFO dnd: armed ability fired (turn-based build) user=@sim:fighter-l7-dragons_lair-69 ability="Second Wind"
2026/05/17 14:06:01 INFO database initialized path=/tmp/expedition-sim-281849207/gogobee.db
2026/05/17 14:06:01 INFO dnd: armed ability fired (turn-based build) user=@sim:fighter-l7-dragons_lair-69 ability="Second Wind"
2026/05/17 14:06:01 INFO dnd: armed ability fired (turn-based build) user=@sim:fighter-l7-dragons_lair-69 ability="Second Wind"
2026/05/17 14:06:01 INFO dnd: armed ability fired (turn-based build) user=@sim:fighter-l12-manor_blackspire-70 ability="Second Wind"
2026/05/17 14:06:01 INFO database initialized path=/tmp/expedition-sim-3586661783/gogobee.db
2026/05/17 14:06:01 INFO database initialized path=/tmp/expedition-sim-826983539/gogobee.db
2026/05/17 14:06:01 INFO dnd: armed ability fired (turn-based build) user=@sim:fighter-l12-manor_blackspire-70 ability="Second Wind"
2026/05/17 14:06:01 INFO dnd: armed ability fired (turn-based build) user=@sim:fighter-l3-goblin_warrens-67 ability="Second Wind"
2026/05/17 14:06:01 INFO database initialized path=/tmp/expedition-sim-1848139803/gogobee.db
2026/05/17 14:06:01 INFO database initialized path=/tmp/expedition-sim-2273502604/gogobee.db
2026/05/17 14:06:01 INFO dnd: armed ability fired (turn-based build) user=@sim:fighter-l12-underdark-64 ability="Second Wind"
2026/05/17 14:06:01 INFO dnd: armed ability fired (turn-based build) user=@sim:fighter-l3-goblin_warrens-67 ability="Second Wind"
2026/05/17 14:06:01 INFO dnd: armed ability fired (turn-based build) user=@sim:fighter-l12-manor_blackspire-70 ability="Second Wind"
2026/05/17 14:06:01 INFO dnd: armed ability fired (turn-based build) user=@sim:fighter-l7-goblin_warrens-71 ability="Second Wind"
2026/05/17 14:06:01 INFO dnd: armed ability fired (turn-based build) user=@sim:fighter-l3-goblin_warrens-67 ability="Second Wind"
2026/05/17 14:06:01 INFO dnd: armed ability fired (turn-based build) user=@sim:fighter-l12-underdark-64 ability="Second Wind"
2026/05/17 14:06:01 INFO dnd: armed ability fired (turn-based build) user=@sim:fighter-l7-goblin_warrens-71 ability="Second Wind"
2026/05/17 14:06:01 INFO dnd: armed ability fired (turn-based build) user=@sim:fighter-l12-underdark-64 ability="Second Wind"
2026/05/17 14:06:01 INFO dnd: armed ability fired (turn-based build) user=@sim:fighter-l7-forest_shadows-66 ability="Second Wind"
2026/05/17 14:06:01 INFO dnd: armed ability fired (turn-based build) user=@sim:fighter-l7-goblin_warrens-71 ability="Second Wind"
2026/05/17 14:06:01 INFO dnd: armed ability fired (turn-based build) user=@sim:fighter-l7-forest_shadows-66 ability="Second Wind"
2026/05/17 14:06:02 INFO dnd: armed ability fired (turn-based build) user=@sim:fighter-l7-forest_shadows-66 ability="Second Wind"
2026/05/17 14:06:02 INFO database initialized path=/tmp/expedition-sim-1057420469/gogobee.db
2026/05/17 14:06:02 INFO dnd: armed ability fired (turn-based build) user=@sim:fighter-l12-forest_shadows-67 ability="Second Wind"
2026/05/17 14:06:02 INFO dnd: armed ability fired (turn-based build) user=@sim:fighter-l12-forest_shadows-67 ability="Second Wind"
2026/05/17 14:06:02 INFO dnd: armed ability fired (turn-based build) user=@sim:fighter-l12-forest_shadows-67 ability="Second Wind"
2026/05/17 14:06:02 INFO database initialized path=/tmp/expedition-sim-1956081017/gogobee.db
2026/05/17 14:06:02 INFO dnd: armed ability fired (turn-based build) user=@sim:fighter-l3-manor_blackspire-73 ability="Second Wind"
2026/05/17 14:06:02 INFO dnd: armed ability fired (turn-based build) user=@sim:fighter-l3-manor_blackspire-73 ability="Second Wind"
2026/05/17 14:06:02 INFO dnd: armed ability fired (turn-based build) user=@sim:fighter-l3-manor_blackspire-73 ability="Second Wind"
2026/05/17 14:06:02 INFO database initialized path=/tmp/expedition-sim-1986479221/gogobee.db
2026/05/17 14:06:02 INFO database initialized path=/tmp/expedition-sim-91478357/gogobee.db
2026/05/17 14:06:02 INFO dnd: armed ability fired (turn-based build) user=@sim:fighter-l7-manor_blackspire-68 ability="Second Wind"
2026/05/17 14:06:02 INFO dnd: armed ability fired (turn-based build) user=@sim:fighter-l7-manor_blackspire-68 ability="Second Wind"
2026/05/17 14:06:02 INFO dnd: armed ability fired (turn-based build) user=@sim:fighter-l7-manor_blackspire-68 ability="Second Wind"
2026/05/17 14:06:02 INFO database initialized path=/tmp/expedition-sim-1599616403/gogobee.db
2026/05/17 14:06:02 INFO database initialized path=/tmp/expedition-sim-2271636864/gogobee.db
2026/05/17 14:06:02 INFO database initialized path=/tmp/expedition-sim-730761039/gogobee.db
2026/05/17 14:06:02 INFO dnd: armed ability fired (turn-based build) user=@sim:fighter-l12-goblin_warrens-63 ability="Second Wind"
2026/05/17 14:06:02 INFO dnd: armed ability fired (turn-based build) user=@sim:fighter-l12-goblin_warrens-63 ability="Second Wind"
2026/05/17 14:06:02 INFO dnd: armed ability fired (turn-based build) user=@sim:fighter-l3-forest_shadows-76 ability="Second Wind"
2026/05/17 14:06:02 INFO dnd: armed ability fired (turn-based build) user=@sim:fighter-l12-goblin_warrens-63 ability="Second Wind"
2026/05/17 14:06:02 INFO dnd: armed ability fired (turn-based build) user=@sim:fighter-l3-forest_shadows-76 ability="Second Wind"
2026/05/17 14:06:02 INFO dnd: armed ability fired (turn-based build) user=@sim:fighter-l3-forest_shadows-76 ability="Second Wind"
2026/05/17 14:06:02 INFO database initialized path=/tmp/expedition-sim-1888526223/gogobee.db
2026/05/17 14:06:02 INFO dnd: armed ability fired (turn-based build) user=@sim:fighter-l7-underdark-64 ability="Second Wind"
2026/05/17 14:06:02 INFO dnd: armed ability fired (turn-based build) user=@sim:fighter-l7-underdark-64 ability="Second Wind"
2026/05/17 14:06:02 INFO dnd: armed ability fired (turn-based build) user=@sim:fighter-l7-underdark-64 ability="Second Wind"
2026/05/17 14:06:02 INFO database initialized path=/tmp/expedition-sim-2017509175/gogobee.db
2026/05/17 14:06:02 INFO dnd: armed ability fired (turn-based build) user=@sim:fighter-l7-goblin_warrens-72 ability="Second Wind"
2026/05/17 14:06:02 INFO database initialized path=/tmp/expedition-sim-492183306/gogobee.db
2026/05/17 14:06:02 INFO database initialized path=/tmp/expedition-sim-3440933379/gogobee.db
2026/05/17 14:06:02 INFO dnd: armed ability fired (turn-based build) user=@sim:fighter-l7-goblin_warrens-72 ability="Second Wind"
2026/05/17 14:06:02 INFO dnd: armed ability fired (turn-based build) user=@sim:fighter-l3-goblin_warrens-68 ability="Second Wind"
2026/05/17 14:06:02 INFO dnd: armed ability fired (turn-based build) user=@sim:fighter-l12-manor_blackspire-71 ability="Second Wind"
2026/05/17 14:06:02 INFO dnd: armed ability fired (turn-based build) user=@sim:fighter-l7-goblin_warrens-72 ability="Second Wind"
2026/05/17 14:06:02 INFO dnd: armed ability fired (turn-based build) user=@sim:fighter-l3-goblin_warrens-68 ability="Second Wind"
2026/05/17 14:06:02 INFO dnd: armed ability fired (turn-based build) user=@sim:fighter-l12-manor_blackspire-71 ability="Second Wind"
2026/05/17 14:06:02 INFO dnd: armed ability fired (turn-based build) user=@sim:fighter-l12-manor_blackspire-71 ability="Second Wind"
2026/05/17 14:06:02 INFO dnd: armed ability fired (turn-based build) user=@sim:fighter-l3-goblin_warrens-68 ability="Second Wind"
2026/05/17 14:06:02 INFO database initialized path=/tmp/expedition-sim-4078602966/gogobee.db
2026/05/17 14:06:02 INFO dnd: armed ability fired (turn-based build) user=@sim:fighter-l7-dragons_lair-70 ability="Second Wind"
2026/05/17 14:06:02 INFO dnd: armed ability fired (turn-based build) user=@sim:fighter-l7-dragons_lair-70 ability="Second Wind"
2026/05/17 14:06:02 INFO database initialized path=/tmp/expedition-sim-1069758177/gogobee.db
2026/05/17 14:06:02 INFO dnd: armed ability fired (turn-based build) user=@sim:fighter-l7-dragons_lair-70 ability="Second Wind"
2026/05/17 14:06:02 INFO database initialized path=/tmp/expedition-sim-3184822425/gogobee.db
2026/05/17 14:06:02 INFO dnd: armed ability fired (turn-based build) user=@sim:fighter-l12-forest_shadows-68 ability="Second Wind"
2026/05/17 14:06:02 INFO dnd: armed ability fired (turn-based build) user=@sim:fighter-l12-underdark-65 ability="Second Wind"
2026/05/17 14:06:02 INFO dnd: armed ability fired (turn-based build) user=@sim:fighter-l12-forest_shadows-68 ability="Second Wind"
2026/05/17 14:06:02 INFO database initialized path=/tmp/expedition-sim-2416464277/gogobee.db
2026/05/17 14:06:02 INFO dnd: armed ability fired (turn-based build) user=@sim:fighter-l12-underdark-65 ability="Second Wind"
2026/05/17 14:06:02 INFO dnd: armed ability fired (turn-based build) user=@sim:fighter-l12-forest_shadows-68 ability="Second Wind"
2026/05/17 14:06:02 INFO dnd: armed ability fired (turn-based build) user=@sim:fighter-l12-underdark-65 ability="Second Wind"
2026/05/17 14:06:02 INFO database initialized path=/tmp/expedition-sim-750249048/gogobee.db
2026/05/17 14:06:02 INFO dnd: armed ability fired (turn-based build) user=@sim:fighter-l7-forest_shadows-67 ability="Second Wind"
2026/05/17 14:06:02 INFO dnd: armed ability fired (turn-based build) user=@sim:fighter-l7-forest_shadows-67 ability="Second Wind"
2026/05/17 14:06:02 INFO dnd: armed ability fired (turn-based build) user=@sim:fighter-l7-forest_shadows-67 ability="Second Wind"
2026/05/17 14:06:02 INFO database initialized path=/tmp/expedition-sim-1522417103/gogobee.db
2026/05/17 14:06:02 INFO database initialized path=/tmp/expedition-sim-3705855658/gogobee.db
2026/05/17 14:06:02 INFO database initialized path=/tmp/expedition-sim-4160942649/gogobee.db
2026/05/17 14:06:02 INFO dnd: armed ability fired (turn-based build) user=@sim:fighter-l3-manor_blackspire-74 ability="Second Wind"
2026/05/17 14:06:02 INFO dnd: armed ability fired (turn-based build) user=@sim:fighter-l7-manor_blackspire-69 ability="Second Wind"
2026/05/17 14:06:02 INFO dnd: armed ability fired (turn-based build) user=@sim:fighter-l7-manor_blackspire-69 ability="Second Wind"
2026/05/17 14:06:02 INFO dnd: armed ability fired (turn-based build) user=@sim:fighter-l3-manor_blackspire-74 ability="Second Wind"
2026/05/17 14:06:02 INFO database initialized path=/tmp/expedition-sim-2761062869/gogobee.db
2026/05/17 14:06:02 INFO dnd: armed ability fired (turn-based build) user=@sim:fighter-l7-manor_blackspire-69 ability="Second Wind"
2026/05/17 14:06:02 INFO dnd: armed ability fired (turn-based build) user=@sim:fighter-l12-goblin_warrens-64 ability="Second Wind"
2026/05/17 14:06:02 INFO dnd: armed ability fired (turn-based build) user=@sim:fighter-l3-manor_blackspire-74 ability="Second Wind"
2026/05/17 14:06:02 INFO dnd: armed ability fired (turn-based build) user=@sim:fighter-l12-goblin_warrens-64 ability="Second Wind"
2026/05/17 14:06:02 INFO dnd: armed ability fired (turn-based build) user=@sim:fighter-l12-goblin_warrens-64 ability="Second Wind"
2026/05/17 14:06:02 INFO database initialized path=/tmp/expedition-sim-1528487287/gogobee.db
2026/05/17 14:06:02 INFO dnd: armed ability fired (turn-based build) user=@sim:fighter-l3-forest_shadows-77 ability="Second Wind"
2026/05/17 14:06:02 INFO database initialized path=/tmp/expedition-sim-1148021297/gogobee.db
2026/05/17 14:06:02 INFO dnd: armed ability fired (turn-based build) user=@sim:fighter-l3-forest_shadows-77 ability="Second Wind"
2026/05/17 14:06:02 INFO database initialized path=/tmp/expedition-sim-1495276278/gogobee.db
2026/05/17 14:06:02 INFO dnd: armed ability fired (turn-based build) user=@sim:fighter-l7-goblin_warrens-73 ability="Second Wind"
2026/05/17 14:06:02 INFO dnd: armed ability fired (turn-based build) user=@sim:fighter-l3-forest_shadows-77 ability="Second Wind"
2026/05/17 14:06:02 INFO dnd: armed ability fired (turn-based build) user=@sim:fighter-l7-goblin_warrens-73 ability="Second Wind"
2026/05/17 14:06:02 INFO database initialized path=/tmp/expedition-sim-3295154189/gogobee.db
2026/05/17 14:06:02 INFO dnd: armed ability fired (turn-based build) user=@sim:fighter-l7-goblin_warrens-73 ability="Second Wind"
2026/05/17 14:06:02 INFO dnd: armed ability fired (turn-based build) user=@sim:fighter-l3-goblin_warrens-69 ability="Second Wind"
2026/05/17 14:06:02 INFO dnd: armed ability fired (turn-based build) user=@sim:fighter-l3-goblin_warrens-69 ability="Second Wind"
2026/05/17 14:06:02 INFO dnd: armed ability fired (turn-based build) user=@sim:fighter-l3-goblin_warrens-69 ability="Second Wind"
2026/05/17 14:06:02 INFO database initialized path=/tmp/expedition-sim-103711089/gogobee.db
2026/05/17 14:06:02 INFO dnd: armed ability fired (turn-based build) user=@sim:fighter-l12-forest_shadows-69 ability="Second Wind"
2026/05/17 14:06:02 INFO database initialized path=/tmp/expedition-sim-3079455713/gogobee.db
2026/05/17 14:06:02 INFO dnd: armed ability fired (turn-based build) user=@sim:fighter-l12-forest_shadows-69 ability="Second Wind"
2026/05/17 14:06:02 INFO database initialized path=/tmp/expedition-sim-2243690776/gogobee.db
2026/05/17 14:06:02 INFO dnd: armed ability fired (turn-based build) user=@sim:fighter-l12-manor_blackspire-72 ability="Second Wind"
2026/05/17 14:06:02 INFO dnd: armed ability fired (turn-based build) user=@sim:fighter-l12-forest_shadows-69 ability="Second Wind"
2026/05/17 14:06:02 INFO dnd: armed ability fired (turn-based build) user=@sim:fighter-l7-dragons_lair-71 ability="Second Wind"
2026/05/17 14:06:02 INFO database initialized path=/tmp/expedition-sim-418620873/gogobee.db
2026/05/17 14:06:02 INFO dnd: armed ability fired (turn-based build) user=@sim:fighter-l7-dragons_lair-71 ability="Second Wind"
2026/05/17 14:06:02 INFO dnd: armed ability fired (turn-based build) user=@sim:fighter-l12-manor_blackspire-72 ability="Second Wind"
2026/05/17 14:06:02 INFO database initialized path=/tmp/expedition-sim-1684236228/gogobee.db
2026/05/17 14:06:02 INFO dnd: armed ability fired (turn-based build) user=@sim:fighter-l7-dragons_lair-71 ability="Second Wind"
2026/05/17 14:06:02 INFO dnd: armed ability fired (turn-based build) user=@sim:fighter-l12-manor_blackspire-72 ability="Second Wind"
2026/05/17 14:06:02 INFO dnd: armed ability fired (turn-based build) user=@sim:fighter-l12-underdark-66 ability="Second Wind"
2026/05/17 14:06:02 INFO dnd: armed ability fired (turn-based build) user=@sim:fighter-l12-underdark-66 ability="Second Wind"
2026/05/17 14:06:02 INFO dnd: armed ability fired (turn-based build) user=@sim:fighter-l12-underdark-66 ability="Second Wind"
2026/05/17 14:06:02 INFO database initialized path=/tmp/expedition-sim-3678196539/gogobee.db
2026/05/17 14:06:02 INFO dnd: armed ability fired (turn-based build) user=@sim:fighter-l7-underdark-65 ability="Second Wind"
2026/05/17 14:06:02 INFO dnd: armed ability fired (turn-based build) user=@sim:fighter-l7-underdark-65 ability="Second Wind"
2026/05/17 14:06:02 INFO database initialized path=/tmp/expedition-sim-239116169/gogobee.db
2026/05/17 14:06:03 INFO dnd: armed ability fired (turn-based build) user=@sim:fighter-l7-underdark-65 ability="Second Wind"
2026/05/17 14:06:03 INFO dnd: armed ability fired (turn-based build) user=@sim:fighter-l7-forest_shadows-68 ability="Second Wind"
2026/05/17 14:06:03 INFO dnd: armed ability fired (turn-based build) user=@sim:fighter-l7-forest_shadows-68 ability="Second Wind"
2026/05/17 14:06:03 INFO dnd: armed ability fired (turn-based build) user=@sim:fighter-l7-forest_shadows-68 ability="Second Wind"
2026/05/17 14:06:03 INFO database initialized path=/tmp/expedition-sim-3915925967/gogobee.db
2026/05/17 14:06:03 INFO database initialized path=/tmp/expedition-sim-1874154241/gogobee.db
2026/05/17 14:06:03 INFO dnd: armed ability fired (turn-based build) user=@sim:fighter-l3-manor_blackspire-75 ability="Second Wind"
2026/05/17 14:06:03 INFO dnd: armed ability fired (turn-based build) user=@sim:fighter-l12-goblin_warrens-65 ability="Second Wind"
2026/05/17 14:06:03 INFO dnd: armed ability fired (turn-based build) user=@sim:fighter-l3-manor_blackspire-75 ability="Second Wind"
2026/05/17 14:06:03 INFO dnd: armed ability fired (turn-based build) user=@sim:fighter-l12-goblin_warrens-65 ability="Second Wind"
2026/05/17 14:06:03 INFO dnd: armed ability fired (turn-based build) user=@sim:fighter-l3-manor_blackspire-75 ability="Second Wind"
2026/05/17 14:06:03 INFO dnd: armed ability fired (turn-based build) user=@sim:fighter-l12-goblin_warrens-65 ability="Second Wind"
2026/05/17 14:06:03 INFO database initialized path=/tmp/expedition-sim-4016618788/gogobee.db
2026/05/17 14:06:03 INFO dnd: armed ability fired (turn-based build) user=@sim:fighter-l7-manor_blackspire-70 ability="Second Wind"
2026/05/17 14:06:03 INFO dnd: armed ability fired (turn-based build) user=@sim:fighter-l7-manor_blackspire-70 ability="Second Wind"
2026/05/17 14:06:03 INFO database initialized path=/tmp/expedition-sim-585787674/gogobee.db
2026/05/17 14:06:03 INFO dnd: armed ability fired (turn-based build) user=@sim:fighter-l7-manor_blackspire-70 ability="Second Wind"
2026/05/17 14:06:03 INFO database initialized path=/tmp/expedition-sim-34041720/gogobee.db
2026/05/17 14:06:03 INFO database initialized path=/tmp/expedition-sim-1409874621/gogobee.db
2026/05/17 14:06:03 INFO dnd: armed ability fired (turn-based build) user=@sim:fighter-l7-goblin_warrens-74 ability="Second Wind"
2026/05/17 14:06:03 INFO dnd: armed ability fired (turn-based build) user=@sim:fighter-l3-forest_shadows-78 ability="Second Wind"
2026/05/17 14:06:03 INFO dnd: armed ability fired (turn-based build) user=@sim:fighter-l3-forest_shadows-78 ability="Second Wind"
2026/05/17 14:06:03 INFO dnd: armed ability fired (turn-based build) user=@sim:fighter-l3-forest_shadows-78 ability="Second Wind"
2026/05/17 14:06:03 INFO dnd: armed ability fired (turn-based build) user=@sim:fighter-l7-goblin_warrens-74 ability="Second Wind"
2026/05/17 14:06:03 INFO dnd: armed ability fired (turn-based build) user=@sim:fighter-l7-goblin_warrens-74 ability="Second Wind"
2026/05/17 14:06:03 INFO database initialized path=/tmp/expedition-sim-2169111128/gogobee.db
2026/05/17 14:06:03 INFO dnd: armed ability fired (turn-based build) user=@sim:fighter-l12-manor_blackspire-73 ability="Second Wind"
2026/05/17 14:06:03 INFO database initialized path=/tmp/expedition-sim-2452729404/gogobee.db
2026/05/17 14:06:03 INFO dnd: armed ability fired (turn-based build) user=@sim:fighter-l12-manor_blackspire-73 ability="Second Wind"
2026/05/17 14:06:03 INFO dnd: armed ability fired (turn-based build) user=@sim:fighter-l12-manor_blackspire-73 ability="Second Wind"
2026/05/17 14:06:03 INFO dnd: armed ability fired (turn-based build) user=@sim:fighter-l3-goblin_warrens-70 ability="Second Wind"
2026/05/17 14:06:03 INFO database initialized path=/tmp/expedition-sim-1558967093/gogobee.db
2026/05/17 14:06:03 INFO database initialized path=/tmp/expedition-sim-1774756382/gogobee.db
2026/05/17 14:06:03 INFO dnd: armed ability fired (turn-based build) user=@sim:fighter-l3-goblin_warrens-70 ability="Second Wind"
2026/05/17 14:06:03 INFO dnd: armed ability fired (turn-based build) user=@sim:fighter-l7-dragons_lair-72 ability="Second Wind"
2026/05/17 14:06:03 INFO dnd: armed ability fired (turn-based build) user=@sim:fighter-l12-forest_shadows-70 ability="Second Wind"
2026/05/17 14:06:03 INFO dnd: armed ability fired (turn-based build) user=@sim:fighter-l7-dragons_lair-72 ability="Second Wind"
2026/05/17 14:06:03 INFO dnd: armed ability fired (turn-based build) user=@sim:fighter-l12-forest_shadows-70 ability="Second Wind"
2026/05/17 14:06:03 INFO dnd: armed ability fired (turn-based build) user=@sim:fighter-l3-goblin_warrens-70 ability="Second Wind"
2026/05/17 14:06:03 INFO dnd: armed ability fired (turn-based build) user=@sim:fighter-l7-dragons_lair-72 ability="Second Wind"
2026/05/17 14:06:03 INFO dnd: armed ability fired (turn-based build) user=@sim:fighter-l12-forest_shadows-70 ability="Second Wind"
2026/05/17 14:06:03 INFO database initialized path=/tmp/expedition-sim-861049478/gogobee.db
2026/05/17 14:06:03 INFO database initialized path=/tmp/expedition-sim-2322004664/gogobee.db
2026/05/17 14:06:03 INFO dnd: armed ability fired (turn-based build) user=@sim:fighter-l7-underdark-66 ability="Second Wind"
2026/05/17 14:06:03 INFO dnd: armed ability fired (turn-based build) user=@sim:fighter-l12-underdark-67 ability="Second Wind"
2026/05/17 14:06:03 INFO dnd: armed ability fired (turn-based build) user=@sim:fighter-l12-underdark-67 ability="Second Wind"
2026/05/17 14:06:03 INFO dnd: armed ability fired (turn-based build) user=@sim:fighter-l7-underdark-66 ability="Second Wind"
2026/05/17 14:06:03 INFO database initialized path=/tmp/expedition-sim-1520976548/gogobee.db
2026/05/17 14:06:03 INFO dnd: armed ability fired (turn-based build) user=@sim:fighter-l12-underdark-67 ability="Second Wind"
2026/05/17 14:06:03 INFO dnd: armed ability fired (turn-based build) user=@sim:fighter-l7-forest_shadows-69 ability="Second Wind"
2026/05/17 14:06:03 INFO database initialized path=/tmp/expedition-sim-1166106982/gogobee.db
2026/05/17 14:06:03 INFO dnd: armed ability fired (turn-based build) user=@sim:fighter-l7-underdark-66 ability="Second Wind"
2026/05/17 14:06:03 INFO dnd: armed ability fired (turn-based build) user=@sim:fighter-l7-forest_shadows-69 ability="Second Wind"
2026/05/17 14:06:03 INFO dnd: armed ability fired (turn-based build) user=@sim:fighter-l7-forest_shadows-69 ability="Second Wind"
2026/05/17 14:06:03 INFO database initialized path=/tmp/expedition-sim-1351363382/gogobee.db
2026/05/17 14:06:03 INFO database initialized path=/tmp/expedition-sim-1749403236/gogobee.db
2026/05/17 14:06:03 INFO dnd: armed ability fired (turn-based build) user=@sim:fighter-l12-goblin_warrens-66 ability="Second Wind"
2026/05/17 14:06:03 INFO dnd: armed ability fired (turn-based build) user=@sim:fighter-l3-manor_blackspire-76 ability="Second Wind"
2026/05/17 14:06:03 INFO dnd: armed ability fired (turn-based build) user=@sim:fighter-l3-manor_blackspire-76 ability="Second Wind"
2026/05/17 14:06:03 INFO dnd: armed ability fired (turn-based build) user=@sim:fighter-l12-goblin_warrens-66 ability="Second Wind"
2026/05/17 14:06:03 INFO dnd: armed ability fired (turn-based build) user=@sim:fighter-l3-manor_blackspire-76 ability="Second Wind"
2026/05/17 14:06:03 WARN auto-heal cleanup: short on inventory user=@sim:fighter-l3-manor_blackspire-76 wanted=1 removed=0
2026/05/17 14:06:03 INFO dnd: armed ability fired (turn-based build) user=@sim:fighter-l12-goblin_warrens-66 ability="Second Wind"
2026/05/17 14:06:03 INFO database initialized path=/tmp/expedition-sim-1300015339/gogobee.db
2026/05/17 14:06:03 INFO dnd: armed ability fired (turn-based build) user=@sim:fighter-l7-manor_blackspire-71 ability="Second Wind"
2026/05/17 14:06:03 INFO dnd: armed ability fired (turn-based build) user=@sim:fighter-l7-manor_blackspire-71 ability="Second Wind"
2026/05/17 14:06:03 INFO dnd: armed ability fired (turn-based build) user=@sim:fighter-l7-manor_blackspire-71 ability="Second Wind"
2026/05/17 14:06:03 INFO database initialized path=/tmp/expedition-sim-633216404/gogobee.db
2026/05/17 14:06:03 INFO dnd: armed ability fired (turn-based build) user=@sim:fighter-l7-goblin_warrens-75 ability="Second Wind"
2026/05/17 14:06:03 INFO dnd: armed ability fired (turn-based build) user=@sim:fighter-l7-goblin_warrens-75 ability="Second Wind"
2026/05/17 14:06:03 INFO database initialized path=/tmp/expedition-sim-3060275122/gogobee.db
2026/05/17 14:06:03 INFO dnd: armed ability fired (turn-based build) user=@sim:fighter-l7-goblin_warrens-75 ability="Second Wind"
2026/05/17 14:06:03 INFO dnd: armed ability fired (turn-based build) user=@sim:fighter-l3-forest_shadows-79 ability="Second Wind"
2026/05/17 14:06:03 INFO dnd: armed ability fired (turn-based build) user=@sim:fighter-l3-forest_shadows-79 ability="Second Wind"
2026/05/17 14:06:03 INFO dnd: armed ability fired (turn-based build) user=@sim:fighter-l3-forest_shadows-79 ability="Second Wind"
2026/05/17 14:06:03 INFO database initialized path=/tmp/expedition-sim-739509578/gogobee.db
2026/05/17 14:06:03 INFO dnd: armed ability fired (turn-based build) user=@sim:fighter-l3-goblin_warrens-71 ability="Second Wind"
2026/05/17 14:06:03 INFO dnd: armed ability fired (turn-based build) user=@sim:fighter-l3-goblin_warrens-71 ability="Second Wind"
2026/05/17 14:06:03 INFO database initialized path=/tmp/expedition-sim-845966403/gogobee.db
2026/05/17 14:06:03 INFO database initialized path=/tmp/expedition-sim-3270463926/gogobee.db
2026/05/17 14:06:03 INFO dnd: armed ability fired (turn-based build) user=@sim:fighter-l3-goblin_warrens-71 ability="Second Wind"
2026/05/17 14:06:03 INFO dnd: armed ability fired (turn-based build) user=@sim:fighter-l12-manor_blackspire-74 ability="Second Wind"
2026/05/17 14:06:03 INFO database initialized path=/tmp/expedition-sim-598613291/gogobee.db
2026/05/17 14:06:03 INFO dnd: armed ability fired (turn-based build) user=@sim:fighter-l12-manor_blackspire-74 ability="Second Wind"
2026/05/17 14:06:03 INFO dnd: armed ability fired (turn-based build) user=@sim:fighter-l7-dragons_lair-73 ability="Second Wind"
2026/05/17 14:06:03 INFO database initialized path=/tmp/expedition-sim-164872594/gogobee.db
2026/05/17 14:06:03 INFO dnd: armed ability fired (turn-based build) user=@sim:fighter-l12-manor_blackspire-74 ability="Second Wind"
2026/05/17 14:06:03 INFO dnd: armed ability fired (turn-based build) user=@sim:fighter-l12-forest_shadows-71 ability="Second Wind"
2026/05/17 14:06:03 INFO dnd: armed ability fired (turn-based build) user=@sim:fighter-l7-dragons_lair-73 ability="Second Wind"
2026/05/17 14:06:03 INFO dnd: armed ability fired (turn-based build) user=@sim:fighter-l12-forest_shadows-71 ability="Second Wind"
2026/05/17 14:06:03 INFO dnd: armed ability fired (turn-based build) user=@sim:fighter-l7-dragons_lair-73 ability="Second Wind"
2026/05/17 14:06:03 INFO dnd: armed ability fired (turn-based build) user=@sim:fighter-l12-forest_shadows-71 ability="Second Wind"
2026/05/17 14:06:03 INFO database initialized path=/tmp/expedition-sim-1467578807/gogobee.db
2026/05/17 14:06:03 INFO database initialized path=/tmp/expedition-sim-718175243/gogobee.db
2026/05/17 14:06:03 INFO dnd: armed ability fired (turn-based build) user=@sim:fighter-l12-underdark-68 ability="Second Wind"
2026/05/17 14:06:03 INFO database initialized path=/tmp/expedition-sim-3476773674/gogobee.db
2026/05/17 14:06:03 INFO dnd: armed ability fired (turn-based build) user=@sim:fighter-l7-underdark-67 ability="Second Wind"
2026/05/17 14:06:03 INFO dnd: armed ability fired (turn-based build) user=@sim:fighter-l12-underdark-68 ability="Second Wind"
2026/05/17 14:06:03 INFO database initialized path=/tmp/expedition-sim-1100518622/gogobee.db
2026/05/17 14:06:03 INFO dnd: armed ability fired (turn-based build) user=@sim:fighter-l7-forest_shadows-70 ability="Second Wind"
2026/05/17 14:06:03 INFO dnd: armed ability fired (turn-based build) user=@sim:fighter-l12-underdark-68 ability="Second Wind"
2026/05/17 14:06:03 INFO dnd: armed ability fired (turn-based build) user=@sim:fighter-l3-manor_blackspire-77 ability="Second Wind"
2026/05/17 14:06:03 INFO dnd: armed ability fired (turn-based build) user=@sim:fighter-l7-forest_shadows-70 ability="Second Wind"
2026/05/17 14:06:03 INFO dnd: armed ability fired (turn-based build) user=@sim:fighter-l7-forest_shadows-70 ability="Second Wind"
2026/05/17 14:06:03 INFO dnd: armed ability fired (turn-based build) user=@sim:fighter-l3-manor_blackspire-77 ability="Second Wind"
2026/05/17 14:06:03 INFO dnd: armed ability fired (turn-based build) user=@sim:fighter-l7-underdark-67 ability="Second Wind"
2026/05/17 14:06:03 INFO database initialized path=/tmp/expedition-sim-2006589521/gogobee.db
2026/05/17 14:06:03 INFO dnd: armed ability fired (turn-based build) user=@sim:fighter-l3-manor_blackspire-77 ability="Second Wind"
2026/05/17 14:06:03 INFO dnd: armed ability fired (turn-based build) user=@sim:fighter-l12-goblin_warrens-67 ability="Second Wind"
2026/05/17 14:06:03 INFO dnd: armed ability fired (turn-based build) user=@sim:fighter-l7-underdark-67 ability="Second Wind"
2026/05/17 14:06:03 INFO dnd: armed ability fired (turn-based build) user=@sim:fighter-l12-goblin_warrens-67 ability="Second Wind"
2026/05/17 14:06:03 INFO dnd: armed ability fired (turn-based build) user=@sim:fighter-l12-goblin_warrens-67 ability="Second Wind"
2026/05/17 14:06:03 INFO database initialized path=/tmp/expedition-sim-2566696508/gogobee.db
2026/05/17 14:06:03 INFO dnd: armed ability fired (turn-based build) user=@sim:fighter-l7-manor_blackspire-72 ability="Second Wind"
2026/05/17 14:06:03 INFO dnd: armed ability fired (turn-based build) user=@sim:fighter-l7-manor_blackspire-72 ability="Second Wind"
2026/05/17 14:06:03 INFO dnd: armed ability fired (turn-based build) user=@sim:fighter-l7-manor_blackspire-72 ability="Second Wind"
2026/05/17 14:06:04 INFO database initialized path=/tmp/expedition-sim-2164667786/gogobee.db
2026/05/17 14:06:04 INFO dnd: armed ability fired (turn-based build) user=@sim:fighter-l7-goblin_warrens-76 ability="Second Wind"
2026/05/17 14:06:04 INFO dnd: armed ability fired (turn-based build) user=@sim:fighter-l7-goblin_warrens-76 ability="Second Wind"
2026/05/17 14:06:04 INFO dnd: armed ability fired (turn-based build) user=@sim:fighter-l7-goblin_warrens-76 ability="Second Wind"
2026/05/17 14:06:04 INFO database initialized path=/tmp/expedition-sim-2863630199/gogobee.db
2026/05/17 14:06:04 INFO database initialized path=/tmp/expedition-sim-2322891869/gogobee.db
2026/05/17 14:06:04 INFO dnd: armed ability fired (turn-based build) user=@sim:fighter-l3-forest_shadows-80 ability="Second Wind"
2026/05/17 14:06:04 INFO database initialized path=/tmp/expedition-sim-3318222314/gogobee.db
2026/05/17 14:06:04 INFO database initialized path=/tmp/expedition-sim-2463772872/gogobee.db
2026/05/17 14:06:04 INFO dnd: armed ability fired (turn-based build) user=@sim:fighter-l3-forest_shadows-80 ability="Second Wind"
2026/05/17 14:06:04 INFO dnd: armed ability fired (turn-based build) user=@sim:fighter-l7-dragons_lair-74 ability="Second Wind"
2026/05/17 14:06:04 INFO dnd: armed ability fired (turn-based build) user=@sim:fighter-l3-goblin_warrens-72 ability="Second Wind"
2026/05/17 14:06:04 INFO dnd: armed ability fired (turn-based build) user=@sim:fighter-l7-dragons_lair-74 ability="Second Wind"
2026/05/17 14:06:04 INFO dnd: armed ability fired (turn-based build) user=@sim:fighter-l3-forest_shadows-80 ability="Second Wind"
2026/05/17 14:06:04 INFO dnd: armed ability fired (turn-based build) user=@sim:fighter-l7-dragons_lair-74 ability="Second Wind"
2026/05/17 14:06:04 INFO dnd: armed ability fired (turn-based build) user=@sim:fighter-l3-goblin_warrens-72 ability="Second Wind"
2026/05/17 14:06:04 INFO dnd: armed ability fired (turn-based build) user=@sim:fighter-l3-goblin_warrens-72 ability="Second Wind"
2026/05/17 14:06:04 INFO database initialized path=/tmp/expedition-sim-124229813/gogobee.db
2026/05/17 14:06:04 INFO dnd: armed ability fired (turn-based build) user=@sim:fighter-l12-manor_blackspire-75 ability="Second Wind"
2026/05/17 14:06:04 INFO dnd: armed ability fired (turn-based build) user=@sim:fighter-l12-manor_blackspire-75 ability="Second Wind"
2026/05/17 14:06:04 INFO database initialized path=/tmp/expedition-sim-3571552269/gogobee.db
2026/05/17 14:06:04 INFO dnd: armed ability fired (turn-based build) user=@sim:fighter-l12-manor_blackspire-75 ability="Second Wind"
2026/05/17 14:06:04 INFO database initialized path=/tmp/expedition-sim-2076074966/gogobee.db
2026/05/17 14:06:04 INFO dnd: armed ability fired (turn-based build) user=@sim:fighter-l3-manor_blackspire-78 ability="Second Wind"
2026/05/17 14:06:04 INFO dnd: armed ability fired (turn-based build) user=@sim:fighter-l12-forest_shadows-72 ability="Second Wind"
2026/05/17 14:06:04 INFO dnd: armed ability fired (turn-based build) user=@sim:fighter-l3-manor_blackspire-78 ability="Second Wind"
2026/05/17 14:06:04 INFO dnd: armed ability fired (turn-based build) user=@sim:fighter-l12-forest_shadows-72 ability="Second Wind"
2026/05/17 14:06:04 INFO dnd: armed ability fired (turn-based build) user=@sim:fighter-l3-manor_blackspire-78 ability="Second Wind"
2026/05/17 14:06:04 INFO database initialized path=/tmp/expedition-sim-1103282076/gogobee.db
2026/05/17 14:06:04 INFO dnd: armed ability fired (turn-based build) user=@sim:fighter-l12-forest_shadows-72 ability="Second Wind"
2026/05/17 14:06:04 INFO dnd: armed ability fired (turn-based build) user=@sim:fighter-l12-goblin_warrens-68 ability="Second Wind"
2026/05/17 14:06:04 INFO database initialized path=/tmp/expedition-sim-2895517046/gogobee.db
2026/05/17 14:06:04 INFO dnd: armed ability fired (turn-based build) user=@sim:fighter-l12-goblin_warrens-68 ability="Second Wind"
2026/05/17 14:06:04 INFO dnd: armed ability fired (turn-based build) user=@sim:fighter-l12-underdark-69 ability="Second Wind"
2026/05/17 14:06:04 INFO dnd: armed ability fired (turn-based build) user=@sim:fighter-l12-goblin_warrens-68 ability="Second Wind"
2026/05/17 14:06:04 INFO dnd: armed ability fired (turn-based build) user=@sim:fighter-l12-underdark-69 ability="Second Wind"
2026/05/17 14:06:04 INFO database initialized path=/tmp/expedition-sim-875944376/gogobee.db
2026/05/17 14:06:04 INFO database initialized path=/tmp/expedition-sim-2798168340/gogobee.db
2026/05/17 14:06:04 INFO dnd: armed ability fired (turn-based build) user=@sim:fighter-l12-underdark-69 ability="Second Wind"
2026/05/17 14:06:04 INFO dnd: armed ability fired (turn-based build) user=@sim:fighter-l7-underdark-68 ability="Second Wind"
2026/05/17 14:06:04 INFO dnd: armed ability fired (turn-based build) user=@sim:fighter-l7-underdark-68 ability="Second Wind"
2026/05/17 14:06:04 INFO dnd: armed ability fired (turn-based build) user=@sim:fighter-l7-forest_shadows-71 ability="Second Wind"
2026/05/17 14:06:04 INFO dnd: armed ability fired (turn-based build) user=@sim:fighter-l7-underdark-68 ability="Second Wind"
2026/05/17 14:06:04 INFO dnd: armed ability fired (turn-based build) user=@sim:fighter-l7-forest_shadows-71 ability="Second Wind"
2026/05/17 14:06:04 INFO dnd: armed ability fired (turn-based build) user=@sim:fighter-l7-forest_shadows-71 ability="Second Wind"
2026/05/17 14:06:04 INFO database initialized path=/tmp/expedition-sim-94238967/gogobee.db
2026/05/17 14:06:04 INFO database initialized path=/tmp/expedition-sim-255554534/gogobee.db
2026/05/17 14:06:04 INFO dnd: armed ability fired (turn-based build) user=@sim:fighter-l7-goblin_warrens-77 ability="Second Wind"
2026/05/17 14:06:04 INFO dnd: armed ability fired (turn-based build) user=@sim:fighter-l7-goblin_warrens-77 ability="Second Wind"
2026/05/17 14:06:04 INFO dnd: armed ability fired (turn-based build) user=@sim:fighter-l7-goblin_warrens-77 ability="Second Wind"
2026/05/17 14:06:04 INFO database initialized path=/tmp/expedition-sim-1798767575/gogobee.db
2026/05/17 14:06:04 INFO dnd: armed ability fired (turn-based build) user=@sim:fighter-l7-manor_blackspire-73 ability="Second Wind"
2026/05/17 14:06:04 INFO dnd: armed ability fired (turn-based build) user=@sim:fighter-l7-manor_blackspire-73 ability="Second Wind"
2026/05/17 14:06:04 INFO dnd: armed ability fired (turn-based build) user=@sim:fighter-l7-manor_blackspire-73 ability="Second Wind"
2026/05/17 14:06:04 INFO database initialized path=/tmp/expedition-sim-3680344227/gogobee.db
2026/05/17 14:06:04 INFO dnd: armed ability fired (turn-based build) user=@sim:fighter-l3-goblin_warrens-73 ability="Second Wind"
2026/05/17 14:06:04 INFO dnd: armed ability fired (turn-based build) user=@sim:fighter-l3-goblin_warrens-73 ability="Second Wind"
2026/05/17 14:06:04 INFO dnd: armed ability fired (turn-based build) user=@sim:fighter-l3-goblin_warrens-73 ability="Second Wind"
2026/05/17 14:06:04 INFO database initialized path=/tmp/expedition-sim-2315700202/gogobee.db
2026/05/17 14:06:04 INFO dnd: armed ability fired (turn-based build) user=@sim:fighter-l12-manor_blackspire-76 ability="Second Wind"
2026/05/17 14:06:04 INFO dnd: armed ability fired (turn-based build) user=@sim:fighter-l12-manor_blackspire-76 ability="Second Wind"
2026/05/17 14:06:04 INFO dnd: armed ability fired (turn-based build) user=@sim:fighter-l12-manor_blackspire-76 ability="Second Wind"
2026/05/17 14:06:04 INFO database initialized path=/tmp/expedition-sim-1850613965/gogobee.db
2026/05/17 14:06:04 INFO dnd: armed ability fired (turn-based build) user=@sim:fighter-l12-goblin_warrens-69 ability="Second Wind"
2026/05/17 14:06:04 INFO dnd: armed ability fired (turn-based build) user=@sim:fighter-l12-goblin_warrens-69 ability="Second Wind"
2026/05/17 14:06:04 INFO dnd: armed ability fired (turn-based build) user=@sim:fighter-l12-goblin_warrens-69 ability="Second Wind"
2026/05/17 14:06:04 INFO database initialized path=/tmp/expedition-sim-1432142389/gogobee.db
2026/05/17 14:06:04 INFO database initialized path=/tmp/expedition-sim-3071892636/gogobee.db
2026/05/17 14:06:04 INFO database initialized path=/tmp/expedition-sim-2709604931/gogobee.db
2026/05/17 14:06:04 INFO dnd: armed ability fired (turn-based build) user=@sim:fighter-l3-forest_shadows-81 ability="Second Wind"
2026/05/17 14:06:04 INFO dnd: armed ability fired (turn-based build) user=@sim:fighter-l12-underdark-70 ability="Second Wind"
2026/05/17 14:06:04 INFO dnd: armed ability fired (turn-based build) user=@sim:fighter-l7-dragons_lair-75 ability="Second Wind"
2026/05/17 14:06:04 INFO dnd: armed ability fired (turn-based build) user=@sim:fighter-l3-forest_shadows-81 ability="Second Wind"
2026/05/17 14:06:04 INFO database initialized path=/tmp/expedition-sim-2518160214/gogobee.db
2026/05/17 14:06:04 INFO dnd: armed ability fired (turn-based build) user=@sim:fighter-l12-underdark-70 ability="Second Wind"
2026/05/17 14:06:04 INFO database initialized path=/tmp/expedition-sim-2377777606/gogobee.db
2026/05/17 14:06:04 INFO dnd: armed ability fired (turn-based build) user=@sim:fighter-l3-forest_shadows-81 ability="Second Wind"
2026/05/17 14:06:04 INFO dnd: armed ability fired (turn-based build) user=@sim:fighter-l7-dragons_lair-75 ability="Second Wind"
2026/05/17 14:06:04 INFO dnd: armed ability fired (turn-based build) user=@sim:fighter-l12-underdark-70 ability="Second Wind"
2026/05/17 14:06:04 INFO dnd: armed ability fired (turn-based build) user=@sim:fighter-l3-manor_blackspire-79 ability="Second Wind"
2026/05/17 14:06:04 INFO database initialized path=/tmp/expedition-sim-3288102297/gogobee.db
2026/05/17 14:06:04 INFO dnd: armed ability fired (turn-based build) user=@sim:fighter-l7-dragons_lair-75 ability="Second Wind"
2026/05/17 14:06:04 INFO dnd: armed ability fired (turn-based build) user=@sim:fighter-l3-manor_blackspire-79 ability="Second Wind"
2026/05/17 14:06:04 INFO dnd: armed ability fired (turn-based build) user=@sim:fighter-l7-underdark-69 ability="Second Wind"
2026/05/17 14:06:04 INFO dnd: armed ability fired (turn-based build) user=@sim:fighter-l3-manor_blackspire-79 ability="Second Wind"
2026/05/17 14:06:04 INFO dnd: armed ability fired (turn-based build) user=@sim:fighter-l7-underdark-69 ability="Second Wind"
2026/05/17 14:06:04 INFO dnd: armed ability fired (turn-based build) user=@sim:fighter-l7-underdark-69 ability="Second Wind"
2026/05/17 14:06:04 INFO database initialized path=/tmp/expedition-sim-3157080894/gogobee.db
2026/05/17 14:06:04 INFO dnd: armed ability fired (turn-based build) user=@sim:fighter-l7-forest_shadows-72 ability="Second Wind"
2026/05/17 14:06:04 INFO dnd: armed ability fired (turn-based build) user=@sim:fighter-l7-forest_shadows-72 ability="Second Wind"
2026/05/17 14:06:04 INFO database initialized path=/tmp/expedition-sim-3282164021/gogobee.db
2026/05/17 14:06:04 INFO dnd: armed ability fired (turn-based build) user=@sim:fighter-l7-forest_shadows-72 ability="Second Wind"
2026/05/17 14:06:04 INFO dnd: armed ability fired (turn-based build) user=@sim:fighter-l7-goblin_warrens-78 ability="Second Wind"
2026/05/17 14:06:04 INFO dnd: armed ability fired (turn-based build) user=@sim:fighter-l7-goblin_warrens-78 ability="Second Wind"
2026/05/17 14:06:04 INFO dnd: armed ability fired (turn-based build) user=@sim:fighter-l7-goblin_warrens-78 ability="Second Wind"
2026/05/17 14:06:04 INFO database initialized path=/tmp/expedition-sim-972592385/gogobee.db
2026/05/17 14:06:04 INFO dnd: armed ability fired (turn-based build) user=@sim:fighter-l7-manor_blackspire-74 ability="Second Wind"
2026/05/17 14:06:04 INFO dnd: armed ability fired (turn-based build) user=@sim:fighter-l7-manor_blackspire-74 ability="Second Wind"
2026/05/17 14:06:04 INFO database initialized path=/tmp/expedition-sim-1500770452/gogobee.db
2026/05/17 14:06:04 INFO dnd: armed ability fired (turn-based build) user=@sim:fighter-l7-manor_blackspire-74 ability="Second Wind"
2026/05/17 14:06:04 INFO dnd: armed ability fired (turn-based build) user=@sim:fighter-l12-forest_shadows-73 ability="Second Wind"
2026/05/17 14:06:04 INFO dnd: armed ability fired (turn-based build) user=@sim:fighter-l12-forest_shadows-73 ability="Second Wind"
2026/05/17 14:06:04 INFO dnd: armed ability fired (turn-based build) user=@sim:fighter-l12-forest_shadows-73 ability="Second Wind"
2026/05/17 14:06:04 INFO database initialized path=/tmp/expedition-sim-3258067260/gogobee.db
2026/05/17 14:06:04 INFO dnd: armed ability fired (turn-based build) user=@sim:fighter-l3-goblin_warrens-74 ability="Second Wind"
2026/05/17 14:06:04 INFO dnd: armed ability fired (turn-based build) user=@sim:fighter-l3-goblin_warrens-74 ability="Second Wind"
2026/05/17 14:06:04 INFO dnd: armed ability fired (turn-based build) user=@sim:fighter-l3-goblin_warrens-74 ability="Second Wind"
2026/05/17 14:06:04 INFO database initialized path=/tmp/expedition-sim-2056997344/gogobee.db
2026/05/17 14:06:05 INFO database initialized path=/tmp/expedition-sim-2111687634/gogobee.db
2026/05/17 14:06:05 INFO database initialized path=/tmp/expedition-sim-1074786498/gogobee.db
2026/05/17 14:06:05 INFO dnd: armed ability fired (turn-based build) user=@sim:fighter-l12-manor_blackspire-77 ability="Second Wind"
2026/05/17 14:06:05 INFO dnd: armed ability fired (turn-based build) user=@sim:fighter-l3-manor_blackspire-80 ability="Second Wind"
2026/05/17 14:06:05 INFO dnd: armed ability fired (turn-based build) user=@sim:fighter-l12-manor_blackspire-77 ability="Second Wind"
2026/05/17 14:06:05 INFO dnd: armed ability fired (turn-based build) user=@sim:fighter-l12-manor_blackspire-77 ability="Second Wind"
2026/05/17 14:06:05 INFO database initialized path=/tmp/expedition-sim-657847921/gogobee.db
2026/05/17 14:06:05 INFO dnd: armed ability fired (turn-based build) user=@sim:fighter-l3-manor_blackspire-80 ability="Second Wind"
2026/05/17 14:06:05 INFO dnd: armed ability fired (turn-based build) user=@sim:fighter-l3-forest_shadows-82 ability="Second Wind"
2026/05/17 14:06:05 INFO dnd: armed ability fired (turn-based build) user=@sim:fighter-l3-manor_blackspire-80 ability="Second Wind"
2026/05/17 14:06:05 INFO dnd: armed ability fired (turn-based build) user=@sim:fighter-l3-forest_shadows-82 ability="Second Wind"
2026/05/17 14:06:05 INFO database initialized path=/tmp/expedition-sim-307818226/gogobee.db
2026/05/17 14:06:05 INFO dnd: armed ability fired (turn-based build) user=@sim:fighter-l3-forest_shadows-82 ability="Second Wind"
2026/05/17 14:06:05 INFO dnd: armed ability fired (turn-based build) user=@sim:fighter-l12-goblin_warrens-70 ability="Second Wind"
2026/05/17 14:06:05 INFO dnd: armed ability fired (turn-based build) user=@sim:fighter-l12-goblin_warrens-70 ability="Second Wind"
2026/05/17 14:06:05 INFO dnd: armed ability fired (turn-based build) user=@sim:fighter-l12-goblin_warrens-70 ability="Second Wind"
2026/05/17 14:06:05 INFO database initialized path=/tmp/expedition-sim-3601736945/gogobee.db
2026/05/17 14:06:05 INFO dnd: armed ability fired (turn-based build) user=@sim:fighter-l7-underdark-70 ability="Second Wind"
2026/05/17 14:06:05 INFO database initialized path=/tmp/expedition-sim-3196109820/gogobee.db
2026/05/17 14:06:05 INFO dnd: armed ability fired (turn-based build) user=@sim:fighter-l7-underdark-70 ability="Second Wind"
2026/05/17 14:06:05 INFO dnd: armed ability fired (turn-based build) user=@sim:fighter-l7-underdark-70 ability="Second Wind"
2026/05/17 14:06:05 INFO dnd: armed ability fired (turn-based build) user=@sim:fighter-l12-underdark-71 ability="Second Wind"
2026/05/17 14:06:05 INFO dnd: armed ability fired (turn-based build) user=@sim:fighter-l12-underdark-71 ability="Second Wind"
2026/05/17 14:06:05 INFO dnd: armed ability fired (turn-based build) user=@sim:fighter-l12-underdark-71 ability="Second Wind"
2026/05/17 14:06:05 INFO database initialized path=/tmp/expedition-sim-2766651167/gogobee.db
2026/05/17 14:06:05 INFO dnd: armed ability fired (turn-based build) user=@sim:fighter-l7-dragons_lair-76 ability="Second Wind"
2026/05/17 14:06:05 INFO dnd: armed ability fired (turn-based build) user=@sim:fighter-l7-dragons_lair-76 ability="Second Wind"
2026/05/17 14:06:05 INFO dnd: armed ability fired (turn-based build) user=@sim:fighter-l7-dragons_lair-76 ability="Second Wind"
2026/05/17 14:06:05 INFO database initialized path=/tmp/expedition-sim-1443180103/gogobee.db
2026/05/17 14:06:05 INFO dnd: armed ability fired (turn-based build) user=@sim:fighter-l7-forest_shadows-73 ability="Second Wind"
2026/05/17 14:06:05 INFO database initialized path=/tmp/expedition-sim-220703714/gogobee.db
2026/05/17 14:06:05 INFO dnd: armed ability fired (turn-based build) user=@sim:fighter-l7-forest_shadows-73 ability="Second Wind"
2026/05/17 14:06:05 INFO dnd: armed ability fired (turn-based build) user=@sim:fighter-l7-forest_shadows-73 ability="Second Wind"
2026/05/17 14:06:05 INFO dnd: armed ability fired (turn-based build) user=@sim:fighter-l7-goblin_warrens-79 ability="Second Wind"
2026/05/17 14:06:05 INFO dnd: armed ability fired (turn-based build) user=@sim:fighter-l7-goblin_warrens-79 ability="Second Wind"
2026/05/17 14:06:05 INFO dnd: armed ability fired (turn-based build) user=@sim:fighter-l7-goblin_warrens-79 ability="Second Wind"
2026/05/17 14:06:05 INFO database initialized path=/tmp/expedition-sim-2085926322/gogobee.db
2026/05/17 14:06:05 INFO dnd: armed ability fired (turn-based build) user=@sim:fighter-l7-manor_blackspire-75 ability="Second Wind"
2026/05/17 14:06:05 INFO dnd: armed ability fired (turn-based build) user=@sim:fighter-l7-manor_blackspire-75 ability="Second Wind"
2026/05/17 14:06:05 INFO dnd: armed ability fired (turn-based build) user=@sim:fighter-l7-manor_blackspire-75 ability="Second Wind"
2026/05/17 14:06:05 INFO database initialized path=/tmp/expedition-sim-1930887567/gogobee.db
2026/05/17 14:06:05 INFO database initialized path=/tmp/expedition-sim-1974012965/gogobee.db
2026/05/17 14:06:05 INFO dnd: armed ability fired (turn-based build) user=@sim:fighter-l12-forest_shadows-74 ability="Second Wind"
2026/05/17 14:06:05 INFO dnd: armed ability fired (turn-based build) user=@sim:fighter-l12-forest_shadows-74 ability="Second Wind"
2026/05/17 14:06:05 INFO dnd: armed ability fired (turn-based build) user=@sim:fighter-l12-forest_shadows-74 ability="Second Wind"
2026/05/17 14:06:05 INFO database initialized path=/tmp/expedition-sim-2210419288/gogobee.db
2026/05/17 14:06:05 INFO dnd: armed ability fired (turn-based build) user=@sim:fighter-l3-goblin_warrens-75 ability="Second Wind"
2026/05/17 14:06:05 INFO database initialized path=/tmp/expedition-sim-742285878/gogobee.db
2026/05/17 14:06:05 INFO database initialized path=/tmp/expedition-sim-215647972/gogobee.db
2026/05/17 14:06:05 INFO dnd: armed ability fired (turn-based build) user=@sim:fighter-l3-manor_blackspire-81 ability="Second Wind"
2026/05/17 14:06:05 INFO dnd: armed ability fired (turn-based build) user=@sim:fighter-l3-goblin_warrens-75 ability="Second Wind"
2026/05/17 14:06:05 INFO dnd: armed ability fired (turn-based build) user=@sim:fighter-l12-goblin_warrens-71 ability="Second Wind"
2026/05/17 14:06:05 INFO dnd: armed ability fired (turn-based build) user=@sim:fighter-l3-manor_blackspire-81 ability="Second Wind"
2026/05/17 14:06:05 INFO dnd: armed ability fired (turn-based build) user=@sim:fighter-l3-goblin_warrens-75 ability="Second Wind"
2026/05/17 14:06:05 INFO dnd: armed ability fired (turn-based build) user=@sim:fighter-l3-manor_blackspire-81 ability="Second Wind"
2026/05/17 14:06:05 INFO dnd: armed ability fired (turn-based build) user=@sim:fighter-l12-goblin_warrens-71 ability="Second Wind"
2026/05/17 14:06:05 INFO dnd: armed ability fired (turn-based build) user=@sim:fighter-l12-goblin_warrens-71 ability="Second Wind"
2026/05/17 14:06:05 INFO database initialized path=/tmp/expedition-sim-3835604107/gogobee.db
2026/05/17 14:06:05 INFO dnd: armed ability fired (turn-based build) user=@sim:fighter-l3-forest_shadows-83 ability="Second Wind"
2026/05/17 14:06:05 INFO dnd: armed ability fired (turn-based build) user=@sim:fighter-l3-forest_shadows-83 ability="Second Wind"
2026/05/17 14:06:05 INFO database initialized path=/tmp/expedition-sim-2485418729/gogobee.db
2026/05/17 14:06:05 INFO dnd: armed ability fired (turn-based build) user=@sim:fighter-l3-forest_shadows-83 ability="Second Wind"
2026/05/17 14:06:05 INFO dnd: armed ability fired (turn-based build) user=@sim:fighter-l12-manor_blackspire-78 ability="Second Wind"
2026/05/17 14:06:05 INFO database initialized path=/tmp/expedition-sim-722665364/gogobee.db
2026/05/17 14:06:05 INFO dnd: armed ability fired (turn-based build) user=@sim:fighter-l12-manor_blackspire-78 ability="Second Wind"
2026/05/17 14:06:05 INFO dnd: armed ability fired (turn-based build) user=@sim:fighter-l12-manor_blackspire-78 ability="Second Wind"
2026/05/17 14:06:05 INFO dnd: armed ability fired (turn-based build) user=@sim:fighter-l7-underdark-71 ability="Second Wind"
2026/05/17 14:06:05 INFO dnd: armed ability fired (turn-based build) user=@sim:fighter-l7-underdark-71 ability="Second Wind"
2026/05/17 14:06:05 INFO dnd: armed ability fired (turn-based build) user=@sim:fighter-l7-underdark-71 ability="Second Wind"
2026/05/17 14:06:05 INFO database initialized path=/tmp/expedition-sim-21723042/gogobee.db
2026/05/17 14:06:05 INFO dnd: armed ability fired (turn-based build) user=@sim:fighter-l7-dragons_lair-77 ability="Second Wind"
2026/05/17 14:06:05 INFO database initialized path=/tmp/expedition-sim-3742840400/gogobee.db
2026/05/17 14:06:05 INFO dnd: armed ability fired (turn-based build) user=@sim:fighter-l12-underdark-72 ability="Second Wind"
2026/05/17 14:06:05 INFO dnd: armed ability fired (turn-based build) user=@sim:fighter-l7-dragons_lair-77 ability="Second Wind"
2026/05/17 14:06:05 INFO dnd: armed ability fired (turn-based build) user=@sim:fighter-l7-dragons_lair-77 ability="Second Wind"
2026/05/17 14:06:05 INFO dnd: armed ability fired (turn-based build) user=@sim:fighter-l12-underdark-72 ability="Second Wind"
2026/05/17 14:06:05 INFO dnd: armed ability fired (turn-based build) user=@sim:fighter-l12-underdark-72 ability="Second Wind"
2026/05/17 14:06:05 INFO database initialized path=/tmp/expedition-sim-1918984625/gogobee.db
2026/05/17 14:06:05 INFO dnd: armed ability fired (turn-based build) user=@sim:fighter-l7-goblin_warrens-80 ability="Second Wind"
2026/05/17 14:06:05 INFO database initialized path=/tmp/expedition-sim-188121477/gogobee.db
2026/05/17 14:06:05 INFO dnd: armed ability fired (turn-based build) user=@sim:fighter-l7-goblin_warrens-80 ability="Second Wind"
2026/05/17 14:06:05 INFO dnd: armed ability fired (turn-based build) user=@sim:fighter-l7-goblin_warrens-80 ability="Second Wind"
2026/05/17 14:06:05 INFO database initialized path=/tmp/expedition-sim-3108819824/gogobee.db
2026/05/17 14:06:05 INFO database initialized path=/tmp/expedition-sim-796117416/gogobee.db
2026/05/17 14:06:05 INFO dnd: armed ability fired (turn-based build) user=@sim:fighter-l7-forest_shadows-74 ability="Second Wind"
2026/05/17 14:06:05 INFO dnd: armed ability fired (turn-based build) user=@sim:fighter-l7-manor_blackspire-76 ability="Second Wind"
2026/05/17 14:06:05 INFO dnd: armed ability fired (turn-based build) user=@sim:fighter-l7-manor_blackspire-76 ability="Second Wind"
2026/05/17 14:06:05 INFO dnd: armed ability fired (turn-based build) user=@sim:fighter-l7-forest_shadows-74 ability="Second Wind"
2026/05/17 14:06:05 INFO dnd: armed ability fired (turn-based build) user=@sim:fighter-l7-manor_blackspire-76 ability="Second Wind"
2026/05/17 14:06:05 INFO dnd: armed ability fired (turn-based build) user=@sim:fighter-l7-forest_shadows-74 ability="Second Wind"
2026/05/17 14:06:05 INFO database initialized path=/tmp/expedition-sim-3560324552/gogobee.db
2026/05/17 14:06:05 INFO dnd: armed ability fired (turn-based build) user=@sim:fighter-l3-manor_blackspire-82 ability="Second Wind"
2026/05/17 14:06:05 INFO dnd: armed ability fired (turn-based build) user=@sim:fighter-l3-manor_blackspire-82 ability="Second Wind"
2026/05/17 14:06:05 INFO dnd: armed ability fired (turn-based build) user=@sim:fighter-l3-manor_blackspire-82 ability="Second Wind"
2026/05/17 14:06:05 INFO database initialized path=/tmp/expedition-sim-2566267707/gogobee.db
2026/05/17 14:06:05 INFO dnd: armed ability fired (turn-based build) user=@sim:fighter-l3-goblin_warrens-76 ability="Second Wind"
2026/05/17 14:06:05 INFO database initialized path=/tmp/expedition-sim-1875809210/gogobee.db
2026/05/17 14:06:05 INFO database initialized path=/tmp/expedition-sim-1243499601/gogobee.db
2026/05/17 14:06:05 INFO dnd: armed ability fired (turn-based build) user=@sim:fighter-l3-goblin_warrens-76 ability="Second Wind"
2026/05/17 14:06:05 INFO dnd: armed ability fired (turn-based build) user=@sim:fighter-l12-goblin_warrens-72 ability="Second Wind"
2026/05/17 14:06:05 INFO dnd: armed ability fired (turn-based build) user=@sim:fighter-l3-goblin_warrens-76 ability="Second Wind"
2026/05/17 14:06:05 INFO dnd: armed ability fired (turn-based build) user=@sim:fighter-l12-forest_shadows-75 ability="Second Wind"
2026/05/17 14:06:05 INFO dnd: armed ability fired (turn-based build) user=@sim:fighter-l12-goblin_warrens-72 ability="Second Wind"
2026/05/17 14:06:05 INFO dnd: armed ability fired (turn-based build) user=@sim:fighter-l12-forest_shadows-75 ability="Second Wind"
2026/05/17 14:06:05 INFO dnd: armed ability fired (turn-based build) user=@sim:fighter-l12-goblin_warrens-72 ability="Second Wind"
2026/05/17 14:06:05 INFO dnd: armed ability fired (turn-based build) user=@sim:fighter-l12-forest_shadows-75 ability="Second Wind"
2026/05/17 14:06:05 INFO database initialized path=/tmp/expedition-sim-2603879676/gogobee.db
2026/05/17 14:06:05 INFO dnd: armed ability fired (turn-based build) user=@sim:fighter-l7-underdark-72 ability="Second Wind"
2026/05/17 14:06:05 INFO dnd: armed ability fired (turn-based build) user=@sim:fighter-l7-underdark-72 ability="Second Wind"
2026/05/17 14:06:05 INFO database initialized path=/tmp/expedition-sim-2566197609/gogobee.db
2026/05/17 14:06:05 INFO dnd: armed ability fired (turn-based build) user=@sim:fighter-l7-underdark-72 ability="Second Wind"
2026/05/17 14:06:05 INFO dnd: armed ability fired (turn-based build) user=@sim:fighter-l3-forest_shadows-84 ability="Second Wind"
2026/05/17 14:06:05 INFO dnd: armed ability fired (turn-based build) user=@sim:fighter-l3-forest_shadows-84 ability="Second Wind"
2026/05/17 14:06:05 INFO database initialized path=/tmp/expedition-sim-569164616/gogobee.db
2026/05/17 14:06:05 INFO database initialized path=/tmp/expedition-sim-2124349252/gogobee.db
2026/05/17 14:06:05 INFO dnd: armed ability fired (turn-based build) user=@sim:fighter-l3-forest_shadows-84 ability="Second Wind"
2026/05/17 14:06:05 INFO dnd: armed ability fired (turn-based build) user=@sim:fighter-l12-manor_blackspire-79 ability="Second Wind"
2026/05/17 14:06:05 INFO dnd: armed ability fired (turn-based build) user=@sim:fighter-l12-manor_blackspire-79 ability="Second Wind"
2026/05/17 14:06:05 INFO dnd: armed ability fired (turn-based build) user=@sim:fighter-l12-manor_blackspire-79 ability="Second Wind"
2026/05/17 14:06:05 INFO database initialized path=/tmp/expedition-sim-1413022034/gogobee.db
2026/05/17 14:06:06 INFO dnd: armed ability fired (turn-based build) user=@sim:fighter-l7-dragons_lair-78 ability="Second Wind"
2026/05/17 14:06:06 INFO dnd: armed ability fired (turn-based build) user=@sim:fighter-l7-dragons_lair-78 ability="Second Wind"
2026/05/17 14:06:06 INFO dnd: armed ability fired (turn-based build) user=@sim:fighter-l7-dragons_lair-78 ability="Second Wind"
2026/05/17 14:06:06 INFO database initialized path=/tmp/expedition-sim-1068713905/gogobee.db
2026/05/17 14:06:06 INFO dnd: armed ability fired (turn-based build) user=@sim:fighter-l7-goblin_warrens-81 ability="Second Wind"
2026/05/17 14:06:06 INFO database initialized path=/tmp/expedition-sim-1579442003/gogobee.db
2026/05/17 14:06:06 INFO dnd: armed ability fired (turn-based build) user=@sim:fighter-l12-underdark-73 ability="Second Wind"
2026/05/17 14:06:06 INFO dnd: armed ability fired (turn-based build) user=@sim:fighter-l7-goblin_warrens-81 ability="Second Wind"
2026/05/17 14:06:06 INFO dnd: armed ability fired (turn-based build) user=@sim:fighter-l12-underdark-73 ability="Second Wind"
2026/05/17 14:06:06 INFO dnd: armed ability fired (turn-based build) user=@sim:fighter-l7-goblin_warrens-81 ability="Second Wind"
2026/05/17 14:06:06 INFO dnd: armed ability fired (turn-based build) user=@sim:fighter-l12-underdark-73 ability="Second Wind"
2026/05/17 14:06:06 INFO database initialized path=/tmp/expedition-sim-4010068188/gogobee.db
2026/05/17 14:06:06 INFO dnd: armed ability fired (turn-based build) user=@sim:fighter-l7-manor_blackspire-77 ability="Second Wind"
2026/05/17 14:06:06 INFO dnd: armed ability fired (turn-based build) user=@sim:fighter-l7-manor_blackspire-77 ability="Second Wind"
2026/05/17 14:06:06 INFO dnd: armed ability fired (turn-based build) user=@sim:fighter-l7-manor_blackspire-77 ability="Second Wind"
2026/05/17 14:06:06 INFO database initialized path=/tmp/expedition-sim-4225715090/gogobee.db
2026/05/17 14:06:06 INFO dnd: armed ability fired (turn-based build) user=@sim:fighter-l12-goblin_warrens-73 ability="Second Wind"
2026/05/17 14:06:06 INFO database initialized path=/tmp/expedition-sim-3021864140/gogobee.db
2026/05/17 14:06:06 INFO dnd: armed ability fired (turn-based build) user=@sim:fighter-l12-goblin_warrens-73 ability="Second Wind"
2026/05/17 14:06:06 INFO database initialized path=/tmp/expedition-sim-506018305/gogobee.db
2026/05/17 14:06:06 INFO dnd: armed ability fired (turn-based build) user=@sim:fighter-l12-goblin_warrens-73 ability="Second Wind"
2026/05/17 14:06:06 INFO dnd: armed ability fired (turn-based build) user=@sim:fighter-l3-goblin_warrens-77 ability="Second Wind"
2026/05/17 14:06:06 INFO dnd: armed ability fired (turn-based build) user=@sim:fighter-l3-goblin_warrens-77 ability="Second Wind"
2026/05/17 14:06:06 INFO database initialized path=/tmp/expedition-sim-3002922733/gogobee.db
2026/05/17 14:06:06 INFO dnd: armed ability fired (turn-based build) user=@sim:fighter-l3-goblin_warrens-77 ability="Second Wind"
2026/05/17 14:06:06 INFO dnd: armed ability fired (turn-based build) user=@sim:fighter-l3-manor_blackspire-83 ability="Second Wind"
2026/05/17 14:06:06 INFO dnd: armed ability fired (turn-based build) user=@sim:fighter-l3-manor_blackspire-83 ability="Second Wind"
2026/05/17 14:06:06 INFO database initialized path=/tmp/expedition-sim-3531036695/gogobee.db
2026/05/17 14:06:06 INFO database initialized path=/tmp/expedition-sim-761949451/gogobee.db
2026/05/17 14:06:06 INFO dnd: armed ability fired (turn-based build) user=@sim:fighter-l7-underdark-73 ability="Second Wind"
2026/05/17 14:06:06 INFO dnd: armed ability fired (turn-based build) user=@sim:fighter-l3-manor_blackspire-83 ability="Second Wind"
2026/05/17 14:06:06 INFO dnd: armed ability fired (turn-based build) user=@sim:fighter-l3-forest_shadows-85 ability="Second Wind"
2026/05/17 14:06:06 INFO dnd: armed ability fired (turn-based build) user=@sim:fighter-l7-underdark-73 ability="Second Wind"
2026/05/17 14:06:06 INFO dnd: armed ability fired (turn-based build) user=@sim:fighter-l3-forest_shadows-85 ability="Second Wind"
2026/05/17 14:06:06 INFO database initialized path=/tmp/expedition-sim-4105973611/gogobee.db
2026/05/17 14:06:06 INFO dnd: armed ability fired (turn-based build) user=@sim:fighter-l7-underdark-73 ability="Second Wind"
2026/05/17 14:06:06 INFO dnd: armed ability fired (turn-based build) user=@sim:fighter-l3-forest_shadows-85 ability="Second Wind"
2026/05/17 14:06:06 INFO dnd: armed ability fired (turn-based build) user=@sim:fighter-l12-forest_shadows-76 ability="Second Wind"
2026/05/17 14:06:06 INFO database initialized path=/tmp/expedition-sim-1175176618/gogobee.db
2026/05/17 14:06:06 INFO dnd: armed ability fired (turn-based build) user=@sim:fighter-l12-forest_shadows-76 ability="Second Wind"
2026/05/17 14:06:06 INFO dnd: armed ability fired (turn-based build) user=@sim:fighter-l12-forest_shadows-76 ability="Second Wind"
2026/05/17 14:06:06 INFO dnd: armed ability fired (turn-based build) user=@sim:fighter-l7-forest_shadows-75 ability="Second Wind"
2026/05/17 14:06:06 INFO dnd: armed ability fired (turn-based build) user=@sim:fighter-l7-forest_shadows-75 ability="Second Wind"
2026/05/17 14:06:06 INFO dnd: armed ability fired (turn-based build) user=@sim:fighter-l7-forest_shadows-75 ability="Second Wind"
2026/05/17 14:06:06 INFO database initialized path=/tmp/expedition-sim-3809608673/gogobee.db
2026/05/17 14:06:06 INFO dnd: armed ability fired (turn-based build) user=@sim:fighter-l7-dragons_lair-79 ability="Second Wind"
2026/05/17 14:06:06 INFO dnd: armed ability fired (turn-based build) user=@sim:fighter-l7-dragons_lair-79 ability="Second Wind"
2026/05/17 14:06:06 INFO database initialized path=/tmp/expedition-sim-2207705732/gogobee.db
2026/05/17 14:06:06 INFO dnd: armed ability fired (turn-based build) user=@sim:fighter-l7-dragons_lair-79 ability="Second Wind"
2026/05/17 14:06:06 INFO dnd: armed ability fired (turn-based build) user=@sim:fighter-l7-goblin_warrens-82 ability="Second Wind"
2026/05/17 14:06:06 INFO dnd: armed ability fired (turn-based build) user=@sim:fighter-l7-goblin_warrens-82 ability="Second Wind"
2026/05/17 14:06:06 INFO database initialized path=/tmp/expedition-sim-3083100583/gogobee.db
2026/05/17 14:06:06 INFO dnd: armed ability fired (turn-based build) user=@sim:fighter-l7-goblin_warrens-82 ability="Second Wind"
2026/05/17 14:06:06 INFO dnd: armed ability fired (turn-based build) user=@sim:fighter-l12-manor_blackspire-80 ability="Second Wind"
2026/05/17 14:06:06 INFO dnd: armed ability fired (turn-based build) user=@sim:fighter-l12-manor_blackspire-80 ability="Second Wind"
2026/05/17 14:06:06 INFO database initialized path=/tmp/expedition-sim-411768958/gogobee.db
2026/05/17 14:06:06 INFO dnd: armed ability fired (turn-based build) user=@sim:fighter-l12-manor_blackspire-80 ability="Second Wind"
2026/05/17 14:06:06 INFO dnd: armed ability fired (turn-based build) user=@sim:fighter-l12-underdark-74 ability="Second Wind"
2026/05/17 14:06:06 INFO dnd: armed ability fired (turn-based build) user=@sim:fighter-l12-underdark-74 ability="Second Wind"
2026/05/17 14:06:06 INFO dnd: armed ability fired (turn-based build) user=@sim:fighter-l12-underdark-74 ability="Second Wind"
2026/05/17 14:06:06 INFO database initialized path=/tmp/expedition-sim-2791888731/gogobee.db
2026/05/17 14:06:06 INFO database initialized path=/tmp/expedition-sim-2369025336/gogobee.db
2026/05/17 14:06:06 INFO dnd: armed ability fired (turn-based build) user=@sim:fighter-l7-manor_blackspire-78 ability="Second Wind"
2026/05/17 14:06:06 INFO database initialized path=/tmp/expedition-sim-1969844636/gogobee.db
2026/05/17 14:06:06 INFO dnd: armed ability fired (turn-based build) user=@sim:fighter-l12-goblin_warrens-74 ability="Second Wind"
2026/05/17 14:06:06 INFO dnd: armed ability fired (turn-based build) user=@sim:fighter-l7-manor_blackspire-78 ability="Second Wind"
2026/05/17 14:06:06 INFO dnd: armed ability fired (turn-based build) user=@sim:fighter-l12-goblin_warrens-74 ability="Second Wind"
2026/05/17 14:06:06 INFO dnd: armed ability fired (turn-based build) user=@sim:fighter-l12-goblin_warrens-74 ability="Second Wind"
2026/05/17 14:06:06 INFO dnd: armed ability fired (turn-based build) user=@sim:fighter-l7-manor_blackspire-78 ability="Second Wind"
2026/05/17 14:06:06 INFO database initialized path=/tmp/expedition-sim-3092303387/gogobee.db
2026/05/17 14:06:06 INFO dnd: armed ability fired (turn-based build) user=@sim:fighter-l7-underdark-74 ability="Second Wind"
2026/05/17 14:06:06 INFO dnd: armed ability fired (turn-based build) user=@sim:fighter-l7-underdark-74 ability="Second Wind"
2026/05/17 14:06:06 INFO dnd: armed ability fired (turn-based build) user=@sim:fighter-l7-underdark-74 ability="Second Wind"
2026/05/17 14:06:06 INFO database initialized path=/tmp/expedition-sim-1983949063/gogobee.db
2026/05/17 14:06:06 INFO dnd: armed ability fired (turn-based build) user=@sim:fighter-l3-goblin_warrens-78 ability="Second Wind"
2026/05/17 14:06:06 INFO database initialized path=/tmp/expedition-sim-2371577452/gogobee.db
2026/05/17 14:06:06 INFO dnd: armed ability fired (turn-based build) user=@sim:fighter-l3-goblin_warrens-78 ability="Second Wind"
2026/05/17 14:06:06 INFO dnd: armed ability fired (turn-based build) user=@sim:fighter-l3-goblin_warrens-78 ability="Second Wind"
2026/05/17 14:06:06 INFO database initialized path=/tmp/expedition-sim-651659083/gogobee.db
2026/05/17 14:06:06 INFO dnd: armed ability fired (turn-based build) user=@sim:fighter-l3-forest_shadows-86 ability="Second Wind"
2026/05/17 14:06:06 INFO dnd: armed ability fired (turn-based build) user=@sim:fighter-l3-manor_blackspire-84 ability="Second Wind"
2026/05/17 14:06:06 INFO dnd: armed ability fired (turn-based build) user=@sim:fighter-l3-forest_shadows-86 ability="Second Wind"
2026/05/17 14:06:06 INFO dnd: armed ability fired (turn-based build) user=@sim:fighter-l3-manor_blackspire-84 ability="Second Wind"
2026/05/17 14:06:06 WARN auto-heal cleanup: short on inventory user=@sim:fighter-l3-manor_blackspire-84 wanted=1 removed=0
2026/05/17 14:06:06 INFO dnd: armed ability fired (turn-based build) user=@sim:fighter-l3-forest_shadows-86 ability="Second Wind"
2026/05/17 14:06:06 INFO dnd: armed ability fired (turn-based build) user=@sim:fighter-l3-manor_blackspire-84 ability="Second Wind"
2026/05/17 14:06:06 WARN auto-heal cleanup: short on inventory user=@sim:fighter-l3-manor_blackspire-84 wanted=1 removed=0
2026/05/17 14:06:06 INFO database initialized path=/tmp/expedition-sim-1669793686/gogobee.db
2026/05/17 14:06:06 INFO dnd: armed ability fired (turn-based build) user=@sim:fighter-l12-forest_shadows-77 ability="Second Wind"
2026/05/17 14:06:06 INFO dnd: armed ability fired (turn-based build) user=@sim:fighter-l12-forest_shadows-77 ability="Second Wind"
2026/05/17 14:06:06 INFO database initialized path=/tmp/expedition-sim-3732470395/gogobee.db
2026/05/17 14:06:06 INFO database initialized path=/tmp/expedition-sim-2988393084/gogobee.db
2026/05/17 14:06:06 INFO database initialized path=/tmp/expedition-sim-1593190791/gogobee.db
2026/05/17 14:06:06 INFO dnd: armed ability fired (turn-based build) user=@sim:fighter-l7-goblin_warrens-83 ability="Second Wind"
2026/05/17 14:06:06 INFO dnd: armed ability fired (turn-based build) user=@sim:fighter-l12-forest_shadows-77 ability="Second Wind"
2026/05/17 14:06:06 INFO dnd: armed ability fired (turn-based build) user=@sim:fighter-l7-goblin_warrens-83 ability="Second Wind"
2026/05/17 14:06:06 INFO dnd: armed ability fired (turn-based build) user=@sim:fighter-l7-dragons_lair-80 ability="Second Wind"
2026/05/17 14:06:06 INFO dnd: armed ability fired (turn-based build) user=@sim:fighter-l7-goblin_warrens-83 ability="Second Wind"
2026/05/17 14:06:06 INFO dnd: armed ability fired (turn-based build) user=@sim:fighter-l7-dragons_lair-80 ability="Second Wind"
2026/05/17 14:06:06 INFO dnd: armed ability fired (turn-based build) user=@sim:fighter-l7-dragons_lair-80 ability="Second Wind"
2026/05/17 14:06:06 INFO database initialized path=/tmp/expedition-sim-3893457099/gogobee.db
2026/05/17 14:06:06 INFO dnd: armed ability fired (turn-based build) user=@sim:fighter-l12-underdark-75 ability="Second Wind"
2026/05/17 14:06:06 INFO dnd: armed ability fired (turn-based build) user=@sim:fighter-l12-underdark-75 ability="Second Wind"
2026/05/17 14:06:06 INFO dnd: armed ability fired (turn-based build) user=@sim:fighter-l12-underdark-75 ability="Second Wind"
2026/05/17 14:06:06 INFO database initialized path=/tmp/expedition-sim-3260620306/gogobee.db
2026/05/17 14:06:06 INFO dnd: armed ability fired (turn-based build) user=@sim:fighter-l7-forest_shadows-76 ability="Second Wind"
2026/05/17 14:06:06 INFO database initialized path=/tmp/expedition-sim-2325235199/gogobee.db
2026/05/17 14:06:06 INFO dnd: armed ability fired (turn-based build) user=@sim:fighter-l7-forest_shadows-76 ability="Second Wind"
2026/05/17 14:06:06 INFO dnd: armed ability fired (turn-based build) user=@sim:fighter-l12-manor_blackspire-81 ability="Second Wind"
2026/05/17 14:06:06 INFO dnd: armed ability fired (turn-based build) user=@sim:fighter-l7-forest_shadows-76 ability="Second Wind"
2026/05/17 14:06:06 INFO dnd: armed ability fired (turn-based build) user=@sim:fighter-l12-manor_blackspire-81 ability="Second Wind"
2026/05/17 14:06:06 INFO dnd: armed ability fired (turn-based build) user=@sim:fighter-l12-manor_blackspire-81 ability="Second Wind"
2026/05/17 14:06:06 INFO database initialized path=/tmp/expedition-sim-1317343000/gogobee.db
2026/05/17 14:06:06 INFO dnd: armed ability fired (turn-based build) user=@sim:fighter-l12-goblin_warrens-75 ability="Second Wind"
2026/05/17 14:06:07 INFO dnd: armed ability fired (turn-based build) user=@sim:fighter-l12-goblin_warrens-75 ability="Second Wind"
2026/05/17 14:06:07 INFO dnd: armed ability fired (turn-based build) user=@sim:fighter-l12-goblin_warrens-75 ability="Second Wind"
2026/05/17 14:06:07 INFO database initialized path=/tmp/expedition-sim-3625413775/gogobee.db
2026/05/17 14:06:07 INFO dnd: armed ability fired (turn-based build) user=@sim:fighter-l7-underdark-75 ability="Second Wind"
2026/05/17 14:06:07 INFO dnd: armed ability fired (turn-based build) user=@sim:fighter-l7-underdark-75 ability="Second Wind"
2026/05/17 14:06:07 INFO database initialized path=/tmp/expedition-sim-894360681/gogobee.db
2026/05/17 14:06:07 INFO dnd: armed ability fired (turn-based build) user=@sim:fighter-l7-underdark-75 ability="Second Wind"
2026/05/17 14:06:07 INFO dnd: armed ability fired (turn-based build) user=@sim:fighter-l3-goblin_warrens-79 ability="Second Wind"
2026/05/17 14:06:07 INFO dnd: armed ability fired (turn-based build) user=@sim:fighter-l3-goblin_warrens-79 ability="Second Wind"
2026/05/17 14:06:07 INFO database initialized path=/tmp/expedition-sim-3068386122/gogobee.db
2026/05/17 14:06:07 INFO dnd: armed ability fired (turn-based build) user=@sim:fighter-l3-goblin_warrens-79 ability="Second Wind"
2026/05/17 14:06:07 INFO dnd: armed ability fired (turn-based build) user=@sim:fighter-l7-manor_blackspire-79 ability="Second Wind"
2026/05/17 14:06:07 INFO database initialized path=/tmp/expedition-sim-1666653109/gogobee.db
2026/05/17 14:06:07 INFO dnd: armed ability fired (turn-based build) user=@sim:fighter-l7-manor_blackspire-79 ability="Second Wind"
2026/05/17 14:06:07 INFO dnd: armed ability fired (turn-based build) user=@sim:fighter-l3-forest_shadows-87 ability="Second Wind"
2026/05/17 14:06:07 INFO dnd: armed ability fired (turn-based build) user=@sim:fighter-l7-manor_blackspire-79 ability="Second Wind"
2026/05/17 14:06:07 INFO database initialized path=/tmp/expedition-sim-915244017/gogobee.db
2026/05/17 14:06:07 INFO dnd: armed ability fired (turn-based build) user=@sim:fighter-l3-forest_shadows-87 ability="Second Wind"
2026/05/17 14:06:07 INFO dnd: armed ability fired (turn-based build) user=@sim:fighter-l3-forest_shadows-87 ability="Second Wind"
2026/05/17 14:06:07 INFO database initialized path=/tmp/expedition-sim-1476749959/gogobee.db
2026/05/17 14:06:07 INFO dnd: armed ability fired (turn-based build) user=@sim:fighter-l12-forest_shadows-78 ability="Second Wind"
2026/05/17 14:06:07 INFO dnd: armed ability fired (turn-based build) user=@sim:fighter-l12-forest_shadows-78 ability="Second Wind"
2026/05/17 14:06:07 INFO dnd: armed ability fired (turn-based build) user=@sim:fighter-l12-forest_shadows-78 ability="Second Wind"
2026/05/17 14:06:07 INFO database initialized path=/tmp/expedition-sim-220022542/gogobee.db
2026/05/17 14:06:07 INFO database initialized path=/tmp/expedition-sim-2677495667/gogobee.db
2026/05/17 14:06:07 INFO dnd: armed ability fired (turn-based build) user=@sim:fighter-l7-goblin_warrens-84 ability="Second Wind"
2026/05/17 14:06:07 INFO dnd: armed ability fired (turn-based build) user=@sim:fighter-l12-underdark-76 ability="Second Wind"
2026/05/17 14:06:07 INFO dnd: armed ability fired (turn-based build) user=@sim:fighter-l7-goblin_warrens-84 ability="Second Wind"
2026/05/17 14:06:07 INFO dnd: armed ability fired (turn-based build) user=@sim:fighter-l12-underdark-76 ability="Second Wind"
2026/05/17 14:06:07 INFO database initialized path=/tmp/expedition-sim-3764930623/gogobee.db
2026/05/17 14:06:07 INFO dnd: armed ability fired (turn-based build) user=@sim:fighter-l12-underdark-76 ability="Second Wind"
2026/05/17 14:06:07 INFO dnd: armed ability fired (turn-based build) user=@sim:fighter-l7-goblin_warrens-84 ability="Second Wind"
2026/05/17 14:06:07 INFO dnd: armed ability fired (turn-based build) user=@sim:fighter-l7-dragons_lair-81 ability="Second Wind"
2026/05/17 14:06:07 INFO database initialized path=/tmp/expedition-sim-46256782/gogobee.db
2026/05/17 14:06:07 INFO dnd: armed ability fired (turn-based build) user=@sim:fighter-l7-dragons_lair-81 ability="Second Wind"
2026/05/17 14:06:07 INFO dnd: armed ability fired (turn-based build) user=@sim:fighter-l7-dragons_lair-81 ability="Second Wind"
2026/05/17 14:06:07 INFO dnd: armed ability fired (turn-based build) user=@sim:fighter-l3-manor_blackspire-85 ability="Second Wind"
2026/05/17 14:06:07 INFO dnd: armed ability fired (turn-based build) user=@sim:fighter-l3-manor_blackspire-85 ability="Second Wind"
2026/05/17 14:06:07 INFO dnd: armed ability fired (turn-based build) user=@sim:fighter-l3-manor_blackspire-85 ability="Second Wind"
2026/05/17 14:06:07 INFO database initialized path=/tmp/expedition-sim-2334041811/gogobee.db
2026/05/17 14:06:07 INFO database initialized path=/tmp/expedition-sim-2723282481/gogobee.db
2026/05/17 14:06:07 INFO database initialized path=/tmp/expedition-sim-3271681890/gogobee.db
2026/05/17 14:06:07 INFO dnd: armed ability fired (turn-based build) user=@sim:fighter-l12-manor_blackspire-82 ability="Second Wind"
2026/05/17 14:06:07 INFO database initialized path=/tmp/expedition-sim-2617504430/gogobee.db
2026/05/17 14:06:07 INFO dnd: armed ability fired (turn-based build) user=@sim:fighter-l7-underdark-76 ability="Second Wind"
2026/05/17 14:06:07 INFO dnd: armed ability fired (turn-based build) user=@sim:fighter-l12-manor_blackspire-82 ability="Second Wind"
2026/05/17 14:06:07 INFO database initialized path=/tmp/expedition-sim-2722380766/gogobee.db
2026/05/17 14:06:07 INFO dnd: armed ability fired (turn-based build) user=@sim:fighter-l12-manor_blackspire-82 ability="Second Wind"
2026/05/17 14:06:07 INFO dnd: armed ability fired (turn-based build) user=@sim:fighter-l12-goblin_warrens-76 ability="Second Wind"
2026/05/17 14:06:07 INFO dnd: armed ability fired (turn-based build) user=@sim:fighter-l7-underdark-76 ability="Second Wind"
2026/05/17 14:06:07 INFO dnd: armed ability fired (turn-based build) user=@sim:fighter-l7-forest_shadows-77 ability="Second Wind"
2026/05/17 14:06:07 INFO dnd: armed ability fired (turn-based build) user=@sim:fighter-l12-goblin_warrens-76 ability="Second Wind"
2026/05/17 14:06:07 INFO dnd: armed ability fired (turn-based build) user=@sim:fighter-l7-forest_shadows-77 ability="Second Wind"
2026/05/17 14:06:07 INFO dnd: armed ability fired (turn-based build) user=@sim:fighter-l7-underdark-76 ability="Second Wind"
2026/05/17 14:06:07 INFO database initialized path=/tmp/expedition-sim-231981300/gogobee.db
2026/05/17 14:06:07 INFO dnd: armed ability fired (turn-based build) user=@sim:fighter-l12-goblin_warrens-76 ability="Second Wind"
2026/05/17 14:06:07 INFO dnd: armed ability fired (turn-based build) user=@sim:fighter-l7-forest_shadows-77 ability="Second Wind"
2026/05/17 14:06:07 INFO dnd: armed ability fired (turn-based build) user=@sim:fighter-l3-forest_shadows-88 ability="Second Wind"
2026/05/17 14:06:07 INFO dnd: armed ability fired (turn-based build) user=@sim:fighter-l3-forest_shadows-88 ability="Second Wind"
2026/05/17 14:06:07 INFO dnd: armed ability fired (turn-based build) user=@sim:fighter-l3-forest_shadows-88 ability="Second Wind"
2026/05/17 14:06:07 INFO database initialized path=/tmp/expedition-sim-2667415132/gogobee.db
2026/05/17 14:06:07 INFO dnd: armed ability fired (turn-based build) user=@sim:fighter-l3-goblin_warrens-80 ability="Second Wind"
2026/05/17 14:06:07 INFO dnd: armed ability fired (turn-based build) user=@sim:fighter-l3-goblin_warrens-80 ability="Second Wind"
2026/05/17 14:06:07 INFO dnd: armed ability fired (turn-based build) user=@sim:fighter-l3-goblin_warrens-80 ability="Second Wind"
2026/05/17 14:06:07 INFO database initialized path=/tmp/expedition-sim-3802604746/gogobee.db
2026/05/17 14:06:07 INFO dnd: armed ability fired (turn-based build) user=@sim:fighter-l7-manor_blackspire-80 ability="Second Wind"
2026/05/17 14:06:07 INFO dnd: armed ability fired (turn-based build) user=@sim:fighter-l7-manor_blackspire-80 ability="Second Wind"
2026/05/17 14:06:07 INFO database initialized path=/tmp/expedition-sim-2268539928/gogobee.db
2026/05/17 14:06:07 INFO dnd: armed ability fired (turn-based build) user=@sim:fighter-l12-forest_shadows-79 ability="Second Wind"
2026/05/17 14:06:07 INFO dnd: armed ability fired (turn-based build) user=@sim:fighter-l7-manor_blackspire-80 ability="Second Wind"
2026/05/17 14:06:07 INFO dnd: armed ability fired (turn-based build) user=@sim:fighter-l12-forest_shadows-79 ability="Second Wind"
2026/05/17 14:06:07 INFO dnd: armed ability fired (turn-based build) user=@sim:fighter-l12-forest_shadows-79 ability="Second Wind"
2026/05/17 14:06:07 INFO database initialized path=/tmp/expedition-sim-2401896196/gogobee.db
2026/05/17 14:06:07 INFO database initialized path=/tmp/expedition-sim-2475662798/gogobee.db
2026/05/17 14:06:07 INFO database initialized path=/tmp/expedition-sim-865646693/gogobee.db
2026/05/17 14:06:07 INFO dnd: armed ability fired (turn-based build) user=@sim:fighter-l7-goblin_warrens-85 ability="Second Wind"
2026/05/17 14:06:07 INFO dnd: armed ability fired (turn-based build) user=@sim:fighter-l7-dragons_lair-82 ability="Second Wind"
2026/05/17 14:06:07 INFO dnd: armed ability fired (turn-based build) user=@sim:fighter-l7-goblin_warrens-85 ability="Second Wind"
2026/05/17 14:06:07 INFO dnd: armed ability fired (turn-based build) user=@sim:fighter-l7-goblin_warrens-85 ability="Second Wind"
2026/05/17 14:06:07 INFO dnd: armed ability fired (turn-based build) user=@sim:fighter-l7-dragons_lair-82 ability="Second Wind"
2026/05/17 14:06:07 INFO dnd: armed ability fired (turn-based build) user=@sim:fighter-l7-dragons_lair-82 ability="Second Wind"
2026/05/17 14:06:07 INFO database initialized path=/tmp/expedition-sim-1068843565/gogobee.db
2026/05/17 14:06:07 INFO dnd: armed ability fired (turn-based build) user=@sim:fighter-l12-underdark-77 ability="Second Wind"
2026/05/17 14:06:07 INFO dnd: armed ability fired (turn-based build) user=@sim:fighter-l12-underdark-77 ability="Second Wind"
2026/05/17 14:06:07 INFO dnd: armed ability fired (turn-based build) user=@sim:fighter-l12-underdark-77 ability="Second Wind"
2026/05/17 14:06:07 INFO database initialized path=/tmp/expedition-sim-2466547847/gogobee.db
2026/05/17 14:06:07 INFO dnd: armed ability fired (turn-based build) user=@sim:fighter-l7-underdark-77 ability="Second Wind"
2026/05/17 14:06:07 INFO dnd: armed ability fired (turn-based build) user=@sim:fighter-l7-underdark-77 ability="Second Wind"
2026/05/17 14:06:07 INFO dnd: armed ability fired (turn-based build) user=@sim:fighter-l7-underdark-77 ability="Second Wind"
2026/05/17 14:06:07 INFO database initialized path=/tmp/expedition-sim-2652575180/gogobee.db
2026/05/17 14:06:07 INFO dnd: armed ability fired (turn-based build) user=@sim:fighter-l3-forest_shadows-89 ability="Second Wind"
2026/05/17 14:06:07 INFO database initialized path=/tmp/expedition-sim-2079226463/gogobee.db
2026/05/17 14:06:07 INFO dnd: armed ability fired (turn-based build) user=@sim:fighter-l3-forest_shadows-89 ability="Second Wind"
2026/05/17 14:06:07 INFO dnd: armed ability fired (turn-based build) user=@sim:fighter-l3-forest_shadows-89 ability="Second Wind"
2026/05/17 14:06:07 INFO dnd: armed ability fired (turn-based build) user=@sim:fighter-l12-goblin_warrens-77 ability="Second Wind"
2026/05/17 14:06:07 INFO dnd: armed ability fired (turn-based build) user=@sim:fighter-l12-goblin_warrens-77 ability="Second Wind"
2026/05/17 14:06:07 INFO dnd: armed ability fired (turn-based build) user=@sim:fighter-l12-goblin_warrens-77 ability="Second Wind"
2026/05/17 14:06:07 INFO database initialized path=/tmp/expedition-sim-2408950707/gogobee.db
2026/05/17 14:06:07 INFO database initialized path=/tmp/expedition-sim-1557217732/gogobee.db
2026/05/17 14:06:07 INFO database initialized path=/tmp/expedition-sim-1402069482/gogobee.db
2026/05/17 14:06:07 INFO dnd: armed ability fired (turn-based build) user=@sim:fighter-l3-goblin_warrens-81 ability="Second Wind"
2026/05/17 14:06:07 INFO dnd: armed ability fired (turn-based build) user=@sim:fighter-l3-manor_blackspire-86 ability="Second Wind"
2026/05/17 14:06:07 INFO dnd: armed ability fired (turn-based build) user=@sim:fighter-l12-manor_blackspire-83 ability="Second Wind"
2026/05/17 14:06:07 INFO dnd: armed ability fired (turn-based build) user=@sim:fighter-l3-goblin_warrens-81 ability="Second Wind"
2026/05/17 14:06:07 INFO dnd: armed ability fired (turn-based build) user=@sim:fighter-l3-manor_blackspire-86 ability="Second Wind"
2026/05/17 14:06:07 INFO dnd: armed ability fired (turn-based build) user=@sim:fighter-l3-goblin_warrens-81 ability="Second Wind"
2026/05/17 14:06:07 INFO dnd: armed ability fired (turn-based build) user=@sim:fighter-l12-manor_blackspire-83 ability="Second Wind"
2026/05/17 14:06:07 INFO dnd: armed ability fired (turn-based build) user=@sim:fighter-l3-manor_blackspire-86 ability="Second Wind"
2026/05/17 14:06:07 INFO dnd: armed ability fired (turn-based build) user=@sim:fighter-l12-manor_blackspire-83 ability="Second Wind"
2026/05/17 14:06:07 INFO database initialized path=/tmp/expedition-sim-590213281/gogobee.db
2026/05/17 14:06:07 INFO dnd: armed ability fired (turn-based build) user=@sim:fighter-l7-forest_shadows-78 ability="Second Wind"
2026/05/17 14:06:07 INFO dnd: armed ability fired (turn-based build) user=@sim:fighter-l7-forest_shadows-78 ability="Second Wind"
2026/05/17 14:06:07 INFO database initialized path=/tmp/expedition-sim-939609438/gogobee.db
2026/05/17 14:06:07 INFO database initialized path=/tmp/expedition-sim-1288659090/gogobee.db
2026/05/17 14:06:07 INFO dnd: armed ability fired (turn-based build) user=@sim:fighter-l12-forest_shadows-80 ability="Second Wind"
2026/05/17 14:06:07 INFO dnd: armed ability fired (turn-based build) user=@sim:fighter-l7-forest_shadows-78 ability="Second Wind"
2026/05/17 14:06:07 INFO dnd: armed ability fired (turn-based build) user=@sim:fighter-l12-forest_shadows-80 ability="Second Wind"
2026/05/17 14:06:07 INFO dnd: armed ability fired (turn-based build) user=@sim:fighter-l12-forest_shadows-80 ability="Second Wind"
2026/05/17 14:06:08 INFO database initialized path=/tmp/expedition-sim-3214451762/gogobee.db
2026/05/17 14:06:08 INFO dnd: armed ability fired (turn-based build) user=@sim:fighter-l7-manor_blackspire-81 ability="Second Wind"
2026/05/17 14:06:08 INFO dnd: armed ability fired (turn-based build) user=@sim:fighter-l7-manor_blackspire-81 ability="Second Wind"
2026/05/17 14:06:08 INFO dnd: armed ability fired (turn-based build) user=@sim:fighter-l7-manor_blackspire-81 ability="Second Wind"
2026/05/17 14:06:08 INFO database initialized path=/tmp/expedition-sim-3456818373/gogobee.db
2026/05/17 14:06:08 INFO dnd: armed ability fired (turn-based build) user=@sim:fighter-l7-dragons_lair-83 ability="Second Wind"
2026/05/17 14:06:08 INFO dnd: armed ability fired (turn-based build) user=@sim:fighter-l7-dragons_lair-83 ability="Second Wind"
2026/05/17 14:06:08 INFO dnd: armed ability fired (turn-based build) user=@sim:fighter-l7-dragons_lair-83 ability="Second Wind"
2026/05/17 14:06:08 INFO database initialized path=/tmp/expedition-sim-2396834796/gogobee.db
2026/05/17 14:06:08 INFO dnd: armed ability fired (turn-based build) user=@sim:fighter-l12-underdark-78 ability="Second Wind"
2026/05/17 14:06:08 INFO dnd: armed ability fired (turn-based build) user=@sim:fighter-l12-underdark-78 ability="Second Wind"
2026/05/17 14:06:08 INFO dnd: armed ability fired (turn-based build) user=@sim:fighter-l12-underdark-78 ability="Second Wind"
2026/05/17 14:06:08 INFO database initialized path=/tmp/expedition-sim-1028139032/gogobee.db
2026/05/17 14:06:08 INFO database initialized path=/tmp/expedition-sim-1241692861/gogobee.db
2026/05/17 14:06:08 INFO dnd: armed ability fired (turn-based build) user=@sim:fighter-l7-goblin_warrens-86 ability="Second Wind"
2026/05/17 14:06:08 INFO dnd: armed ability fired (turn-based build) user=@sim:fighter-l7-goblin_warrens-86 ability="Second Wind"
2026/05/17 14:06:08 INFO dnd: armed ability fired (turn-based build) user=@sim:fighter-l3-forest_shadows-90 ability="Second Wind"
2026/05/17 14:06:08 INFO database initialized path=/tmp/expedition-sim-3520794307/gogobee.db
2026/05/17 14:06:08 INFO dnd: armed ability fired (turn-based build) user=@sim:fighter-l7-goblin_warrens-86 ability="Second Wind"
2026/05/17 14:06:08 INFO dnd: armed ability fired (turn-based build) user=@sim:fighter-l3-forest_shadows-90 ability="Second Wind"
2026/05/17 14:06:08 INFO dnd: armed ability fired (turn-based build) user=@sim:fighter-l12-goblin_warrens-78 ability="Second Wind"
2026/05/17 14:06:08 INFO dnd: armed ability fired (turn-based build) user=@sim:fighter-l3-forest_shadows-90 ability="Second Wind"
2026/05/17 14:06:08 INFO dnd: armed ability fired (turn-based build) user=@sim:fighter-l12-goblin_warrens-78 ability="Second Wind"
2026/05/17 14:06:08 INFO dnd: armed ability fired (turn-based build) user=@sim:fighter-l12-goblin_warrens-78 ability="Second Wind"
2026/05/17 14:06:08 INFO database initialized path=/tmp/expedition-sim-517219402/gogobee.db
2026/05/17 14:06:08 INFO dnd: armed ability fired (turn-based build) user=@sim:fighter-l7-underdark-78 ability="Second Wind"
2026/05/17 14:06:08 INFO dnd: armed ability fired (turn-based build) user=@sim:fighter-l7-underdark-78 ability="Second Wind"
2026/05/17 14:06:08 INFO dnd: armed ability fired (turn-based build) user=@sim:fighter-l7-underdark-78 ability="Second Wind"
2026/05/17 14:06:08 INFO database initialized path=/tmp/expedition-sim-3421579100/gogobee.db
2026/05/17 14:06:08 INFO database initialized path=/tmp/expedition-sim-1089942163/gogobee.db
2026/05/17 14:06:08 INFO database initialized path=/tmp/expedition-sim-2578227286/gogobee.db
2026/05/17 14:06:08 INFO dnd: armed ability fired (turn-based build) user=@sim:fighter-l12-manor_blackspire-84 ability="Second Wind"
2026/05/17 14:06:08 INFO database initialized path=/tmp/expedition-sim-2617855729/gogobee.db
2026/05/17 14:06:08 INFO dnd: armed ability fired (turn-based build) user=@sim:fighter-l12-forest_shadows-81 ability="Second Wind"
2026/05/17 14:06:08 INFO dnd: armed ability fired (turn-based build) user=@sim:fighter-l12-manor_blackspire-84 ability="Second Wind"
2026/05/17 14:06:08 INFO dnd: armed ability fired (turn-based build) user=@sim:fighter-l7-forest_shadows-79 ability="Second Wind"
2026/05/17 14:06:08 INFO dnd: armed ability fired (turn-based build) user=@sim:fighter-l12-forest_shadows-81 ability="Second Wind"
2026/05/17 14:06:08 INFO dnd: armed ability fired (turn-based build) user=@sim:fighter-l3-goblin_warrens-82 ability="Second Wind"
2026/05/17 14:06:08 INFO dnd: armed ability fired (turn-based build) user=@sim:fighter-l12-manor_blackspire-84 ability="Second Wind"
2026/05/17 14:06:08 INFO dnd: armed ability fired (turn-based build) user=@sim:fighter-l7-forest_shadows-79 ability="Second Wind"
2026/05/17 14:06:08 INFO dnd: armed ability fired (turn-based build) user=@sim:fighter-l12-forest_shadows-81 ability="Second Wind"
2026/05/17 14:06:08 INFO dnd: armed ability fired (turn-based build) user=@sim:fighter-l3-goblin_warrens-82 ability="Second Wind"
2026/05/17 14:06:08 INFO database initialized path=/tmp/expedition-sim-4091270003/gogobee.db
2026/05/17 14:06:08 INFO dnd: armed ability fired (turn-based build) user=@sim:fighter-l3-goblin_warrens-82 ability="Second Wind"
2026/05/17 14:06:08 INFO dnd: armed ability fired (turn-based build) user=@sim:fighter-l7-forest_shadows-79 ability="Second Wind"
2026/05/17 14:06:08 INFO dnd: armed ability fired (turn-based build) user=@sim:fighter-l3-manor_blackspire-87 ability="Second Wind"
2026/05/17 14:06:08 INFO dnd: armed ability fired (turn-based build) user=@sim:fighter-l3-manor_blackspire-87 ability="Second Wind"
2026/05/17 14:06:08 INFO database initialized path=/tmp/expedition-sim-899105770/gogobee.db
2026/05/17 14:06:08 INFO dnd: armed ability fired (turn-based build) user=@sim:fighter-l7-manor_blackspire-82 ability="Second Wind"
2026/05/17 14:06:08 INFO dnd: armed ability fired (turn-based build) user=@sim:fighter-l7-manor_blackspire-82 ability="Second Wind"
2026/05/17 14:06:08 INFO dnd: armed ability fired (turn-based build) user=@sim:fighter-l7-manor_blackspire-82 ability="Second Wind"
2026/05/17 14:06:08 INFO database initialized path=/tmp/expedition-sim-3747712829/gogobee.db
2026/05/17 14:06:08 INFO dnd: armed ability fired (turn-based build) user=@sim:fighter-l7-dragons_lair-84 ability="Second Wind"
2026/05/17 14:06:08 INFO dnd: armed ability fired (turn-based build) user=@sim:fighter-l7-dragons_lair-84 ability="Second Wind"
2026/05/17 14:06:08 INFO database initialized path=/tmp/expedition-sim-1333701275/gogobee.db
2026/05/17 14:06:08 INFO dnd: armed ability fired (turn-based build) user=@sim:fighter-l7-dragons_lair-84 ability="Second Wind"
2026/05/17 14:06:08 INFO dnd: armed ability fired (turn-based build) user=@sim:fighter-l3-forest_shadows-91 ability="Second Wind"
2026/05/17 14:06:08 INFO dnd: armed ability fired (turn-based build) user=@sim:fighter-l3-forest_shadows-91 ability="Second Wind"
2026/05/17 14:06:08 INFO dnd: armed ability fired (turn-based build) user=@sim:fighter-l3-forest_shadows-91 ability="Second Wind"
2026/05/17 14:06:08 INFO database initialized path=/tmp/expedition-sim-567469572/gogobee.db
2026/05/17 14:06:08 INFO dnd: armed ability fired (turn-based build) user=@sim:fighter-l7-goblin_warrens-87 ability="Second Wind"
2026/05/17 14:06:08 INFO dnd: armed ability fired (turn-based build) user=@sim:fighter-l7-goblin_warrens-87 ability="Second Wind"
2026/05/17 14:06:08 INFO dnd: armed ability fired (turn-based build) user=@sim:fighter-l7-goblin_warrens-87 ability="Second Wind"
2026/05/17 14:06:08 INFO database initialized path=/tmp/expedition-sim-3686939475/gogobee.db
2026/05/17 14:06:08 INFO dnd: armed ability fired (turn-based build) user=@sim:fighter-l12-goblin_warrens-79 ability="Second Wind"
2026/05/17 14:06:08 INFO dnd: armed ability fired (turn-based build) user=@sim:fighter-l12-goblin_warrens-79 ability="Second Wind"
2026/05/17 14:06:08 INFO database initialized path=/tmp/expedition-sim-2184903190/gogobee.db
2026/05/17 14:06:08 INFO dnd: armed ability fired (turn-based build) user=@sim:fighter-l12-goblin_warrens-79 ability="Second Wind"
2026/05/17 14:06:08 INFO dnd: armed ability fired (turn-based build) user=@sim:fighter-l7-underdark-79 ability="Second Wind"
2026/05/17 14:06:08 INFO dnd: armed ability fired (turn-based build) user=@sim:fighter-l7-underdark-79 ability="Second Wind"
2026/05/17 14:06:08 INFO dnd: armed ability fired (turn-based build) user=@sim:fighter-l7-underdark-79 ability="Second Wind"
2026/05/17 14:06:08 INFO database initialized path=/tmp/expedition-sim-2246471528/gogobee.db
2026/05/17 14:06:08 INFO dnd: armed ability fired (turn-based build) user=@sim:fighter-l12-forest_shadows-82 ability="Second Wind"
2026/05/17 14:06:08 INFO database initialized path=/tmp/expedition-sim-1790155098/gogobee.db
2026/05/17 14:06:08 INFO dnd: armed ability fired (turn-based build) user=@sim:fighter-l12-forest_shadows-82 ability="Second Wind"
2026/05/17 14:06:08 INFO dnd: armed ability fired (turn-based build) user=@sim:fighter-l3-goblin_warrens-83 ability="Second Wind"
2026/05/17 14:06:08 INFO dnd: armed ability fired (turn-based build) user=@sim:fighter-l12-forest_shadows-82 ability="Second Wind"
2026/05/17 14:06:08 INFO dnd: armed ability fired (turn-based build) user=@sim:fighter-l3-goblin_warrens-83 ability="Second Wind"
2026/05/17 14:06:08 INFO dnd: armed ability fired (turn-based build) user=@sim:fighter-l3-goblin_warrens-83 ability="Second Wind"
2026/05/17 14:06:08 INFO database initialized path=/tmp/expedition-sim-1058529245/gogobee.db
2026/05/17 14:06:08 INFO dnd: armed ability fired (turn-based build) user=@sim:fighter-l7-forest_shadows-80 ability="Second Wind"
2026/05/17 14:06:08 INFO database initialized path=/tmp/expedition-sim-2578153880/gogobee.db
2026/05/17 14:06:08 INFO dnd: armed ability fired (turn-based build) user=@sim:fighter-l7-forest_shadows-80 ability="Second Wind"
2026/05/17 14:06:08 INFO dnd: armed ability fired (turn-based build) user=@sim:fighter-l12-underdark-79 ability="Second Wind"
2026/05/17 14:06:08 INFO dnd: armed ability fired (turn-based build) user=@sim:fighter-l7-forest_shadows-80 ability="Second Wind"
2026/05/17 14:06:08 INFO dnd: armed ability fired (turn-based build) user=@sim:fighter-l12-underdark-79 ability="Second Wind"
2026/05/17 14:06:08 INFO database initialized path=/tmp/expedition-sim-3573889273/gogobee.db
2026/05/17 14:06:08 INFO dnd: armed ability fired (turn-based build) user=@sim:fighter-l12-underdark-79 ability="Second Wind"
2026/05/17 14:06:08 INFO dnd: armed ability fired (turn-based build) user=@sim:fighter-l3-manor_blackspire-88 ability="Second Wind"
2026/05/17 14:06:08 INFO dnd: armed ability fired (turn-based build) user=@sim:fighter-l3-manor_blackspire-88 ability="Second Wind"
2026/05/17 14:06:08 INFO dnd: armed ability fired (turn-based build) user=@sim:fighter-l3-manor_blackspire-88 ability="Second Wind"
2026/05/17 14:06:08 INFO database initialized path=/tmp/expedition-sim-3347074078/gogobee.db
2026/05/17 14:06:08 INFO dnd: armed ability fired (turn-based build) user=@sim:fighter-l12-manor_blackspire-85 ability="Second Wind"
2026/05/17 14:06:08 INFO dnd: armed ability fired (turn-based build) user=@sim:fighter-l12-manor_blackspire-85 ability="Second Wind"
2026/05/17 14:06:08 INFO dnd: armed ability fired (turn-based build) user=@sim:fighter-l12-manor_blackspire-85 ability="Second Wind"
2026/05/17 14:06:08 INFO database initialized path=/tmp/expedition-sim-1186937270/gogobee.db
2026/05/17 14:06:08 INFO dnd: armed ability fired (turn-based build) user=@sim:fighter-l7-dragons_lair-85 ability="Second Wind"
2026/05/17 14:06:08 INFO database initialized path=/tmp/expedition-sim-1251803734/gogobee.db
2026/05/17 14:06:08 INFO dnd: armed ability fired (turn-based build) user=@sim:fighter-l7-dragons_lair-85 ability="Second Wind"
2026/05/17 14:06:08 INFO dnd: armed ability fired (turn-based build) user=@sim:fighter-l7-manor_blackspire-83 ability="Second Wind"
2026/05/17 14:06:08 INFO dnd: armed ability fired (turn-based build) user=@sim:fighter-l7-dragons_lair-85 ability="Second Wind"
2026/05/17 14:06:08 INFO dnd: armed ability fired (turn-based build) user=@sim:fighter-l7-manor_blackspire-83 ability="Second Wind"
2026/05/17 14:06:08 INFO dnd: armed ability fired (turn-based build) user=@sim:fighter-l7-manor_blackspire-83 ability="Second Wind"
2026/05/17 14:06:08 INFO database initialized path=/tmp/expedition-sim-2596982998/gogobee.db
2026/05/17 14:06:09 INFO dnd: armed ability fired (turn-based build) user=@sim:fighter-l3-forest_shadows-92 ability="Second Wind"
2026/05/17 14:06:09 INFO dnd: armed ability fired (turn-based build) user=@sim:fighter-l3-forest_shadows-92 ability="Second Wind"
2026/05/17 14:06:09 INFO database initialized path=/tmp/expedition-sim-3137346327/gogobee.db
2026/05/17 14:06:09 INFO database initialized path=/tmp/expedition-sim-3581814025/gogobee.db
2026/05/17 14:06:09 INFO dnd: armed ability fired (turn-based build) user=@sim:fighter-l3-forest_shadows-92 ability="Second Wind"
2026/05/17 14:06:09 INFO dnd: armed ability fired (turn-based build) user=@sim:fighter-l7-goblin_warrens-88 ability="Second Wind"
2026/05/17 14:06:09 INFO dnd: armed ability fired (turn-based build) user=@sim:fighter-l7-underdark-80 ability="Second Wind"
2026/05/17 14:06:09 INFO dnd: armed ability fired (turn-based build) user=@sim:fighter-l7-goblin_warrens-88 ability="Second Wind"
2026/05/17 14:06:09 INFO database initialized path=/tmp/expedition-sim-262485517/gogobee.db
2026/05/17 14:06:09 INFO dnd: armed ability fired (turn-based build) user=@sim:fighter-l7-underdark-80 ability="Second Wind"
2026/05/17 14:06:09 INFO dnd: armed ability fired (turn-based build) user=@sim:fighter-l7-goblin_warrens-88 ability="Second Wind"
2026/05/17 14:06:09 INFO dnd: armed ability fired (turn-based build) user=@sim:fighter-l7-underdark-80 ability="Second Wind"
2026/05/17 14:06:09 INFO dnd: armed ability fired (turn-based build) user=@sim:fighter-l12-goblin_warrens-80 ability="Second Wind"
2026/05/17 14:06:09 INFO dnd: armed ability fired (turn-based build) user=@sim:fighter-l12-goblin_warrens-80 ability="Second Wind"
2026/05/17 14:06:09 INFO dnd: armed ability fired (turn-based build) user=@sim:fighter-l12-goblin_warrens-80 ability="Second Wind"
2026/05/17 14:06:09 INFO database initialized path=/tmp/expedition-sim-1242903537/gogobee.db
2026/05/17 14:06:09 INFO dnd: armed ability fired (turn-based build) user=@sim:fighter-l3-goblin_warrens-84 ability="Second Wind"
2026/05/17 14:06:09 INFO dnd: armed ability fired (turn-based build) user=@sim:fighter-l3-goblin_warrens-84 ability="Second Wind"
2026/05/17 14:06:09 INFO dnd: armed ability fired (turn-based build) user=@sim:fighter-l3-goblin_warrens-84 ability="Second Wind"
2026/05/17 14:06:09 INFO database initialized path=/tmp/expedition-sim-4212883759/gogobee.db
2026/05/17 14:06:09 INFO database initialized path=/tmp/expedition-sim-3370376655/gogobee.db
2026/05/17 14:06:09 INFO dnd: armed ability fired (turn-based build) user=@sim:fighter-l12-forest_shadows-83 ability="Second Wind"
2026/05/17 14:06:09 INFO dnd: armed ability fired (turn-based build) user=@sim:fighter-l3-manor_blackspire-89 ability="Second Wind"
2026/05/17 14:06:09 INFO dnd: armed ability fired (turn-based build) user=@sim:fighter-l12-forest_shadows-83 ability="Second Wind"
2026/05/17 14:06:09 INFO dnd: armed ability fired (turn-based build) user=@sim:fighter-l3-manor_blackspire-89 ability="Second Wind"
2026/05/17 14:06:09 INFO dnd: armed ability fired (turn-based build) user=@sim:fighter-l12-forest_shadows-83 ability="Second Wind"
2026/05/17 14:06:09 INFO database initialized path=/tmp/expedition-sim-4193558902/gogobee.db
2026/05/17 14:06:09 INFO dnd: armed ability fired (turn-based build) user=@sim:fighter-l3-manor_blackspire-89 ability="Second Wind"
2026/05/17 14:06:09 INFO dnd: armed ability fired (turn-based build) user=@sim:fighter-l12-underdark-80 ability="Second Wind"
2026/05/17 14:06:09 INFO dnd: armed ability fired (turn-based build) user=@sim:fighter-l12-underdark-80 ability="Second Wind"
2026/05/17 14:06:09 INFO dnd: armed ability fired (turn-based build) user=@sim:fighter-l12-underdark-80 ability="Second Wind"
2026/05/17 14:06:09 INFO database initialized path=/tmp/expedition-sim-471331548/gogobee.db
2026/05/17 14:06:09 INFO database initialized path=/tmp/expedition-sim-1279648694/gogobee.db
2026/05/17 14:06:09 INFO dnd: armed ability fired (turn-based build) user=@sim:fighter-l12-manor_blackspire-86 ability="Second Wind"
2026/05/17 14:06:09 INFO dnd: armed ability fired (turn-based build) user=@sim:fighter-l7-forest_shadows-81 ability="Second Wind"
2026/05/17 14:06:09 INFO dnd: armed ability fired (turn-based build) user=@sim:fighter-l12-manor_blackspire-86 ability="Second Wind"
2026/05/17 14:06:09 INFO dnd: armed ability fired (turn-based build) user=@sim:fighter-l7-forest_shadows-81 ability="Second Wind"
2026/05/17 14:06:09 INFO dnd: armed ability fired (turn-based build) user=@sim:fighter-l12-manor_blackspire-86 ability="Second Wind"
2026/05/17 14:06:09 INFO dnd: armed ability fired (turn-based build) user=@sim:fighter-l7-forest_shadows-81 ability="Second Wind"
2026/05/17 14:06:09 INFO database initialized path=/tmp/expedition-sim-3249513240/gogobee.db
2026/05/17 14:06:09 INFO database initialized path=/tmp/expedition-sim-4027184602/gogobee.db
2026/05/17 14:06:09 INFO dnd: armed ability fired (turn-based build) user=@sim:fighter-l7-dragons_lair-86 ability="Second Wind"
2026/05/17 14:06:09 INFO dnd: armed ability fired (turn-based build) user=@sim:fighter-l3-forest_shadows-93 ability="Second Wind"
2026/05/17 14:06:09 INFO dnd: armed ability fired (turn-based build) user=@sim:fighter-l3-forest_shadows-93 ability="Second Wind"
2026/05/17 14:06:09 INFO dnd: armed ability fired (turn-based build) user=@sim:fighter-l7-dragons_lair-86 ability="Second Wind"
2026/05/17 14:06:09 INFO database initialized path=/tmp/expedition-sim-2846326677/gogobee.db
2026/05/17 14:06:09 INFO dnd: armed ability fired (turn-based build) user=@sim:fighter-l7-dragons_lair-86 ability="Second Wind"
2026/05/17 14:06:09 INFO dnd: armed ability fired (turn-based build) user=@sim:fighter-l3-forest_shadows-93 ability="Second Wind"
2026/05/17 14:06:09 INFO dnd: armed ability fired (turn-based build) user=@sim:fighter-l7-manor_blackspire-84 ability="Second Wind"
2026/05/17 14:06:09 INFO dnd: armed ability fired (turn-based build) user=@sim:fighter-l7-manor_blackspire-84 ability="Second Wind"
2026/05/17 14:06:09 INFO dnd: armed ability fired (turn-based build) user=@sim:fighter-l7-manor_blackspire-84 ability="Second Wind"
2026/05/17 14:06:09 INFO database initialized path=/tmp/expedition-sim-3863422405/gogobee.db
2026/05/17 14:06:09 INFO dnd: armed ability fired (turn-based build) user=@sim:fighter-l12-goblin_warrens-81 ability="Second Wind"
2026/05/17 14:06:09 INFO dnd: armed ability fired (turn-based build) user=@sim:fighter-l12-goblin_warrens-81 ability="Second Wind"
2026/05/17 14:06:09 INFO dnd: armed ability fired (turn-based build) user=@sim:fighter-l12-goblin_warrens-81 ability="Second Wind"
2026/05/17 14:06:09 INFO database initialized path=/tmp/expedition-sim-401289476/gogobee.db
2026/05/17 14:06:09 INFO dnd: armed ability fired (turn-based build) user=@sim:fighter-l7-goblin_warrens-89 ability="Second Wind"
2026/05/17 14:06:09 INFO dnd: armed ability fired (turn-based build) user=@sim:fighter-l7-goblin_warrens-89 ability="Second Wind"
2026/05/17 14:06:09 INFO database initialized path=/tmp/expedition-sim-249580355/gogobee.db
2026/05/17 14:06:09 INFO dnd: armed ability fired (turn-based build) user=@sim:fighter-l7-goblin_warrens-89 ability="Second Wind"
2026/05/17 14:06:09 INFO dnd: armed ability fired (turn-based build) user=@sim:fighter-l3-goblin_warrens-85 ability="Second Wind"
2026/05/17 14:06:09 INFO database initialized path=/tmp/expedition-sim-1996272485/gogobee.db
2026/05/17 14:06:09 INFO dnd: armed ability fired (turn-based build) user=@sim:fighter-l3-goblin_warrens-85 ability="Second Wind"
2026/05/17 14:06:09 INFO dnd: armed ability fired (turn-based build) user=@sim:fighter-l7-underdark-81 ability="Second Wind"
2026/05/17 14:06:09 INFO dnd: armed ability fired (turn-based build) user=@sim:fighter-l3-goblin_warrens-85 ability="Second Wind"
2026/05/17 14:06:09 INFO dnd: armed ability fired (turn-based build) user=@sim:fighter-l7-underdark-81 ability="Second Wind"
2026/05/17 14:06:09 INFO dnd: armed ability fired (turn-based build) user=@sim:fighter-l7-underdark-81 ability="Second Wind"
2026/05/17 14:06:09 INFO database initialized path=/tmp/expedition-sim-746069797/gogobee.db
2026/05/17 14:06:09 INFO dnd: armed ability fired (turn-based build) user=@sim:fighter-l12-forest_shadows-84 ability="Second Wind"
2026/05/17 14:06:09 INFO dnd: armed ability fired (turn-based build) user=@sim:fighter-l12-forest_shadows-84 ability="Second Wind"
2026/05/17 14:06:09 INFO dnd: armed ability fired (turn-based build) user=@sim:fighter-l12-forest_shadows-84 ability="Second Wind"
2026/05/17 14:06:09 INFO database initialized path=/tmp/expedition-sim-3997085252/gogobee.db
2026/05/17 14:06:09 INFO database initialized path=/tmp/expedition-sim-353709906/gogobee.db
2026/05/17 14:06:09 INFO database initialized path=/tmp/expedition-sim-2551835377/gogobee.db
2026/05/17 14:06:09 INFO dnd: armed ability fired (turn-based build) user=@sim:fighter-l3-forest_shadows-94 ability="Second Wind"
2026/05/17 14:06:09 INFO dnd: armed ability fired (turn-based build) user=@sim:fighter-l12-manor_blackspire-87 ability="Second Wind"
2026/05/17 14:06:09 INFO dnd: armed ability fired (turn-based build) user=@sim:fighter-l3-manor_blackspire-90 ability="Second Wind"
2026/05/17 14:06:09 INFO dnd: armed ability fired (turn-based build) user=@sim:fighter-l3-forest_shadows-94 ability="Second Wind"
2026/05/17 14:06:09 INFO dnd: armed ability fired (turn-based build) user=@sim:fighter-l12-manor_blackspire-87 ability="Second Wind"
2026/05/17 14:06:09 INFO dnd: armed ability fired (turn-based build) user=@sim:fighter-l3-forest_shadows-94 ability="Second Wind"
2026/05/17 14:06:09 INFO dnd: armed ability fired (turn-based build) user=@sim:fighter-l3-manor_blackspire-90 ability="Second Wind"
2026/05/17 14:06:09 INFO dnd: armed ability fired (turn-based build) user=@sim:fighter-l3-manor_blackspire-90 ability="Second Wind"
2026/05/17 14:06:09 INFO dnd: armed ability fired (turn-based build) user=@sim:fighter-l12-manor_blackspire-87 ability="Second Wind"
2026/05/17 14:06:09 INFO database initialized path=/tmp/expedition-sim-2585959711/gogobee.db
2026/05/17 14:06:09 INFO dnd: armed ability fired (turn-based build) user=@sim:fighter-l7-dragons_lair-87 ability="Second Wind"
2026/05/17 14:06:09 INFO dnd: armed ability fired (turn-based build) user=@sim:fighter-l7-dragons_lair-87 ability="Second Wind"
2026/05/17 14:06:09 INFO dnd: armed ability fired (turn-based build) user=@sim:fighter-l7-dragons_lair-87 ability="Second Wind"
2026/05/17 14:06:09 INFO database initialized path=/tmp/expedition-sim-1788503208/gogobee.db
2026/05/17 14:06:09 INFO database initialized path=/tmp/expedition-sim-3797727906/gogobee.db
2026/05/17 14:06:09 INFO database initialized path=/tmp/expedition-sim-4111658904/gogobee.db
2026/05/17 14:06:09 INFO dnd: armed ability fired (turn-based build) user=@sim:fighter-l12-underdark-81 ability="Second Wind"
2026/05/17 14:06:09 INFO dnd: armed ability fired (turn-based build) user=@sim:fighter-l7-manor_blackspire-85 ability="Second Wind"
2026/05/17 14:06:09 INFO dnd: armed ability fired (turn-based build) user=@sim:fighter-l12-underdark-81 ability="Second Wind"
2026/05/17 14:06:09 INFO dnd: armed ability fired (turn-based build) user=@sim:fighter-l7-manor_blackspire-85 ability="Second Wind"
2026/05/17 14:06:09 INFO dnd: armed ability fired (turn-based build) user=@sim:fighter-l7-forest_shadows-82 ability="Second Wind"
2026/05/17 14:06:09 INFO dnd: armed ability fired (turn-based build) user=@sim:fighter-l7-manor_blackspire-85 ability="Second Wind"
2026/05/17 14:06:09 INFO database initialized path=/tmp/expedition-sim-3914696972/gogobee.db
2026/05/17 14:06:09 INFO dnd: armed ability fired (turn-based build) user=@sim:fighter-l7-forest_shadows-82 ability="Second Wind"
2026/05/17 14:06:09 INFO dnd: armed ability fired (turn-based build) user=@sim:fighter-l12-underdark-81 ability="Second Wind"
2026/05/17 14:06:09 INFO dnd: armed ability fired (turn-based build) user=@sim:fighter-l12-goblin_warrens-82 ability="Second Wind"
2026/05/17 14:06:09 INFO dnd: armed ability fired (turn-based build) user=@sim:fighter-l12-goblin_warrens-82 ability="Second Wind"
2026/05/17 14:06:09 INFO dnd: armed ability fired (turn-based build) user=@sim:fighter-l7-forest_shadows-82 ability="Second Wind"
2026/05/17 14:06:09 INFO dnd: armed ability fired (turn-based build) user=@sim:fighter-l12-goblin_warrens-82 ability="Second Wind"
2026/05/17 14:06:09 INFO database initialized path=/tmp/expedition-sim-1841864494/gogobee.db
2026/05/17 14:06:09 INFO database initialized path=/tmp/expedition-sim-1331407026/gogobee.db
2026/05/17 14:06:09 INFO dnd: armed ability fired (turn-based build) user=@sim:fighter-l3-goblin_warrens-86 ability="Second Wind"
2026/05/17 14:06:09 INFO dnd: armed ability fired (turn-based build) user=@sim:fighter-l7-goblin_warrens-90 ability="Second Wind"
2026/05/17 14:06:09 INFO dnd: armed ability fired (turn-based build) user=@sim:fighter-l3-goblin_warrens-86 ability="Second Wind"
2026/05/17 14:06:09 INFO dnd: armed ability fired (turn-based build) user=@sim:fighter-l7-goblin_warrens-90 ability="Second Wind"
2026/05/17 14:06:09 INFO dnd: armed ability fired (turn-based build) user=@sim:fighter-l3-goblin_warrens-86 ability="Second Wind"
2026/05/17 14:06:09 INFO dnd: armed ability fired (turn-based build) user=@sim:fighter-l7-goblin_warrens-90 ability="Second Wind"
2026/05/17 14:06:09 INFO database initialized path=/tmp/expedition-sim-1210264279/gogobee.db
2026/05/17 14:06:09 INFO dnd: armed ability fired (turn-based build) user=@sim:fighter-l7-underdark-82 ability="Second Wind"
2026/05/17 14:06:09 INFO dnd: armed ability fired (turn-based build) user=@sim:fighter-l7-underdark-82 ability="Second Wind"
2026/05/17 14:06:09 INFO dnd: armed ability fired (turn-based build) user=@sim:fighter-l7-underdark-82 ability="Second Wind"
2026/05/17 14:06:09 INFO database initialized path=/tmp/expedition-sim-2965318120/gogobee.db
2026/05/17 14:06:09 INFO dnd: armed ability fired (turn-based build) user=@sim:fighter-l12-forest_shadows-85 ability="Second Wind"
2026/05/17 14:06:09 INFO dnd: armed ability fired (turn-based build) user=@sim:fighter-l12-forest_shadows-85 ability="Second Wind"
2026/05/17 14:06:09 INFO dnd: armed ability fired (turn-based build) user=@sim:fighter-l12-forest_shadows-85 ability="Second Wind"
2026/05/17 14:06:10 INFO database initialized path=/tmp/expedition-sim-2676879587/gogobee.db
2026/05/17 14:06:10 INFO dnd: armed ability fired (turn-based build) user=@sim:fighter-l12-manor_blackspire-88 ability="Second Wind"
2026/05/17 14:06:10 INFO dnd: armed ability fired (turn-based build) user=@sim:fighter-l12-manor_blackspire-88 ability="Second Wind"
2026/05/17 14:06:10 INFO dnd: armed ability fired (turn-based build) user=@sim:fighter-l12-manor_blackspire-88 ability="Second Wind"
2026/05/17 14:06:10 INFO database initialized path=/tmp/expedition-sim-73480385/gogobee.db
2026/05/17 14:06:10 INFO dnd: armed ability fired (turn-based build) user=@sim:fighter-l3-manor_blackspire-91 ability="Second Wind"
2026/05/17 14:06:10 INFO dnd: armed ability fired (turn-based build) user=@sim:fighter-l3-manor_blackspire-91 ability="Second Wind"
2026/05/17 14:06:10 INFO dnd: armed ability fired (turn-based build) user=@sim:fighter-l3-manor_blackspire-91 ability="Second Wind"
2026/05/17 14:06:10 INFO database initialized path=/tmp/expedition-sim-2227432980/gogobee.db
2026/05/17 14:06:10 INFO dnd: armed ability fired (turn-based build) user=@sim:fighter-l7-dragons_lair-88 ability="Second Wind"
2026/05/17 14:06:10 INFO dnd: armed ability fired (turn-based build) user=@sim:fighter-l7-dragons_lair-88 ability="Second Wind"
2026/05/17 14:06:10 INFO dnd: armed ability fired (turn-based build) user=@sim:fighter-l7-dragons_lair-88 ability="Second Wind"
2026/05/17 14:06:10 INFO database initialized path=/tmp/expedition-sim-1877094521/gogobee.db
2026/05/17 14:06:10 INFO dnd: armed ability fired (turn-based build) user=@sim:fighter-l7-manor_blackspire-86 ability="Second Wind"
2026/05/17 14:06:10 INFO database initialized path=/tmp/expedition-sim-3355879976/gogobee.db
2026/05/17 14:06:10 INFO dnd: armed ability fired (turn-based build) user=@sim:fighter-l12-underdark-82 ability="Second Wind"
2026/05/17 14:06:10 INFO dnd: armed ability fired (turn-based build) user=@sim:fighter-l7-manor_blackspire-86 ability="Second Wind"
2026/05/17 14:06:10 INFO dnd: armed ability fired (turn-based build) user=@sim:fighter-l12-underdark-82 ability="Second Wind"
2026/05/17 14:06:10 INFO dnd: armed ability fired (turn-based build) user=@sim:fighter-l7-manor_blackspire-86 ability="Second Wind"
2026/05/17 14:06:10 INFO database initialized path=/tmp/expedition-sim-1725138545/gogobee.db
2026/05/17 14:06:10 INFO dnd: armed ability fired (turn-based build) user=@sim:fighter-l12-underdark-82 ability="Second Wind"
2026/05/17 14:06:10 INFO database initialized path=/tmp/expedition-sim-608418271/gogobee.db
2026/05/17 14:06:10 INFO dnd: armed ability fired (turn-based build) user=@sim:fighter-l12-goblin_warrens-83 ability="Second Wind"
2026/05/17 14:06:10 INFO dnd: armed ability fired (turn-based build) user=@sim:fighter-l3-forest_shadows-95 ability="Second Wind"
2026/05/17 14:06:10 INFO database initialized path=/tmp/expedition-sim-1064169851/gogobee.db
2026/05/17 14:06:10 INFO dnd: armed ability fired (turn-based build) user=@sim:fighter-l12-goblin_warrens-83 ability="Second Wind"
2026/05/17 14:06:10 INFO dnd: armed ability fired (turn-based build) user=@sim:fighter-l7-forest_shadows-83 ability="Second Wind"
2026/05/17 14:06:10 INFO dnd: armed ability fired (turn-based build) user=@sim:fighter-l3-forest_shadows-95 ability="Second Wind"
2026/05/17 14:06:10 INFO database initialized path=/tmp/expedition-sim-3876128814/gogobee.db
2026/05/17 14:06:10 INFO dnd: armed ability fired (turn-based build) user=@sim:fighter-l3-forest_shadows-95 ability="Second Wind"
2026/05/17 14:06:10 INFO dnd: armed ability fired (turn-based build) user=@sim:fighter-l12-goblin_warrens-83 ability="Second Wind"
2026/05/17 14:06:10 INFO dnd: armed ability fired (turn-based build) user=@sim:fighter-l7-forest_shadows-83 ability="Second Wind"
2026/05/17 14:06:10 INFO dnd: armed ability fired (turn-based build) user=@sim:fighter-l7-forest_shadows-83 ability="Second Wind"
2026/05/17 14:06:10 INFO database initialized path=/tmp/expedition-sim-2850847206/gogobee.db
2026/05/17 14:06:10 INFO dnd: armed ability fired (turn-based build) user=@sim:fighter-l7-goblin_warrens-91 ability="Second Wind"
2026/05/17 14:06:10 INFO dnd: armed ability fired (turn-based build) user=@sim:fighter-l3-goblin_warrens-87 ability="Second Wind"
2026/05/17 14:06:10 INFO dnd: armed ability fired (turn-based build) user=@sim:fighter-l7-goblin_warrens-91 ability="Second Wind"
2026/05/17 14:06:10 INFO dnd: armed ability fired (turn-based build) user=@sim:fighter-l3-goblin_warrens-87 ability="Second Wind"
2026/05/17 14:06:10 INFO dnd: armed ability fired (turn-based build) user=@sim:fighter-l7-goblin_warrens-91 ability="Second Wind"
2026/05/17 14:06:10 INFO dnd: armed ability fired (turn-based build) user=@sim:fighter-l3-goblin_warrens-87 ability="Second Wind"
2026/05/17 14:06:10 INFO database initialized path=/tmp/expedition-sim-891870652/gogobee.db
2026/05/17 14:06:10 INFO database initialized path=/tmp/expedition-sim-921998589/gogobee.db
2026/05/17 14:06:10 INFO dnd: armed ability fired (turn-based build) user=@sim:fighter-l7-underdark-83 ability="Second Wind"
2026/05/17 14:06:10 INFO dnd: armed ability fired (turn-based build) user=@sim:fighter-l12-forest_shadows-86 ability="Second Wind"
2026/05/17 14:06:10 INFO dnd: armed ability fired (turn-based build) user=@sim:fighter-l7-underdark-83 ability="Second Wind"
2026/05/17 14:06:10 INFO dnd: armed ability fired (turn-based build) user=@sim:fighter-l12-forest_shadows-86 ability="Second Wind"
2026/05/17 14:06:10 INFO dnd: armed ability fired (turn-based build) user=@sim:fighter-l12-forest_shadows-86 ability="Second Wind"
2026/05/17 14:06:10 INFO dnd: armed ability fired (turn-based build) user=@sim:fighter-l7-underdark-83 ability="Second Wind"
2026/05/17 14:06:10 INFO database initialized path=/tmp/expedition-sim-2122707988/gogobee.db
2026/05/17 14:06:10 INFO dnd: armed ability fired (turn-based build) user=@sim:fighter-l12-manor_blackspire-89 ability="Second Wind"
2026/05/17 14:06:10 INFO dnd: armed ability fired (turn-based build) user=@sim:fighter-l12-manor_blackspire-89 ability="Second Wind"
2026/05/17 14:06:10 INFO dnd: armed ability fired (turn-based build) user=@sim:fighter-l12-manor_blackspire-89 ability="Second Wind"
2026/05/17 14:06:10 INFO database initialized path=/tmp/expedition-sim-4235930152/gogobee.db
2026/05/17 14:06:10 INFO database initialized path=/tmp/expedition-sim-3466236749/gogobee.db
2026/05/17 14:06:10 INFO dnd: armed ability fired (turn-based build) user=@sim:fighter-l7-dragons_lair-89 ability="Second Wind"
2026/05/17 14:06:10 INFO dnd: armed ability fired (turn-based build) user=@sim:fighter-l12-underdark-83 ability="Second Wind"
2026/05/17 14:06:10 INFO dnd: armed ability fired (turn-based build) user=@sim:fighter-l12-underdark-83 ability="Second Wind"
2026/05/17 14:06:10 INFO dnd: armed ability fired (turn-based build) user=@sim:fighter-l12-underdark-83 ability="Second Wind"
2026/05/17 14:06:10 INFO dnd: armed ability fired (turn-based build) user=@sim:fighter-l7-dragons_lair-89 ability="Second Wind"
2026/05/17 14:06:10 INFO database initialized path=/tmp/expedition-sim-3090118187/gogobee.db
2026/05/17 14:06:10 INFO database initialized path=/tmp/expedition-sim-1559779867/gogobee.db
2026/05/17 14:06:10 INFO dnd: armed ability fired (turn-based build) user=@sim:fighter-l7-dragons_lair-89 ability="Second Wind"
2026/05/17 14:06:10 INFO dnd: armed ability fired (turn-based build) user=@sim:fighter-l7-manor_blackspire-87 ability="Second Wind"
2026/05/17 14:06:10 INFO dnd: armed ability fired (turn-based build) user=@sim:fighter-l12-goblin_warrens-84 ability="Second Wind"
2026/05/17 14:06:10 INFO database initialized path=/tmp/expedition-sim-2648852556/gogobee.db
2026/05/17 14:06:10 INFO dnd: armed ability fired (turn-based build) user=@sim:fighter-l12-goblin_warrens-84 ability="Second Wind"
2026/05/17 14:06:10 INFO dnd: armed ability fired (turn-based build) user=@sim:fighter-l7-manor_blackspire-87 ability="Second Wind"
2026/05/17 14:06:10 INFO dnd: armed ability fired (turn-based build) user=@sim:fighter-l12-goblin_warrens-84 ability="Second Wind"
2026/05/17 14:06:10 INFO dnd: armed ability fired (turn-based build) user=@sim:fighter-l7-manor_blackspire-87 ability="Second Wind"
2026/05/17 14:06:10 INFO dnd: armed ability fired (turn-based build) user=@sim:fighter-l3-manor_blackspire-92 ability="Second Wind"
2026/05/17 14:06:10 INFO dnd: armed ability fired (turn-based build) user=@sim:fighter-l3-manor_blackspire-92 ability="Second Wind"
2026/05/17 14:06:10 INFO dnd: armed ability fired (turn-based build) user=@sim:fighter-l3-manor_blackspire-92 ability="Second Wind"
2026/05/17 14:06:10 INFO database initialized path=/tmp/expedition-sim-2656106300/gogobee.db
2026/05/17 14:06:10 INFO dnd: armed ability fired (turn-based build) user=@sim:fighter-l3-forest_shadows-96 ability="Second Wind"
2026/05/17 14:06:10 INFO dnd: armed ability fired (turn-based build) user=@sim:fighter-l3-forest_shadows-96 ability="Second Wind"
2026/05/17 14:06:10 INFO dnd: armed ability fired (turn-based build) user=@sim:fighter-l3-forest_shadows-96 ability="Second Wind"
2026/05/17 14:06:10 INFO database initialized path=/tmp/expedition-sim-2923881622/gogobee.db
2026/05/17 14:06:10 INFO dnd: armed ability fired (turn-based build) user=@sim:fighter-l7-forest_shadows-84 ability="Second Wind"
2026/05/17 14:06:10 INFO dnd: armed ability fired (turn-based build) user=@sim:fighter-l7-forest_shadows-84 ability="Second Wind"
2026/05/17 14:06:10 INFO database initialized path=/tmp/expedition-sim-4251493084/gogobee.db
2026/05/17 14:06:10 INFO dnd: armed ability fired (turn-based build) user=@sim:fighter-l7-forest_shadows-84 ability="Second Wind"
2026/05/17 14:06:10 INFO dnd: armed ability fired (turn-based build) user=@sim:fighter-l7-goblin_warrens-92 ability="Second Wind"
2026/05/17 14:06:10 INFO dnd: armed ability fired (turn-based build) user=@sim:fighter-l7-goblin_warrens-92 ability="Second Wind"
2026/05/17 14:06:10 INFO dnd: armed ability fired (turn-based build) user=@sim:fighter-l7-goblin_warrens-92 ability="Second Wind"
2026/05/17 14:06:10 INFO database initialized path=/tmp/expedition-sim-639934585/gogobee.db
2026/05/17 14:06:10 INFO database initialized path=/tmp/expedition-sim-3307733852/gogobee.db
2026/05/17 14:06:10 INFO dnd: armed ability fired (turn-based build) user=@sim:fighter-l12-forest_shadows-87 ability="Second Wind"
2026/05/17 14:06:10 INFO database initialized path=/tmp/expedition-sim-526758213/gogobee.db
2026/05/17 14:06:10 INFO dnd: armed ability fired (turn-based build) user=@sim:fighter-l3-goblin_warrens-88 ability="Second Wind"
2026/05/17 14:06:10 INFO dnd: armed ability fired (turn-based build) user=@sim:fighter-l12-forest_shadows-87 ability="Second Wind"
2026/05/17 14:06:10 INFO dnd: armed ability fired (turn-based build) user=@sim:fighter-l7-underdark-84 ability="Second Wind"
2026/05/17 14:06:10 INFO database initialized path=/tmp/expedition-sim-2309212389/gogobee.db
2026/05/17 14:06:10 INFO dnd: armed ability fired (turn-based build) user=@sim:fighter-l7-underdark-84 ability="Second Wind"
2026/05/17 14:06:10 INFO dnd: armed ability fired (turn-based build) user=@sim:fighter-l3-goblin_warrens-88 ability="Second Wind"
2026/05/17 14:06:10 INFO dnd: armed ability fired (turn-based build) user=@sim:fighter-l12-manor_blackspire-90 ability="Second Wind"
2026/05/17 14:06:10 INFO dnd: armed ability fired (turn-based build) user=@sim:fighter-l12-forest_shadows-87 ability="Second Wind"
2026/05/17 14:06:10 INFO dnd: armed ability fired (turn-based build) user=@sim:fighter-l7-underdark-84 ability="Second Wind"
2026/05/17 14:06:10 INFO dnd: armed ability fired (turn-based build) user=@sim:fighter-l3-goblin_warrens-88 ability="Second Wind"
2026/05/17 14:06:10 INFO dnd: armed ability fired (turn-based build) user=@sim:fighter-l12-manor_blackspire-90 ability="Second Wind"
2026/05/17 14:06:10 INFO dnd: armed ability fired (turn-based build) user=@sim:fighter-l12-manor_blackspire-90 ability="Second Wind"
2026/05/17 14:06:10 INFO database initialized path=/tmp/expedition-sim-890585001/gogobee.db
2026/05/17 14:06:10 INFO dnd: armed ability fired (turn-based build) user=@sim:fighter-l12-goblin_warrens-85 ability="Second Wind"
2026/05/17 14:06:10 INFO dnd: armed ability fired (turn-based build) user=@sim:fighter-l12-goblin_warrens-85 ability="Second Wind"
2026/05/17 14:06:10 INFO database initialized path=/tmp/expedition-sim-264247881/gogobee.db
2026/05/17 14:06:10 INFO database initialized path=/tmp/expedition-sim-813217901/gogobee.db
2026/05/17 14:06:10 INFO dnd: armed ability fired (turn-based build) user=@sim:fighter-l12-goblin_warrens-85 ability="Second Wind"
2026/05/17 14:06:10 INFO dnd: armed ability fired (turn-based build) user=@sim:fighter-l3-manor_blackspire-93 ability="Second Wind"
2026/05/17 14:06:10 INFO dnd: armed ability fired (turn-based build) user=@sim:fighter-l7-manor_blackspire-88 ability="Second Wind"
2026/05/17 14:06:10 INFO dnd: armed ability fired (turn-based build) user=@sim:fighter-l7-manor_blackspire-88 ability="Second Wind"
2026/05/17 14:06:10 INFO dnd: armed ability fired (turn-based build) user=@sim:fighter-l3-manor_blackspire-93 ability="Second Wind"
2026/05/17 14:06:10 INFO dnd: armed ability fired (turn-based build) user=@sim:fighter-l7-manor_blackspire-88 ability="Second Wind"
2026/05/17 14:06:10 INFO dnd: armed ability fired (turn-based build) user=@sim:fighter-l3-manor_blackspire-93 ability="Second Wind"
2026/05/17 14:06:11 INFO database initialized path=/tmp/expedition-sim-3498536554/gogobee.db
2026/05/17 14:06:11 INFO dnd: armed ability fired (turn-based build) user=@sim:fighter-l12-underdark-84 ability="Second Wind"
2026/05/17 14:06:11 INFO database initialized path=/tmp/expedition-sim-4126742206/gogobee.db
2026/05/17 14:06:11 INFO dnd: armed ability fired (turn-based build) user=@sim:fighter-l12-underdark-84 ability="Second Wind"
2026/05/17 14:06:11 INFO database initialized path=/tmp/expedition-sim-1105461093/gogobee.db
2026/05/17 14:06:11 INFO dnd: armed ability fired (turn-based build) user=@sim:fighter-l3-forest_shadows-97 ability="Second Wind"
2026/05/17 14:06:11 INFO dnd: armed ability fired (turn-based build) user=@sim:fighter-l12-underdark-84 ability="Second Wind"
2026/05/17 14:06:11 INFO dnd: armed ability fired (turn-based build) user=@sim:fighter-l3-forest_shadows-97 ability="Second Wind"
2026/05/17 14:06:11 INFO dnd: armed ability fired (turn-based build) user=@sim:fighter-l7-dragons_lair-90 ability="Second Wind"
2026/05/17 14:06:11 INFO dnd: armed ability fired (turn-based build) user=@sim:fighter-l3-forest_shadows-97 ability="Second Wind"
2026/05/17 14:06:11 INFO dnd: armed ability fired (turn-based build) user=@sim:fighter-l7-dragons_lair-90 ability="Second Wind"
2026/05/17 14:06:11 INFO dnd: armed ability fired (turn-based build) user=@sim:fighter-l7-dragons_lair-90 ability="Second Wind"
2026/05/17 14:06:11 INFO database initialized path=/tmp/expedition-sim-2730363918/gogobee.db
2026/05/17 14:06:11 INFO dnd: armed ability fired (turn-based build) user=@sim:fighter-l7-goblin_warrens-93 ability="Second Wind"
2026/05/17 14:06:11 INFO database initialized path=/tmp/expedition-sim-33830805/gogobee.db
2026/05/17 14:06:11 INFO dnd: armed ability fired (turn-based build) user=@sim:fighter-l7-goblin_warrens-93 ability="Second Wind"
2026/05/17 14:06:11 INFO dnd: armed ability fired (turn-based build) user=@sim:fighter-l7-forest_shadows-85 ability="Second Wind"
2026/05/17 14:06:11 INFO dnd: armed ability fired (turn-based build) user=@sim:fighter-l7-goblin_warrens-93 ability="Second Wind"
2026/05/17 14:06:11 INFO dnd: armed ability fired (turn-based build) user=@sim:fighter-l7-forest_shadows-85 ability="Second Wind"
2026/05/17 14:06:11 INFO dnd: armed ability fired (turn-based build) user=@sim:fighter-l7-forest_shadows-85 ability="Second Wind"
2026/05/17 14:06:11 INFO database initialized path=/tmp/expedition-sim-3932929100/gogobee.db
2026/05/17 14:06:11 INFO dnd: armed ability fired (turn-based build) user=@sim:fighter-l12-manor_blackspire-91 ability="Second Wind"
2026/05/17 14:06:11 INFO database initialized path=/tmp/expedition-sim-551215040/gogobee.db
2026/05/17 14:06:11 INFO dnd: armed ability fired (turn-based build) user=@sim:fighter-l12-manor_blackspire-91 ability="Second Wind"
2026/05/17 14:06:11 INFO dnd: armed ability fired (turn-based build) user=@sim:fighter-l12-manor_blackspire-91 ability="Second Wind"
2026/05/17 14:06:11 INFO dnd: armed ability fired (turn-based build) user=@sim:fighter-l3-goblin_warrens-89 ability="Second Wind"
2026/05/17 14:06:11 INFO dnd: armed ability fired (turn-based build) user=@sim:fighter-l3-goblin_warrens-89 ability="Second Wind"
2026/05/17 14:06:11 INFO database initialized path=/tmp/expedition-sim-2973548331/gogobee.db
2026/05/17 14:06:11 INFO dnd: armed ability fired (turn-based build) user=@sim:fighter-l3-goblin_warrens-89 ability="Second Wind"
2026/05/17 14:06:11 INFO database initialized path=/tmp/expedition-sim-2277363429/gogobee.db
2026/05/17 14:06:11 INFO dnd: armed ability fired (turn-based build) user=@sim:fighter-l7-underdark-85 ability="Second Wind"
2026/05/17 14:06:11 INFO dnd: armed ability fired (turn-based build) user=@sim:fighter-l7-underdark-85 ability="Second Wind"
2026/05/17 14:06:11 INFO dnd: armed ability fired (turn-based build) user=@sim:fighter-l12-forest_shadows-88 ability="Second Wind"
2026/05/17 14:06:11 INFO dnd: armed ability fired (turn-based build) user=@sim:fighter-l7-underdark-85 ability="Second Wind"
2026/05/17 14:06:11 INFO database initialized path=/tmp/expedition-sim-623192023/gogobee.db
2026/05/17 14:06:11 INFO dnd: armed ability fired (turn-based build) user=@sim:fighter-l12-forest_shadows-88 ability="Second Wind"
2026/05/17 14:06:11 INFO dnd: armed ability fired (turn-based build) user=@sim:fighter-l12-goblin_warrens-86 ability="Second Wind"
2026/05/17 14:06:11 INFO dnd: armed ability fired (turn-based build) user=@sim:fighter-l12-goblin_warrens-86 ability="Second Wind"
2026/05/17 14:06:11 INFO dnd: armed ability fired (turn-based build) user=@sim:fighter-l12-forest_shadows-88 ability="Second Wind"
2026/05/17 14:06:11 INFO dnd: armed ability fired (turn-based build) user=@sim:fighter-l12-goblin_warrens-86 ability="Second Wind"
2026/05/17 14:06:11 INFO database initialized path=/tmp/expedition-sim-3660614193/gogobee.db
2026/05/17 14:06:11 INFO dnd: armed ability fired (turn-based build) user=@sim:fighter-l3-manor_blackspire-94 ability="Second Wind"
2026/05/17 14:06:11 INFO dnd: armed ability fired (turn-based build) user=@sim:fighter-l3-manor_blackspire-94 ability="Second Wind"
2026/05/17 14:06:11 INFO dnd: armed ability fired (turn-based build) user=@sim:fighter-l3-manor_blackspire-94 ability="Second Wind"
2026/05/17 14:06:11 INFO database initialized path=/tmp/expedition-sim-462400530/gogobee.db
2026/05/17 14:06:11 INFO dnd: armed ability fired (turn-based build) user=@sim:fighter-l3-forest_shadows-98 ability="Second Wind"
2026/05/17 14:06:11 INFO dnd: armed ability fired (turn-based build) user=@sim:fighter-l3-forest_shadows-98 ability="Second Wind"
2026/05/17 14:06:11 INFO dnd: armed ability fired (turn-based build) user=@sim:fighter-l3-forest_shadows-98 ability="Second Wind"
2026/05/17 14:06:11 INFO database initialized path=/tmp/expedition-sim-3895195271/gogobee.db
2026/05/17 14:06:11 INFO dnd: armed ability fired (turn-based build) user=@sim:fighter-l7-dragons_lair-91 ability="Second Wind"
2026/05/17 14:06:11 INFO database initialized path=/tmp/expedition-sim-993655231/gogobee.db
2026/05/17 14:06:11 INFO dnd: armed ability fired (turn-based build) user=@sim:fighter-l7-dragons_lair-91 ability="Second Wind"
2026/05/17 14:06:11 INFO database initialized path=/tmp/expedition-sim-1904350286/gogobee.db
2026/05/17 14:06:11 INFO dnd: armed ability fired (turn-based build) user=@sim:fighter-l7-dragons_lair-91 ability="Second Wind"
2026/05/17 14:06:11 INFO dnd: armed ability fired (turn-based build) user=@sim:fighter-l7-manor_blackspire-89 ability="Second Wind"
2026/05/17 14:06:11 INFO dnd: armed ability fired (turn-based build) user=@sim:fighter-l12-underdark-85 ability="Second Wind"
2026/05/17 14:06:11 INFO dnd: armed ability fired (turn-based build) user=@sim:fighter-l7-manor_blackspire-89 ability="Second Wind"
2026/05/17 14:06:11 INFO dnd: armed ability fired (turn-based build) user=@sim:fighter-l12-underdark-85 ability="Second Wind"
2026/05/17 14:06:11 INFO dnd: armed ability fired (turn-based build) user=@sim:fighter-l7-manor_blackspire-89 ability="Second Wind"
2026/05/17 14:06:11 INFO dnd: armed ability fired (turn-based build) user=@sim:fighter-l12-underdark-85 ability="Second Wind"
2026/05/17 14:06:11 INFO database initialized path=/tmp/expedition-sim-1048089106/gogobee.db
2026/05/17 14:06:11 INFO dnd: armed ability fired (turn-based build) user=@sim:fighter-l7-goblin_warrens-94 ability="Second Wind"
2026/05/17 14:06:11 INFO dnd: armed ability fired (turn-based build) user=@sim:fighter-l7-goblin_warrens-94 ability="Second Wind"
2026/05/17 14:06:11 INFO dnd: armed ability fired (turn-based build) user=@sim:fighter-l7-goblin_warrens-94 ability="Second Wind"
2026/05/17 14:06:11 INFO database initialized path=/tmp/expedition-sim-2936740559/gogobee.db
2026/05/17 14:06:11 INFO dnd: armed ability fired (turn-based build) user=@sim:fighter-l12-manor_blackspire-92 ability="Second Wind"
2026/05/17 14:06:11 INFO dnd: armed ability fired (turn-based build) user=@sim:fighter-l12-manor_blackspire-92 ability="Second Wind"
2026/05/17 14:06:11 INFO dnd: armed ability fired (turn-based build) user=@sim:fighter-l12-manor_blackspire-92 ability="Second Wind"
2026/05/17 14:06:11 INFO database initialized path=/tmp/expedition-sim-3998019792/gogobee.db
2026/05/17 14:06:11 INFO dnd: armed ability fired (turn-based build) user=@sim:fighter-l7-forest_shadows-86 ability="Second Wind"
2026/05/17 14:06:11 INFO database initialized path=/tmp/expedition-sim-4145544382/gogobee.db
2026/05/17 14:06:11 INFO dnd: armed ability fired (turn-based build) user=@sim:fighter-l7-forest_shadows-86 ability="Second Wind"
2026/05/17 14:06:11 INFO dnd: armed ability fired (turn-based build) user=@sim:fighter-l3-goblin_warrens-90 ability="Second Wind"
2026/05/17 14:06:11 INFO dnd: armed ability fired (turn-based build) user=@sim:fighter-l7-forest_shadows-86 ability="Second Wind"
2026/05/17 14:06:11 INFO dnd: armed ability fired (turn-based build) user=@sim:fighter-l3-goblin_warrens-90 ability="Second Wind"
2026/05/17 14:06:11 INFO database initialized path=/tmp/expedition-sim-1988027169/gogobee.db
2026/05/17 14:06:11 INFO dnd: armed ability fired (turn-based build) user=@sim:fighter-l3-goblin_warrens-90 ability="Second Wind"
2026/05/17 14:06:11 INFO dnd: armed ability fired (turn-based build) user=@sim:fighter-l3-manor_blackspire-95 ability="Second Wind"
2026/05/17 14:06:11 INFO database initialized path=/tmp/expedition-sim-1919525248/gogobee.db
2026/05/17 14:06:11 INFO dnd: armed ability fired (turn-based build) user=@sim:fighter-l3-manor_blackspire-95 ability="Second Wind"
2026/05/17 14:06:11 INFO dnd: armed ability fired (turn-based build) user=@sim:fighter-l12-goblin_warrens-87 ability="Second Wind"
2026/05/17 14:06:11 WARN auto-heal cleanup: short on inventory user=@sim:fighter-l3-manor_blackspire-95 wanted=1 removed=0
2026/05/17 14:06:11 INFO dnd: armed ability fired (turn-based build) user=@sim:fighter-l12-goblin_warrens-87 ability="Second Wind"
2026/05/17 14:06:11 INFO dnd: armed ability fired (turn-based build) user=@sim:fighter-l12-goblin_warrens-87 ability="Second Wind"
2026/05/17 14:06:11 INFO database initialized path=/tmp/expedition-sim-2794444945/gogobee.db
2026/05/17 14:06:11 INFO dnd: armed ability fired (turn-based build) user=@sim:fighter-l12-forest_shadows-89 ability="Second Wind"
2026/05/17 14:06:11 INFO dnd: armed ability fired (turn-based build) user=@sim:fighter-l12-forest_shadows-89 ability="Second Wind"
2026/05/17 14:06:11 INFO dnd: armed ability fired (turn-based build) user=@sim:fighter-l12-forest_shadows-89 ability="Second Wind"
2026/05/17 14:06:11 INFO database initialized path=/tmp/expedition-sim-793442910/gogobee.db
2026/05/17 14:06:11 INFO database initialized path=/tmp/expedition-sim-2550359554/gogobee.db
2026/05/17 14:06:11 INFO dnd: armed ability fired (turn-based build) user=@sim:fighter-l7-dragons_lair-92 ability="Second Wind"
2026/05/17 14:06:11 INFO dnd: armed ability fired (turn-based build) user=@sim:fighter-l7-dragons_lair-92 ability="Second Wind"
2026/05/17 14:06:11 INFO dnd: armed ability fired (turn-based build) user=@sim:fighter-l7-underdark-86 ability="Second Wind"
2026/05/17 14:06:11 INFO dnd: armed ability fired (turn-based build) user=@sim:fighter-l7-dragons_lair-92 ability="Second Wind"
2026/05/17 14:06:11 INFO dnd: armed ability fired (turn-based build) user=@sim:fighter-l7-underdark-86 ability="Second Wind"
2026/05/17 14:06:11 INFO dnd: armed ability fired (turn-based build) user=@sim:fighter-l7-underdark-86 ability="Second Wind"
2026/05/17 14:06:11 INFO database initialized path=/tmp/expedition-sim-1438892370/gogobee.db
2026/05/17 14:06:11 INFO dnd: armed ability fired (turn-based build) user=@sim:fighter-l12-underdark-86 ability="Second Wind"
2026/05/17 14:06:11 INFO dnd: armed ability fired (turn-based build) user=@sim:fighter-l12-underdark-86 ability="Second Wind"
2026/05/17 14:06:11 INFO database initialized path=/tmp/expedition-sim-679578737/gogobee.db
2026/05/17 14:06:11 INFO dnd: armed ability fired (turn-based build) user=@sim:fighter-l12-underdark-86 ability="Second Wind"
2026/05/17 14:06:11 INFO database initialized path=/tmp/expedition-sim-2936429668/gogobee.db
2026/05/17 14:06:11 INFO dnd: armed ability fired (turn-based build) user=@sim:fighter-l7-goblin_warrens-95 ability="Second Wind"
2026/05/17 14:06:11 INFO dnd: armed ability fired (turn-based build) user=@sim:fighter-l7-manor_blackspire-90 ability="Second Wind"
2026/05/17 14:06:11 INFO database initialized path=/tmp/expedition-sim-1343493527/gogobee.db
2026/05/17 14:06:11 INFO dnd: armed ability fired (turn-based build) user=@sim:fighter-l7-manor_blackspire-90 ability="Second Wind"
2026/05/17 14:06:11 INFO dnd: armed ability fired (turn-based build) user=@sim:fighter-l7-goblin_warrens-95 ability="Second Wind"
2026/05/17 14:06:11 INFO dnd: armed ability fired (turn-based build) user=@sim:fighter-l7-manor_blackspire-90 ability="Second Wind"
2026/05/17 14:06:11 INFO dnd: armed ability fired (turn-based build) user=@sim:fighter-l3-forest_shadows-99 ability="Second Wind"
2026/05/17 14:06:11 INFO dnd: armed ability fired (turn-based build) user=@sim:fighter-l7-goblin_warrens-95 ability="Second Wind"
2026/05/17 14:06:11 INFO dnd: armed ability fired (turn-based build) user=@sim:fighter-l3-forest_shadows-99 ability="Second Wind"
2026/05/17 14:06:11 INFO dnd: armed ability fired (turn-based build) user=@sim:fighter-l3-forest_shadows-99 ability="Second Wind"
2026/05/17 14:06:12 INFO database initialized path=/tmp/expedition-sim-1637437736/gogobee.db
2026/05/17 14:06:12 INFO database initialized path=/tmp/expedition-sim-2410030390/gogobee.db
2026/05/17 14:06:12 INFO dnd: armed ability fired (turn-based build) user=@sim:fighter-l12-goblin_warrens-88 ability="Second Wind"
2026/05/17 14:06:12 INFO dnd: armed ability fired (turn-based build) user=@sim:fighter-l3-manor_blackspire-96 ability="Second Wind"
2026/05/17 14:06:12 INFO dnd: armed ability fired (turn-based build) user=@sim:fighter-l12-goblin_warrens-88 ability="Second Wind"
2026/05/17 14:06:12 INFO dnd: armed ability fired (turn-based build) user=@sim:fighter-l3-manor_blackspire-96 ability="Second Wind"
2026/05/17 14:06:12 INFO dnd: armed ability fired (turn-based build) user=@sim:fighter-l12-goblin_warrens-88 ability="Second Wind"
2026/05/17 14:06:12 INFO dnd: armed ability fired (turn-based build) user=@sim:fighter-l3-manor_blackspire-96 ability="Second Wind"
2026/05/17 14:06:12 INFO database initialized path=/tmp/expedition-sim-3334963096/gogobee.db
2026/05/17 14:06:12 INFO dnd: armed ability fired (turn-based build) user=@sim:fighter-l3-goblin_warrens-91 ability="Second Wind"
2026/05/17 14:06:12 INFO dnd: armed ability fired (turn-based build) user=@sim:fighter-l3-goblin_warrens-91 ability="Second Wind"
2026/05/17 14:06:12 INFO dnd: armed ability fired (turn-based build) user=@sim:fighter-l3-goblin_warrens-91 ability="Second Wind"
2026/05/17 14:06:12 INFO database initialized path=/tmp/expedition-sim-1912701692/gogobee.db
2026/05/17 14:06:12 INFO dnd: armed ability fired (turn-based build) user=@sim:fighter-l7-forest_shadows-87 ability="Second Wind"
2026/05/17 14:06:12 INFO dnd: armed ability fired (turn-based build) user=@sim:fighter-l7-forest_shadows-87 ability="Second Wind"
2026/05/17 14:06:12 INFO dnd: armed ability fired (turn-based build) user=@sim:fighter-l7-forest_shadows-87 ability="Second Wind"
2026/05/17 14:06:12 INFO database initialized path=/tmp/expedition-sim-1907370795/gogobee.db
2026/05/17 14:06:12 INFO dnd: armed ability fired (turn-based build) user=@sim:fighter-l7-dragons_lair-93 ability="Second Wind"
2026/05/17 14:06:12 INFO database initialized path=/tmp/expedition-sim-2766685131/gogobee.db
2026/05/17 14:06:12 INFO dnd: armed ability fired (turn-based build) user=@sim:fighter-l7-dragons_lair-93 ability="Second Wind"
2026/05/17 14:06:12 INFO database initialized path=/tmp/expedition-sim-2154623464/gogobee.db
2026/05/17 14:06:12 INFO dnd: armed ability fired (turn-based build) user=@sim:fighter-l7-underdark-87 ability="Second Wind"
2026/05/17 14:06:12 INFO dnd: armed ability fired (turn-based build) user=@sim:fighter-l7-dragons_lair-93 ability="Second Wind"
2026/05/17 14:06:12 INFO dnd: armed ability fired (turn-based build) user=@sim:fighter-l7-underdark-87 ability="Second Wind"
2026/05/17 14:06:12 INFO dnd: armed ability fired (turn-based build) user=@sim:fighter-l12-forest_shadows-90 ability="Second Wind"
2026/05/17 14:06:12 INFO dnd: armed ability fired (turn-based build) user=@sim:fighter-l12-forest_shadows-90 ability="Second Wind"
2026/05/17 14:06:12 INFO dnd: armed ability fired (turn-based build) user=@sim:fighter-l7-underdark-87 ability="Second Wind"
2026/05/17 14:06:12 INFO dnd: armed ability fired (turn-based build) user=@sim:fighter-l12-forest_shadows-90 ability="Second Wind"
2026/05/17 14:06:12 INFO database initialized path=/tmp/expedition-sim-3257344136/gogobee.db
2026/05/17 14:06:12 INFO dnd: armed ability fired (turn-based build) user=@sim:fighter-l12-manor_blackspire-93 ability="Second Wind"
2026/05/17 14:06:12 INFO database initialized path=/tmp/expedition-sim-772823361/gogobee.db
2026/05/17 14:06:12 INFO dnd: armed ability fired (turn-based build) user=@sim:fighter-l12-underdark-87 ability="Second Wind"
2026/05/17 14:06:12 INFO dnd: armed ability fired (turn-based build) user=@sim:fighter-l12-manor_blackspire-93 ability="Second Wind"
2026/05/17 14:06:12 INFO dnd: armed ability fired (turn-based build) user=@sim:fighter-l12-underdark-87 ability="Second Wind"
2026/05/17 14:06:12 INFO dnd: armed ability fired (turn-based build) user=@sim:fighter-l12-manor_blackspire-93 ability="Second Wind"
2026/05/17 14:06:12 INFO dnd: armed ability fired (turn-based build) user=@sim:fighter-l12-underdark-87 ability="Second Wind"
2026/05/17 14:06:12 INFO database initialized path=/tmp/expedition-sim-583643011/gogobee.db
2026/05/17 14:06:12 INFO dnd: armed ability fired (turn-based build) user=@sim:fighter-l7-goblin_warrens-96 ability="Second Wind"
2026/05/17 14:06:12 INFO dnd: armed ability fired (turn-based build) user=@sim:fighter-l7-goblin_warrens-96 ability="Second Wind"
2026/05/17 14:06:12 INFO dnd: armed ability fired (turn-based build) user=@sim:fighter-l7-goblin_warrens-96 ability="Second Wind"
2026/05/17 14:06:12 INFO database initialized path=/tmp/expedition-sim-1422640763/gogobee.db
2026/05/17 14:06:12 INFO dnd: armed ability fired (turn-based build) user=@sim:fighter-l7-manor_blackspire-91 ability="Second Wind"
2026/05/17 14:06:12 INFO dnd: armed ability fired (turn-based build) user=@sim:fighter-l7-manor_blackspire-91 ability="Second Wind"
2026/05/17 14:06:12 INFO dnd: armed ability fired (turn-based build) user=@sim:fighter-l7-manor_blackspire-91 ability="Second Wind"
2026/05/17 14:06:12 INFO database initialized path=/tmp/expedition-sim-311973290/gogobee.db
2026/05/17 14:06:12 INFO dnd: armed ability fired (turn-based build) user=@sim:fighter-l12-goblin_warrens-89 ability="Second Wind"
2026/05/17 14:06:12 INFO dnd: armed ability fired (turn-based build) user=@sim:fighter-l12-goblin_warrens-89 ability="Second Wind"
2026/05/17 14:06:12 INFO dnd: armed ability fired (turn-based build) user=@sim:fighter-l12-goblin_warrens-89 ability="Second Wind"
2026/05/17 14:06:12 INFO database initialized path=/tmp/expedition-sim-1350322164/gogobee.db
2026/05/17 14:06:12 INFO dnd: armed ability fired (turn-based build) user=@sim:fighter-l3-goblin_warrens-92 ability="Second Wind"
2026/05/17 14:06:12 INFO dnd: armed ability fired (turn-based build) user=@sim:fighter-l3-goblin_warrens-92 ability="Second Wind"
2026/05/17 14:06:12 INFO dnd: armed ability fired (turn-based build) user=@sim:fighter-l3-goblin_warrens-92 ability="Second Wind"
2026/05/17 14:06:12 INFO database initialized path=/tmp/expedition-sim-1198975698/gogobee.db
2026/05/17 14:06:12 INFO dnd: armed ability fired (turn-based build) user=@sim:fighter-l3-manor_blackspire-97 ability="Second Wind"
2026/05/17 14:06:12 INFO dnd: armed ability fired (turn-based build) user=@sim:fighter-l3-manor_blackspire-97 ability="Second Wind"
2026/05/17 14:06:12 INFO dnd: armed ability fired (turn-based build) user=@sim:fighter-l3-manor_blackspire-97 ability="Second Wind"
2026/05/17 14:06:12 INFO database initialized path=/tmp/expedition-sim-3552734204/gogobee.db
2026/05/17 14:06:12 INFO database initialized path=/tmp/expedition-sim-2357834085/gogobee.db
2026/05/17 14:06:12 INFO dnd: armed ability fired (turn-based build) user=@sim:fighter-l12-forest_shadows-91 ability="Second Wind"
2026/05/17 14:06:12 INFO dnd: armed ability fired (turn-based build) user=@sim:fighter-l7-forest_shadows-88 ability="Second Wind"
2026/05/17 14:06:12 INFO dnd: armed ability fired (turn-based build) user=@sim:fighter-l7-forest_shadows-88 ability="Second Wind"
2026/05/17 14:06:12 INFO dnd: armed ability fired (turn-based build) user=@sim:fighter-l12-forest_shadows-91 ability="Second Wind"
2026/05/17 14:06:12 INFO dnd: armed ability fired (turn-based build) user=@sim:fighter-l7-forest_shadows-88 ability="Second Wind"
2026/05/17 14:06:12 INFO dnd: armed ability fired (turn-based build) user=@sim:fighter-l12-forest_shadows-91 ability="Second Wind"
2026/05/17 14:06:12 INFO database initialized path=/tmp/expedition-sim-992385075/gogobee.db
2026/05/17 14:06:12 INFO dnd: armed ability fired (turn-based build) user=@sim:fighter-l7-dragons_lair-94 ability="Second Wind"
2026/05/17 14:06:12 INFO dnd: armed ability fired (turn-based build) user=@sim:fighter-l7-dragons_lair-94 ability="Second Wind"
2026/05/17 14:06:12 INFO dnd: armed ability fired (turn-based build) user=@sim:fighter-l7-dragons_lair-94 ability="Second Wind"
2026/05/17 14:06:12 INFO database initialized path=/tmp/expedition-sim-1069122190/gogobee.db
2026/05/17 14:06:12 INFO dnd: armed ability fired (turn-based build) user=@sim:fighter-l7-goblin_warrens-97 ability="Second Wind"
2026/05/17 14:06:12 INFO dnd: armed ability fired (turn-based build) user=@sim:fighter-l7-goblin_warrens-97 ability="Second Wind"
2026/05/17 14:06:12 INFO dnd: armed ability fired (turn-based build) user=@sim:fighter-l7-goblin_warrens-97 ability="Second Wind"
2026/05/17 14:06:12 INFO database initialized path=/tmp/expedition-sim-1984866829/gogobee.db
2026/05/17 14:06:12 INFO database initialized path=/tmp/expedition-sim-2814703004/gogobee.db
2026/05/17 14:06:12 INFO database initialized path=/tmp/expedition-sim-3942360238/gogobee.db
2026/05/17 14:06:12 INFO dnd: armed ability fired (turn-based build) user=@sim:fighter-l7-underdark-88 ability="Second Wind"
2026/05/17 14:06:12 INFO dnd: armed ability fired (turn-based build) user=@sim:fighter-l12-manor_blackspire-94 ability="Second Wind"
2026/05/17 14:06:12 INFO dnd: armed ability fired (turn-based build) user=@sim:fighter-l7-manor_blackspire-92 ability="Second Wind"
2026/05/17 14:06:12 INFO dnd: armed ability fired (turn-based build) user=@sim:fighter-l7-underdark-88 ability="Second Wind"
2026/05/17 14:06:12 INFO dnd: armed ability fired (turn-based build) user=@sim:fighter-l12-manor_blackspire-94 ability="Second Wind"
2026/05/17 14:06:12 INFO dnd: armed ability fired (turn-based build) user=@sim:fighter-l7-manor_blackspire-92 ability="Second Wind"
2026/05/17 14:06:12 INFO dnd: armed ability fired (turn-based build) user=@sim:fighter-l7-underdark-88 ability="Second Wind"
2026/05/17 14:06:12 INFO dnd: armed ability fired (turn-based build) user=@sim:fighter-l12-manor_blackspire-94 ability="Second Wind"
2026/05/17 14:06:12 INFO dnd: armed ability fired (turn-based build) user=@sim:fighter-l7-manor_blackspire-92 ability="Second Wind"
2026/05/17 14:06:12 INFO database initialized path=/tmp/expedition-sim-2962730689/gogobee.db
2026/05/17 14:06:12 INFO dnd: armed ability fired (turn-based build) user=@sim:fighter-l12-goblin_warrens-90 ability="Second Wind"
2026/05/17 14:06:12 INFO database initialized path=/tmp/expedition-sim-677619719/gogobee.db
2026/05/17 14:06:12 INFO dnd: armed ability fired (turn-based build) user=@sim:fighter-l12-goblin_warrens-90 ability="Second Wind"
2026/05/17 14:06:12 INFO dnd: armed ability fired (turn-based build) user=@sim:fighter-l12-goblin_warrens-90 ability="Second Wind"
2026/05/17 14:06:12 INFO database initialized path=/tmp/expedition-sim-149462535/gogobee.db
2026/05/17 14:06:12 INFO dnd: armed ability fired (turn-based build) user=@sim:fighter-l12-underdark-88 ability="Second Wind"
2026/05/17 14:06:12 INFO dnd: armed ability fired (turn-based build) user=@sim:fighter-l3-goblin_warrens-93 ability="Second Wind"
2026/05/17 14:06:12 INFO dnd: armed ability fired (turn-based build) user=@sim:fighter-l12-underdark-88 ability="Second Wind"
2026/05/17 14:06:12 INFO dnd: armed ability fired (turn-based build) user=@sim:fighter-l3-goblin_warrens-93 ability="Second Wind"
2026/05/17 14:06:12 INFO dnd: armed ability fired (turn-based build) user=@sim:fighter-l3-goblin_warrens-93 ability="Second Wind"
2026/05/17 14:06:12 INFO dnd: armed ability fired (turn-based build) user=@sim:fighter-l12-underdark-88 ability="Second Wind"
2026/05/17 14:06:12 INFO database initialized path=/tmp/expedition-sim-2053459142/gogobee.db
2026/05/17 14:06:12 INFO dnd: armed ability fired (turn-based build) user=@sim:fighter-l3-manor_blackspire-98 ability="Second Wind"
2026/05/17 14:06:12 INFO database initialized path=/tmp/expedition-sim-2393660045/gogobee.db
2026/05/17 14:06:12 INFO dnd: armed ability fired (turn-based build) user=@sim:fighter-l3-manor_blackspire-98 ability="Second Wind"
2026/05/17 14:06:12 INFO dnd: armed ability fired (turn-based build) user=@sim:fighter-l7-goblin_warrens-98 ability="Second Wind"
2026/05/17 14:06:12 INFO dnd: armed ability fired (turn-based build) user=@sim:fighter-l7-goblin_warrens-98 ability="Second Wind"
2026/05/17 14:06:12 INFO dnd: armed ability fired (turn-based build) user=@sim:fighter-l3-manor_blackspire-98 ability="Second Wind"
2026/05/17 14:06:12 INFO dnd: armed ability fired (turn-based build) user=@sim:fighter-l7-goblin_warrens-98 ability="Second Wind"
2026/05/17 14:06:13 INFO database initialized path=/tmp/expedition-sim-1748490228/gogobee.db
2026/05/17 14:06:13 INFO dnd: armed ability fired (turn-based build) user=@sim:fighter-l7-dragons_lair-95 ability="Second Wind"
2026/05/17 14:06:13 INFO database initialized path=/tmp/expedition-sim-1025789575/gogobee.db
2026/05/17 14:06:13 INFO dnd: armed ability fired (turn-based build) user=@sim:fighter-l7-dragons_lair-95 ability="Second Wind"
2026/05/17 14:06:13 INFO dnd: armed ability fired (turn-based build) user=@sim:fighter-l7-dragons_lair-95 ability="Second Wind"
2026/05/17 14:06:13 INFO dnd: armed ability fired (turn-based build) user=@sim:fighter-l12-goblin_warrens-91 ability="Second Wind"
2026/05/17 14:06:13 INFO database initialized path=/tmp/expedition-sim-4216496109/gogobee.db
2026/05/17 14:06:13 INFO dnd: armed ability fired (turn-based build) user=@sim:fighter-l7-forest_shadows-89 ability="Second Wind"
2026/05/17 14:06:13 INFO dnd: armed ability fired (turn-based build) user=@sim:fighter-l12-goblin_warrens-91 ability="Second Wind"
2026/05/17 14:06:13 INFO dnd: armed ability fired (turn-based build) user=@sim:fighter-l7-forest_shadows-89 ability="Second Wind"
2026/05/17 14:06:13 INFO dnd: armed ability fired (turn-based build) user=@sim:fighter-l12-goblin_warrens-91 ability="Second Wind"
2026/05/17 14:06:13 INFO dnd: armed ability fired (turn-based build) user=@sim:fighter-l7-forest_shadows-89 ability="Second Wind"
2026/05/17 14:06:13 INFO database initialized path=/tmp/expedition-sim-3307602902/gogobee.db
2026/05/17 14:06:13 INFO dnd: armed ability fired (turn-based build) user=@sim:fighter-l3-goblin_warrens-94 ability="Second Wind"
2026/05/17 14:06:13 INFO dnd: armed ability fired (turn-based build) user=@sim:fighter-l3-goblin_warrens-94 ability="Second Wind"
2026/05/17 14:06:13 INFO dnd: armed ability fired (turn-based build) user=@sim:fighter-l3-goblin_warrens-94 ability="Second Wind"
2026/05/17 14:06:13 INFO database initialized path=/tmp/expedition-sim-731421333/gogobee.db
2026/05/17 14:06:13 INFO dnd: armed ability fired (turn-based build) user=@sim:fighter-l7-underdark-89 ability="Second Wind"
2026/05/17 14:06:13 INFO dnd: armed ability fired (turn-based build) user=@sim:fighter-l7-underdark-89 ability="Second Wind"
2026/05/17 14:06:13 INFO dnd: armed ability fired (turn-based build) user=@sim:fighter-l7-underdark-89 ability="Second Wind"
2026/05/17 14:06:13 INFO database initialized path=/tmp/expedition-sim-896625163/gogobee.db
2026/05/17 14:06:13 INFO dnd: armed ability fired (turn-based build) user=@sim:fighter-l12-manor_blackspire-95 ability="Second Wind"
2026/05/17 14:06:13 INFO database initialized path=/tmp/expedition-sim-4062571943/gogobee.db
2026/05/17 14:06:13 INFO database initialized path=/tmp/expedition-sim-1993690811/gogobee.db
2026/05/17 14:06:13 INFO dnd: armed ability fired (turn-based build) user=@sim:fighter-l12-manor_blackspire-95 ability="Second Wind"
2026/05/17 14:06:13 INFO dnd: armed ability fired (turn-based build) user=@sim:fighter-l12-underdark-89 ability="Second Wind"
2026/05/17 14:06:13 INFO dnd: armed ability fired (turn-based build) user=@sim:fighter-l12-manor_blackspire-95 ability="Second Wind"
2026/05/17 14:06:13 INFO dnd: armed ability fired (turn-based build) user=@sim:fighter-l12-forest_shadows-92 ability="Second Wind"
2026/05/17 14:06:13 INFO dnd: armed ability fired (turn-based build) user=@sim:fighter-l12-underdark-89 ability="Second Wind"
2026/05/17 14:06:13 INFO dnd: armed ability fired (turn-based build) user=@sim:fighter-l12-underdark-89 ability="Second Wind"
2026/05/17 14:06:13 INFO dnd: armed ability fired (turn-based build) user=@sim:fighter-l12-forest_shadows-92 ability="Second Wind"
2026/05/17 14:06:13 INFO dnd: armed ability fired (turn-based build) user=@sim:fighter-l12-forest_shadows-92 ability="Second Wind"
2026/05/17 14:06:13 INFO database initialized path=/tmp/expedition-sim-1985256160/gogobee.db
2026/05/17 14:06:13 INFO database initialized path=/tmp/expedition-sim-908821551/gogobee.db
2026/05/17 14:06:13 INFO dnd: armed ability fired (turn-based build) user=@sim:fighter-l7-goblin_warrens-99 ability="Second Wind"
2026/05/17 14:06:13 INFO dnd: armed ability fired (turn-based build) user=@sim:fighter-l7-manor_blackspire-93 ability="Second Wind"
2026/05/17 14:06:13 INFO dnd: armed ability fired (turn-based build) user=@sim:fighter-l7-goblin_warrens-99 ability="Second Wind"
2026/05/17 14:06:13 INFO dnd: armed ability fired (turn-based build) user=@sim:fighter-l7-manor_blackspire-93 ability="Second Wind"
2026/05/17 14:06:13 INFO dnd: armed ability fired (turn-based build) user=@sim:fighter-l7-goblin_warrens-99 ability="Second Wind"
2026/05/17 14:06:13 INFO dnd: armed ability fired (turn-based build) user=@sim:fighter-l7-manor_blackspire-93 ability="Second Wind"
2026/05/17 14:06:13 INFO database initialized path=/tmp/expedition-sim-4080905662/gogobee.db
2026/05/17 14:06:13 INFO dnd: armed ability fired (turn-based build) user=@sim:fighter-l12-dragons_lair-0 ability="Second Wind"
2026/05/17 14:06:13 INFO dnd: armed ability fired (turn-based build) user=@sim:fighter-l12-dragons_lair-0 ability="Second Wind"
2026/05/17 14:06:13 INFO dnd: armed ability fired (turn-based build) user=@sim:fighter-l12-dragons_lair-0 ability="Second Wind"
2026/05/17 14:06:13 INFO database initialized path=/tmp/expedition-sim-765600597/gogobee.db
2026/05/17 14:06:13 INFO dnd: armed ability fired (turn-based build) user=@sim:fighter-l3-manor_blackspire-99 ability="Second Wind"
2026/05/17 14:06:13 INFO dnd: armed ability fired (turn-based build) user=@sim:fighter-l3-manor_blackspire-99 ability="Second Wind"
2026/05/17 14:06:13 INFO dnd: armed ability fired (turn-based build) user=@sim:fighter-l3-manor_blackspire-99 ability="Second Wind"
2026/05/17 14:06:13 INFO database initialized path=/tmp/expedition-sim-4115917013/gogobee.db
2026/05/17 14:06:13 INFO dnd: armed ability fired (turn-based build) user=@sim:fighter-l7-dragons_lair-96 ability="Second Wind"
2026/05/17 14:06:13 INFO dnd: armed ability fired (turn-based build) user=@sim:fighter-l7-dragons_lair-96 ability="Second Wind"
2026/05/17 14:06:13 INFO dnd: armed ability fired (turn-based build) user=@sim:fighter-l7-dragons_lair-96 ability="Second Wind"
2026/05/17 14:06:13 INFO database initialized path=/tmp/expedition-sim-1161622300/gogobee.db
2026/05/17 14:06:13 INFO database initialized path=/tmp/expedition-sim-3616227034/gogobee.db
2026/05/17 14:06:13 INFO dnd: armed ability fired (turn-based build) user=@sim:fighter-l7-underdark-90 ability="Second Wind"
2026/05/17 14:06:13 INFO dnd: armed ability fired (turn-based build) user=@sim:fighter-l12-goblin_warrens-92 ability="Second Wind"
2026/05/17 14:06:13 INFO database initialized path=/tmp/expedition-sim-964744533/gogobee.db
2026/05/17 14:06:13 INFO dnd: armed ability fired (turn-based build) user=@sim:fighter-l7-underdark-90 ability="Second Wind"
2026/05/17 14:06:13 INFO dnd: armed ability fired (turn-based build) user=@sim:fighter-l12-goblin_warrens-92 ability="Second Wind"
2026/05/17 14:06:13 INFO dnd: armed ability fired (turn-based build) user=@sim:fighter-l7-underdark-90 ability="Second Wind"
2026/05/17 14:06:13 INFO dnd: armed ability fired (turn-based build) user=@sim:fighter-l12-manor_blackspire-96 ability="Second Wind"
2026/05/17 14:06:13 INFO dnd: armed ability fired (turn-based build) user=@sim:fighter-l12-goblin_warrens-92 ability="Second Wind"
2026/05/17 14:06:13 INFO dnd: armed ability fired (turn-based build) user=@sim:fighter-l12-manor_blackspire-96 ability="Second Wind"
2026/05/17 14:06:13 INFO dnd: armed ability fired (turn-based build) user=@sim:fighter-l12-manor_blackspire-96 ability="Second Wind"
2026/05/17 14:06:13 INFO database initialized path=/tmp/expedition-sim-3227846138/gogobee.db
2026/05/17 14:06:13 INFO dnd: armed ability fired (turn-based build) user=@sim:fighter-l12-underdark-90 ability="Second Wind"
2026/05/17 14:06:13 INFO database initialized path=/tmp/expedition-sim-2799425545/gogobee.db
2026/05/17 14:06:13 INFO dnd: armed ability fired (turn-based build) user=@sim:fighter-l12-underdark-90 ability="Second Wind"
2026/05/17 14:06:13 INFO dnd: armed ability fired (turn-based build) user=@sim:fighter-l7-forest_shadows-90 ability="Second Wind"
2026/05/17 14:06:13 INFO database initialized path=/tmp/expedition-sim-1939455149/gogobee.db
2026/05/17 14:06:13 INFO dnd: armed ability fired (turn-based build) user=@sim:fighter-l7-forest_shadows-90 ability="Second Wind"
2026/05/17 14:06:13 INFO dnd: armed ability fired (turn-based build) user=@sim:fighter-l12-underdark-90 ability="Second Wind"
2026/05/17 14:06:13 INFO dnd: armed ability fired (turn-based build) user=@sim:fighter-l7-manor_blackspire-94 ability="Second Wind"
2026/05/17 14:06:13 INFO dnd: armed ability fired (turn-based build) user=@sim:fighter-l7-manor_blackspire-94 ability="Second Wind"
2026/05/17 14:06:13 INFO dnd: armed ability fired (turn-based build) user=@sim:fighter-l7-forest_shadows-90 ability="Second Wind"
2026/05/17 14:06:13 INFO dnd: armed ability fired (turn-based build) user=@sim:fighter-l7-manor_blackspire-94 ability="Second Wind"
2026/05/17 14:06:13 INFO database initialized path=/tmp/expedition-sim-3158157669/gogobee.db
2026/05/17 14:06:13 INFO dnd: armed ability fired (turn-based build) user=@sim:fighter-l12-forest_shadows-93 ability="Second Wind"
2026/05/17 14:06:13 INFO dnd: armed ability fired (turn-based build) user=@sim:fighter-l12-forest_shadows-93 ability="Second Wind"
2026/05/17 14:06:13 INFO dnd: armed ability fired (turn-based build) user=@sim:fighter-l12-forest_shadows-93 ability="Second Wind"
2026/05/17 14:06:13 INFO database initialized path=/tmp/expedition-sim-2770436889/gogobee.db
2026/05/17 14:06:13 INFO database initialized path=/tmp/expedition-sim-1321399311/gogobee.db
2026/05/17 14:06:13 INFO database initialized path=/tmp/expedition-sim-2786634824/gogobee.db
2026/05/17 14:06:13 INFO dnd: armed ability fired (turn-based build) user=@sim:fighter-l7-underdark-91 ability="Second Wind"
2026/05/17 14:06:13 INFO database initialized path=/tmp/expedition-sim-776023995/gogobee.db
2026/05/17 14:06:13 INFO dnd: armed ability fired (turn-based build) user=@sim:fighter-l7-underdark-91 ability="Second Wind"
2026/05/17 14:06:13 INFO dnd: armed ability fired (turn-based build) user=@sim:fighter-l12-dragons_lair-1 ability="Second Wind"
2026/05/17 14:06:13 INFO dnd: armed ability fired (turn-based build) user=@sim:fighter-l12-manor_blackspire-97 ability="Second Wind"
2026/05/17 14:06:13 INFO dnd: armed ability fired (turn-based build) user=@sim:fighter-l7-underdark-91 ability="Second Wind"
2026/05/17 14:06:13 INFO dnd: armed ability fired (turn-based build) user=@sim:fighter-l12-manor_blackspire-97 ability="Second Wind"
2026/05/17 14:06:13 INFO dnd: armed ability fired (turn-based build) user=@sim:fighter-l12-dragons_lair-1 ability="Second Wind"
2026/05/17 14:06:13 INFO dnd: armed ability fired (turn-based build) user=@sim:fighter-l3-goblin_warrens-95 ability="Second Wind"
2026/05/17 14:06:13 INFO dnd: armed ability fired (turn-based build) user=@sim:fighter-l12-manor_blackspire-97 ability="Second Wind"
2026/05/17 14:06:13 INFO dnd: armed ability fired (turn-based build) user=@sim:fighter-l12-dragons_lair-1 ability="Second Wind"
2026/05/17 14:06:13 INFO dnd: armed ability fired (turn-based build) user=@sim:fighter-l3-goblin_warrens-95 ability="Second Wind"
2026/05/17 14:06:13 INFO database initialized path=/tmp/expedition-sim-39623293/gogobee.db
2026/05/17 14:06:13 INFO dnd: armed ability fired (turn-based build) user=@sim:fighter-l3-goblin_warrens-95 ability="Second Wind"
2026/05/17 14:06:13 INFO dnd: armed ability fired (turn-based build) user=@sim:fighter-l7-dragons_lair-97 ability="Second Wind"
2026/05/17 14:06:13 INFO database initialized path=/tmp/expedition-sim-330034532/gogobee.db
2026/05/17 14:06:13 INFO dnd: armed ability fired (turn-based build) user=@sim:fighter-l7-dragons_lair-97 ability="Second Wind"
2026/05/17 14:06:13 INFO dnd: armed ability fired (turn-based build) user=@sim:fighter-l7-dragons_lair-97 ability="Second Wind"
2026/05/17 14:06:13 INFO dnd: armed ability fired (turn-based build) user=@sim:fighter-l12-goblin_warrens-93 ability="Second Wind"
2026/05/17 14:06:13 INFO dnd: armed ability fired (turn-based build) user=@sim:fighter-l12-goblin_warrens-93 ability="Second Wind"
2026/05/17 14:06:13 INFO dnd: armed ability fired (turn-based build) user=@sim:fighter-l12-goblin_warrens-93 ability="Second Wind"
2026/05/17 14:06:14 INFO database initialized path=/tmp/expedition-sim-2329659990/gogobee.db
2026/05/17 14:06:14 INFO dnd: armed ability fired (turn-based build) user=@sim:fighter-l12-underdark-91 ability="Second Wind"
2026/05/17 14:06:14 INFO dnd: armed ability fired (turn-based build) user=@sim:fighter-l12-underdark-91 ability="Second Wind"
2026/05/17 14:06:14 INFO dnd: armed ability fired (turn-based build) user=@sim:fighter-l12-underdark-91 ability="Second Wind"
2026/05/17 14:06:14 INFO database initialized path=/tmp/expedition-sim-756713664/gogobee.db
2026/05/17 14:06:14 INFO dnd: armed ability fired (turn-based build) user=@sim:fighter-l7-forest_shadows-91 ability="Second Wind"
2026/05/17 14:06:14 INFO dnd: armed ability fired (turn-based build) user=@sim:fighter-l7-forest_shadows-91 ability="Second Wind"
2026/05/17 14:06:14 INFO dnd: armed ability fired (turn-based build) user=@sim:fighter-l7-forest_shadows-91 ability="Second Wind"
2026/05/17 14:06:14 INFO database initialized path=/tmp/expedition-sim-3677230960/gogobee.db
2026/05/17 14:06:14 INFO dnd: armed ability fired (turn-based build) user=@sim:fighter-l12-forest_shadows-94 ability="Second Wind"
2026/05/17 14:06:14 INFO dnd: armed ability fired (turn-based build) user=@sim:fighter-l12-forest_shadows-94 ability="Second Wind"
2026/05/17 14:06:14 INFO dnd: armed ability fired (turn-based build) user=@sim:fighter-l12-forest_shadows-94 ability="Second Wind"
2026/05/17 14:06:14 INFO database initialized path=/tmp/expedition-sim-131317669/gogobee.db
2026/05/17 14:06:14 INFO dnd: armed ability fired (turn-based build) user=@sim:fighter-l12-manor_blackspire-98 ability="Second Wind"
2026/05/17 14:06:14 INFO database initialized path=/tmp/expedition-sim-3688897315/gogobee.db
2026/05/17 14:06:14 INFO dnd: armed ability fired (turn-based build) user=@sim:fighter-l12-manor_blackspire-98 ability="Second Wind"
2026/05/17 14:06:14 INFO dnd: armed ability fired (turn-based build) user=@sim:fighter-l12-dragons_lair-2 ability="Second Wind"
2026/05/17 14:06:14 INFO dnd: armed ability fired (turn-based build) user=@sim:fighter-l12-dragons_lair-2 ability="Second Wind"
2026/05/17 14:06:14 INFO dnd: armed ability fired (turn-based build) user=@sim:fighter-l12-dragons_lair-2 ability="Second Wind"
2026/05/17 14:06:14 INFO dnd: armed ability fired (turn-based build) user=@sim:fighter-l12-manor_blackspire-98 ability="Second Wind"
2026/05/17 14:06:14 INFO database initialized path=/tmp/expedition-sim-1368936920/gogobee.db
2026/05/17 14:06:14 INFO dnd: armed ability fired (turn-based build) user=@sim:fighter-l7-dragons_lair-98 ability="Second Wind"
2026/05/17 14:06:14 INFO database initialized path=/tmp/expedition-sim-557578945/gogobee.db
2026/05/17 14:06:14 INFO dnd: armed ability fired (turn-based build) user=@sim:fighter-l7-dragons_lair-98 ability="Second Wind"
2026/05/17 14:06:14 INFO database initialized path=/tmp/expedition-sim-2629966946/gogobee.db
2026/05/17 14:06:14 INFO dnd: armed ability fired (turn-based build) user=@sim:fighter-l7-underdark-92 ability="Second Wind"
2026/05/17 14:06:14 INFO dnd: armed ability fired (turn-based build) user=@sim:fighter-l7-dragons_lair-98 ability="Second Wind"
2026/05/17 14:06:14 INFO database initialized path=/tmp/expedition-sim-1742597343/gogobee.db
2026/05/17 14:06:14 INFO dnd: armed ability fired (turn-based build) user=@sim:fighter-l3-goblin_warrens-96 ability="Second Wind"
2026/05/17 14:06:14 INFO dnd: armed ability fired (turn-based build) user=@sim:fighter-l7-underdark-92 ability="Second Wind"
2026/05/17 14:06:14 INFO dnd: armed ability fired (turn-based build) user=@sim:fighter-l3-goblin_warrens-96 ability="Second Wind"
2026/05/17 14:06:14 INFO dnd: armed ability fired (turn-based build) user=@sim:fighter-l7-manor_blackspire-95 ability="Second Wind"
2026/05/17 14:06:14 INFO database initialized path=/tmp/expedition-sim-1719431408/gogobee.db
2026/05/17 14:06:14 INFO dnd: armed ability fired (turn-based build) user=@sim:fighter-l3-goblin_warrens-96 ability="Second Wind"
2026/05/17 14:06:14 INFO dnd: armed ability fired (turn-based build) user=@sim:fighter-l7-manor_blackspire-95 ability="Second Wind"
2026/05/17 14:06:14 INFO dnd: armed ability fired (turn-based build) user=@sim:fighter-l7-underdark-92 ability="Second Wind"
2026/05/17 14:06:14 INFO dnd: armed ability fired (turn-based build) user=@sim:fighter-l7-manor_blackspire-95 ability="Second Wind"
2026/05/17 14:06:14 INFO dnd: armed ability fired (turn-based build) user=@sim:fighter-l12-goblin_warrens-94 ability="Second Wind"
2026/05/17 14:06:14 INFO dnd: armed ability fired (turn-based build) user=@sim:fighter-l12-goblin_warrens-94 ability="Second Wind"
2026/05/17 14:06:14 INFO dnd: armed ability fired (turn-based build) user=@sim:fighter-l12-goblin_warrens-94 ability="Second Wind"
2026/05/17 14:06:14 INFO database initialized path=/tmp/expedition-sim-3473647425/gogobee.db
2026/05/17 14:06:14 INFO dnd: armed ability fired (turn-based build) user=@sim:fighter-l12-underdark-92 ability="Second Wind"
2026/05/17 14:06:14 INFO dnd: armed ability fired (turn-based build) user=@sim:fighter-l12-underdark-92 ability="Second Wind"
2026/05/17 14:06:14 INFO dnd: armed ability fired (turn-based build) user=@sim:fighter-l12-underdark-92 ability="Second Wind"
2026/05/17 14:06:14 INFO database initialized path=/tmp/expedition-sim-3347700755/gogobee.db
2026/05/17 14:06:14 INFO dnd: armed ability fired (turn-based build) user=@sim:fighter-l7-forest_shadows-92 ability="Second Wind"
2026/05/17 14:06:14 INFO dnd: armed ability fired (turn-based build) user=@sim:fighter-l7-forest_shadows-92 ability="Second Wind"
2026/05/17 14:06:14 INFO dnd: armed ability fired (turn-based build) user=@sim:fighter-l7-forest_shadows-92 ability="Second Wind"
2026/05/17 14:06:14 INFO database initialized path=/tmp/expedition-sim-3941676611/gogobee.db
2026/05/17 14:06:14 INFO database initialized path=/tmp/expedition-sim-2969220080/gogobee.db
2026/05/17 14:06:14 INFO dnd: armed ability fired (turn-based build) user=@sim:fighter-l12-forest_shadows-95 ability="Second Wind"
2026/05/17 14:06:14 INFO dnd: armed ability fired (turn-based build) user=@sim:fighter-l7-dragons_lair-99 ability="Second Wind"
2026/05/17 14:06:14 INFO dnd: armed ability fired (turn-based build) user=@sim:fighter-l7-dragons_lair-99 ability="Second Wind"
2026/05/17 14:06:14 INFO dnd: armed ability fired (turn-based build) user=@sim:fighter-l12-forest_shadows-95 ability="Second Wind"
2026/05/17 14:06:14 INFO dnd: armed ability fired (turn-based build) user=@sim:fighter-l12-forest_shadows-95 ability="Second Wind"
2026/05/17 14:06:14 INFO dnd: armed ability fired (turn-based build) user=@sim:fighter-l7-dragons_lair-99 ability="Second Wind"
2026/05/17 14:06:14 INFO database initialized path=/tmp/expedition-sim-2862325971/gogobee.db
2026/05/17 14:06:14 INFO dnd: armed ability fired (turn-based build) user=@sim:fighter-l7-underdark-93 ability="Second Wind"
2026/05/17 14:06:14 INFO dnd: armed ability fired (turn-based build) user=@sim:fighter-l7-underdark-93 ability="Second Wind"
2026/05/17 14:06:14 INFO database initialized path=/tmp/expedition-sim-391364137/gogobee.db
2026/05/17 14:06:14 INFO database initialized path=/tmp/expedition-sim-138182592/gogobee.db
2026/05/17 14:06:14 INFO dnd: armed ability fired (turn-based build) user=@sim:fighter-l7-underdark-93 ability="Second Wind"
2026/05/17 14:06:14 INFO dnd: armed ability fired (turn-based build) user=@sim:fighter-l7-manor_blackspire-96 ability="Second Wind"
2026/05/17 14:06:14 INFO dnd: armed ability fired (turn-based build) user=@sim:fighter-l3-goblin_warrens-97 ability="Second Wind"
2026/05/17 14:06:14 INFO dnd: armed ability fired (turn-based build) user=@sim:fighter-l7-manor_blackspire-96 ability="Second Wind"
2026/05/17 14:06:14 INFO dnd: armed ability fired (turn-based build) user=@sim:fighter-l7-manor_blackspire-96 ability="Second Wind"
2026/05/17 14:06:14 INFO dnd: armed ability fired (turn-based build) user=@sim:fighter-l3-goblin_warrens-97 ability="Second Wind"
2026/05/17 14:06:14 INFO database initialized path=/tmp/expedition-sim-2701735357/gogobee.db
2026/05/17 14:06:14 INFO dnd: armed ability fired (turn-based build) user=@sim:fighter-l12-dragons_lair-3 ability="Second Wind"
2026/05/17 14:06:14 INFO dnd: armed ability fired (turn-based build) user=@sim:fighter-l3-goblin_warrens-97 ability="Second Wind"
2026/05/17 14:06:14 INFO dnd: armed ability fired (turn-based build) user=@sim:fighter-l12-dragons_lair-3 ability="Second Wind"
2026/05/17 14:06:14 INFO dnd: armed ability fired (turn-based build) user=@sim:fighter-l12-dragons_lair-3 ability="Second Wind"
2026/05/17 14:06:14 INFO database initialized path=/tmp/expedition-sim-2604455021/gogobee.db
2026/05/17 14:06:14 INFO dnd: armed ability fired (turn-based build) user=@sim:fighter-l12-underdark-93 ability="Second Wind"
2026/05/17 14:06:14 INFO database initialized path=/tmp/expedition-sim-2642183560/gogobee.db
2026/05/17 14:06:14 INFO database initialized path=/tmp/expedition-sim-3331729168/gogobee.db
2026/05/17 14:06:14 INFO dnd: armed ability fired (turn-based build) user=@sim:fighter-l12-underdark-93 ability="Second Wind"
2026/05/17 14:06:14 INFO dnd: armed ability fired (turn-based build) user=@sim:fighter-l12-underdark-93 ability="Second Wind"
2026/05/17 14:06:14 INFO dnd: armed ability fired (turn-based build) user=@sim:fighter-l12-goblin_warrens-95 ability="Second Wind"
2026/05/17 14:06:14 INFO dnd: armed ability fired (turn-based build) user=@sim:fighter-l12-manor_blackspire-99 ability="Second Wind"
2026/05/17 14:06:14 INFO dnd: armed ability fired (turn-based build) user=@sim:fighter-l12-goblin_warrens-95 ability="Second Wind"
2026/05/17 14:06:14 INFO dnd: armed ability fired (turn-based build) user=@sim:fighter-l12-goblin_warrens-95 ability="Second Wind"
2026/05/17 14:06:14 INFO dnd: armed ability fired (turn-based build) user=@sim:fighter-l12-manor_blackspire-99 ability="Second Wind"
2026/05/17 14:06:14 INFO dnd: armed ability fired (turn-based build) user=@sim:fighter-l12-manor_blackspire-99 ability="Second Wind"
2026/05/17 14:06:15 INFO database initialized path=/tmp/expedition-sim-9064029/gogobee.db
2026/05/17 14:06:15 INFO dnd: armed ability fired (turn-based build) user=@sim:fighter-l7-forest_shadows-93 ability="Second Wind"
2026/05/17 14:06:15 INFO dnd: armed ability fired (turn-based build) user=@sim:fighter-l7-forest_shadows-93 ability="Second Wind"
2026/05/17 14:06:15 INFO dnd: armed ability fired (turn-based build) user=@sim:fighter-l7-forest_shadows-93 ability="Second Wind"
2026/05/17 14:06:15 INFO database initialized path=/tmp/expedition-sim-1735494216/gogobee.db
2026/05/17 14:06:15 INFO dnd: armed ability fired (turn-based build) user=@sim:fighter-l7-underdark-94 ability="Second Wind"
2026/05/17 14:06:15 INFO dnd: armed ability fired (turn-based build) user=@sim:fighter-l7-underdark-94 ability="Second Wind"
2026/05/17 14:06:15 INFO dnd: armed ability fired (turn-based build) user=@sim:fighter-l7-underdark-94 ability="Second Wind"
2026/05/17 14:06:15 INFO database initialized path=/tmp/expedition-sim-3738005350/gogobee.db
2026/05/17 14:06:15 INFO dnd: armed ability fired (turn-based build) user=@sim:fighter-l12-forest_shadows-96 ability="Second Wind"
2026/05/17 14:06:15 INFO dnd: armed ability fired (turn-based build) user=@sim:fighter-l12-forest_shadows-96 ability="Second Wind"
2026/05/17 14:06:15 INFO dnd: armed ability fired (turn-based build) user=@sim:fighter-l12-forest_shadows-96 ability="Second Wind"
2026/05/17 14:06:15 INFO database initialized path=/tmp/expedition-sim-4149783065/gogobee.db
2026/05/17 14:06:15 INFO dnd: armed ability fired (turn-based build) user=@sim:fighter-l7-manor_blackspire-97 ability="Second Wind"
2026/05/17 14:06:15 INFO database initialized path=/tmp/expedition-sim-1525540468/gogobee.db
2026/05/17 14:06:15 INFO dnd: armed ability fired (turn-based build) user=@sim:fighter-l7-manor_blackspire-97 ability="Second Wind"
2026/05/17 14:06:15 INFO dnd: armed ability fired (turn-based build) user=@sim:fighter-l3-goblin_warrens-98 ability="Second Wind"
2026/05/17 14:06:15 INFO dnd: armed ability fired (turn-based build) user=@sim:fighter-l7-manor_blackspire-97 ability="Second Wind"
2026/05/17 14:06:15 INFO database initialized path=/tmp/expedition-sim-963670967/gogobee.db
2026/05/17 14:06:15 INFO dnd: armed ability fired (turn-based build) user=@sim:fighter-l3-goblin_warrens-98 ability="Second Wind"
2026/05/17 14:06:15 INFO database initialized path=/tmp/expedition-sim-1245715860/gogobee.db
2026/05/17 14:06:15 INFO dnd: armed ability fired (turn-based build) user=@sim:fighter-l3-goblin_warrens-98 ability="Second Wind"
2026/05/17 14:06:15 INFO dnd: armed ability fired (turn-based build) user=@sim:fighter-l12-goblin_warrens-96 ability="Second Wind"
2026/05/17 14:06:15 INFO dnd: armed ability fired (turn-based build) user=@sim:fighter-l12-dragons_lair-4 ability="Second Wind"
2026/05/17 14:06:15 INFO database initialized path=/tmp/expedition-sim-3145208423/gogobee.db
2026/05/17 14:06:15 INFO dnd: armed ability fired (turn-based build) user=@sim:fighter-l12-goblin_warrens-96 ability="Second Wind"
2026/05/17 14:06:15 INFO dnd: armed ability fired (turn-based build) user=@sim:fighter-l12-dragons_lair-4 ability="Second Wind"
2026/05/17 14:06:15 INFO dnd: armed ability fired (turn-based build) user=@sim:fighter-l12-underdark-94 ability="Second Wind"
2026/05/17 14:06:15 INFO dnd: armed ability fired (turn-based build) user=@sim:fighter-l12-goblin_warrens-96 ability="Second Wind"
2026/05/17 14:06:15 INFO dnd: armed ability fired (turn-based build) user=@sim:fighter-l12-dragons_lair-4 ability="Second Wind"
2026/05/17 14:06:15 INFO dnd: armed ability fired (turn-based build) user=@sim:fighter-l12-underdark-94 ability="Second Wind"
2026/05/17 14:06:15 INFO dnd: armed ability fired (turn-based build) user=@sim:fighter-l12-underdark-94 ability="Second Wind"
2026/05/17 14:06:15 INFO database initialized path=/tmp/expedition-sim-2314842851/gogobee.db
2026/05/17 14:06:15 INFO dnd: armed ability fired (turn-based build) user=@sim:fighter-l7-forest_shadows-94 ability="Second Wind"
2026/05/17 14:06:15 INFO dnd: armed ability fired (turn-based build) user=@sim:fighter-l7-forest_shadows-94 ability="Second Wind"
2026/05/17 14:06:15 INFO database initialized path=/tmp/expedition-sim-2255518770/gogobee.db
2026/05/17 14:06:15 INFO dnd: armed ability fired (turn-based build) user=@sim:fighter-l7-forest_shadows-94 ability="Second Wind"
2026/05/17 14:06:15 INFO dnd: armed ability fired (turn-based build) user=@sim:fighter-l7-underdark-95 ability="Second Wind"
2026/05/17 14:06:15 INFO dnd: armed ability fired (turn-based build) user=@sim:fighter-l7-underdark-95 ability="Second Wind"
2026/05/17 14:06:15 INFO dnd: armed ability fired (turn-based build) user=@sim:fighter-l7-underdark-95 ability="Second Wind"
2026/05/17 14:06:15 INFO database initialized path=/tmp/expedition-sim-1029137124/gogobee.db
2026/05/17 14:06:15 INFO dnd: armed ability fired (turn-based build) user=@sim:fighter-l12-forest_shadows-97 ability="Second Wind"
2026/05/17 14:06:15 INFO dnd: armed ability fired (turn-based build) user=@sim:fighter-l12-forest_shadows-97 ability="Second Wind"
2026/05/17 14:06:15 INFO dnd: armed ability fired (turn-based build) user=@sim:fighter-l12-forest_shadows-97 ability="Second Wind"
2026/05/17 14:06:15 INFO database initialized path=/tmp/expedition-sim-1300685422/gogobee.db
2026/05/17 14:06:15 INFO dnd: armed ability fired (turn-based build) user=@sim:fighter-l7-manor_blackspire-98 ability="Second Wind"
2026/05/17 14:06:15 INFO dnd: armed ability fired (turn-based build) user=@sim:fighter-l7-manor_blackspire-98 ability="Second Wind"
2026/05/17 14:06:15 INFO dnd: armed ability fired (turn-based build) user=@sim:fighter-l7-manor_blackspire-98 ability="Second Wind"
2026/05/17 14:06:15 INFO database initialized path=/tmp/expedition-sim-471667647/gogobee.db
2026/05/17 14:06:15 INFO dnd: armed ability fired (turn-based build) user=@sim:fighter-l12-goblin_warrens-97 ability="Second Wind"
2026/05/17 14:06:15 INFO dnd: armed ability fired (turn-based build) user=@sim:fighter-l12-goblin_warrens-97 ability="Second Wind"
2026/05/17 14:06:15 INFO dnd: armed ability fired (turn-based build) user=@sim:fighter-l12-goblin_warrens-97 ability="Second Wind"
2026/05/17 14:06:15 INFO database initialized path=/tmp/expedition-sim-3763908207/gogobee.db
2026/05/17 14:06:15 INFO database initialized path=/tmp/expedition-sim-564735750/gogobee.db
2026/05/17 14:06:15 INFO dnd: armed ability fired (turn-based build) user=@sim:fighter-l3-goblin_warrens-99 ability="Second Wind"
2026/05/17 14:06:15 INFO dnd: armed ability fired (turn-based build) user=@sim:fighter-l12-dragons_lair-5 ability="Second Wind"
2026/05/17 14:06:15 INFO dnd: armed ability fired (turn-based build) user=@sim:fighter-l3-goblin_warrens-99 ability="Second Wind"
2026/05/17 14:06:15 INFO dnd: armed ability fired (turn-based build) user=@sim:fighter-l12-dragons_lair-5 ability="Second Wind"
2026/05/17 14:06:15 INFO dnd: armed ability fired (turn-based build) user=@sim:fighter-l3-goblin_warrens-99 ability="Second Wind"
2026/05/17 14:06:15 INFO database initialized path=/tmp/expedition-sim-4105293251/gogobee.db
2026/05/17 14:06:15 INFO dnd: armed ability fired (turn-based build) user=@sim:fighter-l12-dragons_lair-5 ability="Second Wind"
2026/05/17 14:06:15 INFO dnd: armed ability fired (turn-based build) user=@sim:fighter-l12-underdark-95 ability="Second Wind"
2026/05/17 14:06:15 INFO dnd: armed ability fired (turn-based build) user=@sim:fighter-l12-underdark-95 ability="Second Wind"
2026/05/17 14:06:15 INFO dnd: armed ability fired (turn-based build) user=@sim:fighter-l12-underdark-95 ability="Second Wind"
2026/05/17 14:06:15 INFO database initialized path=/tmp/expedition-sim-3750918342/gogobee.db
2026/05/17 14:06:15 INFO dnd: armed ability fired (turn-based build) user=@sim:fighter-l7-forest_shadows-95 ability="Second Wind"
2026/05/17 14:06:15 INFO database initialized path=/tmp/expedition-sim-1144867981/gogobee.db
2026/05/17 14:06:15 INFO dnd: armed ability fired (turn-based build) user=@sim:fighter-l7-forest_shadows-95 ability="Second Wind"
2026/05/17 14:06:15 INFO database initialized path=/tmp/expedition-sim-1524493102/gogobee.db
2026/05/17 14:06:15 INFO dnd: armed ability fired (turn-based build) user=@sim:fighter-l7-underdark-96 ability="Second Wind"
2026/05/17 14:06:15 INFO dnd: armed ability fired (turn-based build) user=@sim:fighter-l7-forest_shadows-95 ability="Second Wind"
2026/05/17 14:06:15 INFO dnd: armed ability fired (turn-based build) user=@sim:fighter-l7-underdark-96 ability="Second Wind"
2026/05/17 14:06:15 INFO dnd: armed ability fired (turn-based build) user=@sim:fighter-l12-forest_shadows-98 ability="Second Wind"
2026/05/17 14:06:15 INFO dnd: armed ability fired (turn-based build) user=@sim:fighter-l7-underdark-96 ability="Second Wind"
2026/05/17 14:06:15 INFO dnd: armed ability fired (turn-based build) user=@sim:fighter-l12-forest_shadows-98 ability="Second Wind"
2026/05/17 14:06:15 INFO dnd: armed ability fired (turn-based build) user=@sim:fighter-l12-forest_shadows-98 ability="Second Wind"
2026/05/17 14:06:15 INFO database initialized path=/tmp/expedition-sim-1170225/gogobee.db
2026/05/17 14:06:15 INFO dnd: armed ability fired (turn-based build) user=@sim:fighter-l7-manor_blackspire-99 ability="Second Wind"
2026/05/17 14:06:15 INFO dnd: armed ability fired (turn-based build) user=@sim:fighter-l7-manor_blackspire-99 ability="Second Wind"
2026/05/17 14:06:15 INFO dnd: armed ability fired (turn-based build) user=@sim:fighter-l7-manor_blackspire-99 ability="Second Wind"
2026/05/17 14:06:15 INFO database initialized path=/tmp/expedition-sim-4035097085/gogobee.db
2026/05/17 14:06:15 INFO dnd: armed ability fired (turn-based build) user=@sim:fighter-l12-goblin_warrens-98 ability="Second Wind"
2026/05/17 14:06:15 INFO dnd: armed ability fired (turn-based build) user=@sim:fighter-l12-goblin_warrens-98 ability="Second Wind"
2026/05/17 14:06:15 INFO dnd: armed ability fired (turn-based build) user=@sim:fighter-l12-goblin_warrens-98 ability="Second Wind"
2026/05/17 14:06:16 INFO database initialized path=/tmp/expedition-sim-3794831528/gogobee.db
2026/05/17 14:06:16 INFO dnd: armed ability fired (turn-based build) user=@sim:fighter-l12-underdark-96 ability="Second Wind"
2026/05/17 14:06:16 INFO database initialized path=/tmp/expedition-sim-2816710604/gogobee.db
2026/05/17 14:06:16 INFO dnd: armed ability fired (turn-based build) user=@sim:fighter-l12-underdark-96 ability="Second Wind"
2026/05/17 14:06:16 INFO dnd: armed ability fired (turn-based build) user=@sim:fighter-l12-underdark-96 ability="Second Wind"
2026/05/17 14:06:16 INFO dnd: armed ability fired (turn-based build) user=@sim:fighter-l12-dragons_lair-6 ability="Second Wind"
2026/05/17 14:06:16 INFO dnd: armed ability fired (turn-based build) user=@sim:fighter-l12-dragons_lair-6 ability="Second Wind"
2026/05/17 14:06:16 INFO dnd: armed ability fired (turn-based build) user=@sim:fighter-l12-dragons_lair-6 ability="Second Wind"
2026/05/17 14:06:16 INFO database initialized path=/tmp/expedition-sim-2906110803/gogobee.db
2026/05/17 14:06:16 INFO dnd: armed ability fired (turn-based build) user=@sim:fighter-l7-underdark-97 ability="Second Wind"
2026/05/17 14:06:16 INFO dnd: armed ability fired (turn-based build) user=@sim:fighter-l7-underdark-97 ability="Second Wind"
2026/05/17 14:06:16 INFO dnd: armed ability fired (turn-based build) user=@sim:fighter-l7-underdark-97 ability="Second Wind"
2026/05/17 14:06:16 INFO database initialized path=/tmp/expedition-sim-2590693720/gogobee.db
2026/05/17 14:06:16 INFO dnd: armed ability fired (turn-based build) user=@sim:fighter-l12-forest_shadows-99 ability="Second Wind"
2026/05/17 14:06:16 INFO dnd: armed ability fired (turn-based build) user=@sim:fighter-l12-forest_shadows-99 ability="Second Wind"
2026/05/17 14:06:16 INFO dnd: armed ability fired (turn-based build) user=@sim:fighter-l12-forest_shadows-99 ability="Second Wind"
2026/05/17 14:06:16 INFO database initialized path=/tmp/expedition-sim-2663371547/gogobee.db
2026/05/17 14:06:16 INFO dnd: armed ability fired (turn-based build) user=@sim:fighter-l7-forest_shadows-96 ability="Second Wind"
2026/05/17 14:06:16 INFO dnd: armed ability fired (turn-based build) user=@sim:fighter-l7-forest_shadows-96 ability="Second Wind"
2026/05/17 14:06:16 INFO dnd: armed ability fired (turn-based build) user=@sim:fighter-l7-forest_shadows-96 ability="Second Wind"
2026/05/17 14:06:16 INFO database initialized path=/tmp/expedition-sim-1614995078/gogobee.db
2026/05/17 14:06:16 INFO dnd: armed ability fired (turn-based build) user=@sim:fighter-l12-goblin_warrens-99 ability="Second Wind"
2026/05/17 14:06:16 INFO dnd: armed ability fired (turn-based build) user=@sim:fighter-l12-goblin_warrens-99 ability="Second Wind"
2026/05/17 14:06:16 INFO dnd: armed ability fired (turn-based build) user=@sim:fighter-l12-goblin_warrens-99 ability="Second Wind"
2026/05/17 14:06:16 INFO database initialized path=/tmp/expedition-sim-3564063966/gogobee.db
2026/05/17 14:06:16 INFO database initialized path=/tmp/expedition-sim-1139400591/gogobee.db
2026/05/17 14:06:16 INFO dnd: armed ability fired (turn-based build) user=@sim:fighter-l12-underdark-97 ability="Second Wind"
2026/05/17 14:06:16 INFO dnd: armed ability fired (turn-based build) user=@sim:fighter-l12-dragons_lair-7 ability="Second Wind"
2026/05/17 14:06:16 INFO database initialized path=/tmp/expedition-sim-1922153499/gogobee.db
2026/05/17 14:06:16 INFO dnd: armed ability fired (turn-based build) user=@sim:fighter-l12-dragons_lair-7 ability="Second Wind"
2026/05/17 14:06:16 INFO dnd: armed ability fired (turn-based build) user=@sim:fighter-l12-dragons_lair-7 ability="Second Wind"
2026/05/17 14:06:16 INFO dnd: armed ability fired (turn-based build) user=@sim:fighter-l12-underdark-97 ability="Second Wind"
2026/05/17 14:06:16 INFO dnd: armed ability fired (turn-based build) user=@sim:fighter-l7-underdark-98 ability="Second Wind"
2026/05/17 14:06:16 INFO dnd: armed ability fired (turn-based build) user=@sim:fighter-l12-underdark-97 ability="Second Wind"
2026/05/17 14:06:16 INFO dnd: armed ability fired (turn-based build) user=@sim:fighter-l7-underdark-98 ability="Second Wind"
2026/05/17 14:06:16 INFO dnd: armed ability fired (turn-based build) user=@sim:fighter-l7-underdark-98 ability="Second Wind"
2026/05/17 14:06:16 INFO database initialized path=/tmp/expedition-sim-3126821671/gogobee.db
2026/05/17 14:06:16 INFO dnd: armed ability fired (turn-based build) user=@sim:fighter-l7-forest_shadows-97 ability="Second Wind"
2026/05/17 14:06:16 INFO dnd: armed ability fired (turn-based build) user=@sim:fighter-l7-forest_shadows-97 ability="Second Wind"
2026/05/17 14:06:16 INFO dnd: armed ability fired (turn-based build) user=@sim:fighter-l7-forest_shadows-97 ability="Second Wind"
2026/05/17 14:06:16 INFO database initialized path=/tmp/expedition-sim-2402067189/gogobee.db
2026/05/17 14:06:16 INFO database initialized path=/tmp/expedition-sim-2920487264/gogobee.db
2026/05/17 14:06:16 INFO dnd: armed ability fired (turn-based build) user=@sim:fighter-l12-underdark-98 ability="Second Wind"
2026/05/17 14:06:16 INFO dnd: armed ability fired (turn-based build) user=@sim:fighter-l12-underdark-98 ability="Second Wind"
2026/05/17 14:06:16 INFO dnd: armed ability fired (turn-based build) user=@sim:fighter-l12-dragons_lair-8 ability="Second Wind"
2026/05/17 14:06:16 INFO dnd: armed ability fired (turn-based build) user=@sim:fighter-l12-dragons_lair-8 ability="Second Wind"
2026/05/17 14:06:16 INFO dnd: armed ability fired (turn-based build) user=@sim:fighter-l12-underdark-98 ability="Second Wind"
2026/05/17 14:06:16 INFO dnd: armed ability fired (turn-based build) user=@sim:fighter-l12-dragons_lair-8 ability="Second Wind"
2026/05/17 14:06:17 INFO database initialized path=/tmp/expedition-sim-767558645/gogobee.db
2026/05/17 14:06:17 INFO dnd: armed ability fired (turn-based build) user=@sim:fighter-l7-underdark-99 ability="Second Wind"
2026/05/17 14:06:17 INFO dnd: armed ability fired (turn-based build) user=@sim:fighter-l7-underdark-99 ability="Second Wind"
2026/05/17 14:06:17 INFO dnd: armed ability fired (turn-based build) user=@sim:fighter-l7-underdark-99 ability="Second Wind"
2026/05/17 14:06:17 INFO database initialized path=/tmp/expedition-sim-2882583432/gogobee.db
2026/05/17 14:06:17 INFO dnd: armed ability fired (turn-based build) user=@sim:fighter-l7-forest_shadows-98 ability="Second Wind"
2026/05/17 14:06:17 INFO dnd: armed ability fired (turn-based build) user=@sim:fighter-l7-forest_shadows-98 ability="Second Wind"
2026/05/17 14:06:17 INFO dnd: armed ability fired (turn-based build) user=@sim:fighter-l7-forest_shadows-98 ability="Second Wind"
2026/05/17 14:06:17 INFO database initialized path=/tmp/expedition-sim-2959992423/gogobee.db
2026/05/17 14:06:17 INFO database initialized path=/tmp/expedition-sim-1446299608/gogobee.db
2026/05/17 14:06:17 INFO dnd: armed ability fired (turn-based build) user=@sim:fighter-l12-dragons_lair-9 ability="Second Wind"
2026/05/17 14:06:17 INFO dnd: armed ability fired (turn-based build) user=@sim:fighter-l12-underdark-99 ability="Second Wind"
2026/05/17 14:06:17 INFO dnd: armed ability fired (turn-based build) user=@sim:fighter-l12-dragons_lair-9 ability="Second Wind"
2026/05/17 14:06:17 INFO dnd: armed ability fired (turn-based build) user=@sim:fighter-l12-underdark-99 ability="Second Wind"
2026/05/17 14:06:17 INFO dnd: armed ability fired (turn-based build) user=@sim:fighter-l12-dragons_lair-9 ability="Second Wind"
2026/05/17 14:06:17 INFO dnd: armed ability fired (turn-based build) user=@sim:fighter-l12-underdark-99 ability="Second Wind"
2026/05/17 14:06:17 INFO database initialized path=/tmp/expedition-sim-2204692668/gogobee.db
2026/05/17 14:06:17 INFO dnd: armed ability fired (turn-based build) user=@sim:fighter-l7-forest_shadows-99 ability="Second Wind"
2026/05/17 14:06:17 INFO dnd: armed ability fired (turn-based build) user=@sim:fighter-l7-forest_shadows-99 ability="Second Wind"
2026/05/17 14:06:17 INFO dnd: armed ability fired (turn-based build) user=@sim:fighter-l7-forest_shadows-99 ability="Second Wind"
2026/05/17 14:06:17 INFO database initialized path=/tmp/expedition-sim-3741073507/gogobee.db
2026/05/17 14:06:17 INFO database initialized path=/tmp/expedition-sim-1497286492/gogobee.db
2026/05/17 14:06:17 INFO dnd: armed ability fired (turn-based build) user=@sim:fighter-l12-dragons_lair-10 ability="Second Wind"
2026/05/17 14:06:17 INFO dnd: armed ability fired (turn-based build) user=@sim:fighter-l12-dragons_lair-10 ability="Second Wind"
2026/05/17 14:06:17 INFO dnd: armed ability fired (turn-based build) user=@sim:fighter-l12-dragons_lair-10 ability="Second Wind"
2026/05/17 14:06:18 INFO database initialized path=/tmp/expedition-sim-2397793467/gogobee.db
2026/05/17 14:06:18 INFO database initialized path=/tmp/expedition-sim-763158748/gogobee.db
2026/05/17 14:06:18 INFO dnd: armed ability fired (turn-based build) user=@sim:fighter-l12-dragons_lair-11 ability="Second Wind"
2026/05/17 14:06:18 INFO dnd: armed ability fired (turn-based build) user=@sim:fighter-l12-dragons_lair-11 ability="Second Wind"
2026/05/17 14:06:18 INFO dnd: armed ability fired (turn-based build) user=@sim:fighter-l12-dragons_lair-11 ability="Second Wind"
2026/05/17 14:06:18 INFO database initialized path=/tmp/expedition-sim-2048228908/gogobee.db
2026/05/17 14:06:18 INFO database initialized path=/tmp/expedition-sim-2194769210/gogobee.db
2026/05/17 14:06:18 INFO dnd: armed ability fired (turn-based build) user=@sim:fighter-l12-dragons_lair-12 ability="Second Wind"
2026/05/17 14:06:18 INFO dnd: armed ability fired (turn-based build) user=@sim:fighter-l12-dragons_lair-12 ability="Second Wind"
2026/05/17 14:06:18 INFO dnd: armed ability fired (turn-based build) user=@sim:fighter-l12-dragons_lair-12 ability="Second Wind"
2026/05/17 14:06:18 INFO database initialized path=/tmp/expedition-sim-1065176591/gogobee.db
2026/05/17 14:06:19 INFO database initialized path=/tmp/expedition-sim-637419656/gogobee.db
2026/05/17 14:06:19 INFO dnd: armed ability fired (turn-based build) user=@sim:fighter-l12-dragons_lair-13 ability="Second Wind"
2026/05/17 14:06:19 INFO dnd: armed ability fired (turn-based build) user=@sim:fighter-l12-dragons_lair-13 ability="Second Wind"
2026/05/17 14:06:19 INFO dnd: armed ability fired (turn-based build) user=@sim:fighter-l12-dragons_lair-13 ability="Second Wind"
2026/05/17 14:06:19 INFO database initialized path=/tmp/expedition-sim-1755186944/gogobee.db
2026/05/17 14:06:19 INFO database initialized path=/tmp/expedition-sim-2822560724/gogobee.db
2026/05/17 14:06:19 INFO dnd: armed ability fired (turn-based build) user=@sim:fighter-l12-dragons_lair-14 ability="Second Wind"
2026/05/17 14:06:19 INFO dnd: armed ability fired (turn-based build) user=@sim:fighter-l12-dragons_lair-14 ability="Second Wind"
2026/05/17 14:06:19 INFO database initialized path=/tmp/expedition-sim-2168368217/gogobee.db
2026/05/17 14:06:19 INFO dnd: armed ability fired (turn-based build) user=@sim:fighter-l12-dragons_lair-14 ability="Second Wind"
2026/05/17 14:06:19 INFO database initialized path=/tmp/expedition-sim-2607791478/gogobee.db
2026/05/17 14:06:19 INFO database initialized path=/tmp/expedition-sim-1620792319/gogobee.db
2026/05/17 14:06:20 INFO dnd: armed ability fired (turn-based build) user=@sim:fighter-l12-dragons_lair-15 ability="Second Wind"
2026/05/17 14:06:20 INFO dnd: armed ability fired (turn-based build) user=@sim:fighter-l12-dragons_lair-15 ability="Second Wind"
2026/05/17 14:06:20 INFO dnd: armed ability fired (turn-based build) user=@sim:fighter-l12-dragons_lair-15 ability="Second Wind"
2026/05/17 14:06:20 INFO database initialized path=/tmp/expedition-sim-1005370312/gogobee.db
2026/05/17 14:06:20 INFO database initialized path=/tmp/expedition-sim-3855659534/gogobee.db
2026/05/17 14:06:20 INFO dnd: armed ability fired (turn-based build) user=@sim:fighter-l12-dragons_lair-16 ability="Second Wind"
2026/05/17 14:06:20 INFO dnd: armed ability fired (turn-based build) user=@sim:fighter-l12-dragons_lair-16 ability="Second Wind"
2026/05/17 14:06:20 INFO dnd: armed ability fired (turn-based build) user=@sim:fighter-l12-dragons_lair-16 ability="Second Wind"
2026/05/17 14:06:20 INFO database initialized path=/tmp/expedition-sim-730848050/gogobee.db
2026/05/17 14:06:20 INFO database initialized path=/tmp/expedition-sim-173468741/gogobee.db
2026/05/17 14:06:20 INFO dnd: armed ability fired (turn-based build) user=@sim:fighter-l12-dragons_lair-17 ability="Second Wind"
2026/05/17 14:06:20 INFO dnd: armed ability fired (turn-based build) user=@sim:fighter-l12-dragons_lair-17 ability="Second Wind"
2026/05/17 14:06:20 INFO dnd: armed ability fired (turn-based build) user=@sim:fighter-l12-dragons_lair-17 ability="Second Wind"
2026/05/17 14:06:20 INFO database initialized path=/tmp/expedition-sim-168083057/gogobee.db
2026/05/17 14:06:20 INFO database initialized path=/tmp/expedition-sim-2959217130/gogobee.db
2026/05/17 14:06:21 INFO database initialized path=/tmp/expedition-sim-2641390520/gogobee.db
2026/05/17 14:06:21 INFO dnd: armed ability fired (turn-based build) user=@sim:fighter-l12-dragons_lair-18 ability="Second Wind"
2026/05/17 14:06:21 INFO database initialized path=/tmp/expedition-sim-329710239/gogobee.db
2026/05/17 14:06:21 INFO dnd: armed ability fired (turn-based build) user=@sim:fighter-l12-dragons_lair-18 ability="Second Wind"
2026/05/17 14:06:21 INFO dnd: armed ability fired (turn-based build) user=@sim:fighter-l12-dragons_lair-18 ability="Second Wind"
2026/05/17 14:06:21 INFO database initialized path=/tmp/expedition-sim-1676522645/gogobee.db
2026/05/17 14:06:21 INFO database initialized path=/tmp/expedition-sim-2505638808/gogobee.db
2026/05/17 14:06:21 INFO database initialized path=/tmp/expedition-sim-3779200585/gogobee.db
2026/05/17 14:06:21 INFO dnd: armed ability fired (turn-based build) user=@sim:fighter-l12-dragons_lair-19 ability="Second Wind"
2026/05/17 14:06:21 INFO dnd: armed ability fired (turn-based build) user=@sim:fighter-l12-dragons_lair-19 ability="Second Wind"
2026/05/17 14:06:21 INFO dnd: armed ability fired (turn-based build) user=@sim:fighter-l12-dragons_lair-19 ability="Second Wind"
2026/05/17 14:06:21 INFO database initialized path=/tmp/expedition-sim-589648847/gogobee.db
2026/05/17 14:06:22 INFO database initialized path=/tmp/expedition-sim-2829414234/gogobee.db
2026/05/17 14:06:22 INFO database initialized path=/tmp/expedition-sim-1678637718/gogobee.db
2026/05/17 14:06:22 INFO dnd: armed ability fired (turn-based build) user=@sim:fighter-l12-dragons_lair-20 ability="Second Wind"
2026/05/17 14:06:22 INFO dnd: armed ability fired (turn-based build) user=@sim:fighter-l12-dragons_lair-20 ability="Second Wind"
2026/05/17 14:06:22 INFO dnd: armed ability fired (turn-based build) user=@sim:fighter-l12-dragons_lair-20 ability="Second Wind"
2026/05/17 14:06:22 INFO database initialized path=/tmp/expedition-sim-964875070/gogobee.db
2026/05/17 14:06:22 INFO database initialized path=/tmp/expedition-sim-1893672947/gogobee.db
2026/05/17 14:06:22 INFO database initialized path=/tmp/expedition-sim-2788456586/gogobee.db
2026/05/17 14:06:22 INFO dnd: armed ability fired (turn-based build) user=@sim:fighter-l12-dragons_lair-21 ability="Second Wind"
2026/05/17 14:06:22 INFO dnd: armed ability fired (turn-based build) user=@sim:fighter-l12-dragons_lair-21 ability="Second Wind"
2026/05/17 14:06:22 INFO dnd: armed ability fired (turn-based build) user=@sim:fighter-l12-dragons_lair-21 ability="Second Wind"
2026/05/17 14:06:22 INFO database initialized path=/tmp/expedition-sim-796218227/gogobee.db
2026/05/17 14:06:22 INFO database initialized path=/tmp/expedition-sim-919586545/gogobee.db
2026/05/17 14:06:22 INFO database initialized path=/tmp/expedition-sim-2947375709/gogobee.db
2026/05/17 14:06:22 INFO database initialized path=/tmp/expedition-sim-2264497079/gogobee.db
2026/05/17 14:06:22 INFO database initialized path=/tmp/expedition-sim-1700047825/gogobee.db
2026/05/17 14:06:22 INFO dnd: armed ability fired (turn-based build) user=@sim:fighter-l12-dragons_lair-22 ability="Second Wind"
2026/05/17 14:06:23 INFO dnd: armed ability fired (turn-based build) user=@sim:fighter-l12-dragons_lair-22 ability="Second Wind"
2026/05/17 14:06:23 INFO dnd: armed ability fired (turn-based build) user=@sim:fighter-l12-dragons_lair-22 ability="Second Wind"
2026/05/17 14:06:23 INFO database initialized path=/tmp/expedition-sim-2062122135/gogobee.db
2026/05/17 14:06:23 INFO database initialized path=/tmp/expedition-sim-2476675554/gogobee.db
2026/05/17 14:06:23 INFO database initialized path=/tmp/expedition-sim-569794448/gogobee.db
2026/05/17 14:06:23 INFO database initialized path=/tmp/expedition-sim-1640138032/gogobee.db
2026/05/17 14:06:23 INFO database initialized path=/tmp/expedition-sim-549607416/gogobee.db
2026/05/17 14:06:23 INFO dnd: armed ability fired (turn-based build) user=@sim:fighter-l12-dragons_lair-23 ability="Second Wind"
2026/05/17 14:06:23 INFO dnd: armed ability fired (turn-based build) user=@sim:fighter-l12-dragons_lair-23 ability="Second Wind"
2026/05/17 14:06:23 INFO dnd: armed ability fired (turn-based build) user=@sim:fighter-l12-dragons_lair-23 ability="Second Wind"
2026/05/17 14:06:23 INFO database initialized path=/tmp/expedition-sim-2884950149/gogobee.db
2026/05/17 14:06:23 INFO database initialized path=/tmp/expedition-sim-1285872826/gogobee.db
2026/05/17 14:06:23 INFO database initialized path=/tmp/expedition-sim-826733265/gogobee.db
2026/05/17 14:06:23 INFO database initialized path=/tmp/expedition-sim-3243201575/gogobee.db
2026/05/17 14:06:23 INFO database initialized path=/tmp/expedition-sim-3635800410/gogobee.db
2026/05/17 14:06:23 INFO database initialized path=/tmp/expedition-sim-3588062841/gogobee.db
2026/05/17 14:06:23 INFO database initialized path=/tmp/expedition-sim-3600410597/gogobee.db
2026/05/17 14:06:23 INFO dnd: armed ability fired (turn-based build) user=@sim:fighter-l12-dragons_lair-24 ability="Second Wind"
2026/05/17 14:06:23 INFO dnd: armed ability fired (turn-based build) user=@sim:fighter-l12-dragons_lair-24 ability="Second Wind"
2026/05/17 14:06:23 INFO dnd: armed ability fired (turn-based build) user=@sim:fighter-l12-dragons_lair-24 ability="Second Wind"
2026/05/17 14:06:23 INFO database initialized path=/tmp/expedition-sim-3716248094/gogobee.db
2026/05/17 14:06:23 INFO database initialized path=/tmp/expedition-sim-2662313258/gogobee.db
2026/05/17 14:06:23 INFO database initialized path=/tmp/expedition-sim-612211338/gogobee.db
2026/05/17 14:06:24 INFO database initialized path=/tmp/expedition-sim-2209071018/gogobee.db
2026/05/17 14:06:24 INFO database initialized path=/tmp/expedition-sim-562546662/gogobee.db
2026/05/17 14:06:24 INFO database initialized path=/tmp/expedition-sim-122198700/gogobee.db
2026/05/17 14:06:24 INFO database initialized path=/tmp/expedition-sim-3313474894/gogobee.db
2026/05/17 14:06:24 INFO database initialized path=/tmp/expedition-sim-627409792/gogobee.db
2026/05/17 14:06:24 INFO database initialized path=/tmp/expedition-sim-2281949510/gogobee.db
2026/05/17 14:06:24 INFO database initialized path=/tmp/expedition-sim-4052953666/gogobee.db
2026/05/17 14:06:24 INFO dnd: armed ability fired (turn-based build) user=@sim:fighter-l12-dragons_lair-25 ability="Second Wind"
2026/05/17 14:06:24 INFO dnd: armed ability fired (turn-based build) user=@sim:fighter-l12-dragons_lair-25 ability="Second Wind"
2026/05/17 14:06:24 INFO dnd: armed ability fired (turn-based build) user=@sim:fighter-l12-dragons_lair-25 ability="Second Wind"
2026/05/17 14:06:24 INFO database initialized path=/tmp/expedition-sim-4095987257/gogobee.db
2026/05/17 14:06:24 INFO database initialized path=/tmp/expedition-sim-1227803057/gogobee.db
2026/05/17 14:06:24 INFO database initialized path=/tmp/expedition-sim-672247353/gogobee.db
2026/05/17 14:06:24 INFO database initialized path=/tmp/expedition-sim-3544158716/gogobee.db
2026/05/17 14:06:24 INFO database initialized path=/tmp/expedition-sim-2707221929/gogobee.db
2026/05/17 14:06:24 INFO database initialized path=/tmp/expedition-sim-17313255/gogobee.db
2026/05/17 14:06:24 INFO database initialized path=/tmp/expedition-sim-4101956169/gogobee.db
2026/05/17 14:06:24 INFO database initialized path=/tmp/expedition-sim-3165336512/gogobee.db
2026/05/17 14:06:24 INFO database initialized path=/tmp/expedition-sim-2582177559/gogobee.db
2026/05/17 14:06:24 INFO dnd: armed ability fired (turn-based build) user=@sim:fighter-l12-dragons_lair-26 ability="Second Wind"
2026/05/17 14:06:24 INFO dnd: armed ability fired (turn-based build) user=@sim:fighter-l12-dragons_lair-26 ability="Second Wind"
2026/05/17 14:06:24 INFO dnd: armed ability fired (turn-based build) user=@sim:fighter-l12-dragons_lair-26 ability="Second Wind"
2026/05/17 14:06:24 INFO database initialized path=/tmp/expedition-sim-619271179/gogobee.db
2026/05/17 14:06:24 INFO database initialized path=/tmp/expedition-sim-3548671483/gogobee.db
2026/05/17 14:06:24 INFO database initialized path=/tmp/expedition-sim-707386425/gogobee.db
2026/05/17 14:06:24 INFO database initialized path=/tmp/expedition-sim-1427552793/gogobee.db
2026/05/17 14:06:24 INFO database initialized path=/tmp/expedition-sim-4136425424/gogobee.db
2026/05/17 14:06:25 INFO database initialized path=/tmp/expedition-sim-727942859/gogobee.db
2026/05/17 14:06:25 INFO database initialized path=/tmp/expedition-sim-659932883/gogobee.db
2026/05/17 14:06:25 INFO database initialized path=/tmp/expedition-sim-1236708215/gogobee.db
2026/05/17 14:06:25 INFO database initialized path=/tmp/expedition-sim-2016375936/gogobee.db
2026/05/17 14:06:25 INFO dnd: armed ability fired (turn-based build) user=@sim:fighter-l12-dragons_lair-27 ability="Second Wind"
2026/05/17 14:06:25 INFO dnd: armed ability fired (turn-based build) user=@sim:fighter-l12-dragons_lair-27 ability="Second Wind"
2026/05/17 14:06:25 INFO dnd: armed ability fired (turn-based build) user=@sim:fighter-l12-dragons_lair-27 ability="Second Wind"
2026/05/17 14:06:25 INFO database initialized path=/tmp/expedition-sim-2573843299/gogobee.db
2026/05/17 14:06:25 INFO database initialized path=/tmp/expedition-sim-972869916/gogobee.db
2026/05/17 14:06:25 INFO database initialized path=/tmp/expedition-sim-1196821080/gogobee.db
2026/05/17 14:06:25 INFO database initialized path=/tmp/expedition-sim-651757466/gogobee.db
2026/05/17 14:06:25 INFO database initialized path=/tmp/expedition-sim-2928748227/gogobee.db
2026/05/17 14:06:25 INFO database initialized path=/tmp/expedition-sim-1487020687/gogobee.db
2026/05/17 14:06:25 INFO database initialized path=/tmp/expedition-sim-735048575/gogobee.db
2026/05/17 14:06:25 INFO database initialized path=/tmp/expedition-sim-2063697705/gogobee.db
2026/05/17 14:06:25 INFO database initialized path=/tmp/expedition-sim-2191584963/gogobee.db
2026/05/17 14:06:25 INFO database initialized path=/tmp/expedition-sim-1557816523/gogobee.db
2026/05/17 14:06:25 INFO dnd: armed ability fired (turn-based build) user=@sim:fighter-l12-dragons_lair-28 ability="Second Wind"
2026/05/17 14:06:25 INFO dnd: armed ability fired (turn-based build) user=@sim:fighter-l12-dragons_lair-28 ability="Second Wind"
2026/05/17 14:06:25 INFO dnd: armed ability fired (turn-based build) user=@sim:fighter-l12-dragons_lair-28 ability="Second Wind"
2026/05/17 14:06:25 INFO database initialized path=/tmp/expedition-sim-294215902/gogobee.db
2026/05/17 14:06:25 INFO database initialized path=/tmp/expedition-sim-4055124995/gogobee.db
2026/05/17 14:06:25 INFO database initialized path=/tmp/expedition-sim-1690220336/gogobee.db
2026/05/17 14:06:25 INFO database initialized path=/tmp/expedition-sim-4132819533/gogobee.db
2026/05/17 14:06:25 INFO database initialized path=/tmp/expedition-sim-3011480359/gogobee.db
2026/05/17 14:06:25 INFO database initialized path=/tmp/expedition-sim-234607158/gogobee.db
2026/05/17 14:06:25 INFO database initialized path=/tmp/expedition-sim-1702391524/gogobee.db
2026/05/17 14:06:25 INFO database initialized path=/tmp/expedition-sim-1488572659/gogobee.db
2026/05/17 14:06:25 INFO database initialized path=/tmp/expedition-sim-1050583253/gogobee.db
2026/05/17 14:06:25 INFO database initialized path=/tmp/expedition-sim-2202102605/gogobee.db
2026/05/17 14:06:26 INFO database initialized path=/tmp/expedition-sim-1724972520/gogobee.db
2026/05/17 14:06:26 INFO dnd: armed ability fired (turn-based build) user=@sim:fighter-l12-dragons_lair-29 ability="Second Wind"
2026/05/17 14:06:26 INFO dnd: armed ability fired (turn-based build) user=@sim:fighter-l12-dragons_lair-29 ability="Second Wind"
2026/05/17 14:06:26 INFO database initialized path=/tmp/expedition-sim-4141130930/gogobee.db
2026/05/17 14:06:26 INFO dnd: armed ability fired (turn-based build) user=@sim:fighter-l12-dragons_lair-29 ability="Second Wind"
2026/05/17 14:06:26 INFO database initialized path=/tmp/expedition-sim-3938558891/gogobee.db
2026/05/17 14:06:26 INFO database initialized path=/tmp/expedition-sim-3259180950/gogobee.db
2026/05/17 14:06:26 INFO database initialized path=/tmp/expedition-sim-1924705799/gogobee.db
2026/05/17 14:06:26 INFO database initialized path=/tmp/expedition-sim-183156353/gogobee.db
2026/05/17 14:06:26 INFO database initialized path=/tmp/expedition-sim-1250377459/gogobee.db
2026/05/17 14:06:26 INFO database initialized path=/tmp/expedition-sim-2526587856/gogobee.db
2026/05/17 14:06:26 INFO database initialized path=/tmp/expedition-sim-91881035/gogobee.db
2026/05/17 14:06:26 INFO database initialized path=/tmp/expedition-sim-2428815100/gogobee.db
2026/05/17 14:06:26 INFO database initialized path=/tmp/expedition-sim-3397962427/gogobee.db
2026/05/17 14:06:26 INFO database initialized path=/tmp/expedition-sim-1267507914/gogobee.db
2026/05/17 14:06:26 INFO database initialized path=/tmp/expedition-sim-3508563729/gogobee.db
2026/05/17 14:06:26 INFO database initialized path=/tmp/expedition-sim-4277803594/gogobee.db
2026/05/17 14:06:26 INFO database initialized path=/tmp/expedition-sim-3526429357/gogobee.db
2026/05/17 14:06:26 INFO dnd: armed ability fired (turn-based build) user=@sim:fighter-l12-dragons_lair-30 ability="Second Wind"
2026/05/17 14:06:26 INFO dnd: armed ability fired (turn-based build) user=@sim:fighter-l12-dragons_lair-30 ability="Second Wind"
2026/05/17 14:06:26 INFO dnd: armed ability fired (turn-based build) user=@sim:fighter-l12-dragons_lair-30 ability="Second Wind"
2026/05/17 14:06:26 INFO database initialized path=/tmp/expedition-sim-1779930711/gogobee.db
2026/05/17 14:06:26 INFO database initialized path=/tmp/expedition-sim-1884378837/gogobee.db
2026/05/17 14:06:26 INFO database initialized path=/tmp/expedition-sim-382240013/gogobee.db
2026/05/17 14:06:26 INFO database initialized path=/tmp/expedition-sim-3480004989/gogobee.db
2026/05/17 14:06:26 INFO database initialized path=/tmp/expedition-sim-2741569345/gogobee.db
2026/05/17 14:06:26 INFO database initialized path=/tmp/expedition-sim-1947386355/gogobee.db
2026/05/17 14:06:26 INFO database initialized path=/tmp/expedition-sim-1911027434/gogobee.db
2026/05/17 14:06:26 INFO database initialized path=/tmp/expedition-sim-755539718/gogobee.db
2026/05/17 14:06:26 INFO database initialized path=/tmp/expedition-sim-1073822060/gogobee.db
2026/05/17 14:06:26 INFO database initialized path=/tmp/expedition-sim-2139788378/gogobee.db
2026/05/17 14:06:26 INFO database initialized path=/tmp/expedition-sim-739662602/gogobee.db
2026/05/17 14:06:26 INFO dnd: armed ability fired (turn-based build) user=@sim:fighter-l12-dragons_lair-31 ability="Second Wind"
2026/05/17 14:06:26 INFO dnd: armed ability fired (turn-based build) user=@sim:fighter-l12-dragons_lair-31 ability="Second Wind"
2026/05/17 14:06:26 INFO database initialized path=/tmp/expedition-sim-152440937/gogobee.db
2026/05/17 14:06:26 INFO dnd: armed ability fired (turn-based build) user=@sim:fighter-l12-dragons_lair-31 ability="Second Wind"
2026/05/17 14:06:26 INFO database initialized path=/tmp/expedition-sim-2313349976/gogobee.db
2026/05/17 14:06:26 INFO database initialized path=/tmp/expedition-sim-3835404916/gogobee.db
2026/05/17 14:06:26 INFO database initialized path=/tmp/expedition-sim-1595839294/gogobee.db
2026/05/17 14:06:27 INFO database initialized path=/tmp/expedition-sim-3953720518/gogobee.db
2026/05/17 14:06:27 INFO database initialized path=/tmp/expedition-sim-1232449150/gogobee.db
2026/05/17 14:06:27 INFO database initialized path=/tmp/expedition-sim-693602823/gogobee.db
2026/05/17 14:06:27 INFO database initialized path=/tmp/expedition-sim-1033636752/gogobee.db
2026/05/17 14:06:27 INFO database initialized path=/tmp/expedition-sim-101747191/gogobee.db
2026/05/17 14:06:27 INFO database initialized path=/tmp/expedition-sim-2367133709/gogobee.db
2026/05/17 14:06:27 INFO database initialized path=/tmp/expedition-sim-2815525640/gogobee.db
2026/05/17 14:06:27 INFO database initialized path=/tmp/expedition-sim-1353456343/gogobee.db
2026/05/17 14:06:27 INFO database initialized path=/tmp/expedition-sim-2780523425/gogobee.db
2026/05/17 14:06:27 INFO database initialized path=/tmp/expedition-sim-587083725/gogobee.db
2026/05/17 14:06:27 INFO database initialized path=/tmp/expedition-sim-2635105024/gogobee.db
2026/05/17 14:06:27 INFO dnd: armed ability fired (turn-based build) user=@sim:fighter-l12-dragons_lair-32 ability="Second Wind"
2026/05/17 14:06:27 INFO database initialized path=/tmp/expedition-sim-1265929802/gogobee.db
2026/05/17 14:06:27 INFO dnd: armed ability fired (turn-based build) user=@sim:fighter-l12-dragons_lair-32 ability="Second Wind"
2026/05/17 14:06:27 INFO database initialized path=/tmp/expedition-sim-2193214808/gogobee.db
2026/05/17 14:06:27 INFO database initialized path=/tmp/expedition-sim-1377005506/gogobee.db
2026/05/17 14:06:27 INFO dnd: armed ability fired (turn-based build) user=@sim:fighter-l12-dragons_lair-32 ability="Second Wind"
2026/05/17 14:06:27 INFO database initialized path=/tmp/expedition-sim-1919191251/gogobee.db
2026/05/17 14:06:27 INFO database initialized path=/tmp/expedition-sim-1171849318/gogobee.db
2026/05/17 14:06:27 INFO database initialized path=/tmp/expedition-sim-121258829/gogobee.db
2026/05/17 14:06:27 INFO database initialized path=/tmp/expedition-sim-2825898440/gogobee.db
2026/05/17 14:06:27 INFO database initialized path=/tmp/expedition-sim-4030815044/gogobee.db
2026/05/17 14:06:27 INFO database initialized path=/tmp/expedition-sim-1628480478/gogobee.db
2026/05/17 14:06:27 INFO database initialized path=/tmp/expedition-sim-1914276240/gogobee.db
2026/05/17 14:06:27 INFO database initialized path=/tmp/expedition-sim-1612934434/gogobee.db
2026/05/17 14:06:27 INFO database initialized path=/tmp/expedition-sim-1398795122/gogobee.db
2026/05/17 14:06:27 INFO database initialized path=/tmp/expedition-sim-1880357808/gogobee.db
2026/05/17 14:06:27 INFO database initialized path=/tmp/expedition-sim-1532954746/gogobee.db
2026/05/17 14:06:27 INFO database initialized path=/tmp/expedition-sim-2877848200/gogobee.db
2026/05/17 14:06:27 INFO dnd: armed ability fired (turn-based build) user=@sim:fighter-l12-dragons_lair-33 ability="Second Wind"
2026/05/17 14:06:27 INFO dnd: armed ability fired (turn-based build) user=@sim:fighter-l12-dragons_lair-33 ability="Second Wind"
2026/05/17 14:06:27 INFO database initialized path=/tmp/expedition-sim-4256566146/gogobee.db
2026/05/17 14:06:27 INFO dnd: armed ability fired (turn-based build) user=@sim:fighter-l12-dragons_lair-33 ability="Second Wind"
2026/05/17 14:06:27 INFO database initialized path=/tmp/expedition-sim-3032355235/gogobee.db
2026/05/17 14:06:27 INFO database initialized path=/tmp/expedition-sim-1116785302/gogobee.db
2026/05/17 14:06:28 INFO database initialized path=/tmp/expedition-sim-2876079457/gogobee.db
2026/05/17 14:06:28 INFO database initialized path=/tmp/expedition-sim-336204547/gogobee.db
2026/05/17 14:06:28 INFO database initialized path=/tmp/expedition-sim-584389749/gogobee.db
2026/05/17 14:06:28 INFO database initialized path=/tmp/expedition-sim-287944225/gogobee.db
2026/05/17 14:06:28 INFO database initialized path=/tmp/expedition-sim-2486416103/gogobee.db
2026/05/17 14:06:28 INFO database initialized path=/tmp/expedition-sim-2592907922/gogobee.db
2026/05/17 14:06:28 INFO database initialized path=/tmp/expedition-sim-355325913/gogobee.db
2026/05/17 14:06:28 INFO database initialized path=/tmp/expedition-sim-3188267791/gogobee.db
2026/05/17 14:06:28 INFO database initialized path=/tmp/expedition-sim-4037146797/gogobee.db
2026/05/17 14:06:28 INFO database initialized path=/tmp/expedition-sim-4099204211/gogobee.db
2026/05/17 14:06:28 INFO database initialized path=/tmp/expedition-sim-3407385508/gogobee.db
2026/05/17 14:06:28 INFO database initialized path=/tmp/expedition-sim-1777050078/gogobee.db
2026/05/17 14:06:28 INFO database initialized path=/tmp/expedition-sim-3288071501/gogobee.db
2026/05/17 14:06:28 INFO database initialized path=/tmp/expedition-sim-2187926437/gogobee.db
2026/05/17 14:06:28 INFO dnd: armed ability fired (turn-based build) user=@sim:fighter-l12-dragons_lair-34 ability="Second Wind"
2026/05/17 14:06:28 INFO dnd: armed ability fired (turn-based build) user=@sim:fighter-l12-dragons_lair-34 ability="Second Wind"
2026/05/17 14:06:28 INFO dnd: armed ability fired (turn-based build) user=@sim:fighter-l12-dragons_lair-34 ability="Second Wind"
2026/05/17 14:06:28 INFO database initialized path=/tmp/expedition-sim-3227005792/gogobee.db
2026/05/17 14:06:28 INFO database initialized path=/tmp/expedition-sim-3357415828/gogobee.db
2026/05/17 14:06:28 INFO database initialized path=/tmp/expedition-sim-3974881039/gogobee.db
2026/05/17 14:06:28 INFO database initialized path=/tmp/expedition-sim-3003092554/gogobee.db
2026/05/17 14:06:28 INFO database initialized path=/tmp/expedition-sim-3166120234/gogobee.db
2026/05/17 14:06:28 INFO database initialized path=/tmp/expedition-sim-2910880266/gogobee.db
2026/05/17 14:06:28 INFO database initialized path=/tmp/expedition-sim-571410239/gogobee.db
2026/05/17 14:06:28 INFO database initialized path=/tmp/expedition-sim-2195416915/gogobee.db
2026/05/17 14:06:28 INFO database initialized path=/tmp/expedition-sim-3734362816/gogobee.db
2026/05/17 14:06:28 INFO database initialized path=/tmp/expedition-sim-3671562376/gogobee.db
2026/05/17 14:06:28 INFO database initialized path=/tmp/expedition-sim-1719829027/gogobee.db
2026/05/17 14:06:28 INFO database initialized path=/tmp/expedition-sim-3064962545/gogobee.db
2026/05/17 14:06:28 INFO database initialized path=/tmp/expedition-sim-204432128/gogobee.db
2026/05/17 14:06:28 INFO database initialized path=/tmp/expedition-sim-1984383305/gogobee.db
2026/05/17 14:06:28 INFO database initialized path=/tmp/expedition-sim-1071262713/gogobee.db
2026/05/17 14:06:28 INFO database initialized path=/tmp/expedition-sim-1585591812/gogobee.db
2026/05/17 14:06:28 INFO database initialized path=/tmp/expedition-sim-3059914899/gogobee.db
2026/05/17 14:06:28 INFO database initialized path=/tmp/expedition-sim-3849371617/gogobee.db
2026/05/17 14:06:28 INFO dnd: armed ability fired (turn-based build) user=@sim:fighter-l12-dragons_lair-35 ability="Second Wind"
2026/05/17 14:06:28 INFO dnd: armed ability fired (turn-based build) user=@sim:fighter-l12-dragons_lair-35 ability="Second Wind"
2026/05/17 14:06:28 INFO dnd: armed ability fired (turn-based build) user=@sim:fighter-l12-dragons_lair-35 ability="Second Wind"
2026/05/17 14:06:28 INFO database initialized path=/tmp/expedition-sim-689875199/gogobee.db
2026/05/17 14:06:29 INFO database initialized path=/tmp/expedition-sim-3453619017/gogobee.db
2026/05/17 14:06:29 INFO database initialized path=/tmp/expedition-sim-2557015823/gogobee.db
2026/05/17 14:06:29 INFO database initialized path=/tmp/expedition-sim-2224338283/gogobee.db
2026/05/17 14:06:29 INFO database initialized path=/tmp/expedition-sim-2541854210/gogobee.db
2026/05/17 14:06:29 INFO database initialized path=/tmp/expedition-sim-1070637118/gogobee.db
2026/05/17 14:06:29 INFO database initialized path=/tmp/expedition-sim-3703857979/gogobee.db
2026/05/17 14:06:29 INFO database initialized path=/tmp/expedition-sim-2072039041/gogobee.db
2026/05/17 14:06:29 INFO database initialized path=/tmp/expedition-sim-538527360/gogobee.db
2026/05/17 14:06:29 INFO database initialized path=/tmp/expedition-sim-1452498994/gogobee.db
2026/05/17 14:06:29 INFO database initialized path=/tmp/expedition-sim-4194948539/gogobee.db
2026/05/17 14:06:29 INFO database initialized path=/tmp/expedition-sim-1834470275/gogobee.db
2026/05/17 14:06:29 INFO database initialized path=/tmp/expedition-sim-737635099/gogobee.db
2026/05/17 14:06:29 INFO database initialized path=/tmp/expedition-sim-3054988400/gogobee.db
2026/05/17 14:06:29 INFO dnd: armed ability fired (turn-based build) user=@sim:fighter-l12-dragons_lair-36 ability="Second Wind"
2026/05/17 14:06:29 INFO dnd: armed ability fired (turn-based build) user=@sim:fighter-l12-dragons_lair-36 ability="Second Wind"
2026/05/17 14:06:29 INFO database initialized path=/tmp/expedition-sim-2733783065/gogobee.db
2026/05/17 14:06:29 INFO dnd: armed ability fired (turn-based build) user=@sim:fighter-l12-dragons_lair-36 ability="Second Wind"
2026/05/17 14:06:29 INFO database initialized path=/tmp/expedition-sim-3618278879/gogobee.db
2026/05/17 14:06:29 INFO database initialized path=/tmp/expedition-sim-1751807279/gogobee.db
2026/05/17 14:06:29 INFO database initialized path=/tmp/expedition-sim-1532666750/gogobee.db
2026/05/17 14:06:29 INFO database initialized path=/tmp/expedition-sim-207496687/gogobee.db
2026/05/17 14:06:29 INFO database initialized path=/tmp/expedition-sim-3368206714/gogobee.db
2026/05/17 14:06:29 INFO database initialized path=/tmp/expedition-sim-568265758/gogobee.db
2026/05/17 14:06:29 INFO database initialized path=/tmp/expedition-sim-1715549480/gogobee.db
2026/05/17 14:06:29 INFO database initialized path=/tmp/expedition-sim-3571503437/gogobee.db
2026/05/17 14:06:29 INFO database initialized path=/tmp/expedition-sim-3441990598/gogobee.db
2026/05/17 14:06:29 INFO database initialized path=/tmp/expedition-sim-1777506725/gogobee.db
2026/05/17 14:06:29 INFO database initialized path=/tmp/expedition-sim-3561150353/gogobee.db
2026/05/17 14:06:29 INFO database initialized path=/tmp/expedition-sim-2874859893/gogobee.db
2026/05/17 14:06:29 INFO database initialized path=/tmp/expedition-sim-2778382562/gogobee.db
2026/05/17 14:06:29 INFO database initialized path=/tmp/expedition-sim-3235254488/gogobee.db
2026/05/17 14:06:29 INFO database initialized path=/tmp/expedition-sim-3749412777/gogobee.db
2026/05/17 14:06:29 INFO database initialized path=/tmp/expedition-sim-133022650/gogobee.db
2026/05/17 14:06:29 INFO dnd: armed ability fired (turn-based build) user=@sim:fighter-l12-dragons_lair-37 ability="Second Wind"
2026/05/17 14:06:29 INFO dnd: armed ability fired (turn-based build) user=@sim:fighter-l12-dragons_lair-37 ability="Second Wind"
2026/05/17 14:06:29 INFO dnd: armed ability fired (turn-based build) user=@sim:fighter-l12-dragons_lair-37 ability="Second Wind"
2026/05/17 14:06:29 INFO database initialized path=/tmp/expedition-sim-419681902/gogobee.db
2026/05/17 14:06:29 INFO database initialized path=/tmp/expedition-sim-528430688/gogobee.db
2026/05/17 14:06:29 INFO database initialized path=/tmp/expedition-sim-354668810/gogobee.db
2026/05/17 14:06:29 INFO database initialized path=/tmp/expedition-sim-3655059552/gogobee.db
2026/05/17 14:06:29 INFO database initialized path=/tmp/expedition-sim-1660670953/gogobee.db
2026/05/17 14:06:29 INFO database initialized path=/tmp/expedition-sim-202034950/gogobee.db
2026/05/17 14:06:29 INFO database initialized path=/tmp/expedition-sim-3045511133/gogobee.db
2026/05/17 14:06:30 INFO database initialized path=/tmp/expedition-sim-2583292643/gogobee.db
2026/05/17 14:06:30 INFO database initialized path=/tmp/expedition-sim-2834698690/gogobee.db
2026/05/17 14:06:30 INFO database initialized path=/tmp/expedition-sim-2062119212/gogobee.db
2026/05/17 14:06:30 INFO database initialized path=/tmp/expedition-sim-648523911/gogobee.db
2026/05/17 14:06:30 INFO database initialized path=/tmp/expedition-sim-1141619682/gogobee.db
2026/05/17 14:06:30 INFO database initialized path=/tmp/expedition-sim-961667305/gogobee.db
2026/05/17 14:06:30 INFO database initialized path=/tmp/expedition-sim-1161197949/gogobee.db
2026/05/17 14:06:30 INFO database initialized path=/tmp/expedition-sim-266912598/gogobee.db
2026/05/17 14:06:30 INFO database initialized path=/tmp/expedition-sim-309855261/gogobee.db
2026/05/17 14:06:30 INFO dnd: armed ability fired (turn-based build) user=@sim:fighter-l12-dragons_lair-38 ability="Second Wind"
2026/05/17 14:06:30 INFO dnd: armed ability fired (turn-based build) user=@sim:fighter-l12-dragons_lair-38 ability="Second Wind"
2026/05/17 14:06:30 INFO dnd: armed ability fired (turn-based build) user=@sim:fighter-l12-dragons_lair-38 ability="Second Wind"
2026/05/17 14:06:30 INFO database initialized path=/tmp/expedition-sim-1940332824/gogobee.db
2026/05/17 14:06:30 INFO database initialized path=/tmp/expedition-sim-4155410131/gogobee.db
2026/05/17 14:06:30 INFO database initialized path=/tmp/expedition-sim-1407997238/gogobee.db
2026/05/17 14:06:30 INFO database initialized path=/tmp/expedition-sim-327650494/gogobee.db
2026/05/17 14:06:30 INFO database initialized path=/tmp/expedition-sim-574080023/gogobee.db
2026/05/17 14:06:30 INFO database initialized path=/tmp/expedition-sim-2318159201/gogobee.db
2026/05/17 14:06:30 INFO database initialized path=/tmp/expedition-sim-1646882831/gogobee.db
2026/05/17 14:06:30 INFO database initialized path=/tmp/expedition-sim-1172061837/gogobee.db
2026/05/17 14:06:30 INFO database initialized path=/tmp/expedition-sim-2014312305/gogobee.db
2026/05/17 14:06:30 INFO database initialized path=/tmp/expedition-sim-1811663174/gogobee.db
2026/05/17 14:06:30 INFO database initialized path=/tmp/expedition-sim-3377117751/gogobee.db
2026/05/17 14:06:30 INFO database initialized path=/tmp/expedition-sim-3048636362/gogobee.db
2026/05/17 14:06:30 INFO database initialized path=/tmp/expedition-sim-2720901308/gogobee.db
2026/05/17 14:06:30 INFO database initialized path=/tmp/expedition-sim-2800893557/gogobee.db
2026/05/17 14:06:30 INFO database initialized path=/tmp/expedition-sim-161649500/gogobee.db
2026/05/17 14:06:30 INFO database initialized path=/tmp/expedition-sim-2189837148/gogobee.db
2026/05/17 14:06:30 INFO database initialized path=/tmp/expedition-sim-47539432/gogobee.db
2026/05/17 14:06:30 INFO database initialized path=/tmp/expedition-sim-3914414260/gogobee.db
2026/05/17 14:06:30 INFO database initialized path=/tmp/expedition-sim-2677393780/gogobee.db
2026/05/17 14:06:30 INFO dnd: armed ability fired (turn-based build) user=@sim:fighter-l12-dragons_lair-39 ability="Second Wind"
2026/05/17 14:06:30 INFO dnd: armed ability fired (turn-based build) user=@sim:fighter-l12-dragons_lair-39 ability="Second Wind"
2026/05/17 14:06:30 INFO database initialized path=/tmp/expedition-sim-4096772188/gogobee.db
2026/05/17 14:06:30 INFO dnd: armed ability fired (turn-based build) user=@sim:fighter-l12-dragons_lair-39 ability="Second Wind"
2026/05/17 14:06:30 INFO database initialized path=/tmp/expedition-sim-3034160929/gogobee.db
2026/05/17 14:06:30 INFO database initialized path=/tmp/expedition-sim-4100071403/gogobee.db
2026/05/17 14:06:30 INFO database initialized path=/tmp/expedition-sim-2547720249/gogobee.db
2026/05/17 14:06:30 INFO database initialized path=/tmp/expedition-sim-1442081363/gogobee.db
2026/05/17 14:06:30 INFO database initialized path=/tmp/expedition-sim-4245366934/gogobee.db
2026/05/17 14:06:30 INFO database initialized path=/tmp/expedition-sim-4159686117/gogobee.db
2026/05/17 14:06:30 INFO database initialized path=/tmp/expedition-sim-405805518/gogobee.db
2026/05/17 14:06:31 INFO database initialized path=/tmp/expedition-sim-3912749478/gogobee.db
2026/05/17 14:06:31 INFO database initialized path=/tmp/expedition-sim-2578231690/gogobee.db
2026/05/17 14:06:31 INFO database initialized path=/tmp/expedition-sim-1384024410/gogobee.db
2026/05/17 14:06:31 INFO database initialized path=/tmp/expedition-sim-1665124767/gogobee.db
2026/05/17 14:06:31 INFO database initialized path=/tmp/expedition-sim-3658725497/gogobee.db
2026/05/17 14:06:31 INFO database initialized path=/tmp/expedition-sim-3979476353/gogobee.db
2026/05/17 14:06:31 INFO database initialized path=/tmp/expedition-sim-1236603816/gogobee.db
2026/05/17 14:06:31 INFO database initialized path=/tmp/expedition-sim-3485559152/gogobee.db
2026/05/17 14:06:31 INFO database initialized path=/tmp/expedition-sim-450706957/gogobee.db
2026/05/17 14:06:31 INFO database initialized path=/tmp/expedition-sim-2355626212/gogobee.db
2026/05/17 14:06:31 INFO dnd: armed ability fired (turn-based build) user=@sim:fighter-l12-dragons_lair-40 ability="Second Wind"
2026/05/17 14:06:31 INFO dnd: armed ability fired (turn-based build) user=@sim:fighter-l12-dragons_lair-40 ability="Second Wind"
2026/05/17 14:06:31 INFO dnd: armed ability fired (turn-based build) user=@sim:fighter-l12-dragons_lair-40 ability="Second Wind"
2026/05/17 14:06:31 INFO database initialized path=/tmp/expedition-sim-2827046524/gogobee.db
2026/05/17 14:06:31 INFO database initialized path=/tmp/expedition-sim-2089827171/gogobee.db
2026/05/17 14:06:31 INFO database initialized path=/tmp/expedition-sim-2264307948/gogobee.db
2026/05/17 14:06:31 INFO database initialized path=/tmp/expedition-sim-2660859569/gogobee.db
2026/05/17 14:06:31 INFO database initialized path=/tmp/expedition-sim-2348912168/gogobee.db
2026/05/17 14:06:31 INFO database initialized path=/tmp/expedition-sim-2117467522/gogobee.db
2026/05/17 14:06:31 INFO database initialized path=/tmp/expedition-sim-948546932/gogobee.db
2026/05/17 14:06:31 INFO database initialized path=/tmp/expedition-sim-1452367660/gogobee.db
2026/05/17 14:06:31 INFO database initialized path=/tmp/expedition-sim-755323376/gogobee.db
2026/05/17 14:06:31 INFO database initialized path=/tmp/expedition-sim-1500974395/gogobee.db
2026/05/17 14:06:31 INFO database initialized path=/tmp/expedition-sim-299673163/gogobee.db
2026/05/17 14:06:31 INFO database initialized path=/tmp/expedition-sim-216365400/gogobee.db
2026/05/17 14:06:31 INFO dnd: armed ability fired (turn-based build) user=@sim:fighter-l12-dragons_lair-41 ability="Second Wind"
2026/05/17 14:06:31 INFO database initialized path=/tmp/expedition-sim-3489241675/gogobee.db
2026/05/17 14:06:31 INFO dnd: armed ability fired (turn-based build) user=@sim:fighter-l12-dragons_lair-41 ability="Second Wind"
2026/05/17 14:06:31 INFO database initialized path=/tmp/expedition-sim-1290566321/gogobee.db
2026/05/17 14:06:31 INFO database initialized path=/tmp/expedition-sim-1788874096/gogobee.db
2026/05/17 14:06:31 INFO dnd: armed ability fired (turn-based build) user=@sim:fighter-l12-dragons_lair-41 ability="Second Wind"
2026/05/17 14:06:31 INFO database initialized path=/tmp/expedition-sim-2153706884/gogobee.db
2026/05/17 14:06:31 INFO database initialized path=/tmp/expedition-sim-3955399475/gogobee.db
2026/05/17 14:06:31 INFO database initialized path=/tmp/expedition-sim-2056161783/gogobee.db
2026/05/17 14:06:31 INFO database initialized path=/tmp/expedition-sim-3661997652/gogobee.db
2026/05/17 14:06:31 INFO database initialized path=/tmp/expedition-sim-1239598584/gogobee.db
2026/05/17 14:06:31 INFO database initialized path=/tmp/expedition-sim-869612247/gogobee.db
2026/05/17 14:06:31 INFO database initialized path=/tmp/expedition-sim-4105671466/gogobee.db
2026/05/17 14:06:31 INFO database initialized path=/tmp/expedition-sim-3418887342/gogobee.db
2026/05/17 14:06:31 INFO database initialized path=/tmp/expedition-sim-1222942824/gogobee.db
2026/05/17 14:06:31 INFO database initialized path=/tmp/expedition-sim-1311915535/gogobee.db
2026/05/17 14:06:32 INFO database initialized path=/tmp/expedition-sim-1265177536/gogobee.db
2026/05/17 14:06:32 INFO database initialized path=/tmp/expedition-sim-553679872/gogobee.db
2026/05/17 14:06:32 INFO database initialized path=/tmp/expedition-sim-4120965080/gogobee.db
2026/05/17 14:06:32 INFO dnd: armed ability fired (turn-based build) user=@sim:fighter-l12-dragons_lair-42 ability="Second Wind"
2026/05/17 14:06:32 INFO dnd: armed ability fired (turn-based build) user=@sim:fighter-l12-dragons_lair-42 ability="Second Wind"
2026/05/17 14:06:32 INFO database initialized path=/tmp/expedition-sim-2293617601/gogobee.db
2026/05/17 14:06:32 INFO dnd: armed ability fired (turn-based build) user=@sim:fighter-l12-dragons_lair-42 ability="Second Wind"
2026/05/17 14:06:32 INFO database initialized path=/tmp/expedition-sim-2148467238/gogobee.db
2026/05/17 14:06:32 INFO database initialized path=/tmp/expedition-sim-1962328320/gogobee.db
2026/05/17 14:06:32 INFO database initialized path=/tmp/expedition-sim-2544482607/gogobee.db
2026/05/17 14:06:32 INFO database initialized path=/tmp/expedition-sim-2894814354/gogobee.db
2026/05/17 14:06:32 INFO database initialized path=/tmp/expedition-sim-3963877193/gogobee.db
2026/05/17 14:06:32 INFO database initialized path=/tmp/expedition-sim-3410478202/gogobee.db
2026/05/17 14:06:32 INFO database initialized path=/tmp/expedition-sim-3183225577/gogobee.db
2026/05/17 14:06:32 INFO database initialized path=/tmp/expedition-sim-160856987/gogobee.db
2026/05/17 14:06:32 INFO database initialized path=/tmp/expedition-sim-1393561295/gogobee.db
2026/05/17 14:06:32 INFO database initialized path=/tmp/expedition-sim-2133942323/gogobee.db
2026/05/17 14:06:32 INFO database initialized path=/tmp/expedition-sim-4022280779/gogobee.db
2026/05/17 14:06:32 INFO database initialized path=/tmp/expedition-sim-3437398982/gogobee.db
2026/05/17 14:06:32 INFO database initialized path=/tmp/expedition-sim-1217752662/gogobee.db
2026/05/17 14:06:32 INFO database initialized path=/tmp/expedition-sim-1464509970/gogobee.db
2026/05/17 14:06:32 INFO dnd: armed ability fired (turn-based build) user=@sim:fighter-l12-dragons_lair-43 ability="Second Wind"
2026/05/17 14:06:32 INFO dnd: armed ability fired (turn-based build) user=@sim:fighter-l12-dragons_lair-43 ability="Second Wind"
2026/05/17 14:06:32 INFO dnd: armed ability fired (turn-based build) user=@sim:fighter-l12-dragons_lair-43 ability="Second Wind"
2026/05/17 14:06:32 INFO database initialized path=/tmp/expedition-sim-1718823323/gogobee.db
2026/05/17 14:06:32 INFO database initialized path=/tmp/expedition-sim-1936871997/gogobee.db
2026/05/17 14:06:32 INFO database initialized path=/tmp/expedition-sim-3465259529/gogobee.db
2026/05/17 14:06:32 INFO database initialized path=/tmp/expedition-sim-3199451596/gogobee.db
2026/05/17 14:06:32 INFO database initialized path=/tmp/expedition-sim-1545862231/gogobee.db
2026/05/17 14:06:32 INFO database initialized path=/tmp/expedition-sim-977069778/gogobee.db
2026/05/17 14:06:32 INFO database initialized path=/tmp/expedition-sim-4000979860/gogobee.db
2026/05/17 14:06:32 INFO database initialized path=/tmp/expedition-sim-3080968823/gogobee.db
2026/05/17 14:06:32 INFO database initialized path=/tmp/expedition-sim-339352012/gogobee.db
2026/05/17 14:06:32 INFO database initialized path=/tmp/expedition-sim-920048583/gogobee.db
2026/05/17 14:06:32 INFO database initialized path=/tmp/expedition-sim-1046301723/gogobee.db
2026/05/17 14:06:32 INFO database initialized path=/tmp/expedition-sim-3973952180/gogobee.db
2026/05/17 14:06:32 INFO database initialized path=/tmp/expedition-sim-1271955050/gogobee.db
2026/05/17 14:06:32 INFO dnd: armed ability fired (turn-based build) user=@sim:fighter-l12-dragons_lair-44 ability="Second Wind"
2026/05/17 14:06:32 INFO dnd: armed ability fired (turn-based build) user=@sim:fighter-l12-dragons_lair-44 ability="Second Wind"
2026/05/17 14:06:32 INFO database initialized path=/tmp/expedition-sim-1943875360/gogobee.db
2026/05/17 14:06:32 INFO dnd: armed ability fired (turn-based build) user=@sim:fighter-l12-dragons_lair-44 ability="Second Wind"
2026/05/17 14:06:32 INFO database initialized path=/tmp/expedition-sim-1430248025/gogobee.db
2026/05/17 14:06:33 INFO database initialized path=/tmp/expedition-sim-4064608457/gogobee.db
2026/05/17 14:06:33 INFO database initialized path=/tmp/expedition-sim-1865433349/gogobee.db
2026/05/17 14:06:33 INFO database initialized path=/tmp/expedition-sim-3752148668/gogobee.db
2026/05/17 14:06:33 INFO database initialized path=/tmp/expedition-sim-654433337/gogobee.db
2026/05/17 14:06:33 INFO database initialized path=/tmp/expedition-sim-4095168522/gogobee.db
2026/05/17 14:06:33 INFO database initialized path=/tmp/expedition-sim-626128328/gogobee.db
2026/05/17 14:06:33 INFO database initialized path=/tmp/expedition-sim-1772515050/gogobee.db
2026/05/17 14:06:33 INFO database initialized path=/tmp/expedition-sim-3960696844/gogobee.db
2026/05/17 14:06:33 INFO database initialized path=/tmp/expedition-sim-4004362893/gogobee.db
2026/05/17 14:06:33 INFO database initialized path=/tmp/expedition-sim-1090680650/gogobee.db
2026/05/17 14:06:33 INFO database initialized path=/tmp/expedition-sim-1341939544/gogobee.db
2026/05/17 14:06:33 INFO database initialized path=/tmp/expedition-sim-3020059195/gogobee.db
2026/05/17 14:06:33 INFO database initialized path=/tmp/expedition-sim-604498970/gogobee.db
2026/05/17 14:06:33 INFO dnd: armed ability fired (turn-based build) user=@sim:fighter-l12-dragons_lair-45 ability="Second Wind"
2026/05/17 14:06:33 INFO dnd: armed ability fired (turn-based build) user=@sim:fighter-l12-dragons_lair-45 ability="Second Wind"
2026/05/17 14:06:33 INFO dnd: armed ability fired (turn-based build) user=@sim:fighter-l12-dragons_lair-45 ability="Second Wind"
2026/05/17 14:06:33 INFO database initialized path=/tmp/expedition-sim-2973869704/gogobee.db
2026/05/17 14:06:33 INFO database initialized path=/tmp/expedition-sim-275336859/gogobee.db
2026/05/17 14:06:33 INFO database initialized path=/tmp/expedition-sim-3385990020/gogobee.db
2026/05/17 14:06:33 INFO database initialized path=/tmp/expedition-sim-2976943863/gogobee.db
2026/05/17 14:06:33 INFO database initialized path=/tmp/expedition-sim-1768335647/gogobee.db
2026/05/17 14:06:33 INFO database initialized path=/tmp/expedition-sim-3771781842/gogobee.db
2026/05/17 14:06:33 INFO database initialized path=/tmp/expedition-sim-255861374/gogobee.db
2026/05/17 14:06:33 INFO database initialized path=/tmp/expedition-sim-2406946969/gogobee.db
2026/05/17 14:06:33 INFO database initialized path=/tmp/expedition-sim-487418563/gogobee.db
2026/05/17 14:06:33 INFO database initialized path=/tmp/expedition-sim-1183023184/gogobee.db
2026/05/17 14:06:33 INFO database initialized path=/tmp/expedition-sim-4189907547/gogobee.db
2026/05/17 14:06:33 INFO database initialized path=/tmp/expedition-sim-2171422607/gogobee.db
2026/05/17 14:06:33 INFO database initialized path=/tmp/expedition-sim-3987871392/gogobee.db
2026/05/17 14:06:33 INFO database initialized path=/tmp/expedition-sim-2180439911/gogobee.db
2026/05/17 14:06:33 INFO dnd: armed ability fired (turn-based build) user=@sim:fighter-l12-dragons_lair-46 ability="Second Wind"
2026/05/17 14:06:33 INFO database initialized path=/tmp/expedition-sim-2450562427/gogobee.db
2026/05/17 14:06:33 INFO dnd: armed ability fired (turn-based build) user=@sim:fighter-l12-dragons_lair-46 ability="Second Wind"
2026/05/17 14:06:33 INFO database initialized path=/tmp/expedition-sim-137573970/gogobee.db
2026/05/17 14:06:33 INFO dnd: armed ability fired (turn-based build) user=@sim:fighter-l12-dragons_lair-46 ability="Second Wind"
2026/05/17 14:06:33 INFO database initialized path=/tmp/expedition-sim-765782004/gogobee.db
2026/05/17 14:06:33 INFO database initialized path=/tmp/expedition-sim-275034683/gogobee.db
2026/05/17 14:06:33 INFO database initialized path=/tmp/expedition-sim-3640956162/gogobee.db
2026/05/17 14:06:33 INFO database initialized path=/tmp/expedition-sim-483108817/gogobee.db
2026/05/17 14:06:33 INFO database initialized path=/tmp/expedition-sim-4135731890/gogobee.db
2026/05/17 14:06:33 INFO database initialized path=/tmp/expedition-sim-1036516073/gogobee.db
2026/05/17 14:06:34 INFO database initialized path=/tmp/expedition-sim-3805330928/gogobee.db
2026/05/17 14:06:34 INFO database initialized path=/tmp/expedition-sim-1679187439/gogobee.db
2026/05/17 14:06:34 INFO database initialized path=/tmp/expedition-sim-1368503207/gogobee.db
2026/05/17 14:06:34 INFO database initialized path=/tmp/expedition-sim-1796875126/gogobee.db
2026/05/17 14:06:34 INFO database initialized path=/tmp/expedition-sim-1332102550/gogobee.db
2026/05/17 14:06:34 INFO database initialized path=/tmp/expedition-sim-2192037350/gogobee.db
2026/05/17 14:06:34 INFO database initialized path=/tmp/expedition-sim-3689690904/gogobee.db
2026/05/17 14:06:34 INFO database initialized path=/tmp/expedition-sim-397694815/gogobee.db
2026/05/17 14:06:34 INFO dnd: armed ability fired (turn-based build) user=@sim:fighter-l12-dragons_lair-47 ability="Second Wind"
2026/05/17 14:06:34 INFO dnd: armed ability fired (turn-based build) user=@sim:fighter-l12-dragons_lair-47 ability="Second Wind"
2026/05/17 14:06:34 INFO dnd: armed ability fired (turn-based build) user=@sim:fighter-l12-dragons_lair-47 ability="Second Wind"
2026/05/17 14:06:34 INFO database initialized path=/tmp/expedition-sim-3863900228/gogobee.db
2026/05/17 14:06:34 INFO database initialized path=/tmp/expedition-sim-2105131758/gogobee.db
2026/05/17 14:06:34 INFO database initialized path=/tmp/expedition-sim-4072971553/gogobee.db
2026/05/17 14:06:34 INFO database initialized path=/tmp/expedition-sim-1703916675/gogobee.db
2026/05/17 14:06:34 INFO database initialized path=/tmp/expedition-sim-3039524536/gogobee.db
2026/05/17 14:06:34 INFO database initialized path=/tmp/expedition-sim-3397991076/gogobee.db
2026/05/17 14:06:34 INFO database initialized path=/tmp/expedition-sim-3456393544/gogobee.db
2026/05/17 14:06:34 INFO database initialized path=/tmp/expedition-sim-672120436/gogobee.db
2026/05/17 14:06:34 INFO database initialized path=/tmp/expedition-sim-3465878369/gogobee.db
2026/05/17 14:06:34 INFO database initialized path=/tmp/expedition-sim-3993694225/gogobee.db
2026/05/17 14:06:34 INFO database initialized path=/tmp/expedition-sim-1311067189/gogobee.db
2026/05/17 14:06:34 INFO database initialized path=/tmp/expedition-sim-4194439429/gogobee.db
2026/05/17 14:06:34 INFO database initialized path=/tmp/expedition-sim-2340379602/gogobee.db
2026/05/17 14:06:34 INFO database initialized path=/tmp/expedition-sim-2451778195/gogobee.db
2026/05/17 14:06:34 INFO database initialized path=/tmp/expedition-sim-2210881257/gogobee.db
2026/05/17 14:06:34 INFO database initialized path=/tmp/expedition-sim-1478588531/gogobee.db
2026/05/17 14:06:34 INFO dnd: armed ability fired (turn-based build) user=@sim:fighter-l12-dragons_lair-48 ability="Second Wind"
2026/05/17 14:06:34 INFO dnd: armed ability fired (turn-based build) user=@sim:fighter-l12-dragons_lair-48 ability="Second Wind"
2026/05/17 14:06:34 INFO database initialized path=/tmp/expedition-sim-1371241848/gogobee.db
2026/05/17 14:06:34 INFO dnd: armed ability fired (turn-based build) user=@sim:fighter-l12-dragons_lair-48 ability="Second Wind"
2026/05/17 14:06:34 INFO database initialized path=/tmp/expedition-sim-4125045913/gogobee.db
2026/05/17 14:06:34 INFO database initialized path=/tmp/expedition-sim-2192039913/gogobee.db
2026/05/17 14:06:34 INFO database initialized path=/tmp/expedition-sim-3580098590/gogobee.db
2026/05/17 14:06:34 INFO database initialized path=/tmp/expedition-sim-3598171634/gogobee.db
2026/05/17 14:06:34 INFO database initialized path=/tmp/expedition-sim-1522333930/gogobee.db
2026/05/17 14:06:34 INFO database initialized path=/tmp/expedition-sim-3122365455/gogobee.db
2026/05/17 14:06:34 INFO database initialized path=/tmp/expedition-sim-1194447607/gogobee.db
2026/05/17 14:06:34 INFO database initialized path=/tmp/expedition-sim-2381945424/gogobee.db
2026/05/17 14:06:34 INFO database initialized path=/tmp/expedition-sim-2598914992/gogobee.db
2026/05/17 14:06:35 INFO database initialized path=/tmp/expedition-sim-977776629/gogobee.db
2026/05/17 14:06:35 INFO database initialized path=/tmp/expedition-sim-345124513/gogobee.db
2026/05/17 14:06:35 INFO database initialized path=/tmp/expedition-sim-748351445/gogobee.db
2026/05/17 14:06:35 INFO database initialized path=/tmp/expedition-sim-1528942999/gogobee.db
2026/05/17 14:06:35 INFO database initialized path=/tmp/expedition-sim-1491860909/gogobee.db
2026/05/17 14:06:35 INFO database initialized path=/tmp/expedition-sim-945514337/gogobee.db
2026/05/17 14:06:35 INFO database initialized path=/tmp/expedition-sim-3994083121/gogobee.db
2026/05/17 14:06:35 INFO database initialized path=/tmp/expedition-sim-2049527221/gogobee.db
2026/05/17 14:06:35 INFO dnd: armed ability fired (turn-based build) user=@sim:fighter-l12-dragons_lair-49 ability="Second Wind"
2026/05/17 14:06:35 INFO dnd: armed ability fired (turn-based build) user=@sim:fighter-l12-dragons_lair-49 ability="Second Wind"
2026/05/17 14:06:35 INFO dnd: armed ability fired (turn-based build) user=@sim:fighter-l12-dragons_lair-49 ability="Second Wind"
2026/05/17 14:06:35 INFO database initialized path=/tmp/expedition-sim-759065810/gogobee.db
2026/05/17 14:06:35 INFO database initialized path=/tmp/expedition-sim-2080676001/gogobee.db
2026/05/17 14:06:35 INFO database initialized path=/tmp/expedition-sim-1969975620/gogobee.db
2026/05/17 14:06:35 INFO database initialized path=/tmp/expedition-sim-3872847274/gogobee.db
2026/05/17 14:06:35 INFO database initialized path=/tmp/expedition-sim-4203924100/gogobee.db
2026/05/17 14:06:35 INFO database initialized path=/tmp/expedition-sim-2449552875/gogobee.db
2026/05/17 14:06:35 INFO database initialized path=/tmp/expedition-sim-4115906096/gogobee.db
2026/05/17 14:06:35 INFO database initialized path=/tmp/expedition-sim-2826202877/gogobee.db
2026/05/17 14:06:35 INFO database initialized path=/tmp/expedition-sim-720982697/gogobee.db
2026/05/17 14:06:35 INFO database initialized path=/tmp/expedition-sim-475241027/gogobee.db
2026/05/17 14:06:35 INFO database initialized path=/tmp/expedition-sim-2961511161/gogobee.db
2026/05/17 14:06:35 INFO database initialized path=/tmp/expedition-sim-1360496504/gogobee.db
2026/05/17 14:06:35 INFO database initialized path=/tmp/expedition-sim-3523712693/gogobee.db
2026/05/17 14:06:35 INFO database initialized path=/tmp/expedition-sim-990131468/gogobee.db
2026/05/17 14:06:35 INFO database initialized path=/tmp/expedition-sim-966125951/gogobee.db
2026/05/17 14:06:35 INFO database initialized path=/tmp/expedition-sim-3740720168/gogobee.db
2026/05/17 14:06:35 INFO database initialized path=/tmp/expedition-sim-1160028140/gogobee.db
2026/05/17 14:06:35 INFO dnd: armed ability fired (turn-based build) user=@sim:fighter-l12-dragons_lair-50 ability="Second Wind"
2026/05/17 14:06:35 INFO dnd: armed ability fired (turn-based build) user=@sim:fighter-l12-dragons_lair-50 ability="Second Wind"
2026/05/17 14:06:35 INFO dnd: armed ability fired (turn-based build) user=@sim:fighter-l12-dragons_lair-50 ability="Second Wind"
2026/05/17 14:06:35 INFO database initialized path=/tmp/expedition-sim-3658979635/gogobee.db
2026/05/17 14:06:35 INFO database initialized path=/tmp/expedition-sim-4120386325/gogobee.db
2026/05/17 14:06:35 INFO database initialized path=/tmp/expedition-sim-309179457/gogobee.db
2026/05/17 14:06:35 INFO database initialized path=/tmp/expedition-sim-2735609888/gogobee.db
2026/05/17 14:06:35 INFO database initialized path=/tmp/expedition-sim-1638773681/gogobee.db
2026/05/17 14:06:35 INFO database initialized path=/tmp/expedition-sim-544501009/gogobee.db
2026/05/17 14:06:35 INFO database initialized path=/tmp/expedition-sim-3097889213/gogobee.db
2026/05/17 14:06:35 INFO database initialized path=/tmp/expedition-sim-4057930610/gogobee.db
2026/05/17 14:06:35 INFO database initialized path=/tmp/expedition-sim-1469126532/gogobee.db
2026/05/17 14:06:35 INFO database initialized path=/tmp/expedition-sim-761316198/gogobee.db
2026/05/17 14:06:35 INFO database initialized path=/tmp/expedition-sim-2864413285/gogobee.db
2026/05/17 14:06:36 INFO database initialized path=/tmp/expedition-sim-805399550/gogobee.db
2026/05/17 14:06:36 INFO database initialized path=/tmp/expedition-sim-2018025584/gogobee.db
2026/05/17 14:06:36 INFO dnd: armed ability fired (turn-based build) user=@sim:fighter-l12-dragons_lair-51 ability="Second Wind"
2026/05/17 14:06:36 INFO dnd: armed ability fired (turn-based build) user=@sim:fighter-l12-dragons_lair-51 ability="Second Wind"
2026/05/17 14:06:36 INFO dnd: armed ability fired (turn-based build) user=@sim:fighter-l12-dragons_lair-51 ability="Second Wind"
2026/05/17 14:06:36 INFO database initialized path=/tmp/expedition-sim-3090598283/gogobee.db
2026/05/17 14:06:36 INFO database initialized path=/tmp/expedition-sim-4159269343/gogobee.db
2026/05/17 14:06:36 INFO database initialized path=/tmp/expedition-sim-3064379087/gogobee.db
2026/05/17 14:06:36 INFO database initialized path=/tmp/expedition-sim-11361478/gogobee.db
2026/05/17 14:06:36 INFO database initialized path=/tmp/expedition-sim-3626561050/gogobee.db
2026/05/17 14:06:36 INFO database initialized path=/tmp/expedition-sim-3719803402/gogobee.db
2026/05/17 14:06:36 INFO database initialized path=/tmp/expedition-sim-2196305753/gogobee.db
2026/05/17 14:06:36 INFO database initialized path=/tmp/expedition-sim-1391625939/gogobee.db
2026/05/17 14:06:36 INFO database initialized path=/tmp/expedition-sim-3706347527/gogobee.db
2026/05/17 14:06:36 INFO database initialized path=/tmp/expedition-sim-3210588904/gogobee.db
2026/05/17 14:06:36 INFO database initialized path=/tmp/expedition-sim-822752745/gogobee.db
2026/05/17 14:06:36 INFO database initialized path=/tmp/expedition-sim-1358132984/gogobee.db
2026/05/17 14:06:36 INFO database initialized path=/tmp/expedition-sim-982949111/gogobee.db
2026/05/17 14:06:36 INFO database initialized path=/tmp/expedition-sim-1396825947/gogobee.db
2026/05/17 14:06:36 INFO database initialized path=/tmp/expedition-sim-451254498/gogobee.db
2026/05/17 14:06:36 INFO database initialized path=/tmp/expedition-sim-1544103883/gogobee.db
2026/05/17 14:06:36 INFO dnd: armed ability fired (turn-based build) user=@sim:fighter-l12-dragons_lair-52 ability="Second Wind"
2026/05/17 14:06:36 INFO database initialized path=/tmp/expedition-sim-4065297308/gogobee.db
2026/05/17 14:06:36 INFO dnd: armed ability fired (turn-based build) user=@sim:fighter-l12-dragons_lair-52 ability="Second Wind"
2026/05/17 14:06:36 INFO dnd: armed ability fired (turn-based build) user=@sim:fighter-l12-dragons_lair-52 ability="Second Wind"
2026/05/17 14:06:36 INFO database initialized path=/tmp/expedition-sim-3912354079/gogobee.db
2026/05/17 14:06:36 INFO database initialized path=/tmp/expedition-sim-1869269803/gogobee.db
2026/05/17 14:06:36 INFO database initialized path=/tmp/expedition-sim-3023585378/gogobee.db
2026/05/17 14:06:36 INFO database initialized path=/tmp/expedition-sim-3956168449/gogobee.db
2026/05/17 14:06:36 INFO database initialized path=/tmp/expedition-sim-4180060403/gogobee.db
2026/05/17 14:06:36 INFO database initialized path=/tmp/expedition-sim-1100068503/gogobee.db
2026/05/17 14:06:36 INFO database initialized path=/tmp/expedition-sim-328991758/gogobee.db
2026/05/17 14:06:36 INFO database initialized path=/tmp/expedition-sim-869928463/gogobee.db
2026/05/17 14:06:36 INFO database initialized path=/tmp/expedition-sim-1593746128/gogobee.db
2026/05/17 14:06:36 INFO database initialized path=/tmp/expedition-sim-313985992/gogobee.db
2026/05/17 14:06:36 INFO database initialized path=/tmp/expedition-sim-169204111/gogobee.db
2026/05/17 14:06:36 INFO database initialized path=/tmp/expedition-sim-165969854/gogobee.db
2026/05/17 14:06:36 INFO database initialized path=/tmp/expedition-sim-3011859499/gogobee.db
2026/05/17 14:06:36 INFO database initialized path=/tmp/expedition-sim-1918737849/gogobee.db
2026/05/17 14:06:36 INFO database initialized path=/tmp/expedition-sim-1667508251/gogobee.db
2026/05/17 14:06:36 INFO database initialized path=/tmp/expedition-sim-3866590843/gogobee.db
2026/05/17 14:06:37 INFO database initialized path=/tmp/expedition-sim-2460581840/gogobee.db
2026/05/17 14:06:37 INFO database initialized path=/tmp/expedition-sim-3506713391/gogobee.db
2026/05/17 14:06:37 INFO database initialized path=/tmp/expedition-sim-3688033036/gogobee.db
2026/05/17 14:06:37 INFO database initialized path=/tmp/expedition-sim-2992925616/gogobee.db
2026/05/17 14:06:37 INFO database initialized path=/tmp/expedition-sim-2792090452/gogobee.db
2026/05/17 14:06:37 INFO database initialized path=/tmp/expedition-sim-526734627/gogobee.db
2026/05/17 14:06:37 INFO database initialized path=/tmp/expedition-sim-2930489355/gogobee.db
2026/05/17 14:06:37 INFO database initialized path=/tmp/expedition-sim-3435755296/gogobee.db
2026/05/17 14:06:37 INFO database initialized path=/tmp/expedition-sim-2505009127/gogobee.db
2026/05/17 14:06:37 INFO dnd: armed ability fired (turn-based build) user=@sim:fighter-l12-dragons_lair-53 ability="Second Wind"
2026/05/17 14:06:37 INFO database initialized path=/tmp/expedition-sim-1443304172/gogobee.db
2026/05/17 14:06:37 INFO dnd: armed ability fired (turn-based build) user=@sim:fighter-l12-dragons_lair-53 ability="Second Wind"
2026/05/17 14:06:37 INFO dnd: armed ability fired (turn-based build) user=@sim:fighter-l12-dragons_lair-53 ability="Second Wind"
2026/05/17 14:06:37 INFO database initialized path=/tmp/expedition-sim-3699476866/gogobee.db
2026/05/17 14:06:37 INFO database initialized path=/tmp/expedition-sim-2702032198/gogobee.db
2026/05/17 14:06:37 INFO database initialized path=/tmp/expedition-sim-1344633563/gogobee.db
2026/05/17 14:06:37 INFO database initialized path=/tmp/expedition-sim-657387667/gogobee.db
2026/05/17 14:06:37 INFO database initialized path=/tmp/expedition-sim-1322558138/gogobee.db
2026/05/17 14:06:37 INFO database initialized path=/tmp/expedition-sim-3577350843/gogobee.db
2026/05/17 14:06:37 INFO database initialized path=/tmp/expedition-sim-1168649634/gogobee.db
2026/05/17 14:06:37 INFO database initialized path=/tmp/expedition-sim-75113247/gogobee.db
2026/05/17 14:06:37 INFO database initialized path=/tmp/expedition-sim-1001440349/gogobee.db
2026/05/17 14:06:37 INFO database initialized path=/tmp/expedition-sim-1181142221/gogobee.db
2026/05/17 14:06:37 INFO database initialized path=/tmp/expedition-sim-1407417845/gogobee.db
2026/05/17 14:06:37 INFO database initialized path=/tmp/expedition-sim-2969281063/gogobee.db
2026/05/17 14:06:37 INFO database initialized path=/tmp/expedition-sim-1521503814/gogobee.db
2026/05/17 14:06:37 INFO database initialized path=/tmp/expedition-sim-462012186/gogobee.db
2026/05/17 14:06:37 INFO database initialized path=/tmp/expedition-sim-4039486620/gogobee.db
2026/05/17 14:06:37 INFO database initialized path=/tmp/expedition-sim-2007776165/gogobee.db
2026/05/17 14:06:37 INFO database initialized path=/tmp/expedition-sim-2875281807/gogobee.db
2026/05/17 14:06:37 INFO database initialized path=/tmp/expedition-sim-3669690878/gogobee.db
2026/05/17 14:06:37 INFO database initialized path=/tmp/expedition-sim-1252093240/gogobee.db
2026/05/17 14:06:37 INFO database initialized path=/tmp/expedition-sim-2604403331/gogobee.db
2026/05/17 14:06:37 INFO database initialized path=/tmp/expedition-sim-1112763237/gogobee.db
2026/05/17 14:06:37 INFO database initialized path=/tmp/expedition-sim-3788501439/gogobee.db
2026/05/17 14:06:37 INFO dnd: armed ability fired (turn-based build) user=@sim:fighter-l12-dragons_lair-54 ability="Second Wind"
2026/05/17 14:06:37 INFO dnd: armed ability fired (turn-based build) user=@sim:fighter-l12-dragons_lair-54 ability="Second Wind"
2026/05/17 14:06:37 INFO database initialized path=/tmp/expedition-sim-1847108686/gogobee.db
2026/05/17 14:06:37 INFO dnd: armed ability fired (turn-based build) user=@sim:fighter-l12-dragons_lair-54 ability="Second Wind"
2026/05/17 14:06:37 INFO database initialized path=/tmp/expedition-sim-3270877732/gogobee.db
2026/05/17 14:06:37 INFO database initialized path=/tmp/expedition-sim-1246181751/gogobee.db
2026/05/17 14:06:37 INFO database initialized path=/tmp/expedition-sim-4253132357/gogobee.db
2026/05/17 14:06:37 INFO database initialized path=/tmp/expedition-sim-4237723338/gogobee.db
2026/05/17 14:06:38 INFO database initialized path=/tmp/expedition-sim-1862866281/gogobee.db
2026/05/17 14:06:38 INFO database initialized path=/tmp/expedition-sim-1556894206/gogobee.db
2026/05/17 14:06:38 INFO database initialized path=/tmp/expedition-sim-606657627/gogobee.db
2026/05/17 14:06:38 INFO database initialized path=/tmp/expedition-sim-3134238071/gogobee.db
2026/05/17 14:06:38 INFO database initialized path=/tmp/expedition-sim-2790603335/gogobee.db
2026/05/17 14:06:38 INFO database initialized path=/tmp/expedition-sim-3836870017/gogobee.db
2026/05/17 14:06:38 INFO database initialized path=/tmp/expedition-sim-2518006273/gogobee.db
2026/05/17 14:06:38 INFO database initialized path=/tmp/expedition-sim-1308130009/gogobee.db
2026/05/17 14:06:38 INFO database initialized path=/tmp/expedition-sim-2344388712/gogobee.db
2026/05/17 14:06:38 INFO database initialized path=/tmp/expedition-sim-1751185170/gogobee.db
2026/05/17 14:06:38 INFO database initialized path=/tmp/expedition-sim-2015846770/gogobee.db
2026/05/17 14:06:38 INFO dnd: armed ability fired (turn-based build) user=@sim:fighter-l12-dragons_lair-55 ability="Second Wind"
2026/05/17 14:06:38 INFO dnd: armed ability fired (turn-based build) user=@sim:fighter-l12-dragons_lair-55 ability="Second Wind"
2026/05/17 14:06:38 INFO dnd: armed ability fired (turn-based build) user=@sim:fighter-l12-dragons_lair-55 ability="Second Wind"
2026/05/17 14:06:38 INFO database initialized path=/tmp/expedition-sim-553273272/gogobee.db
2026/05/17 14:06:38 INFO database initialized path=/tmp/expedition-sim-1877106414/gogobee.db
2026/05/17 14:06:38 INFO database initialized path=/tmp/expedition-sim-2259043840/gogobee.db
2026/05/17 14:06:38 INFO database initialized path=/tmp/expedition-sim-132121297/gogobee.db
2026/05/17 14:06:38 INFO database initialized path=/tmp/expedition-sim-1537207670/gogobee.db
2026/05/17 14:06:38 INFO database initialized path=/tmp/expedition-sim-1163494220/gogobee.db
2026/05/17 14:06:38 INFO database initialized path=/tmp/expedition-sim-108887883/gogobee.db
2026/05/17 14:06:38 INFO database initialized path=/tmp/expedition-sim-3767258521/gogobee.db
2026/05/17 14:06:38 INFO database initialized path=/tmp/expedition-sim-1912515956/gogobee.db
2026/05/17 14:06:38 INFO database initialized path=/tmp/expedition-sim-3975072433/gogobee.db
2026/05/17 14:06:38 INFO database initialized path=/tmp/expedition-sim-3783411542/gogobee.db
2026/05/17 14:06:38 INFO database initialized path=/tmp/expedition-sim-2492446109/gogobee.db
2026/05/17 14:06:38 INFO database initialized path=/tmp/expedition-sim-295780004/gogobee.db
2026/05/17 14:06:38 INFO database initialized path=/tmp/expedition-sim-1703474076/gogobee.db
2026/05/17 14:06:38 INFO database initialized path=/tmp/expedition-sim-3370944100/gogobee.db
2026/05/17 14:06:38 INFO dnd: armed ability fired (turn-based build) user=@sim:fighter-l12-dragons_lair-56 ability="Second Wind"
2026/05/17 14:06:38 INFO dnd: armed ability fired (turn-based build) user=@sim:fighter-l12-dragons_lair-56 ability="Second Wind"
2026/05/17 14:06:38 INFO dnd: armed ability fired (turn-based build) user=@sim:fighter-l12-dragons_lair-56 ability="Second Wind"
2026/05/17 14:06:38 INFO database initialized path=/tmp/expedition-sim-760600377/gogobee.db
2026/05/17 14:06:38 INFO database initialized path=/tmp/expedition-sim-2240188226/gogobee.db
2026/05/17 14:06:38 INFO database initialized path=/tmp/expedition-sim-2212942989/gogobee.db
2026/05/17 14:06:38 INFO database initialized path=/tmp/expedition-sim-1100450038/gogobee.db
2026/05/17 14:06:38 INFO database initialized path=/tmp/expedition-sim-2140440290/gogobee.db
2026/05/17 14:06:38 INFO database initialized path=/tmp/expedition-sim-2332033325/gogobee.db
2026/05/17 14:06:38 INFO database initialized path=/tmp/expedition-sim-1863515300/gogobee.db
2026/05/17 14:06:39 INFO database initialized path=/tmp/expedition-sim-1234225708/gogobee.db
2026/05/17 14:06:39 INFO database initialized path=/tmp/expedition-sim-766223930/gogobee.db
2026/05/17 14:06:39 INFO database initialized path=/tmp/expedition-sim-3512731679/gogobee.db
2026/05/17 14:06:39 INFO database initialized path=/tmp/expedition-sim-394082917/gogobee.db
2026/05/17 14:06:39 INFO database initialized path=/tmp/expedition-sim-715805989/gogobee.db
2026/05/17 14:06:39 INFO database initialized path=/tmp/expedition-sim-3470560801/gogobee.db
2026/05/17 14:06:39 INFO database initialized path=/tmp/expedition-sim-2021276647/gogobee.db
2026/05/17 14:06:39 INFO database initialized path=/tmp/expedition-sim-4035786709/gogobee.db
2026/05/17 14:06:39 INFO database initialized path=/tmp/expedition-sim-4180287413/gogobee.db
2026/05/17 14:06:39 INFO database initialized path=/tmp/expedition-sim-930358433/gogobee.db
2026/05/17 14:06:39 INFO database initialized path=/tmp/expedition-sim-2474058413/gogobee.db
2026/05/17 14:06:39 INFO database initialized path=/tmp/expedition-sim-1689501818/gogobee.db
2026/05/17 14:06:39 INFO database initialized path=/tmp/expedition-sim-1592609516/gogobee.db
2026/05/17 14:06:39 INFO database initialized path=/tmp/expedition-sim-2732556770/gogobee.db
2026/05/17 14:06:39 INFO database initialized path=/tmp/expedition-sim-10822947/gogobee.db
2026/05/17 14:06:39 INFO dnd: armed ability fired (turn-based build) user=@sim:fighter-l12-dragons_lair-57 ability="Second Wind"
2026/05/17 14:06:39 INFO dnd: armed ability fired (turn-based build) user=@sim:fighter-l12-dragons_lair-57 ability="Second Wind"
2026/05/17 14:06:39 INFO database initialized path=/tmp/expedition-sim-2872055656/gogobee.db
2026/05/17 14:06:39 INFO dnd: armed ability fired (turn-based build) user=@sim:fighter-l12-dragons_lair-57 ability="Second Wind"
2026/05/17 14:06:39 INFO database initialized path=/tmp/expedition-sim-2460995471/gogobee.db
2026/05/17 14:06:39 INFO database initialized path=/tmp/expedition-sim-1777656274/gogobee.db
2026/05/17 14:06:39 INFO database initialized path=/tmp/expedition-sim-2552932518/gogobee.db
2026/05/17 14:06:39 INFO database initialized path=/tmp/expedition-sim-1458768749/gogobee.db
2026/05/17 14:06:39 INFO database initialized path=/tmp/expedition-sim-2212431543/gogobee.db
2026/05/17 14:06:39 INFO database initialized path=/tmp/expedition-sim-592570510/gogobee.db
2026/05/17 14:06:39 INFO database initialized path=/tmp/expedition-sim-710300784/gogobee.db
2026/05/17 14:06:39 INFO database initialized path=/tmp/expedition-sim-1595411492/gogobee.db
2026/05/17 14:06:39 INFO database initialized path=/tmp/expedition-sim-1343857619/gogobee.db
2026/05/17 14:06:39 INFO database initialized path=/tmp/expedition-sim-1635689850/gogobee.db
2026/05/17 14:06:39 INFO database initialized path=/tmp/expedition-sim-195396514/gogobee.db
2026/05/17 14:06:39 INFO database initialized path=/tmp/expedition-sim-3461346515/gogobee.db
2026/05/17 14:06:39 INFO database initialized path=/tmp/expedition-sim-3130624297/gogobee.db
2026/05/17 14:06:39 INFO database initialized path=/tmp/expedition-sim-3979846518/gogobee.db
2026/05/17 14:06:39 INFO database initialized path=/tmp/expedition-sim-1472592992/gogobee.db
2026/05/17 14:06:39 INFO database initialized path=/tmp/expedition-sim-1714520254/gogobee.db
2026/05/17 14:06:39 INFO database initialized path=/tmp/expedition-sim-409629096/gogobee.db
2026/05/17 14:06:39 INFO dnd: armed ability fired (turn-based build) user=@sim:fighter-l12-dragons_lair-58 ability="Second Wind"
2026/05/17 14:06:39 INFO dnd: armed ability fired (turn-based build) user=@sim:fighter-l12-dragons_lair-58 ability="Second Wind"
2026/05/17 14:06:39 INFO dnd: armed ability fired (turn-based build) user=@sim:fighter-l12-dragons_lair-58 ability="Second Wind"
2026/05/17 14:06:39 INFO database initialized path=/tmp/expedition-sim-2877150731/gogobee.db
2026/05/17 14:06:40 INFO database initialized path=/tmp/expedition-sim-1122901242/gogobee.db
2026/05/17 14:06:40 INFO database initialized path=/tmp/expedition-sim-925491061/gogobee.db
2026/05/17 14:06:40 INFO database initialized path=/tmp/expedition-sim-4025606220/gogobee.db
2026/05/17 14:06:40 INFO database initialized path=/tmp/expedition-sim-702277422/gogobee.db
2026/05/17 14:06:40 INFO database initialized path=/tmp/expedition-sim-2567884396/gogobee.db
2026/05/17 14:06:40 INFO database initialized path=/tmp/expedition-sim-275819314/gogobee.db
2026/05/17 14:06:40 INFO database initialized path=/tmp/expedition-sim-1995768488/gogobee.db
2026/05/17 14:06:40 INFO database initialized path=/tmp/expedition-sim-3030783575/gogobee.db
2026/05/17 14:06:40 INFO database initialized path=/tmp/expedition-sim-2389333292/gogobee.db
2026/05/17 14:06:40 INFO database initialized path=/tmp/expedition-sim-2973442668/gogobee.db
2026/05/17 14:06:40 INFO database initialized path=/tmp/expedition-sim-3839501138/gogobee.db
2026/05/17 14:06:40 INFO database initialized path=/tmp/expedition-sim-1752245824/gogobee.db
2026/05/17 14:06:40 INFO database initialized path=/tmp/expedition-sim-3237010598/gogobee.db
2026/05/17 14:06:40 INFO dnd: armed ability fired (turn-based build) user=@sim:fighter-l12-dragons_lair-59 ability="Second Wind"
2026/05/17 14:06:40 INFO dnd: armed ability fired (turn-based build) user=@sim:fighter-l12-dragons_lair-59 ability="Second Wind"
2026/05/17 14:06:40 INFO database initialized path=/tmp/expedition-sim-312484470/gogobee.db
2026/05/17 14:06:40 INFO dnd: armed ability fired (turn-based build) user=@sim:fighter-l12-dragons_lair-59 ability="Second Wind"
2026/05/17 14:06:40 INFO database initialized path=/tmp/expedition-sim-4215732884/gogobee.db
2026/05/17 14:06:40 INFO database initialized path=/tmp/expedition-sim-2237254143/gogobee.db
2026/05/17 14:06:40 INFO database initialized path=/tmp/expedition-sim-1478700442/gogobee.db
2026/05/17 14:06:40 INFO database initialized path=/tmp/expedition-sim-3893069623/gogobee.db
2026/05/17 14:06:40 INFO database initialized path=/tmp/expedition-sim-3065796856/gogobee.db
2026/05/17 14:06:40 INFO database initialized path=/tmp/expedition-sim-3496509568/gogobee.db
2026/05/17 14:06:40 INFO database initialized path=/tmp/expedition-sim-4139409643/gogobee.db
2026/05/17 14:06:40 INFO database initialized path=/tmp/expedition-sim-3056673339/gogobee.db
2026/05/17 14:06:40 INFO database initialized path=/tmp/expedition-sim-3864498843/gogobee.db
2026/05/17 14:06:40 INFO database initialized path=/tmp/expedition-sim-2097266894/gogobee.db
2026/05/17 14:06:40 INFO database initialized path=/tmp/expedition-sim-3582655831/gogobee.db
2026/05/17 14:06:40 INFO database initialized path=/tmp/expedition-sim-228761803/gogobee.db
2026/05/17 14:06:40 INFO database initialized path=/tmp/expedition-sim-1327991542/gogobee.db
2026/05/17 14:06:40 INFO database initialized path=/tmp/expedition-sim-1326659646/gogobee.db
2026/05/17 14:06:40 INFO database initialized path=/tmp/expedition-sim-2966922775/gogobee.db
2026/05/17 14:06:40 INFO database initialized path=/tmp/expedition-sim-98994803/gogobee.db
2026/05/17 14:06:40 INFO database initialized path=/tmp/expedition-sim-3735353981/gogobee.db
2026/05/17 14:06:40 INFO database initialized path=/tmp/expedition-sim-1929726229/gogobee.db
2026/05/17 14:06:41 INFO database initialized path=/tmp/expedition-sim-3081094452/gogobee.db
2026/05/17 14:06:41 INFO database initialized path=/tmp/expedition-sim-1327127769/gogobee.db
2026/05/17 14:06:41 INFO database initialized path=/tmp/expedition-sim-3544230935/gogobee.db
2026/05/17 14:06:41 INFO database initialized path=/tmp/expedition-sim-333645152/gogobee.db
2026/05/17 14:06:41 INFO dnd: armed ability fired (turn-based build) user=@sim:fighter-l12-dragons_lair-60 ability="Second Wind"
2026/05/17 14:06:41 INFO dnd: armed ability fired (turn-based build) user=@sim:fighter-l12-dragons_lair-60 ability="Second Wind"
2026/05/17 14:06:41 INFO dnd: armed ability fired (turn-based build) user=@sim:fighter-l12-dragons_lair-60 ability="Second Wind"
2026/05/17 14:06:41 INFO database initialized path=/tmp/expedition-sim-1154753568/gogobee.db
2026/05/17 14:06:41 INFO database initialized path=/tmp/expedition-sim-1127668300/gogobee.db
2026/05/17 14:06:41 INFO database initialized path=/tmp/expedition-sim-4113237150/gogobee.db
2026/05/17 14:06:41 INFO database initialized path=/tmp/expedition-sim-2442867313/gogobee.db
2026/05/17 14:06:41 INFO database initialized path=/tmp/expedition-sim-4229094828/gogobee.db
2026/05/17 14:06:41 INFO database initialized path=/tmp/expedition-sim-1290492965/gogobee.db
2026/05/17 14:06:41 INFO database initialized path=/tmp/expedition-sim-240971636/gogobee.db
2026/05/17 14:06:41 INFO database initialized path=/tmp/expedition-sim-3336406176/gogobee.db
2026/05/17 14:06:41 INFO database initialized path=/tmp/expedition-sim-2549613557/gogobee.db
2026/05/17 14:06:41 INFO database initialized path=/tmp/expedition-sim-3276880867/gogobee.db
2026/05/17 14:06:41 INFO database initialized path=/tmp/expedition-sim-3373544019/gogobee.db
2026/05/17 14:06:41 INFO database initialized path=/tmp/expedition-sim-2959568222/gogobee.db
2026/05/17 14:06:41 INFO database initialized path=/tmp/expedition-sim-511719749/gogobee.db
2026/05/17 14:06:41 INFO database initialized path=/tmp/expedition-sim-2600609935/gogobee.db
2026/05/17 14:06:41 INFO dnd: armed ability fired (turn-based build) user=@sim:fighter-l12-dragons_lair-61 ability="Second Wind"
2026/05/17 14:06:41 INFO dnd: armed ability fired (turn-based build) user=@sim:fighter-l12-dragons_lair-61 ability="Second Wind"
2026/05/17 14:06:41 INFO dnd: armed ability fired (turn-based build) user=@sim:fighter-l12-dragons_lair-61 ability="Second Wind"
2026/05/17 14:06:41 INFO database initialized path=/tmp/expedition-sim-1504667028/gogobee.db
2026/05/17 14:06:41 INFO database initialized path=/tmp/expedition-sim-700995216/gogobee.db
2026/05/17 14:06:41 INFO database initialized path=/tmp/expedition-sim-2327467585/gogobee.db
2026/05/17 14:06:41 INFO database initialized path=/tmp/expedition-sim-2209010029/gogobee.db
2026/05/17 14:06:41 INFO database initialized path=/tmp/expedition-sim-614257566/gogobee.db
2026/05/17 14:06:41 INFO database initialized path=/tmp/expedition-sim-960637503/gogobee.db
2026/05/17 14:06:41 INFO database initialized path=/tmp/expedition-sim-1255444844/gogobee.db
2026/05/17 14:06:41 INFO database initialized path=/tmp/expedition-sim-3729210562/gogobee.db
2026/05/17 14:06:41 INFO database initialized path=/tmp/expedition-sim-179988140/gogobee.db
2026/05/17 14:06:41 INFO database initialized path=/tmp/expedition-sim-887677783/gogobee.db
2026/05/17 14:06:41 INFO database initialized path=/tmp/expedition-sim-191884581/gogobee.db
2026/05/17 14:06:41 INFO database initialized path=/tmp/expedition-sim-589318324/gogobee.db
2026/05/17 14:06:41 INFO database initialized path=/tmp/expedition-sim-234203910/gogobee.db
2026/05/17 14:06:41 INFO database initialized path=/tmp/expedition-sim-865998813/gogobee.db
2026/05/17 14:06:42 INFO database initialized path=/tmp/expedition-sim-2479085840/gogobee.db
2026/05/17 14:06:42 INFO database initialized path=/tmp/expedition-sim-2211263640/gogobee.db
2026/05/17 14:06:42 INFO database initialized path=/tmp/expedition-sim-177698260/gogobee.db
2026/05/17 14:06:42 INFO database initialized path=/tmp/expedition-sim-3654460615/gogobee.db
2026/05/17 14:06:42 INFO database initialized path=/tmp/expedition-sim-1028278028/gogobee.db
2026/05/17 14:06:42 INFO dnd: armed ability fired (turn-based build) user=@sim:fighter-l12-dragons_lair-62 ability="Second Wind"
2026/05/17 14:06:42 INFO dnd: armed ability fired (turn-based build) user=@sim:fighter-l12-dragons_lair-62 ability="Second Wind"
2026/05/17 14:06:42 INFO database initialized path=/tmp/expedition-sim-2551302225/gogobee.db
2026/05/17 14:06:42 INFO dnd: armed ability fired (turn-based build) user=@sim:fighter-l12-dragons_lair-62 ability="Second Wind"
2026/05/17 14:06:42 INFO database initialized path=/tmp/expedition-sim-3457849463/gogobee.db
2026/05/17 14:06:42 INFO database initialized path=/tmp/expedition-sim-3306096123/gogobee.db
2026/05/17 14:06:42 INFO database initialized path=/tmp/expedition-sim-911923051/gogobee.db
2026/05/17 14:06:42 INFO database initialized path=/tmp/expedition-sim-1007769571/gogobee.db
2026/05/17 14:06:42 INFO database initialized path=/tmp/expedition-sim-569585832/gogobee.db
2026/05/17 14:06:42 INFO database initialized path=/tmp/expedition-sim-2338271727/gogobee.db
2026/05/17 14:06:42 INFO database initialized path=/tmp/expedition-sim-1715612922/gogobee.db
2026/05/17 14:06:42 INFO database initialized path=/tmp/expedition-sim-2155632201/gogobee.db
2026/05/17 14:06:42 INFO database initialized path=/tmp/expedition-sim-4033301004/gogobee.db
2026/05/17 14:06:42 INFO database initialized path=/tmp/expedition-sim-4047743691/gogobee.db
2026/05/17 14:06:42 INFO database initialized path=/tmp/expedition-sim-4088534145/gogobee.db
2026/05/17 14:06:42 INFO database initialized path=/tmp/expedition-sim-1016581652/gogobee.db
2026/05/17 14:06:42 INFO dnd: armed ability fired (turn-based build) user=@sim:fighter-l12-dragons_lair-63 ability="Second Wind"
2026/05/17 14:06:42 INFO dnd: armed ability fired (turn-based build) user=@sim:fighter-l12-dragons_lair-63 ability="Second Wind"
2026/05/17 14:06:42 INFO database initialized path=/tmp/expedition-sim-2267690000/gogobee.db
2026/05/17 14:06:42 INFO dnd: armed ability fired (turn-based build) user=@sim:fighter-l12-dragons_lair-63 ability="Second Wind"
2026/05/17 14:06:42 INFO database initialized path=/tmp/expedition-sim-4102926461/gogobee.db
2026/05/17 14:06:42 INFO database initialized path=/tmp/expedition-sim-2937583384/gogobee.db
2026/05/17 14:06:42 INFO database initialized path=/tmp/expedition-sim-2176269117/gogobee.db
2026/05/17 14:06:42 INFO database initialized path=/tmp/expedition-sim-710224958/gogobee.db
2026/05/17 14:06:42 INFO database initialized path=/tmp/expedition-sim-3285647178/gogobee.db
2026/05/17 14:06:42 INFO database initialized path=/tmp/expedition-sim-1430116761/gogobee.db
2026/05/17 14:06:42 INFO database initialized path=/tmp/expedition-sim-438262271/gogobee.db
2026/05/17 14:06:42 INFO database initialized path=/tmp/expedition-sim-3834939207/gogobee.db
2026/05/17 14:06:42 INFO database initialized path=/tmp/expedition-sim-1391412021/gogobee.db
2026/05/17 14:06:42 INFO database initialized path=/tmp/expedition-sim-3538282660/gogobee.db
2026/05/17 14:06:42 INFO database initialized path=/tmp/expedition-sim-2082762901/gogobee.db
2026/05/17 14:06:42 INFO database initialized path=/tmp/expedition-sim-3250538161/gogobee.db
2026/05/17 14:06:42 INFO database initialized path=/tmp/expedition-sim-2157895455/gogobee.db
2026/05/17 14:06:42 INFO database initialized path=/tmp/expedition-sim-587204589/gogobee.db
2026/05/17 14:06:42 INFO dnd: armed ability fired (turn-based build) user=@sim:fighter-l12-dragons_lair-64 ability="Second Wind"
2026/05/17 14:06:42 INFO dnd: armed ability fired (turn-based build) user=@sim:fighter-l12-dragons_lair-64 ability="Second Wind"
2026/05/17 14:06:42 INFO dnd: armed ability fired (turn-based build) user=@sim:fighter-l12-dragons_lair-64 ability="Second Wind"
2026/05/17 14:06:43 INFO database initialized path=/tmp/expedition-sim-1738169360/gogobee.db
2026/05/17 14:06:43 INFO database initialized path=/tmp/expedition-sim-2689317332/gogobee.db
2026/05/17 14:06:43 INFO database initialized path=/tmp/expedition-sim-3358580701/gogobee.db
2026/05/17 14:06:43 INFO database initialized path=/tmp/expedition-sim-3755155049/gogobee.db
2026/05/17 14:06:43 INFO database initialized path=/tmp/expedition-sim-4113408883/gogobee.db
2026/05/17 14:06:43 INFO database initialized path=/tmp/expedition-sim-3993160763/gogobee.db
2026/05/17 14:06:43 INFO database initialized path=/tmp/expedition-sim-4257021605/gogobee.db
2026/05/17 14:06:43 INFO database initialized path=/tmp/expedition-sim-1311393568/gogobee.db
2026/05/17 14:06:43 INFO database initialized path=/tmp/expedition-sim-1183200412/gogobee.db
2026/05/17 14:06:43 INFO database initialized path=/tmp/expedition-sim-719157702/gogobee.db
2026/05/17 14:06:43 INFO database initialized path=/tmp/expedition-sim-921769793/gogobee.db
2026/05/17 14:06:43 INFO database initialized path=/tmp/expedition-sim-779573986/gogobee.db
2026/05/17 14:06:43 INFO database initialized path=/tmp/expedition-sim-2743202081/gogobee.db
2026/05/17 14:06:43 INFO dnd: armed ability fired (turn-based build) user=@sim:fighter-l12-dragons_lair-65 ability="Second Wind"
2026/05/17 14:06:43 INFO dnd: armed ability fired (turn-based build) user=@sim:fighter-l12-dragons_lair-65 ability="Second Wind"
2026/05/17 14:06:43 INFO dnd: armed ability fired (turn-based build) user=@sim:fighter-l12-dragons_lair-65 ability="Second Wind"
2026/05/17 14:06:43 INFO database initialized path=/tmp/expedition-sim-3051163111/gogobee.db
2026/05/17 14:06:43 INFO database initialized path=/tmp/expedition-sim-412512792/gogobee.db
2026/05/17 14:06:43 INFO database initialized path=/tmp/expedition-sim-4077103378/gogobee.db
2026/05/17 14:06:43 INFO database initialized path=/tmp/expedition-sim-1849744456/gogobee.db
2026/05/17 14:06:43 INFO database initialized path=/tmp/expedition-sim-185545901/gogobee.db
2026/05/17 14:06:43 INFO database initialized path=/tmp/expedition-sim-3221549077/gogobee.db
2026/05/17 14:06:43 INFO database initialized path=/tmp/expedition-sim-2516464366/gogobee.db
2026/05/17 14:06:43 INFO database initialized path=/tmp/expedition-sim-79266702/gogobee.db
2026/05/17 14:06:43 INFO database initialized path=/tmp/expedition-sim-2635899497/gogobee.db
2026/05/17 14:06:43 INFO database initialized path=/tmp/expedition-sim-1673051393/gogobee.db
2026/05/17 14:06:43 INFO database initialized path=/tmp/expedition-sim-3171334438/gogobee.db
2026/05/17 14:06:43 INFO database initialized path=/tmp/expedition-sim-2360802812/gogobee.db
2026/05/17 14:06:43 INFO database initialized path=/tmp/expedition-sim-59017272/gogobee.db
2026/05/17 14:06:43 INFO database initialized path=/tmp/expedition-sim-694759114/gogobee.db
2026/05/17 14:06:43 INFO database initialized path=/tmp/expedition-sim-3787631388/gogobee.db
2026/05/17 14:06:43 INFO database initialized path=/tmp/expedition-sim-864674321/gogobee.db
2026/05/17 14:06:43 INFO database initialized path=/tmp/expedition-sim-735106319/gogobee.db
2026/05/17 14:06:43 INFO database initialized path=/tmp/expedition-sim-3110651353/gogobee.db
2026/05/17 14:06:43 INFO database initialized path=/tmp/expedition-sim-1075417921/gogobee.db
2026/05/17 14:06:43 INFO dnd: armed ability fired (turn-based build) user=@sim:fighter-l12-dragons_lair-66 ability="Second Wind"
2026/05/17 14:06:43 INFO database initialized path=/tmp/expedition-sim-1601541938/gogobee.db
2026/05/17 14:06:43 INFO database initialized path=/tmp/expedition-sim-4087736381/gogobee.db
2026/05/17 14:06:43 INFO dnd: armed ability fired (turn-based build) user=@sim:fighter-l12-dragons_lair-66 ability="Second Wind"
2026/05/17 14:06:43 INFO dnd: armed ability fired (turn-based build) user=@sim:fighter-l12-dragons_lair-66 ability="Second Wind"
2026/05/17 14:06:43 INFO database initialized path=/tmp/expedition-sim-3429901496/gogobee.db
2026/05/17 14:06:43 INFO database initialized path=/tmp/expedition-sim-1464547602/gogobee.db
2026/05/17 14:06:44 INFO database initialized path=/tmp/expedition-sim-2834102416/gogobee.db
2026/05/17 14:06:44 INFO database initialized path=/tmp/expedition-sim-362510705/gogobee.db
2026/05/17 14:06:44 INFO database initialized path=/tmp/expedition-sim-1123537013/gogobee.db
2026/05/17 14:06:44 INFO database initialized path=/tmp/expedition-sim-2914314581/gogobee.db
2026/05/17 14:06:44 INFO database initialized path=/tmp/expedition-sim-2002595386/gogobee.db
2026/05/17 14:06:44 INFO database initialized path=/tmp/expedition-sim-1202581323/gogobee.db
2026/05/17 14:06:44 INFO database initialized path=/tmp/expedition-sim-1526319173/gogobee.db
2026/05/17 14:06:44 INFO database initialized path=/tmp/expedition-sim-4246350433/gogobee.db
2026/05/17 14:06:44 INFO database initialized path=/tmp/expedition-sim-2096734868/gogobee.db
2026/05/17 14:06:44 INFO database initialized path=/tmp/expedition-sim-2587020034/gogobee.db
2026/05/17 14:06:44 INFO database initialized path=/tmp/expedition-sim-427349306/gogobee.db
2026/05/17 14:06:44 INFO database initialized path=/tmp/expedition-sim-1004358250/gogobee.db
2026/05/17 14:06:44 INFO database initialized path=/tmp/expedition-sim-1638969135/gogobee.db
2026/05/17 14:06:44 INFO dnd: armed ability fired (turn-based build) user=@sim:fighter-l12-dragons_lair-67 ability="Second Wind"
2026/05/17 14:06:44 INFO dnd: armed ability fired (turn-based build) user=@sim:fighter-l12-dragons_lair-67 ability="Second Wind"
2026/05/17 14:06:44 INFO database initialized path=/tmp/expedition-sim-3259813428/gogobee.db
2026/05/17 14:06:44 INFO dnd: armed ability fired (turn-based build) user=@sim:fighter-l12-dragons_lair-67 ability="Second Wind"
2026/05/17 14:06:44 INFO database initialized path=/tmp/expedition-sim-1920693338/gogobee.db
2026/05/17 14:06:44 INFO database initialized path=/tmp/expedition-sim-2218653042/gogobee.db
2026/05/17 14:06:44 INFO database initialized path=/tmp/expedition-sim-20474510/gogobee.db
2026/05/17 14:06:44 INFO database initialized path=/tmp/expedition-sim-3578693191/gogobee.db
2026/05/17 14:06:44 INFO database initialized path=/tmp/expedition-sim-3546083579/gogobee.db
2026/05/17 14:06:44 INFO database initialized path=/tmp/expedition-sim-1995206629/gogobee.db
2026/05/17 14:06:44 INFO database initialized path=/tmp/expedition-sim-2766927788/gogobee.db
2026/05/17 14:06:44 INFO database initialized path=/tmp/expedition-sim-505460683/gogobee.db
2026/05/17 14:06:44 INFO database initialized path=/tmp/expedition-sim-4255075975/gogobee.db
2026/05/17 14:06:44 INFO database initialized path=/tmp/expedition-sim-3322308111/gogobee.db
2026/05/17 14:06:44 INFO database initialized path=/tmp/expedition-sim-1529673541/gogobee.db
2026/05/17 14:06:44 INFO database initialized path=/tmp/expedition-sim-1859895697/gogobee.db
2026/05/17 14:06:44 INFO database initialized path=/tmp/expedition-sim-3940258567/gogobee.db
2026/05/17 14:06:44 INFO database initialized path=/tmp/expedition-sim-2023473434/gogobee.db
2026/05/17 14:06:44 INFO database initialized path=/tmp/expedition-sim-3161058836/gogobee.db
2026/05/17 14:06:44 INFO dnd: armed ability fired (turn-based build) user=@sim:fighter-l12-dragons_lair-68 ability="Second Wind"
2026/05/17 14:06:44 INFO database initialized path=/tmp/expedition-sim-40824529/gogobee.db
2026/05/17 14:06:44 INFO database initialized path=/tmp/expedition-sim-3662321524/gogobee.db
2026/05/17 14:06:44 INFO dnd: armed ability fired (turn-based build) user=@sim:fighter-l12-dragons_lair-68 ability="Second Wind"
2026/05/17 14:06:44 INFO dnd: armed ability fired (turn-based build) user=@sim:fighter-l12-dragons_lair-68 ability="Second Wind"
2026/05/17 14:06:44 INFO database initialized path=/tmp/expedition-sim-2362334863/gogobee.db
2026/05/17 14:06:44 INFO database initialized path=/tmp/expedition-sim-4084480420/gogobee.db
2026/05/17 14:06:45 INFO database initialized path=/tmp/expedition-sim-2633397242/gogobee.db
2026/05/17 14:06:45 INFO database initialized path=/tmp/expedition-sim-4043941554/gogobee.db
2026/05/17 14:06:45 INFO database initialized path=/tmp/expedition-sim-4148056310/gogobee.db
2026/05/17 14:06:45 INFO database initialized path=/tmp/expedition-sim-835285057/gogobee.db
2026/05/17 14:06:45 INFO database initialized path=/tmp/expedition-sim-1147113969/gogobee.db
2026/05/17 14:06:45 INFO database initialized path=/tmp/expedition-sim-2815500917/gogobee.db
2026/05/17 14:06:45 INFO database initialized path=/tmp/expedition-sim-3329242683/gogobee.db
2026/05/17 14:06:45 INFO database initialized path=/tmp/expedition-sim-265728821/gogobee.db
2026/05/17 14:06:45 INFO database initialized path=/tmp/expedition-sim-2543040216/gogobee.db
2026/05/17 14:06:45 INFO database initialized path=/tmp/expedition-sim-647849843/gogobee.db
2026/05/17 14:06:45 INFO database initialized path=/tmp/expedition-sim-3082733538/gogobee.db
2026/05/17 14:06:45 INFO database initialized path=/tmp/expedition-sim-4030004128/gogobee.db
2026/05/17 14:06:45 INFO database initialized path=/tmp/expedition-sim-3598591268/gogobee.db
2026/05/17 14:06:45 INFO dnd: armed ability fired (turn-based build) user=@sim:fighter-l12-dragons_lair-69 ability="Second Wind"
2026/05/17 14:06:45 INFO database initialized path=/tmp/expedition-sim-1198133237/gogobee.db
2026/05/17 14:06:45 INFO dnd: armed ability fired (turn-based build) user=@sim:fighter-l12-dragons_lair-69 ability="Second Wind"
2026/05/17 14:06:45 INFO dnd: armed ability fired (turn-based build) user=@sim:fighter-l12-dragons_lair-69 ability="Second Wind"
2026/05/17 14:06:45 INFO database initialized path=/tmp/expedition-sim-3965594997/gogobee.db
2026/05/17 14:06:45 INFO database initialized path=/tmp/expedition-sim-2075141141/gogobee.db
2026/05/17 14:06:45 INFO database initialized path=/tmp/expedition-sim-2663382141/gogobee.db
2026/05/17 14:06:45 INFO database initialized path=/tmp/expedition-sim-1702792588/gogobee.db
2026/05/17 14:06:45 INFO database initialized path=/tmp/expedition-sim-4086061715/gogobee.db
2026/05/17 14:06:45 INFO database initialized path=/tmp/expedition-sim-1557650544/gogobee.db
2026/05/17 14:06:45 INFO database initialized path=/tmp/expedition-sim-3932382124/gogobee.db
2026/05/17 14:06:45 INFO database initialized path=/tmp/expedition-sim-1707738321/gogobee.db
2026/05/17 14:06:45 INFO database initialized path=/tmp/expedition-sim-3640052874/gogobee.db
2026/05/17 14:06:45 INFO database initialized path=/tmp/expedition-sim-450277672/gogobee.db
2026/05/17 14:06:45 INFO database initialized path=/tmp/expedition-sim-219202243/gogobee.db
2026/05/17 14:06:45 INFO database initialized path=/tmp/expedition-sim-1159917093/gogobee.db
2026/05/17 14:06:45 INFO database initialized path=/tmp/expedition-sim-1353665811/gogobee.db
2026/05/17 14:06:45 INFO database initialized path=/tmp/expedition-sim-655595433/gogobee.db
2026/05/17 14:06:45 INFO database initialized path=/tmp/expedition-sim-641404817/gogobee.db
2026/05/17 14:06:45 INFO database initialized path=/tmp/expedition-sim-1700203158/gogobee.db
2026/05/17 14:06:45 INFO database initialized path=/tmp/expedition-sim-1260590175/gogobee.db
2026/05/17 14:06:45 INFO database initialized path=/tmp/expedition-sim-3145430924/gogobee.db
2026/05/17 14:06:45 INFO database initialized path=/tmp/expedition-sim-1920715622/gogobee.db
2026/05/17 14:06:45 INFO database initialized path=/tmp/expedition-sim-427528167/gogobee.db
2026/05/17 14:06:46 INFO dnd: armed ability fired (turn-based build) user=@sim:fighter-l12-dragons_lair-70 ability="Second Wind"
2026/05/17 14:06:46 INFO dnd: armed ability fired (turn-based build) user=@sim:fighter-l12-dragons_lair-70 ability="Second Wind"
2026/05/17 14:06:46 INFO dnd: armed ability fired (turn-based build) user=@sim:fighter-l12-dragons_lair-70 ability="Second Wind"
2026/05/17 14:06:46 INFO database initialized path=/tmp/expedition-sim-674703185/gogobee.db
2026/05/17 14:06:46 INFO database initialized path=/tmp/expedition-sim-443690018/gogobee.db
2026/05/17 14:06:46 INFO database initialized path=/tmp/expedition-sim-397426448/gogobee.db
2026/05/17 14:06:46 INFO database initialized path=/tmp/expedition-sim-648592145/gogobee.db
2026/05/17 14:06:46 INFO database initialized path=/tmp/expedition-sim-1306632455/gogobee.db
2026/05/17 14:06:46 INFO database initialized path=/tmp/expedition-sim-2450856091/gogobee.db
2026/05/17 14:06:46 INFO database initialized path=/tmp/expedition-sim-2080625737/gogobee.db
2026/05/17 14:06:46 INFO database initialized path=/tmp/expedition-sim-3411097131/gogobee.db
2026/05/17 14:06:46 INFO database initialized path=/tmp/expedition-sim-4287558402/gogobee.db
2026/05/17 14:06:46 INFO database initialized path=/tmp/expedition-sim-4201653460/gogobee.db
2026/05/17 14:06:46 INFO database initialized path=/tmp/expedition-sim-3254792685/gogobee.db
2026/05/17 14:06:46 INFO database initialized path=/tmp/expedition-sim-2394918392/gogobee.db
2026/05/17 14:06:46 INFO database initialized path=/tmp/expedition-sim-496356104/gogobee.db
2026/05/17 14:06:46 INFO database initialized path=/tmp/expedition-sim-2371846467/gogobee.db
2026/05/17 14:06:46 INFO database initialized path=/tmp/expedition-sim-238874330/gogobee.db
2026/05/17 14:06:46 INFO database initialized path=/tmp/expedition-sim-1385272601/gogobee.db
2026/05/17 14:06:46 INFO database initialized path=/tmp/expedition-sim-3581340656/gogobee.db
2026/05/17 14:06:46 INFO database initialized path=/tmp/expedition-sim-2089255696/gogobee.db
2026/05/17 14:06:46 INFO database initialized path=/tmp/expedition-sim-4029193831/gogobee.db
2026/05/17 14:06:46 INFO database initialized path=/tmp/expedition-sim-600839138/gogobee.db
2026/05/17 14:06:46 INFO dnd: armed ability fired (turn-based build) user=@sim:fighter-l12-dragons_lair-71 ability="Second Wind"
2026/05/17 14:06:46 INFO database initialized path=/tmp/expedition-sim-3924416858/gogobee.db
2026/05/17 14:06:46 INFO dnd: armed ability fired (turn-based build) user=@sim:fighter-l12-dragons_lair-71 ability="Second Wind"
2026/05/17 14:06:46 INFO database initialized path=/tmp/expedition-sim-2486973090/gogobee.db
2026/05/17 14:06:46 INFO dnd: armed ability fired (turn-based build) user=@sim:fighter-l12-dragons_lair-71 ability="Second Wind"
2026/05/17 14:06:46 INFO database initialized path=/tmp/expedition-sim-2496594117/gogobee.db
2026/05/17 14:06:46 INFO database initialized path=/tmp/expedition-sim-957698442/gogobee.db
2026/05/17 14:06:46 INFO database initialized path=/tmp/expedition-sim-2532912011/gogobee.db
2026/05/17 14:06:46 INFO database initialized path=/tmp/expedition-sim-1879977545/gogobee.db
2026/05/17 14:06:46 INFO database initialized path=/tmp/expedition-sim-3437154307/gogobee.db
2026/05/17 14:06:46 INFO database initialized path=/tmp/expedition-sim-3751548177/gogobee.db
2026/05/17 14:06:46 INFO database initialized path=/tmp/expedition-sim-217055832/gogobee.db
2026/05/17 14:06:46 INFO database initialized path=/tmp/expedition-sim-436497957/gogobee.db
2026/05/17 14:06:46 INFO database initialized path=/tmp/expedition-sim-2265567518/gogobee.db
2026/05/17 14:06:46 INFO database initialized path=/tmp/expedition-sim-3188821646/gogobee.db
2026/05/17 14:06:47 INFO database initialized path=/tmp/expedition-sim-3434163456/gogobee.db
2026/05/17 14:06:47 INFO database initialized path=/tmp/expedition-sim-676056723/gogobee.db
2026/05/17 14:06:47 INFO database initialized path=/tmp/expedition-sim-377443379/gogobee.db
2026/05/17 14:06:47 INFO database initialized path=/tmp/expedition-sim-633195030/gogobee.db
2026/05/17 14:06:47 INFO database initialized path=/tmp/expedition-sim-3653352797/gogobee.db
2026/05/17 14:06:47 INFO database initialized path=/tmp/expedition-sim-3896047082/gogobee.db
2026/05/17 14:06:47 INFO database initialized path=/tmp/expedition-sim-3455422782/gogobee.db
2026/05/17 14:06:47 INFO database initialized path=/tmp/expedition-sim-1709511839/gogobee.db
2026/05/17 14:06:47 INFO database initialized path=/tmp/expedition-sim-1929947134/gogobee.db
2026/05/17 14:06:47 INFO database initialized path=/tmp/expedition-sim-3305959646/gogobee.db
2026/05/17 14:06:47 INFO database initialized path=/tmp/expedition-sim-337926249/gogobee.db
2026/05/17 14:06:47 INFO database initialized path=/tmp/expedition-sim-1175569255/gogobee.db
2026/05/17 14:06:47 INFO dnd: armed ability fired (turn-based build) user=@sim:fighter-l12-dragons_lair-72 ability="Second Wind"
2026/05/17 14:06:47 INFO dnd: armed ability fired (turn-based build) user=@sim:fighter-l12-dragons_lair-72 ability="Second Wind"
2026/05/17 14:06:47 INFO dnd: armed ability fired (turn-based build) user=@sim:fighter-l12-dragons_lair-72 ability="Second Wind"
2026/05/17 14:06:47 INFO database initialized path=/tmp/expedition-sim-3739119131/gogobee.db
2026/05/17 14:06:47 INFO database initialized path=/tmp/expedition-sim-1356471906/gogobee.db
2026/05/17 14:06:47 INFO database initialized path=/tmp/expedition-sim-4052430038/gogobee.db
2026/05/17 14:06:47 INFO database initialized path=/tmp/expedition-sim-2619773088/gogobee.db
2026/05/17 14:06:47 INFO database initialized path=/tmp/expedition-sim-2635388827/gogobee.db
2026/05/17 14:06:47 INFO database initialized path=/tmp/expedition-sim-453518747/gogobee.db
2026/05/17 14:06:47 INFO database initialized path=/tmp/expedition-sim-2597720289/gogobee.db
2026/05/17 14:06:47 INFO database initialized path=/tmp/expedition-sim-399249693/gogobee.db
2026/05/17 14:06:47 INFO database initialized path=/tmp/expedition-sim-4036274110/gogobee.db
2026/05/17 14:06:47 INFO database initialized path=/tmp/expedition-sim-895684809/gogobee.db
2026/05/17 14:06:47 INFO database initialized path=/tmp/expedition-sim-2762094582/gogobee.db
2026/05/17 14:06:47 INFO database initialized path=/tmp/expedition-sim-3515661257/gogobee.db
2026/05/17 14:06:47 INFO database initialized path=/tmp/expedition-sim-1089332920/gogobee.db
2026/05/17 14:06:47 INFO database initialized path=/tmp/expedition-sim-3232981690/gogobee.db
2026/05/17 14:06:47 INFO dnd: armed ability fired (turn-based build) user=@sim:fighter-l12-dragons_lair-73 ability="Second Wind"
2026/05/17 14:06:47 INFO dnd: armed ability fired (turn-based build) user=@sim:fighter-l12-dragons_lair-73 ability="Second Wind"
2026/05/17 14:06:47 INFO dnd: armed ability fired (turn-based build) user=@sim:fighter-l12-dragons_lair-73 ability="Second Wind"
2026/05/17 14:06:47 INFO database initialized path=/tmp/expedition-sim-3827213233/gogobee.db
2026/05/17 14:06:47 INFO database initialized path=/tmp/expedition-sim-3976828088/gogobee.db
2026/05/17 14:06:47 INFO database initialized path=/tmp/expedition-sim-1243282022/gogobee.db
2026/05/17 14:06:47 INFO database initialized path=/tmp/expedition-sim-531977171/gogobee.db
2026/05/17 14:06:47 INFO database initialized path=/tmp/expedition-sim-346095137/gogobee.db
2026/05/17 14:06:47 INFO database initialized path=/tmp/expedition-sim-4064536857/gogobee.db
2026/05/17 14:06:47 INFO database initialized path=/tmp/expedition-sim-2585768291/gogobee.db
2026/05/17 14:06:47 INFO database initialized path=/tmp/expedition-sim-1571080862/gogobee.db
2026/05/17 14:06:47 INFO database initialized path=/tmp/expedition-sim-3145647002/gogobee.db
2026/05/17 14:06:47 INFO database initialized path=/tmp/expedition-sim-3434283065/gogobee.db
2026/05/17 14:06:47 INFO database initialized path=/tmp/expedition-sim-1346858011/gogobee.db
2026/05/17 14:06:47 INFO database initialized path=/tmp/expedition-sim-3662764883/gogobee.db
2026/05/17 14:06:47 INFO database initialized path=/tmp/expedition-sim-1706732786/gogobee.db
2026/05/17 14:06:48 INFO database initialized path=/tmp/expedition-sim-3855021894/gogobee.db
2026/05/17 14:06:48 INFO database initialized path=/tmp/expedition-sim-2138203899/gogobee.db
2026/05/17 14:06:48 INFO database initialized path=/tmp/expedition-sim-3052732467/gogobee.db
2026/05/17 14:06:48 INFO database initialized path=/tmp/expedition-sim-1537019595/gogobee.db
2026/05/17 14:06:48 INFO database initialized path=/tmp/expedition-sim-2568288283/gogobee.db
2026/05/17 14:06:48 INFO dnd: armed ability fired (turn-based build) user=@sim:fighter-l12-dragons_lair-74 ability="Second Wind"
2026/05/17 14:06:48 INFO database initialized path=/tmp/expedition-sim-1009508969/gogobee.db
2026/05/17 14:06:48 INFO dnd: armed ability fired (turn-based build) user=@sim:fighter-l12-dragons_lair-74 ability="Second Wind"
2026/05/17 14:06:48 INFO dnd: armed ability fired (turn-based build) user=@sim:fighter-l12-dragons_lair-74 ability="Second Wind"
2026/05/17 14:06:48 INFO database initialized path=/tmp/expedition-sim-1969734198/gogobee.db
2026/05/17 14:06:48 INFO database initialized path=/tmp/expedition-sim-2360852955/gogobee.db
2026/05/17 14:06:48 INFO database initialized path=/tmp/expedition-sim-1485969536/gogobee.db
2026/05/17 14:06:48 INFO database initialized path=/tmp/expedition-sim-2139377479/gogobee.db
2026/05/17 14:06:48 INFO database initialized path=/tmp/expedition-sim-2591896266/gogobee.db
2026/05/17 14:06:48 INFO database initialized path=/tmp/expedition-sim-4059492813/gogobee.db
2026/05/17 14:06:48 INFO database initialized path=/tmp/expedition-sim-1060543333/gogobee.db
2026/05/17 14:06:48 INFO database initialized path=/tmp/expedition-sim-372124915/gogobee.db
2026/05/17 14:06:48 INFO database initialized path=/tmp/expedition-sim-2360544301/gogobee.db
2026/05/17 14:06:48 INFO database initialized path=/tmp/expedition-sim-191120282/gogobee.db
2026/05/17 14:06:48 INFO database initialized path=/tmp/expedition-sim-516424163/gogobee.db
2026/05/17 14:06:48 INFO database initialized path=/tmp/expedition-sim-3829369268/gogobee.db
2026/05/17 14:06:48 INFO database initialized path=/tmp/expedition-sim-774326813/gogobee.db
2026/05/17 14:06:48 INFO database initialized path=/tmp/expedition-sim-2518545944/gogobee.db
2026/05/17 14:06:48 INFO database initialized path=/tmp/expedition-sim-1010207250/gogobee.db
2026/05/17 14:06:48 INFO database initialized path=/tmp/expedition-sim-2494396374/gogobee.db
2026/05/17 14:06:48 INFO database initialized path=/tmp/expedition-sim-1180539008/gogobee.db
2026/05/17 14:06:48 INFO dnd: armed ability fired (turn-based build) user=@sim:fighter-l12-dragons_lair-75 ability="Second Wind"
2026/05/17 14:06:48 INFO dnd: armed ability fired (turn-based build) user=@sim:fighter-l12-dragons_lair-75 ability="Second Wind"
2026/05/17 14:06:48 INFO dnd: armed ability fired (turn-based build) user=@sim:fighter-l12-dragons_lair-75 ability="Second Wind"
2026/05/17 14:06:48 INFO database initialized path=/tmp/expedition-sim-446227782/gogobee.db
2026/05/17 14:06:48 INFO database initialized path=/tmp/expedition-sim-19963153/gogobee.db
2026/05/17 14:06:48 INFO database initialized path=/tmp/expedition-sim-3049792392/gogobee.db
2026/05/17 14:06:48 INFO database initialized path=/tmp/expedition-sim-2900128969/gogobee.db
2026/05/17 14:06:48 INFO database initialized path=/tmp/expedition-sim-2538982658/gogobee.db
2026/05/17 14:06:48 INFO database initialized path=/tmp/expedition-sim-3430884214/gogobee.db
2026/05/17 14:06:48 INFO database initialized path=/tmp/expedition-sim-3248665342/gogobee.db
2026/05/17 14:06:48 INFO database initialized path=/tmp/expedition-sim-3542153770/gogobee.db
2026/05/17 14:06:48 INFO database initialized path=/tmp/expedition-sim-3892762004/gogobee.db
2026/05/17 14:06:48 INFO database initialized path=/tmp/expedition-sim-920558594/gogobee.db
2026/05/17 14:06:48 INFO database initialized path=/tmp/expedition-sim-1536407544/gogobee.db
2026/05/17 14:06:48 INFO database initialized path=/tmp/expedition-sim-994223988/gogobee.db
2026/05/17 14:06:49 INFO database initialized path=/tmp/expedition-sim-2859090571/gogobee.db
2026/05/17 14:06:49 INFO database initialized path=/tmp/expedition-sim-3242014582/gogobee.db
2026/05/17 14:06:49 INFO database initialized path=/tmp/expedition-sim-2370518522/gogobee.db
2026/05/17 14:06:49 INFO dnd: armed ability fired (turn-based build) user=@sim:fighter-l12-dragons_lair-76 ability="Second Wind"
2026/05/17 14:06:49 INFO dnd: armed ability fired (turn-based build) user=@sim:fighter-l12-dragons_lair-76 ability="Second Wind"
2026/05/17 14:06:49 INFO dnd: armed ability fired (turn-based build) user=@sim:fighter-l12-dragons_lair-76 ability="Second Wind"
2026/05/17 14:06:49 INFO database initialized path=/tmp/expedition-sim-3663169440/gogobee.db
2026/05/17 14:06:49 INFO database initialized path=/tmp/expedition-sim-109201480/gogobee.db
2026/05/17 14:06:49 INFO database initialized path=/tmp/expedition-sim-3889664678/gogobee.db
2026/05/17 14:06:49 INFO database initialized path=/tmp/expedition-sim-3098284383/gogobee.db
2026/05/17 14:06:49 INFO database initialized path=/tmp/expedition-sim-2327206287/gogobee.db
2026/05/17 14:06:49 INFO database initialized path=/tmp/expedition-sim-3037774791/gogobee.db
2026/05/17 14:06:49 INFO database initialized path=/tmp/expedition-sim-125584161/gogobee.db
2026/05/17 14:06:49 INFO database initialized path=/tmp/expedition-sim-2686358383/gogobee.db
2026/05/17 14:06:49 INFO database initialized path=/tmp/expedition-sim-66658932/gogobee.db
2026/05/17 14:06:49 INFO database initialized path=/tmp/expedition-sim-3816783800/gogobee.db
2026/05/17 14:06:49 INFO database initialized path=/tmp/expedition-sim-2539622268/gogobee.db
2026/05/17 14:06:49 INFO database initialized path=/tmp/expedition-sim-2590402434/gogobee.db
2026/05/17 14:06:49 INFO database initialized path=/tmp/expedition-sim-2983277386/gogobee.db
2026/05/17 14:06:49 INFO database initialized path=/tmp/expedition-sim-4104491436/gogobee.db
2026/05/17 14:06:49 INFO database initialized path=/tmp/expedition-sim-1616664966/gogobee.db
2026/05/17 14:06:49 INFO database initialized path=/tmp/expedition-sim-4018400569/gogobee.db
2026/05/17 14:06:49 INFO database initialized path=/tmp/expedition-sim-3688094607/gogobee.db
2026/05/17 14:06:49 INFO database initialized path=/tmp/expedition-sim-4256372263/gogobee.db
2026/05/17 14:06:49 INFO database initialized path=/tmp/expedition-sim-2983216032/gogobee.db
2026/05/17 14:06:49 INFO database initialized path=/tmp/expedition-sim-2317045098/gogobee.db
2026/05/17 14:06:49 INFO dnd: armed ability fired (turn-based build) user=@sim:fighter-l12-dragons_lair-77 ability="Second Wind"
2026/05/17 14:06:49 INFO dnd: armed ability fired (turn-based build) user=@sim:fighter-l12-dragons_lair-77 ability="Second Wind"
2026/05/17 14:06:49 INFO database initialized path=/tmp/expedition-sim-2725752900/gogobee.db
2026/05/17 14:06:49 INFO dnd: armed ability fired (turn-based build) user=@sim:fighter-l12-dragons_lair-77 ability="Second Wind"
2026/05/17 14:06:49 INFO database initialized path=/tmp/expedition-sim-21071348/gogobee.db
2026/05/17 14:06:49 INFO database initialized path=/tmp/expedition-sim-2570583372/gogobee.db
2026/05/17 14:06:49 INFO database initialized path=/tmp/expedition-sim-737617943/gogobee.db
2026/05/17 14:06:49 INFO database initialized path=/tmp/expedition-sim-988385174/gogobee.db
2026/05/17 14:06:49 INFO database initialized path=/tmp/expedition-sim-4082091854/gogobee.db
2026/05/17 14:06:49 INFO database initialized path=/tmp/expedition-sim-3117110074/gogobee.db
2026/05/17 14:06:49 INFO database initialized path=/tmp/expedition-sim-1394702618/gogobee.db
2026/05/17 14:06:49 INFO database initialized path=/tmp/expedition-sim-1066098937/gogobee.db
2026/05/17 14:06:49 INFO database initialized path=/tmp/expedition-sim-2186024890/gogobee.db
2026/05/17 14:06:49 INFO database initialized path=/tmp/expedition-sim-3048680356/gogobee.db
2026/05/17 14:06:49 INFO database initialized path=/tmp/expedition-sim-4203101848/gogobee.db
2026/05/17 14:06:50 INFO database initialized path=/tmp/expedition-sim-2282641507/gogobee.db
2026/05/17 14:06:50 INFO database initialized path=/tmp/expedition-sim-4235440898/gogobee.db
2026/05/17 14:06:50 INFO database initialized path=/tmp/expedition-sim-2316919920/gogobee.db
2026/05/17 14:06:50 INFO dnd: armed ability fired (turn-based build) user=@sim:fighter-l12-dragons_lair-78 ability="Second Wind"
2026/05/17 14:06:50 INFO dnd: armed ability fired (turn-based build) user=@sim:fighter-l12-dragons_lair-78 ability="Second Wind"
2026/05/17 14:06:50 INFO dnd: armed ability fired (turn-based build) user=@sim:fighter-l12-dragons_lair-78 ability="Second Wind"
2026/05/17 14:06:50 INFO database initialized path=/tmp/expedition-sim-2334720388/gogobee.db
2026/05/17 14:06:50 INFO database initialized path=/tmp/expedition-sim-2189660375/gogobee.db
2026/05/17 14:06:50 INFO database initialized path=/tmp/expedition-sim-4225749796/gogobee.db
2026/05/17 14:06:50 INFO database initialized path=/tmp/expedition-sim-1711385926/gogobee.db
2026/05/17 14:06:50 INFO database initialized path=/tmp/expedition-sim-4140701389/gogobee.db
2026/05/17 14:06:50 INFO database initialized path=/tmp/expedition-sim-2258225555/gogobee.db
2026/05/17 14:06:50 INFO database initialized path=/tmp/expedition-sim-1413945446/gogobee.db
2026/05/17 14:06:50 INFO database initialized path=/tmp/expedition-sim-2989560248/gogobee.db
2026/05/17 14:06:50 INFO database initialized path=/tmp/expedition-sim-2565949905/gogobee.db
2026/05/17 14:06:50 INFO database initialized path=/tmp/expedition-sim-1162008252/gogobee.db
2026/05/17 14:06:50 INFO database initialized path=/tmp/expedition-sim-3730564917/gogobee.db
2026/05/17 14:06:50 INFO database initialized path=/tmp/expedition-sim-2700637645/gogobee.db
2026/05/17 14:06:50 INFO database initialized path=/tmp/expedition-sim-756038221/gogobee.db
2026/05/17 14:06:50 INFO database initialized path=/tmp/expedition-sim-48982593/gogobee.db
2026/05/17 14:06:50 INFO database initialized path=/tmp/expedition-sim-153429439/gogobee.db
2026/05/17 14:06:50 INFO database initialized path=/tmp/expedition-sim-2205358867/gogobee.db
2026/05/17 14:06:50 INFO database initialized path=/tmp/expedition-sim-2205780184/gogobee.db
2026/05/17 14:06:50 INFO database initialized path=/tmp/expedition-sim-361554980/gogobee.db
2026/05/17 14:06:50 INFO database initialized path=/tmp/expedition-sim-1836797730/gogobee.db
2026/05/17 14:06:50 INFO database initialized path=/tmp/expedition-sim-2123546883/gogobee.db
2026/05/17 14:06:50 INFO database initialized path=/tmp/expedition-sim-3615592396/gogobee.db
2026/05/17 14:06:50 INFO database initialized path=/tmp/expedition-sim-601781281/gogobee.db
2026/05/17 14:06:50 INFO database initialized path=/tmp/expedition-sim-4263969963/gogobee.db
2026/05/17 14:06:50 INFO dnd: armed ability fired (turn-based build) user=@sim:fighter-l12-dragons_lair-79 ability="Second Wind"
2026/05/17 14:06:50 INFO database initialized path=/tmp/expedition-sim-2973574956/gogobee.db
2026/05/17 14:06:50 INFO dnd: armed ability fired (turn-based build) user=@sim:fighter-l12-dragons_lair-79 ability="Second Wind"
2026/05/17 14:06:50 INFO dnd: armed ability fired (turn-based build) user=@sim:fighter-l12-dragons_lair-79 ability="Second Wind"
2026/05/17 14:06:50 INFO database initialized path=/tmp/expedition-sim-771593501/gogobee.db
2026/05/17 14:06:50 INFO database initialized path=/tmp/expedition-sim-2293170331/gogobee.db
2026/05/17 14:06:50 INFO database initialized path=/tmp/expedition-sim-2603974414/gogobee.db
2026/05/17 14:06:50 INFO database initialized path=/tmp/expedition-sim-3223901510/gogobee.db
2026/05/17 14:06:50 INFO database initialized path=/tmp/expedition-sim-2346376133/gogobee.db
2026/05/17 14:06:51 INFO database initialized path=/tmp/expedition-sim-2004029503/gogobee.db
2026/05/17 14:06:51 INFO database initialized path=/tmp/expedition-sim-3660238347/gogobee.db
2026/05/17 14:06:51 INFO database initialized path=/tmp/expedition-sim-2465629664/gogobee.db
2026/05/17 14:06:51 INFO database initialized path=/tmp/expedition-sim-710799588/gogobee.db
2026/05/17 14:06:51 INFO database initialized path=/tmp/expedition-sim-1977398614/gogobee.db
2026/05/17 14:06:51 INFO database initialized path=/tmp/expedition-sim-775060396/gogobee.db
2026/05/17 14:06:51 INFO database initialized path=/tmp/expedition-sim-1117719854/gogobee.db
2026/05/17 14:06:51 INFO database initialized path=/tmp/expedition-sim-60105519/gogobee.db
2026/05/17 14:06:51 INFO database initialized path=/tmp/expedition-sim-1350006051/gogobee.db
2026/05/17 14:06:51 INFO database initialized path=/tmp/expedition-sim-3100945349/gogobee.db
2026/05/17 14:06:51 INFO database initialized path=/tmp/expedition-sim-1993637783/gogobee.db
2026/05/17 14:06:51 INFO database initialized path=/tmp/expedition-sim-3778086326/gogobee.db
2026/05/17 14:06:51 INFO dnd: armed ability fired (turn-based build) user=@sim:fighter-l12-dragons_lair-80 ability="Second Wind"
2026/05/17 14:06:51 INFO dnd: armed ability fired (turn-based build) user=@sim:fighter-l12-dragons_lair-80 ability="Second Wind"
2026/05/17 14:06:51 INFO dnd: armed ability fired (turn-based build) user=@sim:fighter-l12-dragons_lair-80 ability="Second Wind"
2026/05/17 14:06:51 INFO database initialized path=/tmp/expedition-sim-3029524933/gogobee.db
2026/05/17 14:06:51 INFO database initialized path=/tmp/expedition-sim-2994147827/gogobee.db
2026/05/17 14:06:51 INFO database initialized path=/tmp/expedition-sim-101050974/gogobee.db
2026/05/17 14:06:51 INFO database initialized path=/tmp/expedition-sim-1166656691/gogobee.db
2026/05/17 14:06:51 INFO database initialized path=/tmp/expedition-sim-2083676258/gogobee.db
2026/05/17 14:06:51 INFO database initialized path=/tmp/expedition-sim-1565747084/gogobee.db
2026/05/17 14:06:51 INFO database initialized path=/tmp/expedition-sim-2364096875/gogobee.db
2026/05/17 14:06:51 INFO database initialized path=/tmp/expedition-sim-807844476/gogobee.db
2026/05/17 14:06:51 INFO database initialized path=/tmp/expedition-sim-4172623078/gogobee.db
2026/05/17 14:06:51 INFO database initialized path=/tmp/expedition-sim-1762001543/gogobee.db
2026/05/17 14:06:51 INFO database initialized path=/tmp/expedition-sim-1535274305/gogobee.db
2026/05/17 14:06:51 INFO database initialized path=/tmp/expedition-sim-4232790116/gogobee.db
2026/05/17 14:06:51 INFO database initialized path=/tmp/expedition-sim-1726990818/gogobee.db
2026/05/17 14:06:51 INFO database initialized path=/tmp/expedition-sim-144073242/gogobee.db
2026/05/17 14:06:51 INFO database initialized path=/tmp/expedition-sim-3848146390/gogobee.db
2026/05/17 14:06:51 INFO database initialized path=/tmp/expedition-sim-2286146503/gogobee.db
2026/05/17 14:06:52 INFO database initialized path=/tmp/expedition-sim-1345968460/gogobee.db
2026/05/17 14:06:52 INFO database initialized path=/tmp/expedition-sim-1352237194/gogobee.db
2026/05/17 14:06:52 INFO database initialized path=/tmp/expedition-sim-3099112809/gogobee.db
2026/05/17 14:06:52 INFO database initialized path=/tmp/expedition-sim-3911299509/gogobee.db
2026/05/17 14:06:52 INFO database initialized path=/tmp/expedition-sim-3822377568/gogobee.db
2026/05/17 14:06:52 INFO database initialized path=/tmp/expedition-sim-557699294/gogobee.db
2026/05/17 14:06:52 INFO database initialized path=/tmp/expedition-sim-3027096485/gogobee.db
2026/05/17 14:06:52 INFO database initialized path=/tmp/expedition-sim-2675684942/gogobee.db
2026/05/17 14:06:52 INFO database initialized path=/tmp/expedition-sim-3721156597/gogobee.db
2026/05/17 14:06:52 INFO database initialized path=/tmp/expedition-sim-3689608786/gogobee.db
2026/05/17 14:06:52 INFO database initialized path=/tmp/expedition-sim-3441324702/gogobee.db
2026/05/17 14:06:52 INFO database initialized path=/tmp/expedition-sim-267950477/gogobee.db
2026/05/17 14:06:52 INFO database initialized path=/tmp/expedition-sim-1321450071/gogobee.db
2026/05/17 14:06:52 INFO dnd: armed ability fired (turn-based build) user=@sim:fighter-l12-dragons_lair-81 ability="Second Wind"
2026/05/17 14:06:52 INFO dnd: armed ability fired (turn-based build) user=@sim:fighter-l12-dragons_lair-81 ability="Second Wind"
2026/05/17 14:06:52 INFO dnd: armed ability fired (turn-based build) user=@sim:fighter-l12-dragons_lair-81 ability="Second Wind"
2026/05/17 14:06:52 INFO database initialized path=/tmp/expedition-sim-480083632/gogobee.db
2026/05/17 14:06:52 INFO database initialized path=/tmp/expedition-sim-2593843385/gogobee.db
2026/05/17 14:06:52 INFO database initialized path=/tmp/expedition-sim-1189862089/gogobee.db
2026/05/17 14:06:52 INFO database initialized path=/tmp/expedition-sim-1927069687/gogobee.db
2026/05/17 14:06:52 INFO database initialized path=/tmp/expedition-sim-3896146160/gogobee.db
2026/05/17 14:06:52 INFO database initialized path=/tmp/expedition-sim-3090349266/gogobee.db
2026/05/17 14:06:52 INFO database initialized path=/tmp/expedition-sim-1102493983/gogobee.db
2026/05/17 14:06:52 INFO database initialized path=/tmp/expedition-sim-2970157170/gogobee.db
2026/05/17 14:06:52 INFO database initialized path=/tmp/expedition-sim-3786117088/gogobee.db
2026/05/17 14:06:52 INFO database initialized path=/tmp/expedition-sim-1951632590/gogobee.db
2026/05/17 14:06:52 INFO database initialized path=/tmp/expedition-sim-3653975805/gogobee.db
2026/05/17 14:06:52 INFO database initialized path=/tmp/expedition-sim-487248202/gogobee.db
2026/05/17 14:06:52 INFO database initialized path=/tmp/expedition-sim-1886446320/gogobee.db
2026/05/17 14:06:52 INFO database initialized path=/tmp/expedition-sim-1332552122/gogobee.db
2026/05/17 14:06:52 INFO database initialized path=/tmp/expedition-sim-3441460040/gogobee.db
2026/05/17 14:06:52 INFO database initialized path=/tmp/expedition-sim-174085135/gogobee.db
2026/05/17 14:06:52 INFO database initialized path=/tmp/expedition-sim-2092820254/gogobee.db
2026/05/17 14:06:52 INFO database initialized path=/tmp/expedition-sim-2311644383/gogobee.db
2026/05/17 14:06:52 INFO database initialized path=/tmp/expedition-sim-3717502698/gogobee.db
2026/05/17 14:06:53 INFO database initialized path=/tmp/expedition-sim-980454242/gogobee.db
2026/05/17 14:06:53 INFO database initialized path=/tmp/expedition-sim-441902198/gogobee.db
2026/05/17 14:06:53 INFO database initialized path=/tmp/expedition-sim-818065917/gogobee.db
2026/05/17 14:06:53 INFO database initialized path=/tmp/expedition-sim-1909521631/gogobee.db
2026/05/17 14:06:53 INFO database initialized path=/tmp/expedition-sim-3970381427/gogobee.db
2026/05/17 14:06:53 INFO database initialized path=/tmp/expedition-sim-3541764025/gogobee.db
2026/05/17 14:06:53 INFO dnd: armed ability fired (turn-based build) user=@sim:fighter-l12-dragons_lair-82 ability="Second Wind"
2026/05/17 14:06:53 INFO database initialized path=/tmp/expedition-sim-65295705/gogobee.db
2026/05/17 14:06:53 INFO dnd: armed ability fired (turn-based build) user=@sim:fighter-l12-dragons_lair-82 ability="Second Wind"
2026/05/17 14:06:53 INFO database initialized path=/tmp/expedition-sim-3384112004/gogobee.db
2026/05/17 14:06:53 INFO database initialized path=/tmp/expedition-sim-393343849/gogobee.db
2026/05/17 14:06:53 INFO dnd: armed ability fired (turn-based build) user=@sim:fighter-l12-dragons_lair-82 ability="Second Wind"
2026/05/17 14:06:53 INFO database initialized path=/tmp/expedition-sim-2985998155/gogobee.db
2026/05/17 14:06:53 INFO database initialized path=/tmp/expedition-sim-776030335/gogobee.db
2026/05/17 14:06:53 INFO database initialized path=/tmp/expedition-sim-486954000/gogobee.db
2026/05/17 14:06:53 INFO database initialized path=/tmp/expedition-sim-3563346404/gogobee.db
2026/05/17 14:06:53 INFO database initialized path=/tmp/expedition-sim-4125087344/gogobee.db
2026/05/17 14:06:53 INFO database initialized path=/tmp/expedition-sim-1071973266/gogobee.db
2026/05/17 14:06:53 INFO database initialized path=/tmp/expedition-sim-184156130/gogobee.db
2026/05/17 14:06:53 INFO database initialized path=/tmp/expedition-sim-2837347968/gogobee.db
2026/05/17 14:06:53 INFO database initialized path=/tmp/expedition-sim-70067538/gogobee.db
2026/05/17 14:06:53 INFO database initialized path=/tmp/expedition-sim-1339430759/gogobee.db
2026/05/17 14:06:53 INFO database initialized path=/tmp/expedition-sim-3559761798/gogobee.db
2026/05/17 14:06:53 INFO database initialized path=/tmp/expedition-sim-2611165149/gogobee.db
2026/05/17 14:06:53 INFO database initialized path=/tmp/expedition-sim-1378636382/gogobee.db
2026/05/17 14:06:53 INFO database initialized path=/tmp/expedition-sim-2456382186/gogobee.db
2026/05/17 14:06:53 INFO database initialized path=/tmp/expedition-sim-1070597666/gogobee.db
2026/05/17 14:06:53 INFO dnd: armed ability fired (turn-based build) user=@sim:fighter-l12-dragons_lair-83 ability="Second Wind"
2026/05/17 14:06:53 INFO dnd: armed ability fired (turn-based build) user=@sim:fighter-l12-dragons_lair-83 ability="Second Wind"
2026/05/17 14:06:53 INFO dnd: armed ability fired (turn-based build) user=@sim:fighter-l12-dragons_lair-83 ability="Second Wind"
2026/05/17 14:06:53 INFO database initialized path=/tmp/expedition-sim-1638801467/gogobee.db
2026/05/17 14:06:53 INFO database initialized path=/tmp/expedition-sim-1365760096/gogobee.db
2026/05/17 14:06:53 INFO database initialized path=/tmp/expedition-sim-157821784/gogobee.db
2026/05/17 14:06:53 INFO database initialized path=/tmp/expedition-sim-2910550978/gogobee.db
2026/05/17 14:06:53 INFO database initialized path=/tmp/expedition-sim-1520326192/gogobee.db
2026/05/17 14:06:53 INFO database initialized path=/tmp/expedition-sim-1327045830/gogobee.db
2026/05/17 14:06:53 INFO database initialized path=/tmp/expedition-sim-908790845/gogobee.db
2026/05/17 14:06:53 INFO database initialized path=/tmp/expedition-sim-430318529/gogobee.db
2026/05/17 14:06:53 INFO database initialized path=/tmp/expedition-sim-3449615580/gogobee.db
2026/05/17 14:06:53 INFO database initialized path=/tmp/expedition-sim-503079660/gogobee.db
2026/05/17 14:06:54 INFO database initialized path=/tmp/expedition-sim-2187900420/gogobee.db
2026/05/17 14:06:54 INFO database initialized path=/tmp/expedition-sim-1023120156/gogobee.db
2026/05/17 14:06:54 INFO database initialized path=/tmp/expedition-sim-3763207320/gogobee.db
2026/05/17 14:06:54 INFO database initialized path=/tmp/expedition-sim-2678456596/gogobee.db
2026/05/17 14:06:54 INFO database initialized path=/tmp/expedition-sim-1190361131/gogobee.db
2026/05/17 14:06:54 INFO database initialized path=/tmp/expedition-sim-206369475/gogobee.db
2026/05/17 14:06:54 INFO database initialized path=/tmp/expedition-sim-2346966794/gogobee.db
2026/05/17 14:06:54 INFO database initialized path=/tmp/expedition-sim-3583932202/gogobee.db
2026/05/17 14:06:54 INFO dnd: armed ability fired (turn-based build) user=@sim:fighter-l12-dragons_lair-84 ability="Second Wind"
2026/05/17 14:06:54 INFO dnd: armed ability fired (turn-based build) user=@sim:fighter-l12-dragons_lair-84 ability="Second Wind"
2026/05/17 14:06:54 INFO database initialized path=/tmp/expedition-sim-3682603701/gogobee.db
2026/05/17 14:06:54 INFO dnd: armed ability fired (turn-based build) user=@sim:fighter-l12-dragons_lair-84 ability="Second Wind"
2026/05/17 14:06:54 INFO database initialized path=/tmp/expedition-sim-4050059581/gogobee.db
2026/05/17 14:06:54 INFO database initialized path=/tmp/expedition-sim-2564723880/gogobee.db
2026/05/17 14:06:54 INFO database initialized path=/tmp/expedition-sim-191177388/gogobee.db
2026/05/17 14:06:54 INFO database initialized path=/tmp/expedition-sim-2394284701/gogobee.db
2026/05/17 14:06:54 INFO database initialized path=/tmp/expedition-sim-2999983120/gogobee.db
2026/05/17 14:06:54 INFO database initialized path=/tmp/expedition-sim-2814093919/gogobee.db
2026/05/17 14:06:54 INFO database initialized path=/tmp/expedition-sim-3775995846/gogobee.db
2026/05/17 14:06:54 INFO database initialized path=/tmp/expedition-sim-1403201506/gogobee.db
2026/05/17 14:06:54 INFO database initialized path=/tmp/expedition-sim-2276207185/gogobee.db
2026/05/17 14:06:54 INFO database initialized path=/tmp/expedition-sim-806709882/gogobee.db
2026/05/17 14:06:54 INFO database initialized path=/tmp/expedition-sim-4293866099/gogobee.db
2026/05/17 14:06:54 INFO database initialized path=/tmp/expedition-sim-1725815634/gogobee.db
2026/05/17 14:06:54 INFO database initialized path=/tmp/expedition-sim-2719650218/gogobee.db
2026/05/17 14:06:54 INFO database initialized path=/tmp/expedition-sim-4069723371/gogobee.db
2026/05/17 14:06:54 INFO dnd: armed ability fired (turn-based build) user=@sim:fighter-l12-dragons_lair-85 ability="Second Wind"
2026/05/17 14:06:54 INFO dnd: armed ability fired (turn-based build) user=@sim:fighter-l12-dragons_lair-85 ability="Second Wind"
2026/05/17 14:06:54 INFO database initialized path=/tmp/expedition-sim-3410269666/gogobee.db
2026/05/17 14:06:54 INFO dnd: armed ability fired (turn-based build) user=@sim:fighter-l12-dragons_lair-85 ability="Second Wind"
2026/05/17 14:06:54 INFO database initialized path=/tmp/expedition-sim-1560602698/gogobee.db
2026/05/17 14:06:54 INFO database initialized path=/tmp/expedition-sim-3352214353/gogobee.db
2026/05/17 14:06:54 INFO database initialized path=/tmp/expedition-sim-1526164099/gogobee.db
2026/05/17 14:06:54 INFO database initialized path=/tmp/expedition-sim-3950359523/gogobee.db
2026/05/17 14:06:54 INFO database initialized path=/tmp/expedition-sim-1729081801/gogobee.db
2026/05/17 14:06:54 INFO database initialized path=/tmp/expedition-sim-362762187/gogobee.db
2026/05/17 14:06:54 INFO database initialized path=/tmp/expedition-sim-3339956812/gogobee.db
2026/05/17 14:06:54 INFO database initialized path=/tmp/expedition-sim-4111942145/gogobee.db
2026/05/17 14:06:54 INFO database initialized path=/tmp/expedition-sim-3928258463/gogobee.db
2026/05/17 14:06:55 INFO database initialized path=/tmp/expedition-sim-225721881/gogobee.db
2026/05/17 14:06:55 INFO database initialized path=/tmp/expedition-sim-1483151005/gogobee.db
2026/05/17 14:06:55 INFO database initialized path=/tmp/expedition-sim-3693531043/gogobee.db
2026/05/17 14:06:55 INFO dnd: armed ability fired (turn-based build) user=@sim:fighter-l12-dragons_lair-86 ability="Second Wind"
2026/05/17 14:06:55 INFO dnd: armed ability fired (turn-based build) user=@sim:fighter-l12-dragons_lair-86 ability="Second Wind"
2026/05/17 14:06:55 INFO dnd: armed ability fired (turn-based build) user=@sim:fighter-l12-dragons_lair-86 ability="Second Wind"
2026/05/17 14:06:55 INFO database initialized path=/tmp/expedition-sim-1787909518/gogobee.db
2026/05/17 14:06:55 INFO database initialized path=/tmp/expedition-sim-2804259860/gogobee.db
2026/05/17 14:06:55 INFO database initialized path=/tmp/expedition-sim-4109363979/gogobee.db
2026/05/17 14:06:55 INFO database initialized path=/tmp/expedition-sim-1597859546/gogobee.db
2026/05/17 14:06:55 INFO database initialized path=/tmp/expedition-sim-3310111761/gogobee.db
2026/05/17 14:06:55 INFO database initialized path=/tmp/expedition-sim-1407061460/gogobee.db
2026/05/17 14:06:55 INFO database initialized path=/tmp/expedition-sim-1091568790/gogobee.db
2026/05/17 14:06:55 INFO database initialized path=/tmp/expedition-sim-3845675675/gogobee.db
2026/05/17 14:06:55 INFO database initialized path=/tmp/expedition-sim-2726034837/gogobee.db
2026/05/17 14:06:55 INFO database initialized path=/tmp/expedition-sim-1886245850/gogobee.db
2026/05/17 14:06:55 INFO database initialized path=/tmp/expedition-sim-4284860334/gogobee.db
2026/05/17 14:06:55 INFO dnd: armed ability fired (turn-based build) user=@sim:fighter-l12-dragons_lair-87 ability="Second Wind"
2026/05/17 14:06:55 INFO database initialized path=/tmp/expedition-sim-2400822280/gogobee.db
2026/05/17 14:06:55 INFO dnd: armed ability fired (turn-based build) user=@sim:fighter-l12-dragons_lair-87 ability="Second Wind"
2026/05/17 14:06:55 INFO dnd: armed ability fired (turn-based build) user=@sim:fighter-l12-dragons_lair-87 ability="Second Wind"
2026/05/17 14:06:55 INFO database initialized path=/tmp/expedition-sim-525488416/gogobee.db
2026/05/17 14:06:55 INFO database initialized path=/tmp/expedition-sim-2896486842/gogobee.db
2026/05/17 14:06:55 INFO database initialized path=/tmp/expedition-sim-2351543101/gogobee.db
2026/05/17 14:06:55 INFO database initialized path=/tmp/expedition-sim-2534502137/gogobee.db
2026/05/17 14:06:55 INFO database initialized path=/tmp/expedition-sim-729711599/gogobee.db
2026/05/17 14:06:55 INFO database initialized path=/tmp/expedition-sim-1557963788/gogobee.db
2026/05/17 14:06:55 INFO database initialized path=/tmp/expedition-sim-1433848425/gogobee.db
2026/05/17 14:06:55 INFO database initialized path=/tmp/expedition-sim-1547550126/gogobee.db
2026/05/17 14:06:55 INFO database initialized path=/tmp/expedition-sim-3900339944/gogobee.db
2026/05/17 14:06:55 INFO database initialized path=/tmp/expedition-sim-42076288/gogobee.db
2026/05/17 14:06:55 INFO database initialized path=/tmp/expedition-sim-3915162720/gogobee.db
2026/05/17 14:06:55 INFO dnd: armed ability fired (turn-based build) user=@sim:fighter-l12-dragons_lair-88 ability="Second Wind"
2026/05/17 14:06:55 INFO dnd: armed ability fired (turn-based build) user=@sim:fighter-l12-dragons_lair-88 ability="Second Wind"
2026/05/17 14:06:55 INFO dnd: armed ability fired (turn-based build) user=@sim:fighter-l12-dragons_lair-88 ability="Second Wind"
2026/05/17 14:06:55 INFO database initialized path=/tmp/expedition-sim-3831193067/gogobee.db
2026/05/17 14:06:55 INFO database initialized path=/tmp/expedition-sim-720172592/gogobee.db
2026/05/17 14:06:55 INFO database initialized path=/tmp/expedition-sim-3469661281/gogobee.db
2026/05/17 14:06:55 INFO database initialized path=/tmp/expedition-sim-2975758283/gogobee.db
2026/05/17 14:06:55 INFO database initialized path=/tmp/expedition-sim-4037921054/gogobee.db
2026/05/17 14:06:55 INFO database initialized path=/tmp/expedition-sim-3550882673/gogobee.db
2026/05/17 14:06:56 INFO database initialized path=/tmp/expedition-sim-1920696568/gogobee.db
2026/05/17 14:06:56 INFO database initialized path=/tmp/expedition-sim-1351011716/gogobee.db
2026/05/17 14:06:56 INFO database initialized path=/tmp/expedition-sim-2527753279/gogobee.db
2026/05/17 14:06:56 INFO database initialized path=/tmp/expedition-sim-3886076492/gogobee.db
2026/05/17 14:06:56 INFO database initialized path=/tmp/expedition-sim-273215279/gogobee.db
2026/05/17 14:06:56 INFO database initialized path=/tmp/expedition-sim-3530149806/gogobee.db
2026/05/17 14:06:56 INFO dnd: armed ability fired (turn-based build) user=@sim:fighter-l12-dragons_lair-89 ability="Second Wind"
2026/05/17 14:06:56 INFO dnd: armed ability fired (turn-based build) user=@sim:fighter-l12-dragons_lair-89 ability="Second Wind"
2026/05/17 14:06:56 INFO dnd: armed ability fired (turn-based build) user=@sim:fighter-l12-dragons_lair-89 ability="Second Wind"
2026/05/17 14:06:56 INFO database initialized path=/tmp/expedition-sim-307700752/gogobee.db
2026/05/17 14:06:56 INFO database initialized path=/tmp/expedition-sim-2005642498/gogobee.db
2026/05/17 14:06:56 INFO database initialized path=/tmp/expedition-sim-3848710750/gogobee.db
2026/05/17 14:06:56 INFO database initialized path=/tmp/expedition-sim-2709795485/gogobee.db
2026/05/17 14:06:56 INFO database initialized path=/tmp/expedition-sim-2568660953/gogobee.db
2026/05/17 14:06:56 INFO database initialized path=/tmp/expedition-sim-2637044100/gogobee.db
2026/05/17 14:06:56 INFO database initialized path=/tmp/expedition-sim-2635803370/gogobee.db
2026/05/17 14:06:56 INFO database initialized path=/tmp/expedition-sim-4047290762/gogobee.db
2026/05/17 14:06:56 INFO database initialized path=/tmp/expedition-sim-284759953/gogobee.db
2026/05/17 14:06:56 INFO database initialized path=/tmp/expedition-sim-1159876988/gogobee.db
2026/05/17 14:06:56 INFO database initialized path=/tmp/expedition-sim-2099454340/gogobee.db
2026/05/17 14:06:56 INFO database initialized path=/tmp/expedition-sim-3515405233/gogobee.db
2026/05/17 14:06:56 INFO database initialized path=/tmp/expedition-sim-497134415/gogobee.db
2026/05/17 14:06:56 INFO database initialized path=/tmp/expedition-sim-2998028295/gogobee.db
2026/05/17 14:06:56 INFO dnd: armed ability fired (turn-based build) user=@sim:fighter-l12-dragons_lair-90 ability="Second Wind"
2026/05/17 14:06:56 INFO dnd: armed ability fired (turn-based build) user=@sim:fighter-l12-dragons_lair-90 ability="Second Wind"
2026/05/17 14:06:56 INFO dnd: armed ability fired (turn-based build) user=@sim:fighter-l12-dragons_lair-90 ability="Second Wind"
2026/05/17 14:06:56 INFO database initialized path=/tmp/expedition-sim-3249294761/gogobee.db
2026/05/17 14:06:56 INFO database initialized path=/tmp/expedition-sim-4127862189/gogobee.db
2026/05/17 14:06:56 INFO database initialized path=/tmp/expedition-sim-658297905/gogobee.db
2026/05/17 14:06:56 INFO database initialized path=/tmp/expedition-sim-2198109200/gogobee.db
2026/05/17 14:06:56 INFO database initialized path=/tmp/expedition-sim-4038116343/gogobee.db
2026/05/17 14:06:56 INFO database initialized path=/tmp/expedition-sim-1516406796/gogobee.db
2026/05/17 14:06:56 INFO database initialized path=/tmp/expedition-sim-714171175/gogobee.db
2026/05/17 14:06:56 INFO database initialized path=/tmp/expedition-sim-4217929474/gogobee.db
2026/05/17 14:06:56 INFO database initialized path=/tmp/expedition-sim-1160032305/gogobee.db
2026/05/17 14:06:56 INFO database initialized path=/tmp/expedition-sim-582704469/gogobee.db
2026/05/17 14:06:57 INFO database initialized path=/tmp/expedition-sim-1833403230/gogobee.db
2026/05/17 14:06:57 INFO database initialized path=/tmp/expedition-sim-2321252267/gogobee.db
2026/05/17 14:06:57 INFO database initialized path=/tmp/expedition-sim-879862861/gogobee.db
2026/05/17 14:06:57 INFO database initialized path=/tmp/expedition-sim-1366737826/gogobee.db
2026/05/17 14:06:57 INFO dnd: armed ability fired (turn-based build) user=@sim:fighter-l12-dragons_lair-91 ability="Second Wind"
2026/05/17 14:06:57 INFO dnd: armed ability fired (turn-based build) user=@sim:fighter-l12-dragons_lair-91 ability="Second Wind"
2026/05/17 14:06:57 INFO database initialized path=/tmp/expedition-sim-3034347621/gogobee.db
2026/05/17 14:06:57 INFO dnd: armed ability fired (turn-based build) user=@sim:fighter-l12-dragons_lair-91 ability="Second Wind"
2026/05/17 14:06:57 INFO database initialized path=/tmp/expedition-sim-135129440/gogobee.db
2026/05/17 14:06:57 INFO database initialized path=/tmp/expedition-sim-2410330219/gogobee.db
2026/05/17 14:06:57 INFO database initialized path=/tmp/expedition-sim-316400394/gogobee.db
2026/05/17 14:06:57 INFO database initialized path=/tmp/expedition-sim-855715853/gogobee.db
2026/05/17 14:06:57 INFO database initialized path=/tmp/expedition-sim-431259554/gogobee.db
2026/05/17 14:06:57 INFO database initialized path=/tmp/expedition-sim-1954294765/gogobee.db
2026/05/17 14:06:57 INFO database initialized path=/tmp/expedition-sim-551735445/gogobee.db
2026/05/17 14:06:57 INFO database initialized path=/tmp/expedition-sim-989471241/gogobee.db
2026/05/17 14:06:57 INFO database initialized path=/tmp/expedition-sim-2754919877/gogobee.db
2026/05/17 14:06:57 INFO database initialized path=/tmp/expedition-sim-3209517019/gogobee.db
2026/05/17 14:06:57 INFO database initialized path=/tmp/expedition-sim-1070513654/gogobee.db
2026/05/17 14:06:57 INFO database initialized path=/tmp/expedition-sim-544196973/gogobee.db
2026/05/17 14:06:57 INFO database initialized path=/tmp/expedition-sim-3557110593/gogobee.db
2026/05/17 14:06:57 INFO database initialized path=/tmp/expedition-sim-1939233598/gogobee.db
2026/05/17 14:06:57 INFO database initialized path=/tmp/expedition-sim-442979979/gogobee.db
2026/05/17 14:06:57 INFO database initialized path=/tmp/expedition-sim-3454563832/gogobee.db
2026/05/17 14:06:57 INFO dnd: armed ability fired (turn-based build) user=@sim:fighter-l12-dragons_lair-92 ability="Second Wind"
2026/05/17 14:06:57 INFO dnd: armed ability fired (turn-based build) user=@sim:fighter-l12-dragons_lair-92 ability="Second Wind"
2026/05/17 14:06:57 INFO dnd: armed ability fired (turn-based build) user=@sim:fighter-l12-dragons_lair-92 ability="Second Wind"
2026/05/17 14:06:57 INFO database initialized path=/tmp/expedition-sim-3094709240/gogobee.db
2026/05/17 14:06:57 INFO database initialized path=/tmp/expedition-sim-140059479/gogobee.db
2026/05/17 14:06:57 INFO database initialized path=/tmp/expedition-sim-3825152169/gogobee.db
2026/05/17 14:06:57 INFO database initialized path=/tmp/expedition-sim-2395917091/gogobee.db
2026/05/17 14:06:57 INFO database initialized path=/tmp/expedition-sim-3142309977/gogobee.db
2026/05/17 14:06:57 INFO database initialized path=/tmp/expedition-sim-4255739516/gogobee.db
2026/05/17 14:06:57 INFO database initialized path=/tmp/expedition-sim-685224683/gogobee.db
2026/05/17 14:06:57 INFO database initialized path=/tmp/expedition-sim-3694315437/gogobee.db
2026/05/17 14:06:57 INFO database initialized path=/tmp/expedition-sim-2341600230/gogobee.db
2026/05/17 14:06:58 INFO database initialized path=/tmp/expedition-sim-1678392302/gogobee.db
2026/05/17 14:06:58 INFO database initialized path=/tmp/expedition-sim-2251628131/gogobee.db
2026/05/17 14:06:58 INFO database initialized path=/tmp/expedition-sim-3411837505/gogobee.db
2026/05/17 14:06:58 INFO database initialized path=/tmp/expedition-sim-3358136979/gogobee.db
2026/05/17 14:06:58 INFO dnd: armed ability fired (turn-based build) user=@sim:fighter-l12-dragons_lair-93 ability="Second Wind"
2026/05/17 14:06:58 INFO dnd: armed ability fired (turn-based build) user=@sim:fighter-l12-dragons_lair-93 ability="Second Wind"
2026/05/17 14:06:58 INFO dnd: armed ability fired (turn-based build) user=@sim:fighter-l12-dragons_lair-93 ability="Second Wind"
2026/05/17 14:06:58 INFO database initialized path=/tmp/expedition-sim-1556032421/gogobee.db
2026/05/17 14:06:58 INFO database initialized path=/tmp/expedition-sim-3519385305/gogobee.db
2026/05/17 14:06:58 INFO database initialized path=/tmp/expedition-sim-4238793015/gogobee.db
2026/05/17 14:06:58 INFO database initialized path=/tmp/expedition-sim-1106648401/gogobee.db
2026/05/17 14:06:58 INFO database initialized path=/tmp/expedition-sim-907598143/gogobee.db
2026/05/17 14:06:58 INFO database initialized path=/tmp/expedition-sim-1719555864/gogobee.db
2026/05/17 14:06:58 INFO database initialized path=/tmp/expedition-sim-688587898/gogobee.db
2026/05/17 14:06:58 INFO database initialized path=/tmp/expedition-sim-2236754147/gogobee.db
2026/05/17 14:06:58 INFO database initialized path=/tmp/expedition-sim-3460988437/gogobee.db
2026/05/17 14:06:58 INFO database initialized path=/tmp/expedition-sim-1381019822/gogobee.db
2026/05/17 14:06:58 INFO database initialized path=/tmp/expedition-sim-1325995397/gogobee.db
2026/05/17 14:06:58 INFO database initialized path=/tmp/expedition-sim-4210672030/gogobee.db
2026/05/17 14:06:58 INFO dnd: armed ability fired (turn-based build) user=@sim:fighter-l12-dragons_lair-94 ability="Second Wind"
2026/05/17 14:06:58 INFO dnd: armed ability fired (turn-based build) user=@sim:fighter-l12-dragons_lair-94 ability="Second Wind"
2026/05/17 14:06:58 INFO dnd: armed ability fired (turn-based build) user=@sim:fighter-l12-dragons_lair-94 ability="Second Wind"
2026/05/17 14:06:58 INFO database initialized path=/tmp/expedition-sim-2567067027/gogobee.db
2026/05/17 14:06:58 INFO database initialized path=/tmp/expedition-sim-1223946839/gogobee.db
2026/05/17 14:06:58 INFO database initialized path=/tmp/expedition-sim-3798881937/gogobee.db
2026/05/17 14:06:58 INFO database initialized path=/tmp/expedition-sim-1352649569/gogobee.db
2026/05/17 14:06:58 INFO database initialized path=/tmp/expedition-sim-216575228/gogobee.db
2026/05/17 14:06:58 INFO database initialized path=/tmp/expedition-sim-1938799500/gogobee.db
2026/05/17 14:06:58 INFO database initialized path=/tmp/expedition-sim-708934205/gogobee.db
2026/05/17 14:06:58 INFO database initialized path=/tmp/expedition-sim-1518564837/gogobee.db
2026/05/17 14:06:58 INFO database initialized path=/tmp/expedition-sim-1831416260/gogobee.db
2026/05/17 14:06:58 INFO database initialized path=/tmp/expedition-sim-3855228836/gogobee.db
2026/05/17 14:06:58 INFO database initialized path=/tmp/expedition-sim-3976159159/gogobee.db
2026/05/17 14:06:58 INFO dnd: armed ability fired (turn-based build) user=@sim:fighter-l12-dragons_lair-95 ability="Second Wind"
2026/05/17 14:06:58 INFO dnd: armed ability fired (turn-based build) user=@sim:fighter-l12-dragons_lair-95 ability="Second Wind"
2026/05/17 14:06:59 INFO dnd: armed ability fired (turn-based build) user=@sim:fighter-l12-dragons_lair-95 ability="Second Wind"
2026/05/17 14:06:59 INFO database initialized path=/tmp/expedition-sim-224152937/gogobee.db
2026/05/17 14:06:59 INFO database initialized path=/tmp/expedition-sim-1914990442/gogobee.db
2026/05/17 14:06:59 INFO database initialized path=/tmp/expedition-sim-3911408620/gogobee.db
2026/05/17 14:06:59 INFO database initialized path=/tmp/expedition-sim-2818429774/gogobee.db
2026/05/17 14:06:59 INFO database initialized path=/tmp/expedition-sim-207101343/gogobee.db
2026/05/17 14:06:59 INFO database initialized path=/tmp/expedition-sim-269739236/gogobee.db
2026/05/17 14:06:59 INFO database initialized path=/tmp/expedition-sim-60154327/gogobee.db
2026/05/17 14:06:59 INFO database initialized path=/tmp/expedition-sim-882183196/gogobee.db
2026/05/17 14:06:59 INFO database initialized path=/tmp/expedition-sim-4026138519/gogobee.db
2026/05/17 14:06:59 INFO database initialized path=/tmp/expedition-sim-2906807893/gogobee.db
2026/05/17 14:06:59 INFO database initialized path=/tmp/expedition-sim-4196348114/gogobee.db
2026/05/17 14:06:59 INFO database initialized path=/tmp/expedition-sim-2991369/gogobee.db
2026/05/17 14:06:59 INFO database initialized path=/tmp/expedition-sim-59274809/gogobee.db
2026/05/17 14:06:59 INFO dnd: armed ability fired (turn-based build) user=@sim:fighter-l12-dragons_lair-96 ability="Second Wind"
2026/05/17 14:06:59 INFO dnd: armed ability fired (turn-based build) user=@sim:fighter-l12-dragons_lair-96 ability="Second Wind"
2026/05/17 14:06:59 INFO dnd: armed ability fired (turn-based build) user=@sim:fighter-l12-dragons_lair-96 ability="Second Wind"
2026/05/17 14:06:59 INFO database initialized path=/tmp/expedition-sim-784688627/gogobee.db
2026/05/17 14:06:59 INFO database initialized path=/tmp/expedition-sim-1435871819/gogobee.db
2026/05/17 14:06:59 INFO database initialized path=/tmp/expedition-sim-3178369451/gogobee.db
2026/05/17 14:06:59 INFO database initialized path=/tmp/expedition-sim-258983072/gogobee.db
2026/05/17 14:06:59 INFO database initialized path=/tmp/expedition-sim-1346471212/gogobee.db
2026/05/17 14:06:59 INFO database initialized path=/tmp/expedition-sim-2897648899/gogobee.db
2026/05/17 14:06:59 INFO database initialized path=/tmp/expedition-sim-1267035549/gogobee.db
2026/05/17 14:06:59 INFO database initialized path=/tmp/expedition-sim-3798164403/gogobee.db
2026/05/17 14:06:59 INFO database initialized path=/tmp/expedition-sim-197235282/gogobee.db
2026/05/17 14:06:59 INFO dnd: armed ability fired (turn-based build) user=@sim:fighter-l12-dragons_lair-97 ability="Second Wind"
2026/05/17 14:06:59 INFO dnd: armed ability fired (turn-based build) user=@sim:fighter-l12-dragons_lair-97 ability="Second Wind"
2026/05/17 14:06:59 INFO dnd: armed ability fired (turn-based build) user=@sim:fighter-l12-dragons_lair-97 ability="Second Wind"
2026/05/17 14:07:00 INFO database initialized path=/tmp/expedition-sim-1457509509/gogobee.db
2026/05/17 14:07:00 INFO database initialized path=/tmp/expedition-sim-3422699098/gogobee.db
2026/05/17 14:07:00 INFO database initialized path=/tmp/expedition-sim-1579109704/gogobee.db
2026/05/17 14:07:00 INFO database initialized path=/tmp/expedition-sim-4175007258/gogobee.db
2026/05/17 14:07:00 INFO database initialized path=/tmp/expedition-sim-404406138/gogobee.db
2026/05/17 14:07:00 INFO database initialized path=/tmp/expedition-sim-1640824977/gogobee.db
2026/05/17 14:07:00 INFO database initialized path=/tmp/expedition-sim-2808723825/gogobee.db
2026/05/17 14:07:00 INFO database initialized path=/tmp/expedition-sim-1314708197/gogobee.db
2026/05/17 14:07:00 INFO database initialized path=/tmp/expedition-sim-1078847173/gogobee.db
2026/05/17 14:07:00 INFO dnd: armed ability fired (turn-based build) user=@sim:fighter-l12-dragons_lair-98 ability="Second Wind"
2026/05/17 14:07:00 INFO dnd: armed ability fired (turn-based build) user=@sim:fighter-l12-dragons_lair-98 ability="Second Wind"
2026/05/17 14:07:00 INFO dnd: armed ability fired (turn-based build) user=@sim:fighter-l12-dragons_lair-98 ability="Second Wind"
2026/05/17 14:07:00 INFO database initialized path=/tmp/expedition-sim-4001500126/gogobee.db
2026/05/17 14:07:00 INFO database initialized path=/tmp/expedition-sim-2115184828/gogobee.db
2026/05/17 14:07:00 INFO database initialized path=/tmp/expedition-sim-1614701471/gogobee.db
2026/05/17 14:07:00 INFO database initialized path=/tmp/expedition-sim-860575125/gogobee.db
2026/05/17 14:07:00 INFO database initialized path=/tmp/expedition-sim-3946592538/gogobee.db
2026/05/17 14:07:00 INFO database initialized path=/tmp/expedition-sim-2904065089/gogobee.db
2026/05/17 14:07:00 INFO database initialized path=/tmp/expedition-sim-1210573697/gogobee.db
2026/05/17 14:07:00 INFO database initialized path=/tmp/expedition-sim-1532080969/gogobee.db
2026/05/17 14:07:00 INFO dnd: armed ability fired (turn-based build) user=@sim:fighter-l12-dragons_lair-99 ability="Second Wind"
2026/05/17 14:07:00 INFO dnd: armed ability fired (turn-based build) user=@sim:fighter-l12-dragons_lair-99 ability="Second Wind"
2026/05/17 14:07:00 INFO dnd: armed ability fired (turn-based build) user=@sim:fighter-l12-dragons_lair-99 ability="Second Wind"
2026/05/17 14:07:00 INFO database initialized path=/tmp/expedition-sim-2383043421/gogobee.db
2026/05/17 14:07:00 INFO database initialized path=/tmp/expedition-sim-812108211/gogobee.db
2026/05/17 14:07:00 INFO database initialized path=/tmp/expedition-sim-1905031233/gogobee.db
2026/05/17 14:07:00 INFO database initialized path=/tmp/expedition-sim-3801968898/gogobee.db
2026/05/17 14:07:01 INFO database initialized path=/tmp/expedition-sim-2050163508/gogobee.db
2026/05/17 14:07:01 INFO database initialized path=/tmp/expedition-sim-3033270151/gogobee.db
2026/05/17 14:07:01 INFO database initialized path=/tmp/expedition-sim-1574558169/gogobee.db
2026/05/17 14:07:01 INFO database initialized path=/tmp/expedition-sim-99925814/gogobee.db
2026/05/17 14:07:01 INFO database initialized path=/tmp/expedition-sim-3673921406/gogobee.db
2026/05/17 14:07:01 INFO database initialized path=/tmp/expedition-sim-172895728/gogobee.db
2026/05/17 14:07:01 INFO database initialized path=/tmp/expedition-sim-2910770295/gogobee.db
2026/05/17 14:07:01 INFO database initialized path=/tmp/expedition-sim-4230317007/gogobee.db
2026/05/17 14:07:01 INFO database initialized path=/tmp/expedition-sim-3634375932/gogobee.db
2026/05/17 14:07:01 INFO database initialized path=/tmp/expedition-sim-1564512563/gogobee.db
2026/05/17 14:07:01 INFO database initialized path=/tmp/expedition-sim-3477961348/gogobee.db
2026/05/17 14:07:01 INFO database initialized path=/tmp/expedition-sim-2699598427/gogobee.db
2026/05/17 14:07:01 INFO database initialized path=/tmp/expedition-sim-728804309/gogobee.db
2026/05/17 14:07:01 INFO database initialized path=/tmp/expedition-sim-4117776429/gogobee.db
2026/05/17 14:07:01 INFO database initialized path=/tmp/expedition-sim-1475025796/gogobee.db
2026/05/17 14:07:01 INFO database initialized path=/tmp/expedition-sim-2805484790/gogobee.db
2026/05/17 14:07:02 INFO database initialized path=/tmp/expedition-sim-3986134495/gogobee.db
2026/05/17 14:07:02 INFO database initialized path=/tmp/expedition-sim-26124387/gogobee.db
2026/05/17 14:07:02 INFO database initialized path=/tmp/expedition-sim-2626976880/gogobee.db
2026/05/17 14:07:02 INFO database initialized path=/tmp/expedition-sim-3874576888/gogobee.db
2026/05/17 14:07:02 INFO database initialized path=/tmp/expedition-sim-2760067801/gogobee.db
2026/05/17 14:07:02 INFO database initialized path=/tmp/expedition-sim-3681166775/gogobee.db
2026/05/17 14:07:02 INFO database initialized path=/tmp/expedition-sim-792093567/gogobee.db
2026/05/17 14:07:02 INFO database initialized path=/tmp/expedition-sim-3151287273/gogobee.db
2026/05/17 14:07:02 INFO database initialized path=/tmp/expedition-sim-1254321425/gogobee.db
2026/05/17 14:07:02 INFO database initialized path=/tmp/expedition-sim-1307247471/gogobee.db
2026/05/17 14:07:02 INFO database initialized path=/tmp/expedition-sim-166556933/gogobee.db
2026/05/17 14:07:02 INFO database initialized path=/tmp/expedition-sim-2508292629/gogobee.db
2026/05/17 14:07:02 INFO database initialized path=/tmp/expedition-sim-2301479423/gogobee.db
2026/05/17 14:07:02 INFO database initialized path=/tmp/expedition-sim-214379799/gogobee.db
2026/05/17 14:07:02 INFO database initialized path=/tmp/expedition-sim-3302598409/gogobee.db
2026/05/17 14:07:02 INFO database initialized path=/tmp/expedition-sim-2308938104/gogobee.db
2026/05/17 14:07:03 INFO database initialized path=/tmp/expedition-sim-1919319018/gogobee.db
2026/05/17 14:07:03 INFO database initialized path=/tmp/expedition-sim-567879161/gogobee.db
2026/05/17 14:07:03 INFO database initialized path=/tmp/expedition-sim-3377698597/gogobee.db
2026/05/17 14:07:03 INFO database initialized path=/tmp/expedition-sim-3812840519/gogobee.db
2026/05/17 14:07:03 INFO database initialized path=/tmp/expedition-sim-381507402/gogobee.db
2026/05/17 14:07:03 INFO database initialized path=/tmp/expedition-sim-2658583680/gogobee.db
2026/05/17 14:07:03 INFO database initialized path=/tmp/expedition-sim-1773814548/gogobee.db
2026/05/17 14:07:03 INFO database initialized path=/tmp/expedition-sim-3454209234/gogobee.db
2026/05/17 14:07:03 INFO database initialized path=/tmp/expedition-sim-2881635732/gogobee.db
2026/05/17 14:07:03 INFO database initialized path=/tmp/expedition-sim-4044175390/gogobee.db
2026/05/17 14:07:03 INFO database initialized path=/tmp/expedition-sim-3436417874/gogobee.db
2026/05/17 14:07:03 INFO database initialized path=/tmp/expedition-sim-106648101/gogobee.db
2026/05/17 14:07:03 INFO database initialized path=/tmp/expedition-sim-3991708015/gogobee.db
2026/05/17 14:07:03 INFO database initialized path=/tmp/expedition-sim-3545354861/gogobee.db
2026/05/17 14:07:03 INFO database initialized path=/tmp/expedition-sim-980012069/gogobee.db
2026/05/17 14:07:03 INFO database initialized path=/tmp/expedition-sim-4169137855/gogobee.db
2026/05/17 14:07:04 INFO database initialized path=/tmp/expedition-sim-3690048669/gogobee.db
2026/05/17 14:07:04 INFO database initialized path=/tmp/expedition-sim-1148018682/gogobee.db
2026/05/17 14:07:04 INFO database initialized path=/tmp/expedition-sim-1428459379/gogobee.db
2026/05/17 14:07:04 INFO database initialized path=/tmp/expedition-sim-766619623/gogobee.db
2026/05/17 14:07:04 INFO database initialized path=/tmp/expedition-sim-1733915919/gogobee.db
2026/05/17 14:07:04 INFO database initialized path=/tmp/expedition-sim-1513548593/gogobee.db
2026/05/17 14:07:04 INFO database initialized path=/tmp/expedition-sim-2552856211/gogobee.db
2026/05/17 14:07:04 INFO database initialized path=/tmp/expedition-sim-3618786899/gogobee.db
2026/05/17 14:07:04 INFO database initialized path=/tmp/expedition-sim-3300060657/gogobee.db
2026/05/17 14:07:04 INFO database initialized path=/tmp/expedition-sim-1116225713/gogobee.db
2026/05/17 14:07:04 INFO database initialized path=/tmp/expedition-sim-2698541062/gogobee.db
2026/05/17 14:07:04 INFO database initialized path=/tmp/expedition-sim-2902410185/gogobee.db
2026/05/17 14:07:04 INFO database initialized path=/tmp/expedition-sim-2343642149/gogobee.db
2026/05/17 14:07:04 INFO database initialized path=/tmp/expedition-sim-2088857287/gogobee.db
2026/05/17 14:07:04 INFO database initialized path=/tmp/expedition-sim-1118778423/gogobee.db
2026/05/17 14:07:05 INFO database initialized path=/tmp/expedition-sim-3800567589/gogobee.db
2026/05/17 14:07:05 INFO database initialized path=/tmp/expedition-sim-96059491/gogobee.db
2026/05/17 14:07:05 INFO database initialized path=/tmp/expedition-sim-3388663032/gogobee.db
2026/05/17 14:07:05 INFO database initialized path=/tmp/expedition-sim-3313556407/gogobee.db
2026/05/17 14:07:05 INFO database initialized path=/tmp/expedition-sim-2983478872/gogobee.db
2026/05/17 14:07:05 INFO database initialized path=/tmp/expedition-sim-3543461727/gogobee.db
2026/05/17 14:07:05 INFO database initialized path=/tmp/expedition-sim-3346516461/gogobee.db
2026/05/17 14:07:05 INFO database initialized path=/tmp/expedition-sim-1485942467/gogobee.db
2026/05/17 14:07:05 INFO database initialized path=/tmp/expedition-sim-212880283/gogobee.db
2026/05/17 14:07:05 INFO database initialized path=/tmp/expedition-sim-1176219689/gogobee.db
2026/05/17 14:07:05 INFO database initialized path=/tmp/expedition-sim-4004827471/gogobee.db
2026/05/17 14:07:05 INFO database initialized path=/tmp/expedition-sim-3543339240/gogobee.db
2026/05/17 14:07:05 INFO database initialized path=/tmp/expedition-sim-2667714977/gogobee.db
2026/05/17 14:07:05 INFO database initialized path=/tmp/expedition-sim-991389377/gogobee.db
2026/05/17 14:07:05 INFO database initialized path=/tmp/expedition-sim-1323641435/gogobee.db
2026/05/17 14:07:05 INFO database initialized path=/tmp/expedition-sim-3868487327/gogobee.db
2026/05/17 14:07:05 INFO database initialized path=/tmp/expedition-sim-3174500781/gogobee.db
2026/05/17 14:07:05 INFO database initialized path=/tmp/expedition-sim-2570016305/gogobee.db
2026/05/17 14:07:05 INFO database initialized path=/tmp/expedition-sim-1584132303/gogobee.db
2026/05/17 14:07:05 INFO database initialized path=/tmp/expedition-sim-3836203771/gogobee.db
2026/05/17 14:07:06 INFO database initialized path=/tmp/expedition-sim-180399627/gogobee.db
2026/05/17 14:07:06 INFO database initialized path=/tmp/expedition-sim-2746699569/gogobee.db
2026/05/17 14:07:06 INFO database initialized path=/tmp/expedition-sim-3472263485/gogobee.db
2026/05/17 14:07:06 INFO database initialized path=/tmp/expedition-sim-1529128011/gogobee.db
2026/05/17 14:07:06 INFO database initialized path=/tmp/expedition-sim-509252501/gogobee.db
2026/05/17 14:07:06 INFO database initialized path=/tmp/expedition-sim-3109078081/gogobee.db
2026/05/17 14:07:06 INFO database initialized path=/tmp/expedition-sim-2053225919/gogobee.db
2026/05/17 14:07:06 INFO database initialized path=/tmp/expedition-sim-3509833916/gogobee.db
2026/05/17 14:07:06 INFO database initialized path=/tmp/expedition-sim-422320802/gogobee.db
2026/05/17 14:07:06 INFO database initialized path=/tmp/expedition-sim-2149421396/gogobee.db
2026/05/17 14:07:06 INFO database initialized path=/tmp/expedition-sim-3748580042/gogobee.db
2026/05/17 14:07:06 INFO database initialized path=/tmp/expedition-sim-1020680932/gogobee.db
2026/05/17 14:07:06 INFO database initialized path=/tmp/expedition-sim-2306965352/gogobee.db
2026/05/17 14:07:06 INFO database initialized path=/tmp/expedition-sim-3710494828/gogobee.db
2026/05/17 14:07:06 INFO database initialized path=/tmp/expedition-sim-585606151/gogobee.db
2026/05/17 14:07:06 INFO database initialized path=/tmp/expedition-sim-2111939898/gogobee.db
2026/05/17 14:07:06 INFO database initialized path=/tmp/expedition-sim-3243846263/gogobee.db
2026/05/17 14:07:06 INFO database initialized path=/tmp/expedition-sim-1752244917/gogobee.db
2026/05/17 14:07:07 INFO database initialized path=/tmp/expedition-sim-1680290442/gogobee.db
2026/05/17 14:07:07 INFO database initialized path=/tmp/expedition-sim-1047366766/gogobee.db
2026/05/17 14:07:07 INFO database initialized path=/tmp/expedition-sim-3240993332/gogobee.db
2026/05/17 14:07:07 INFO database initialized path=/tmp/expedition-sim-2049245347/gogobee.db
2026/05/17 14:07:07 INFO database initialized path=/tmp/expedition-sim-595362527/gogobee.db
2026/05/17 14:07:07 INFO database initialized path=/tmp/expedition-sim-3784013901/gogobee.db
2026/05/17 14:07:07 INFO database initialized path=/tmp/expedition-sim-3511247897/gogobee.db
2026/05/17 14:07:07 INFO database initialized path=/tmp/expedition-sim-3142065576/gogobee.db
2026/05/17 14:07:07 INFO database initialized path=/tmp/expedition-sim-2444948949/gogobee.db
2026/05/17 14:07:07 INFO database initialized path=/tmp/expedition-sim-197184438/gogobee.db
2026/05/17 14:07:07 INFO database initialized path=/tmp/expedition-sim-2173693978/gogobee.db
2026/05/17 14:07:07 INFO database initialized path=/tmp/expedition-sim-1225264653/gogobee.db
2026/05/17 14:07:07 INFO database initialized path=/tmp/expedition-sim-3871422273/gogobee.db
2026/05/17 14:07:07 INFO database initialized path=/tmp/expedition-sim-2454310029/gogobee.db
2026/05/17 14:07:07 INFO database initialized path=/tmp/expedition-sim-1655501401/gogobee.db
2026/05/17 14:07:07 INFO database initialized path=/tmp/expedition-sim-1447612356/gogobee.db
2026/05/17 14:07:07 INFO database initialized path=/tmp/expedition-sim-3937752051/gogobee.db
2026/05/17 14:07:07 INFO database initialized path=/tmp/expedition-sim-1328683270/gogobee.db
2026/05/17 14:07:07 INFO database initialized path=/tmp/expedition-sim-2785643746/gogobee.db
2026/05/17 14:07:07 INFO database initialized path=/tmp/expedition-sim-1217755585/gogobee.db
2026/05/17 14:07:07 INFO database initialized path=/tmp/expedition-sim-651081106/gogobee.db
2026/05/17 14:07:08 INFO database initialized path=/tmp/expedition-sim-978646277/gogobee.db
2026/05/17 14:07:08 INFO database initialized path=/tmp/expedition-sim-1992311896/gogobee.db
2026/05/17 14:07:08 INFO database initialized path=/tmp/expedition-sim-4150745452/gogobee.db
2026/05/17 14:07:08 INFO database initialized path=/tmp/expedition-sim-227068845/gogobee.db
2026/05/17 14:07:08 INFO database initialized path=/tmp/expedition-sim-4152427653/gogobee.db
2026/05/17 14:07:08 INFO database initialized path=/tmp/expedition-sim-1104157937/gogobee.db
2026/05/17 14:07:08 INFO database initialized path=/tmp/expedition-sim-1820527051/gogobee.db
2026/05/17 14:07:08 INFO database initialized path=/tmp/expedition-sim-3845946908/gogobee.db
2026/05/17 14:07:08 INFO database initialized path=/tmp/expedition-sim-1756895139/gogobee.db
2026/05/17 14:07:08 INFO database initialized path=/tmp/expedition-sim-1036116355/gogobee.db
2026/05/17 14:07:08 INFO database initialized path=/tmp/expedition-sim-2401964531/gogobee.db
2026/05/17 14:07:08 INFO database initialized path=/tmp/expedition-sim-1173522636/gogobee.db
2026/05/17 14:07:08 INFO database initialized path=/tmp/expedition-sim-2843757492/gogobee.db
2026/05/17 14:07:08 INFO database initialized path=/tmp/expedition-sim-2300546611/gogobee.db
2026/05/17 14:07:08 INFO database initialized path=/tmp/expedition-sim-2063028548/gogobee.db
2026/05/17 14:07:08 INFO database initialized path=/tmp/expedition-sim-3098489595/gogobee.db
2026/05/17 14:07:08 INFO database initialized path=/tmp/expedition-sim-3401781530/gogobee.db
2026/05/17 14:07:08 INFO database initialized path=/tmp/expedition-sim-2494406365/gogobee.db
2026/05/17 14:07:09 INFO database initialized path=/tmp/expedition-sim-1488891006/gogobee.db
2026/05/17 14:07:09 INFO database initialized path=/tmp/expedition-sim-2212991999/gogobee.db
2026/05/17 14:07:09 INFO database initialized path=/tmp/expedition-sim-94193801/gogobee.db
2026/05/17 14:07:09 INFO database initialized path=/tmp/expedition-sim-2033927944/gogobee.db
2026/05/17 14:07:09 INFO database initialized path=/tmp/expedition-sim-2623219613/gogobee.db
2026/05/17 14:07:09 INFO database initialized path=/tmp/expedition-sim-1199352621/gogobee.db
2026/05/17 14:07:09 INFO database initialized path=/tmp/expedition-sim-3182456003/gogobee.db
2026/05/17 14:07:09 INFO database initialized path=/tmp/expedition-sim-3041729255/gogobee.db
2026/05/17 14:07:09 INFO database initialized path=/tmp/expedition-sim-3029038209/gogobee.db
2026/05/17 14:07:09 INFO database initialized path=/tmp/expedition-sim-3318546155/gogobee.db
2026/05/17 14:07:09 INFO database initialized path=/tmp/expedition-sim-1521534789/gogobee.db
2026/05/17 14:07:09 INFO database initialized path=/tmp/expedition-sim-1516735195/gogobee.db
2026/05/17 14:07:09 INFO database initialized path=/tmp/expedition-sim-730568954/gogobee.db
2026/05/17 14:07:09 INFO database initialized path=/tmp/expedition-sim-1202670568/gogobee.db
2026/05/17 14:07:09 INFO database initialized path=/tmp/expedition-sim-1595026621/gogobee.db
2026/05/17 14:07:09 INFO database initialized path=/tmp/expedition-sim-2050343977/gogobee.db
2026/05/17 14:07:09 INFO database initialized path=/tmp/expedition-sim-3598492345/gogobee.db
2026/05/17 14:07:09 INFO database initialized path=/tmp/expedition-sim-2109325049/gogobee.db
2026/05/17 14:07:09 INFO database initialized path=/tmp/expedition-sim-924909527/gogobee.db
2026/05/17 14:07:09 INFO database initialized path=/tmp/expedition-sim-222742088/gogobee.db
2026/05/17 14:07:09 INFO database initialized path=/tmp/expedition-sim-90153419/gogobee.db
2026/05/17 14:07:09 INFO database initialized path=/tmp/expedition-sim-3264882085/gogobee.db
2026/05/17 14:07:09 INFO database initialized path=/tmp/expedition-sim-949255600/gogobee.db
2026/05/17 14:07:09 INFO database initialized path=/tmp/expedition-sim-2596564388/gogobee.db
2026/05/17 14:07:09 INFO database initialized path=/tmp/expedition-sim-4002023723/gogobee.db
2026/05/17 14:07:09 INFO database initialized path=/tmp/expedition-sim-3896672505/gogobee.db
2026/05/17 14:07:10 INFO database initialized path=/tmp/expedition-sim-200763972/gogobee.db
2026/05/17 14:07:10 INFO database initialized path=/tmp/expedition-sim-2702576827/gogobee.db
2026/05/17 14:07:10 INFO database initialized path=/tmp/expedition-sim-518276708/gogobee.db
2026/05/17 14:07:10 INFO database initialized path=/tmp/expedition-sim-1452336514/gogobee.db
2026/05/17 14:07:10 INFO database initialized path=/tmp/expedition-sim-11633159/gogobee.db
2026/05/17 14:07:10 INFO database initialized path=/tmp/expedition-sim-578669641/gogobee.db
2026/05/17 14:07:10 INFO database initialized path=/tmp/expedition-sim-4277813470/gogobee.db
2026/05/17 14:07:10 INFO database initialized path=/tmp/expedition-sim-2543875988/gogobee.db
2026/05/17 14:07:10 INFO database initialized path=/tmp/expedition-sim-1867259844/gogobee.db
2026/05/17 14:07:10 INFO database initialized path=/tmp/expedition-sim-3059840403/gogobee.db
2026/05/17 14:07:10 INFO database initialized path=/tmp/expedition-sim-262116602/gogobee.db
2026/05/17 14:07:10 INFO database initialized path=/tmp/expedition-sim-3151587825/gogobee.db
2026/05/17 14:07:10 INFO database initialized path=/tmp/expedition-sim-3220011504/gogobee.db
2026/05/17 14:07:10 INFO database initialized path=/tmp/expedition-sim-4266905766/gogobee.db
2026/05/17 14:07:10 INFO database initialized path=/tmp/expedition-sim-3135348690/gogobee.db
2026/05/17 14:07:10 INFO database initialized path=/tmp/expedition-sim-3378237732/gogobee.db
2026/05/17 14:07:10 INFO database initialized path=/tmp/expedition-sim-1618168294/gogobee.db
2026/05/17 14:07:10 INFO database initialized path=/tmp/expedition-sim-335236020/gogobee.db
2026/05/17 14:07:10 INFO database initialized path=/tmp/expedition-sim-1341716876/gogobee.db
2026/05/17 14:07:10 INFO database initialized path=/tmp/expedition-sim-2338581493/gogobee.db
2026/05/17 14:07:10 INFO database initialized path=/tmp/expedition-sim-2237099728/gogobee.db
2026/05/17 14:07:10 INFO database initialized path=/tmp/expedition-sim-2151167339/gogobee.db
2026/05/17 14:07:10 INFO database initialized path=/tmp/expedition-sim-3226842440/gogobee.db
2026/05/17 14:07:10 INFO database initialized path=/tmp/expedition-sim-2028418049/gogobee.db
2026/05/17 14:07:10 INFO database initialized path=/tmp/expedition-sim-2663773332/gogobee.db
2026/05/17 14:07:11 INFO database initialized path=/tmp/expedition-sim-378241547/gogobee.db
2026/05/17 14:07:11 INFO database initialized path=/tmp/expedition-sim-3610318579/gogobee.db
2026/05/17 14:07:11 INFO database initialized path=/tmp/expedition-sim-1253805444/gogobee.db
2026/05/17 14:07:11 INFO database initialized path=/tmp/expedition-sim-2722228333/gogobee.db
2026/05/17 14:07:11 INFO database initialized path=/tmp/expedition-sim-4081870555/gogobee.db
2026/05/17 14:07:11 INFO database initialized path=/tmp/expedition-sim-4290368755/gogobee.db
2026/05/17 14:07:11 INFO database initialized path=/tmp/expedition-sim-1120171403/gogobee.db
2026/05/17 14:07:11 INFO database initialized path=/tmp/expedition-sim-4143686968/gogobee.db
2026/05/17 14:07:11 INFO database initialized path=/tmp/expedition-sim-2260726190/gogobee.db
2026/05/17 14:07:11 INFO database initialized path=/tmp/expedition-sim-159518193/gogobee.db
2026/05/17 14:07:11 INFO database initialized path=/tmp/expedition-sim-1750961510/gogobee.db
2026/05/17 14:07:11 INFO database initialized path=/tmp/expedition-sim-4209883562/gogobee.db
2026/05/17 14:07:11 INFO database initialized path=/tmp/expedition-sim-1616395293/gogobee.db
2026/05/17 14:07:11 INFO database initialized path=/tmp/expedition-sim-2892304228/gogobee.db
2026/05/17 14:07:11 INFO database initialized path=/tmp/expedition-sim-1735485743/gogobee.db
2026/05/17 14:07:11 INFO database initialized path=/tmp/expedition-sim-465007706/gogobee.db
2026/05/17 14:07:11 INFO database initialized path=/tmp/expedition-sim-3844477828/gogobee.db
2026/05/17 14:07:11 INFO database initialized path=/tmp/expedition-sim-3252241034/gogobee.db
2026/05/17 14:07:11 INFO database initialized path=/tmp/expedition-sim-2629540399/gogobee.db
2026/05/17 14:07:11 INFO database initialized path=/tmp/expedition-sim-1676274049/gogobee.db
2026/05/17 14:07:11 INFO database initialized path=/tmp/expedition-sim-1357832393/gogobee.db
2026/05/17 14:07:11 INFO database initialized path=/tmp/expedition-sim-1001148189/gogobee.db
2026/05/17 14:07:11 INFO database initialized path=/tmp/expedition-sim-2163522355/gogobee.db
2026/05/17 14:07:11 INFO database initialized path=/tmp/expedition-sim-3906854803/gogobee.db
2026/05/17 14:07:12 INFO database initialized path=/tmp/expedition-sim-1370720200/gogobee.db
2026/05/17 14:07:12 INFO database initialized path=/tmp/expedition-sim-464713265/gogobee.db
2026/05/17 14:07:12 INFO database initialized path=/tmp/expedition-sim-1431911843/gogobee.db
2026/05/17 14:07:12 INFO database initialized path=/tmp/expedition-sim-3359531537/gogobee.db
2026/05/17 14:07:12 INFO database initialized path=/tmp/expedition-sim-1196539157/gogobee.db
2026/05/17 14:07:12 INFO database initialized path=/tmp/expedition-sim-2362306556/gogobee.db
2026/05/17 14:07:12 INFO database initialized path=/tmp/expedition-sim-8716354/gogobee.db
2026/05/17 14:07:12 INFO database initialized path=/tmp/expedition-sim-255959092/gogobee.db
2026/05/17 14:07:12 INFO database initialized path=/tmp/expedition-sim-1809288533/gogobee.db
2026/05/17 14:07:12 INFO database initialized path=/tmp/expedition-sim-3664484407/gogobee.db
2026/05/17 14:07:12 INFO database initialized path=/tmp/expedition-sim-1555203287/gogobee.db
2026/05/17 14:07:12 INFO database initialized path=/tmp/expedition-sim-3384214617/gogobee.db
2026/05/17 14:07:12 INFO database initialized path=/tmp/expedition-sim-1760632117/gogobee.db
2026/05/17 14:07:12 INFO database initialized path=/tmp/expedition-sim-1590265199/gogobee.db
2026/05/17 14:07:12 INFO database initialized path=/tmp/expedition-sim-3212613027/gogobee.db
2026/05/17 14:07:12 INFO database initialized path=/tmp/expedition-sim-1009175340/gogobee.db
2026/05/17 14:07:12 INFO database initialized path=/tmp/expedition-sim-3408228513/gogobee.db
2026/05/17 14:07:12 INFO database initialized path=/tmp/expedition-sim-1123144278/gogobee.db
2026/05/17 14:07:12 INFO database initialized path=/tmp/expedition-sim-4162654558/gogobee.db
2026/05/17 14:07:12 INFO database initialized path=/tmp/expedition-sim-1923555693/gogobee.db
2026/05/17 14:07:12 INFO database initialized path=/tmp/expedition-sim-4265346460/gogobee.db
2026/05/17 14:07:13 INFO database initialized path=/tmp/expedition-sim-15119577/gogobee.db
2026/05/17 14:07:13 INFO database initialized path=/tmp/expedition-sim-1931128576/gogobee.db
2026/05/17 14:07:13 INFO database initialized path=/tmp/expedition-sim-1389191818/gogobee.db
2026/05/17 14:07:13 INFO database initialized path=/tmp/expedition-sim-4253485219/gogobee.db
2026/05/17 14:07:13 INFO database initialized path=/tmp/expedition-sim-265650540/gogobee.db
2026/05/17 14:07:13 INFO database initialized path=/tmp/expedition-sim-1911475361/gogobee.db
2026/05/17 14:07:13 INFO database initialized path=/tmp/expedition-sim-2103020823/gogobee.db
2026/05/17 14:07:13 INFO database initialized path=/tmp/expedition-sim-2569450764/gogobee.db
2026/05/17 14:07:13 INFO database initialized path=/tmp/expedition-sim-2406327057/gogobee.db
2026/05/17 14:07:13 INFO database initialized path=/tmp/expedition-sim-2095335366/gogobee.db
2026/05/17 14:07:13 INFO database initialized path=/tmp/expedition-sim-1585517465/gogobee.db
2026/05/17 14:07:13 INFO database initialized path=/tmp/expedition-sim-3917484206/gogobee.db
2026/05/17 14:07:13 INFO database initialized path=/tmp/expedition-sim-2217720275/gogobee.db
2026/05/17 14:07:13 INFO database initialized path=/tmp/expedition-sim-3147280001/gogobee.db
2026/05/17 14:07:13 INFO database initialized path=/tmp/expedition-sim-2234791433/gogobee.db
2026/05/17 14:07:13 INFO database initialized path=/tmp/expedition-sim-844901144/gogobee.db
2026/05/17 14:07:13 INFO database initialized path=/tmp/expedition-sim-1146017201/gogobee.db
2026/05/17 14:07:14 INFO database initialized path=/tmp/expedition-sim-2586416817/gogobee.db
2026/05/17 14:07:14 INFO database initialized path=/tmp/expedition-sim-540679042/gogobee.db
2026/05/17 14:07:14 INFO database initialized path=/tmp/expedition-sim-2105735937/gogobee.db
2026/05/17 14:07:14 INFO database initialized path=/tmp/expedition-sim-1686648558/gogobee.db
2026/05/17 14:07:14 INFO database initialized path=/tmp/expedition-sim-385534308/gogobee.db
2026/05/17 14:07:14 INFO database initialized path=/tmp/expedition-sim-3399205112/gogobee.db
2026/05/17 14:07:14 INFO database initialized path=/tmp/expedition-sim-1116356076/gogobee.db
2026/05/17 14:07:14 INFO database initialized path=/tmp/expedition-sim-293378677/gogobee.db
2026/05/17 14:07:14 INFO database initialized path=/tmp/expedition-sim-394746926/gogobee.db
2026/05/17 14:07:14 INFO database initialized path=/tmp/expedition-sim-2081276826/gogobee.db
2026/05/17 14:07:14 INFO database initialized path=/tmp/expedition-sim-88876/gogobee.db
2026/05/17 14:07:14 INFO database initialized path=/tmp/expedition-sim-3729577329/gogobee.db
2026/05/17 14:07:14 INFO database initialized path=/tmp/expedition-sim-3549839879/gogobee.db
2026/05/17 14:07:14 INFO database initialized path=/tmp/expedition-sim-1989674895/gogobee.db
2026/05/17 14:07:14 INFO database initialized path=/tmp/expedition-sim-1487076047/gogobee.db
2026/05/17 14:07:14 INFO database initialized path=/tmp/expedition-sim-4201332849/gogobee.db
2026/05/17 14:07:14 INFO database initialized path=/tmp/expedition-sim-4065005641/gogobee.db
2026/05/17 14:07:14 INFO database initialized path=/tmp/expedition-sim-1671993910/gogobee.db
2026/05/17 14:07:14 INFO database initialized path=/tmp/expedition-sim-1883955166/gogobee.db
2026/05/17 14:07:14 INFO database initialized path=/tmp/expedition-sim-3149483014/gogobee.db
2026/05/17 14:07:15 INFO database initialized path=/tmp/expedition-sim-1585444129/gogobee.db
2026/05/17 14:07:15 INFO database initialized path=/tmp/expedition-sim-4009928958/gogobee.db
2026/05/17 14:07:15 INFO database initialized path=/tmp/expedition-sim-1943723019/gogobee.db
2026/05/17 14:07:15 INFO database initialized path=/tmp/expedition-sim-1786189278/gogobee.db
2026/05/17 14:07:15 INFO database initialized path=/tmp/expedition-sim-1180413421/gogobee.db
2026/05/17 14:07:15 INFO database initialized path=/tmp/expedition-sim-3647232326/gogobee.db
2026/05/17 14:07:15 INFO database initialized path=/tmp/expedition-sim-379733752/gogobee.db
2026/05/17 14:07:15 INFO database initialized path=/tmp/expedition-sim-2735144319/gogobee.db
2026/05/17 14:07:15 INFO database initialized path=/tmp/expedition-sim-2295495683/gogobee.db
2026/05/17 14:07:15 INFO database initialized path=/tmp/expedition-sim-1167931737/gogobee.db
2026/05/17 14:07:15 INFO database initialized path=/tmp/expedition-sim-3129238771/gogobee.db
2026/05/17 14:07:15 INFO database initialized path=/tmp/expedition-sim-1671519852/gogobee.db
2026/05/17 14:07:15 INFO database initialized path=/tmp/expedition-sim-3088920243/gogobee.db
2026/05/17 14:07:15 INFO database initialized path=/tmp/expedition-sim-1247241621/gogobee.db
2026/05/17 14:07:15 INFO database initialized path=/tmp/expedition-sim-2844941112/gogobee.db
2026/05/17 14:07:15 INFO database initialized path=/tmp/expedition-sim-4289135730/gogobee.db
2026/05/17 14:07:15 INFO database initialized path=/tmp/expedition-sim-301085644/gogobee.db
2026/05/17 14:07:16 INFO database initialized path=/tmp/expedition-sim-794116685/gogobee.db
2026/05/17 14:07:16 INFO database initialized path=/tmp/expedition-sim-1127230810/gogobee.db
2026/05/17 14:07:16 INFO database initialized path=/tmp/expedition-sim-2952838772/gogobee.db
2026/05/17 14:07:16 INFO database initialized path=/tmp/expedition-sim-3690032139/gogobee.db
2026/05/17 14:07:16 INFO database initialized path=/tmp/expedition-sim-4189443659/gogobee.db
2026/05/17 14:07:16 INFO database initialized path=/tmp/expedition-sim-841633037/gogobee.db
2026/05/17 14:07:16 INFO database initialized path=/tmp/expedition-sim-2796602735/gogobee.db
2026/05/17 14:07:16 INFO database initialized path=/tmp/expedition-sim-103766340/gogobee.db
2026/05/17 14:07:16 INFO database initialized path=/tmp/expedition-sim-1801618531/gogobee.db
2026/05/17 14:07:16 INFO database initialized path=/tmp/expedition-sim-3642375556/gogobee.db
2026/05/17 14:07:16 INFO database initialized path=/tmp/expedition-sim-3506108598/gogobee.db
2026/05/17 14:07:16 INFO database initialized path=/tmp/expedition-sim-2926610912/gogobee.db
2026/05/17 14:07:16 INFO database initialized path=/tmp/expedition-sim-1398488633/gogobee.db
2026/05/17 14:07:16 INFO database initialized path=/tmp/expedition-sim-3626673196/gogobee.db
2026/05/17 14:07:16 INFO database initialized path=/tmp/expedition-sim-984369798/gogobee.db
2026/05/17 14:07:16 INFO database initialized path=/tmp/expedition-sim-501971690/gogobee.db
2026/05/17 14:07:16 INFO database initialized path=/tmp/expedition-sim-3940128849/gogobee.db
2026/05/17 14:07:17 INFO database initialized path=/tmp/expedition-sim-3572139744/gogobee.db
2026/05/17 14:07:17 INFO database initialized path=/tmp/expedition-sim-2651754104/gogobee.db
2026/05/17 14:07:17 INFO database initialized path=/tmp/expedition-sim-997540009/gogobee.db
2026/05/17 14:07:17 INFO database initialized path=/tmp/expedition-sim-625535458/gogobee.db
2026/05/17 14:07:17 INFO database initialized path=/tmp/expedition-sim-1725287026/gogobee.db
2026/05/17 14:07:17 INFO database initialized path=/tmp/expedition-sim-1207374653/gogobee.db
2026/05/17 14:07:17 INFO database initialized path=/tmp/expedition-sim-1472621461/gogobee.db
2026/05/17 14:07:17 INFO database initialized path=/tmp/expedition-sim-4052010090/gogobee.db
2026/05/17 14:07:17 INFO database initialized path=/tmp/expedition-sim-2885192013/gogobee.db
2026/05/17 14:07:17 INFO database initialized path=/tmp/expedition-sim-1392244925/gogobee.db
2026/05/17 14:07:17 INFO database initialized path=/tmp/expedition-sim-4179543674/gogobee.db
2026/05/17 14:07:17 INFO database initialized path=/tmp/expedition-sim-4007960479/gogobee.db
2026/05/17 14:07:17 INFO database initialized path=/tmp/expedition-sim-1476413335/gogobee.db
2026/05/17 14:07:17 INFO database initialized path=/tmp/expedition-sim-2765997109/gogobee.db
2026/05/17 14:07:17 INFO database initialized path=/tmp/expedition-sim-2421003317/gogobee.db
2026/05/17 14:07:17 INFO database initialized path=/tmp/expedition-sim-3026586476/gogobee.db
2026/05/17 14:07:17 INFO database initialized path=/tmp/expedition-sim-2229256791/gogobee.db
2026/05/17 14:07:17 INFO database initialized path=/tmp/expedition-sim-3928951182/gogobee.db
2026/05/17 14:07:17 INFO database initialized path=/tmp/expedition-sim-4067301697/gogobee.db
2026/05/17 14:07:17 INFO database initialized path=/tmp/expedition-sim-1298807916/gogobee.db
2026/05/17 14:07:17 INFO database initialized path=/tmp/expedition-sim-2958050587/gogobee.db
2026/05/17 14:07:17 INFO database initialized path=/tmp/expedition-sim-336263554/gogobee.db
2026/05/17 14:07:18 INFO database initialized path=/tmp/expedition-sim-956793333/gogobee.db
2026/05/17 14:07:18 INFO database initialized path=/tmp/expedition-sim-3326037007/gogobee.db
2026/05/17 14:07:18 INFO database initialized path=/tmp/expedition-sim-702493414/gogobee.db
2026/05/17 14:07:18 INFO database initialized path=/tmp/expedition-sim-1990901758/gogobee.db
2026/05/17 14:07:18 INFO database initialized path=/tmp/expedition-sim-562730163/gogobee.db
2026/05/17 14:07:18 INFO database initialized path=/tmp/expedition-sim-2254845276/gogobee.db
2026/05/17 14:07:18 INFO database initialized path=/tmp/expedition-sim-3948970635/gogobee.db
2026/05/17 14:07:18 INFO database initialized path=/tmp/expedition-sim-3844730599/gogobee.db
2026/05/17 14:07:18 INFO database initialized path=/tmp/expedition-sim-808428808/gogobee.db
2026/05/17 14:07:18 INFO database initialized path=/tmp/expedition-sim-1918608258/gogobee.db
2026/05/17 14:07:18 INFO database initialized path=/tmp/expedition-sim-3808855709/gogobee.db
2026/05/17 14:07:18 INFO database initialized path=/tmp/expedition-sim-3656569520/gogobee.db
2026/05/17 14:07:18 INFO database initialized path=/tmp/expedition-sim-1600159385/gogobee.db
2026/05/17 14:07:18 INFO database initialized path=/tmp/expedition-sim-2784205128/gogobee.db
2026/05/17 14:07:18 INFO database initialized path=/tmp/expedition-sim-1307712862/gogobee.db
2026/05/17 14:07:18 INFO database initialized path=/tmp/expedition-sim-4259913829/gogobee.db
2026/05/17 14:07:18 INFO database initialized path=/tmp/expedition-sim-1297259689/gogobee.db
2026/05/17 14:07:18 INFO database initialized path=/tmp/expedition-sim-655425749/gogobee.db
2026/05/17 14:07:18 INFO database initialized path=/tmp/expedition-sim-3448779994/gogobee.db
2026/05/17 14:07:18 INFO database initialized path=/tmp/expedition-sim-751865978/gogobee.db
2026/05/17 14:07:18 INFO database initialized path=/tmp/expedition-sim-920066177/gogobee.db
2026/05/17 14:07:18 INFO database initialized path=/tmp/expedition-sim-3123199393/gogobee.db
2026/05/17 14:07:18 INFO database initialized path=/tmp/expedition-sim-1219321550/gogobee.db
2026/05/17 14:07:19 INFO database initialized path=/tmp/expedition-sim-2365089757/gogobee.db
2026/05/17 14:07:19 INFO database initialized path=/tmp/expedition-sim-424762396/gogobee.db
2026/05/17 14:07:19 INFO database initialized path=/tmp/expedition-sim-4048499952/gogobee.db
2026/05/17 14:07:19 INFO database initialized path=/tmp/expedition-sim-3528158480/gogobee.db
2026/05/17 14:07:19 INFO database initialized path=/tmp/expedition-sim-2298555806/gogobee.db
2026/05/17 14:07:19 INFO database initialized path=/tmp/expedition-sim-2527523567/gogobee.db
2026/05/17 14:07:19 INFO database initialized path=/tmp/expedition-sim-4073044018/gogobee.db
2026/05/17 14:07:19 INFO database initialized path=/tmp/expedition-sim-2761004673/gogobee.db
2026/05/17 14:07:19 INFO database initialized path=/tmp/expedition-sim-1969308941/gogobee.db
2026/05/17 14:07:19 INFO database initialized path=/tmp/expedition-sim-3246098015/gogobee.db
2026/05/17 14:07:19 INFO database initialized path=/tmp/expedition-sim-2125085577/gogobee.db
2026/05/17 14:07:19 INFO database initialized path=/tmp/expedition-sim-3700247692/gogobee.db
2026/05/17 14:07:19 INFO database initialized path=/tmp/expedition-sim-2972494992/gogobee.db
2026/05/17 14:07:19 INFO database initialized path=/tmp/expedition-sim-2910962195/gogobee.db
2026/05/17 14:07:19 INFO database initialized path=/tmp/expedition-sim-1167320170/gogobee.db
2026/05/17 14:07:19 INFO database initialized path=/tmp/expedition-sim-1306628950/gogobee.db
2026/05/17 14:07:19 INFO database initialized path=/tmp/expedition-sim-2384889206/gogobee.db
2026/05/17 14:07:19 INFO database initialized path=/tmp/expedition-sim-148655891/gogobee.db
2026/05/17 14:07:19 INFO database initialized path=/tmp/expedition-sim-3117037203/gogobee.db
2026/05/17 14:07:19 INFO database initialized path=/tmp/expedition-sim-2321887360/gogobee.db
2026/05/17 14:07:20 INFO database initialized path=/tmp/expedition-sim-1994663903/gogobee.db
2026/05/17 14:07:20 INFO database initialized path=/tmp/expedition-sim-1332620334/gogobee.db
2026/05/17 14:07:20 INFO database initialized path=/tmp/expedition-sim-2423100179/gogobee.db
2026/05/17 14:07:20 INFO database initialized path=/tmp/expedition-sim-2737516177/gogobee.db
2026/05/17 14:07:20 INFO database initialized path=/tmp/expedition-sim-1356186508/gogobee.db
2026/05/17 14:07:20 INFO database initialized path=/tmp/expedition-sim-1758094930/gogobee.db
2026/05/17 14:07:20 INFO database initialized path=/tmp/expedition-sim-313474018/gogobee.db
2026/05/17 14:07:20 INFO database initialized path=/tmp/expedition-sim-218941596/gogobee.db
2026/05/17 14:07:20 INFO database initialized path=/tmp/expedition-sim-1640053341/gogobee.db
2026/05/17 14:07:20 INFO database initialized path=/tmp/expedition-sim-3793643773/gogobee.db
2026/05/17 14:07:20 INFO database initialized path=/tmp/expedition-sim-2422456933/gogobee.db
2026/05/17 14:07:20 INFO database initialized path=/tmp/expedition-sim-80635297/gogobee.db
2026/05/17 14:07:20 INFO database initialized path=/tmp/expedition-sim-2123046722/gogobee.db
2026/05/17 14:07:20 INFO database initialized path=/tmp/expedition-sim-1709625645/gogobee.db
2026/05/17 14:07:20 INFO database initialized path=/tmp/expedition-sim-574087552/gogobee.db
2026/05/17 14:07:20 INFO database initialized path=/tmp/expedition-sim-501254142/gogobee.db
2026/05/17 14:07:20 INFO database initialized path=/tmp/expedition-sim-3594699366/gogobee.db
2026/05/17 14:07:20 INFO database initialized path=/tmp/expedition-sim-107653698/gogobee.db
2026/05/17 14:07:20 INFO database initialized path=/tmp/expedition-sim-1963943136/gogobee.db
2026/05/17 14:07:20 INFO database initialized path=/tmp/expedition-sim-2832839141/gogobee.db
2026/05/17 14:07:20 INFO database initialized path=/tmp/expedition-sim-3212974818/gogobee.db
2026/05/17 14:07:20 INFO database initialized path=/tmp/expedition-sim-2569222931/gogobee.db
2026/05/17 14:07:20 INFO database initialized path=/tmp/expedition-sim-455005897/gogobee.db
2026/05/17 14:07:21 INFO database initialized path=/tmp/expedition-sim-76054555/gogobee.db
2026/05/17 14:07:21 INFO database initialized path=/tmp/expedition-sim-312145618/gogobee.db
2026/05/17 14:07:21 INFO database initialized path=/tmp/expedition-sim-928546287/gogobee.db
2026/05/17 14:07:21 INFO database initialized path=/tmp/expedition-sim-2372273128/gogobee.db
2026/05/17 14:07:21 INFO database initialized path=/tmp/expedition-sim-2482157123/gogobee.db
2026/05/17 14:07:21 INFO database initialized path=/tmp/expedition-sim-2180576194/gogobee.db
2026/05/17 14:07:21 INFO database initialized path=/tmp/expedition-sim-4238395463/gogobee.db
2026/05/17 14:07:21 INFO database initialized path=/tmp/expedition-sim-2873322217/gogobee.db
2026/05/17 14:07:21 INFO database initialized path=/tmp/expedition-sim-3287371510/gogobee.db
2026/05/17 14:07:21 INFO database initialized path=/tmp/expedition-sim-1787519345/gogobee.db
2026/05/17 14:07:21 INFO database initialized path=/tmp/expedition-sim-4014813025/gogobee.db
2026/05/17 14:07:21 INFO database initialized path=/tmp/expedition-sim-2910695212/gogobee.db
2026/05/17 14:07:21 INFO database initialized path=/tmp/expedition-sim-730881121/gogobee.db
2026/05/17 14:07:21 INFO database initialized path=/tmp/expedition-sim-1104464434/gogobee.db
2026/05/17 14:07:21 INFO database initialized path=/tmp/expedition-sim-396013683/gogobee.db
2026/05/17 14:07:21 INFO database initialized path=/tmp/expedition-sim-3692143487/gogobee.db
2026/05/17 14:07:21 INFO database initialized path=/tmp/expedition-sim-4194062816/gogobee.db
2026/05/17 14:07:21 INFO database initialized path=/tmp/expedition-sim-456467632/gogobee.db
2026/05/17 14:07:21 INFO database initialized path=/tmp/expedition-sim-1627088877/gogobee.db
2026/05/17 14:07:21 INFO database initialized path=/tmp/expedition-sim-2644456470/gogobee.db
2026/05/17 14:07:21 INFO database initialized path=/tmp/expedition-sim-4182017842/gogobee.db
2026/05/17 14:07:22 INFO database initialized path=/tmp/expedition-sim-2113050473/gogobee.db
2026/05/17 14:07:22 INFO database initialized path=/tmp/expedition-sim-2538455541/gogobee.db
2026/05/17 14:07:22 INFO database initialized path=/tmp/expedition-sim-179060859/gogobee.db
2026/05/17 14:07:22 INFO database initialized path=/tmp/expedition-sim-2719136414/gogobee.db
2026/05/17 14:07:22 INFO database initialized path=/tmp/expedition-sim-809387895/gogobee.db
2026/05/17 14:07:22 INFO database initialized path=/tmp/expedition-sim-710464807/gogobee.db
2026/05/17 14:07:22 INFO database initialized path=/tmp/expedition-sim-4248226625/gogobee.db
2026/05/17 14:07:22 INFO database initialized path=/tmp/expedition-sim-3767507274/gogobee.db
2026/05/17 14:07:22 INFO database initialized path=/tmp/expedition-sim-240001593/gogobee.db
2026/05/17 14:07:22 INFO database initialized path=/tmp/expedition-sim-3733921273/gogobee.db
2026/05/17 14:07:22 INFO database initialized path=/tmp/expedition-sim-666731560/gogobee.db
2026/05/17 14:07:22 INFO database initialized path=/tmp/expedition-sim-2046010792/gogobee.db
2026/05/17 14:07:22 INFO database initialized path=/tmp/expedition-sim-2604203087/gogobee.db
2026/05/17 14:07:22 INFO database initialized path=/tmp/expedition-sim-1338650821/gogobee.db
2026/05/17 14:07:22 INFO database initialized path=/tmp/expedition-sim-3924223082/gogobee.db
2026/05/17 14:07:22 INFO database initialized path=/tmp/expedition-sim-3969584691/gogobee.db
2026/05/17 14:07:22 INFO database initialized path=/tmp/expedition-sim-290148638/gogobee.db
2026/05/17 14:07:22 INFO database initialized path=/tmp/expedition-sim-677514485/gogobee.db
2026/05/17 14:07:22 INFO database initialized path=/tmp/expedition-sim-1350107043/gogobee.db
2026/05/17 14:07:22 INFO database initialized path=/tmp/expedition-sim-908983454/gogobee.db
2026/05/17 14:07:22 INFO database initialized path=/tmp/expedition-sim-933729610/gogobee.db
2026/05/17 14:07:22 INFO database initialized path=/tmp/expedition-sim-3654903808/gogobee.db
2026/05/17 14:07:22 INFO database initialized path=/tmp/expedition-sim-399983012/gogobee.db
2026/05/17 14:07:22 INFO database initialized path=/tmp/expedition-sim-737399518/gogobee.db
2026/05/17 14:07:22 INFO database initialized path=/tmp/expedition-sim-512575244/gogobee.db
2026/05/17 14:07:22 INFO database initialized path=/tmp/expedition-sim-3063990428/gogobee.db
2026/05/17 14:07:23 INFO database initialized path=/tmp/expedition-sim-2582295834/gogobee.db
2026/05/17 14:07:23 INFO database initialized path=/tmp/expedition-sim-1490272417/gogobee.db
2026/05/17 14:07:23 INFO database initialized path=/tmp/expedition-sim-1619581217/gogobee.db
2026/05/17 14:07:23 INFO database initialized path=/tmp/expedition-sim-40329454/gogobee.db
2026/05/17 14:07:23 INFO database initialized path=/tmp/expedition-sim-3141798608/gogobee.db
2026/05/17 14:07:23 INFO database initialized path=/tmp/expedition-sim-97484399/gogobee.db
2026/05/17 14:07:23 INFO database initialized path=/tmp/expedition-sim-1490673059/gogobee.db
2026/05/17 14:07:23 INFO database initialized path=/tmp/expedition-sim-4027623929/gogobee.db
2026/05/17 14:07:23 INFO database initialized path=/tmp/expedition-sim-3771134556/gogobee.db
2026/05/17 14:07:23 INFO database initialized path=/tmp/expedition-sim-2153914986/gogobee.db
2026/05/17 14:07:23 INFO database initialized path=/tmp/expedition-sim-1919495956/gogobee.db
2026/05/17 14:07:23 INFO database initialized path=/tmp/expedition-sim-3911213807/gogobee.db
2026/05/17 14:07:23 INFO database initialized path=/tmp/expedition-sim-2840798518/gogobee.db
2026/05/17 14:07:23 INFO database initialized path=/tmp/expedition-sim-1140565603/gogobee.db
2026/05/17 14:07:23 INFO database initialized path=/tmp/expedition-sim-1046982592/gogobee.db
2026/05/17 14:07:23 INFO database initialized path=/tmp/expedition-sim-2993955557/gogobee.db
2026/05/17 14:07:23 INFO database initialized path=/tmp/expedition-sim-4209760026/gogobee.db
2026/05/17 14:07:23 INFO database initialized path=/tmp/expedition-sim-2418528635/gogobee.db
2026/05/17 14:07:23 INFO database initialized path=/tmp/expedition-sim-3656208674/gogobee.db
2026/05/17 14:07:23 INFO database initialized path=/tmp/expedition-sim-2696406193/gogobee.db
2026/05/17 14:07:23 INFO database initialized path=/tmp/expedition-sim-274221107/gogobee.db
2026/05/17 14:07:23 INFO database initialized path=/tmp/expedition-sim-4028902826/gogobee.db
2026/05/17 14:07:23 INFO database initialized path=/tmp/expedition-sim-3461906311/gogobee.db
2026/05/17 14:07:23 INFO database initialized path=/tmp/expedition-sim-1236094300/gogobee.db
2026/05/17 14:07:23 INFO database initialized path=/tmp/expedition-sim-3007423876/gogobee.db
2026/05/17 14:07:23 INFO database initialized path=/tmp/expedition-sim-2801018261/gogobee.db
2026/05/17 14:07:23 INFO database initialized path=/tmp/expedition-sim-2161557781/gogobee.db
2026/05/17 14:07:23 INFO database initialized path=/tmp/expedition-sim-748941008/gogobee.db
2026/05/17 14:07:23 INFO database initialized path=/tmp/expedition-sim-2894669550/gogobee.db
2026/05/17 14:07:23 INFO database initialized path=/tmp/expedition-sim-1633241939/gogobee.db
2026/05/17 14:07:24 INFO database initialized path=/tmp/expedition-sim-865941271/gogobee.db
2026/05/17 14:07:24 INFO database initialized path=/tmp/expedition-sim-3656210070/gogobee.db
2026/05/17 14:07:24 INFO database initialized path=/tmp/expedition-sim-699791636/gogobee.db
2026/05/17 14:07:24 INFO database initialized path=/tmp/expedition-sim-1944405398/gogobee.db
2026/05/17 14:07:24 INFO database initialized path=/tmp/expedition-sim-4149767547/gogobee.db
2026/05/17 14:07:24 INFO database initialized path=/tmp/expedition-sim-1376676873/gogobee.db
2026/05/17 14:07:24 INFO database initialized path=/tmp/expedition-sim-1128653423/gogobee.db
2026/05/17 14:07:24 INFO database initialized path=/tmp/expedition-sim-1029866415/gogobee.db
2026/05/17 14:07:24 INFO database initialized path=/tmp/expedition-sim-2665047195/gogobee.db
2026/05/17 14:07:24 INFO database initialized path=/tmp/expedition-sim-940123987/gogobee.db
2026/05/17 14:07:24 INFO database initialized path=/tmp/expedition-sim-3447439983/gogobee.db
2026/05/17 14:07:24 INFO database initialized path=/tmp/expedition-sim-3700185708/gogobee.db
2026/05/17 14:07:24 INFO database initialized path=/tmp/expedition-sim-2515018605/gogobee.db
2026/05/17 14:07:24 INFO database initialized path=/tmp/expedition-sim-4007535345/gogobee.db
2026/05/17 14:07:24 INFO database initialized path=/tmp/expedition-sim-2286999836/gogobee.db
2026/05/17 14:07:24 INFO database initialized path=/tmp/expedition-sim-533462777/gogobee.db
2026/05/17 14:07:24 INFO database initialized path=/tmp/expedition-sim-1222569628/gogobee.db
2026/05/17 14:07:24 INFO database initialized path=/tmp/expedition-sim-3570605749/gogobee.db
2026/05/17 14:07:24 INFO database initialized path=/tmp/expedition-sim-1264814263/gogobee.db
2026/05/17 14:07:24 INFO database initialized path=/tmp/expedition-sim-3032835538/gogobee.db
2026/05/17 14:07:24 INFO database initialized path=/tmp/expedition-sim-2066988117/gogobee.db
2026/05/17 14:07:24 INFO database initialized path=/tmp/expedition-sim-2983273953/gogobee.db
2026/05/17 14:07:24 INFO database initialized path=/tmp/expedition-sim-1178966598/gogobee.db
2026/05/17 14:07:24 INFO database initialized path=/tmp/expedition-sim-1222645932/gogobee.db
2026/05/17 14:07:24 INFO database initialized path=/tmp/expedition-sim-1818191365/gogobee.db
2026/05/17 14:07:24 INFO database initialized path=/tmp/expedition-sim-3975515237/gogobee.db
2026/05/17 14:07:24 INFO database initialized path=/tmp/expedition-sim-3084783573/gogobee.db
2026/05/17 14:07:24 INFO database initialized path=/tmp/expedition-sim-1460168023/gogobee.db
2026/05/17 14:07:24 INFO database initialized path=/tmp/expedition-sim-2670940737/gogobee.db
2026/05/17 14:07:24 INFO database initialized path=/tmp/expedition-sim-2485898697/gogobee.db
2026/05/17 14:07:25 INFO database initialized path=/tmp/expedition-sim-3843284068/gogobee.db
2026/05/17 14:07:25 INFO database initialized path=/tmp/expedition-sim-1855014776/gogobee.db
2026/05/17 14:07:25 INFO database initialized path=/tmp/expedition-sim-1364519023/gogobee.db
2026/05/17 14:07:25 INFO database initialized path=/tmp/expedition-sim-2942244503/gogobee.db
2026/05/17 14:07:25 INFO database initialized path=/tmp/expedition-sim-2545486500/gogobee.db
2026/05/17 14:07:25 INFO database initialized path=/tmp/expedition-sim-1736951122/gogobee.db
2026/05/17 14:07:25 INFO database initialized path=/tmp/expedition-sim-3025523766/gogobee.db
2026/05/17 14:07:25 INFO database initialized path=/tmp/expedition-sim-2200782643/gogobee.db
2026/05/17 14:07:25 INFO database initialized path=/tmp/expedition-sim-3020429978/gogobee.db
2026/05/17 14:07:25 INFO database initialized path=/tmp/expedition-sim-3058702126/gogobee.db
2026/05/17 14:07:25 INFO database initialized path=/tmp/expedition-sim-2462190315/gogobee.db
2026/05/17 14:07:25 INFO database initialized path=/tmp/expedition-sim-2344378964/gogobee.db
2026/05/17 14:07:25 INFO database initialized path=/tmp/expedition-sim-1073754649/gogobee.db
2026/05/17 14:07:25 INFO database initialized path=/tmp/expedition-sim-3901405238/gogobee.db
2026/05/17 14:07:25 INFO database initialized path=/tmp/expedition-sim-999649766/gogobee.db
2026/05/17 14:07:25 INFO database initialized path=/tmp/expedition-sim-3165526848/gogobee.db
2026/05/17 14:07:25 INFO database initialized path=/tmp/expedition-sim-2096208245/gogobee.db
2026/05/17 14:07:25 INFO database initialized path=/tmp/expedition-sim-2323839725/gogobee.db
2026/05/17 14:07:25 INFO database initialized path=/tmp/expedition-sim-3722465066/gogobee.db
2026/05/17 14:07:25 INFO database initialized path=/tmp/expedition-sim-3530842010/gogobee.db
2026/05/17 14:07:25 INFO database initialized path=/tmp/expedition-sim-1371801126/gogobee.db
2026/05/17 14:07:25 INFO database initialized path=/tmp/expedition-sim-2358954034/gogobee.db
2026/05/17 14:07:25 INFO database initialized path=/tmp/expedition-sim-2053729661/gogobee.db
2026/05/17 14:07:25 INFO database initialized path=/tmp/expedition-sim-2264592057/gogobee.db
2026/05/17 14:07:25 INFO database initialized path=/tmp/expedition-sim-4224635096/gogobee.db
2026/05/17 14:07:25 INFO database initialized path=/tmp/expedition-sim-2219203682/gogobee.db
2026/05/17 14:07:25 INFO database initialized path=/tmp/expedition-sim-792131189/gogobee.db
2026/05/17 14:07:26 INFO database initialized path=/tmp/expedition-sim-1035927405/gogobee.db
2026/05/17 14:07:26 INFO database initialized path=/tmp/expedition-sim-662423852/gogobee.db
2026/05/17 14:07:26 INFO database initialized path=/tmp/expedition-sim-2796927784/gogobee.db
2026/05/17 14:07:26 INFO database initialized path=/tmp/expedition-sim-2819610748/gogobee.db
2026/05/17 14:07:26 INFO database initialized path=/tmp/expedition-sim-3691020537/gogobee.db
2026/05/17 14:07:26 INFO database initialized path=/tmp/expedition-sim-1833623578/gogobee.db
2026/05/17 14:07:26 INFO database initialized path=/tmp/expedition-sim-12379509/gogobee.db
2026/05/17 14:07:26 INFO database initialized path=/tmp/expedition-sim-2533973356/gogobee.db
2026/05/17 14:07:26 INFO database initialized path=/tmp/expedition-sim-865796184/gogobee.db
2026/05/17 14:07:26 INFO database initialized path=/tmp/expedition-sim-1692511560/gogobee.db
2026/05/17 14:07:26 INFO database initialized path=/tmp/expedition-sim-3493423155/gogobee.db
2026/05/17 14:07:26 INFO database initialized path=/tmp/expedition-sim-1732807690/gogobee.db
2026/05/17 14:07:26 INFO database initialized path=/tmp/expedition-sim-627358768/gogobee.db
2026/05/17 14:07:26 INFO database initialized path=/tmp/expedition-sim-3997826186/gogobee.db
2026/05/17 14:07:26 INFO database initialized path=/tmp/expedition-sim-1479037875/gogobee.db
2026/05/17 14:07:26 INFO database initialized path=/tmp/expedition-sim-1191919905/gogobee.db
2026/05/17 14:07:26 INFO database initialized path=/tmp/expedition-sim-4126625502/gogobee.db
2026/05/17 14:07:26 INFO database initialized path=/tmp/expedition-sim-3225355642/gogobee.db
2026/05/17 14:07:26 INFO database initialized path=/tmp/expedition-sim-302454401/gogobee.db
2026/05/17 14:07:26 INFO database initialized path=/tmp/expedition-sim-1088229069/gogobee.db
2026/05/17 14:07:26 INFO database initialized path=/tmp/expedition-sim-3066969715/gogobee.db
2026/05/17 14:07:26 INFO database initialized path=/tmp/expedition-sim-2796897880/gogobee.db
2026/05/17 14:07:26 INFO database initialized path=/tmp/expedition-sim-2828228447/gogobee.db
2026/05/17 14:07:26 INFO database initialized path=/tmp/expedition-sim-2425865722/gogobee.db
2026/05/17 14:07:26 INFO database initialized path=/tmp/expedition-sim-2568203481/gogobee.db
2026/05/17 14:07:26 INFO database initialized path=/tmp/expedition-sim-3686179540/gogobee.db
2026/05/17 14:07:26 INFO database initialized path=/tmp/expedition-sim-2482796053/gogobee.db
2026/05/17 14:07:26 INFO database initialized path=/tmp/expedition-sim-598916405/gogobee.db
2026/05/17 14:07:26 INFO database initialized path=/tmp/expedition-sim-3877274639/gogobee.db
2026/05/17 14:07:26 INFO database initialized path=/tmp/expedition-sim-206923044/gogobee.db
2026/05/17 14:07:26 INFO database initialized path=/tmp/expedition-sim-2691140033/gogobee.db
2026/05/17 14:07:26 INFO database initialized path=/tmp/expedition-sim-3077482006/gogobee.db
2026/05/17 14:07:27 INFO database initialized path=/tmp/expedition-sim-295620847/gogobee.db
2026/05/17 14:07:27 INFO database initialized path=/tmp/expedition-sim-503323885/gogobee.db
2026/05/17 14:07:27 INFO database initialized path=/tmp/expedition-sim-3999887268/gogobee.db
2026/05/17 14:07:27 INFO database initialized path=/tmp/expedition-sim-2364856570/gogobee.db
2026/05/17 14:07:27 INFO database initialized path=/tmp/expedition-sim-3501486433/gogobee.db
2026/05/17 14:07:27 INFO database initialized path=/tmp/expedition-sim-926088898/gogobee.db
2026/05/17 14:07:27 INFO database initialized path=/tmp/expedition-sim-1618708414/gogobee.db
2026/05/17 14:07:27 INFO database initialized path=/tmp/expedition-sim-1533216408/gogobee.db
2026/05/17 14:07:27 INFO database initialized path=/tmp/expedition-sim-552935561/gogobee.db
2026/05/17 14:07:27 INFO database initialized path=/tmp/expedition-sim-3787173655/gogobee.db
2026/05/17 14:07:27 INFO database initialized path=/tmp/expedition-sim-3341753762/gogobee.db
2026/05/17 14:07:27 INFO database initialized path=/tmp/expedition-sim-4024551775/gogobee.db
2026/05/17 14:07:27 INFO database initialized path=/tmp/expedition-sim-479120767/gogobee.db
2026/05/17 14:07:27 INFO database initialized path=/tmp/expedition-sim-3630871545/gogobee.db
2026/05/17 14:07:27 INFO database initialized path=/tmp/expedition-sim-2044364776/gogobee.db
2026/05/17 14:07:27 INFO database initialized path=/tmp/expedition-sim-3909843140/gogobee.db
2026/05/17 14:07:27 INFO database initialized path=/tmp/expedition-sim-3248999783/gogobee.db
2026/05/17 14:07:27 INFO database initialized path=/tmp/expedition-sim-1082991016/gogobee.db
2026/05/17 14:07:27 INFO database initialized path=/tmp/expedition-sim-3043793940/gogobee.db
2026/05/17 14:07:27 INFO database initialized path=/tmp/expedition-sim-1282864361/gogobee.db
2026/05/17 14:07:27 INFO database initialized path=/tmp/expedition-sim-2097750661/gogobee.db
2026/05/17 14:07:27 INFO database initialized path=/tmp/expedition-sim-617605428/gogobee.db
2026/05/17 14:07:27 INFO database initialized path=/tmp/expedition-sim-3178866321/gogobee.db
2026/05/17 14:07:27 INFO database initialized path=/tmp/expedition-sim-969412965/gogobee.db
2026/05/17 14:07:27 INFO database initialized path=/tmp/expedition-sim-2973354681/gogobee.db
2026/05/17 14:07:27 INFO database initialized path=/tmp/expedition-sim-4140323904/gogobee.db
2026/05/17 14:07:27 INFO database initialized path=/tmp/expedition-sim-2267781648/gogobee.db
2026/05/17 14:07:28 INFO database initialized path=/tmp/expedition-sim-1706278/gogobee.db
2026/05/17 14:07:28 INFO database initialized path=/tmp/expedition-sim-1097994540/gogobee.db
2026/05/17 14:07:28 INFO database initialized path=/tmp/expedition-sim-2490375632/gogobee.db
2026/05/17 14:07:28 INFO database initialized path=/tmp/expedition-sim-3845858910/gogobee.db
2026/05/17 14:07:28 INFO database initialized path=/tmp/expedition-sim-2970367231/gogobee.db
2026/05/17 14:07:28 INFO database initialized path=/tmp/expedition-sim-2028393358/gogobee.db
2026/05/17 14:07:28 INFO database initialized path=/tmp/expedition-sim-1237134701/gogobee.db
2026/05/17 14:07:28 INFO database initialized path=/tmp/expedition-sim-895454446/gogobee.db
2026/05/17 14:07:28 INFO database initialized path=/tmp/expedition-sim-1058753360/gogobee.db
2026/05/17 14:07:28 INFO database initialized path=/tmp/expedition-sim-2831835788/gogobee.db
2026/05/17 14:07:28 INFO database initialized path=/tmp/expedition-sim-2223616915/gogobee.db
2026/05/17 14:07:28 INFO database initialized path=/tmp/expedition-sim-2779884185/gogobee.db
2026/05/17 14:07:28 INFO database initialized path=/tmp/expedition-sim-3464508922/gogobee.db
2026/05/17 14:07:28 INFO database initialized path=/tmp/expedition-sim-2230396287/gogobee.db
2026/05/17 14:07:28 INFO database initialized path=/tmp/expedition-sim-3929948970/gogobee.db
2026/05/17 14:07:28 INFO database initialized path=/tmp/expedition-sim-3414049445/gogobee.db
2026/05/17 14:07:28 INFO database initialized path=/tmp/expedition-sim-2293152660/gogobee.db
2026/05/17 14:07:28 INFO database initialized path=/tmp/expedition-sim-198104051/gogobee.db
2026/05/17 14:07:28 INFO database initialized path=/tmp/expedition-sim-4111709349/gogobee.db
2026/05/17 14:07:28 INFO database initialized path=/tmp/expedition-sim-3406589687/gogobee.db
2026/05/17 14:07:28 INFO database initialized path=/tmp/expedition-sim-3154779370/gogobee.db
2026/05/17 14:07:28 INFO database initialized path=/tmp/expedition-sim-4184255610/gogobee.db
2026/05/17 14:07:28 INFO database initialized path=/tmp/expedition-sim-3925968610/gogobee.db
2026/05/17 14:07:28 INFO database initialized path=/tmp/expedition-sim-2317348199/gogobee.db
2026/05/17 14:07:28 INFO database initialized path=/tmp/expedition-sim-2597771357/gogobee.db
2026/05/17 14:07:28 INFO database initialized path=/tmp/expedition-sim-1769002680/gogobee.db
2026/05/17 14:07:28 INFO database initialized path=/tmp/expedition-sim-1197912622/gogobee.db
2026/05/17 14:07:28 INFO database initialized path=/tmp/expedition-sim-1939969922/gogobee.db
2026/05/17 14:07:29 INFO database initialized path=/tmp/expedition-sim-4283936125/gogobee.db
2026/05/17 14:07:29 INFO database initialized path=/tmp/expedition-sim-694417414/gogobee.db
2026/05/17 14:07:29 INFO database initialized path=/tmp/expedition-sim-1305530146/gogobee.db
2026/05/17 14:07:29 INFO database initialized path=/tmp/expedition-sim-2354833427/gogobee.db
2026/05/17 14:07:29 INFO database initialized path=/tmp/expedition-sim-737961426/gogobee.db
2026/05/17 14:07:29 INFO database initialized path=/tmp/expedition-sim-1732112488/gogobee.db
2026/05/17 14:07:29 INFO database initialized path=/tmp/expedition-sim-2401030139/gogobee.db
2026/05/17 14:07:29 INFO database initialized path=/tmp/expedition-sim-126911903/gogobee.db
2026/05/17 14:07:29 INFO database initialized path=/tmp/expedition-sim-2122311106/gogobee.db
2026/05/17 14:07:29 INFO database initialized path=/tmp/expedition-sim-160949750/gogobee.db
2026/05/17 14:07:29 INFO database initialized path=/tmp/expedition-sim-85605389/gogobee.db
2026/05/17 14:07:29 INFO database initialized path=/tmp/expedition-sim-2690870883/gogobee.db
2026/05/17 14:07:29 INFO database initialized path=/tmp/expedition-sim-1691166726/gogobee.db
2026/05/17 14:07:29 INFO database initialized path=/tmp/expedition-sim-2988049875/gogobee.db
2026/05/17 14:07:29 INFO database initialized path=/tmp/expedition-sim-3713996113/gogobee.db
2026/05/17 14:07:29 INFO database initialized path=/tmp/expedition-sim-2861572724/gogobee.db
2026/05/17 14:07:29 INFO database initialized path=/tmp/expedition-sim-753464032/gogobee.db
2026/05/17 14:07:29 INFO database initialized path=/tmp/expedition-sim-3741326857/gogobee.db
2026/05/17 14:07:29 INFO database initialized path=/tmp/expedition-sim-4245069703/gogobee.db
2026/05/17 14:07:29 INFO database initialized path=/tmp/expedition-sim-2784612981/gogobee.db
2026/05/17 14:07:29 INFO database initialized path=/tmp/expedition-sim-602589291/gogobee.db
2026/05/17 14:07:29 INFO database initialized path=/tmp/expedition-sim-1687814485/gogobee.db
2026/05/17 14:07:29 INFO database initialized path=/tmp/expedition-sim-2427116465/gogobee.db
2026/05/17 14:07:29 INFO database initialized path=/tmp/expedition-sim-545348023/gogobee.db
2026/05/17 14:07:29 INFO database initialized path=/tmp/expedition-sim-615696020/gogobee.db
2026/05/17 14:07:29 INFO database initialized path=/tmp/expedition-sim-351322090/gogobee.db
2026/05/17 14:07:29 INFO database initialized path=/tmp/expedition-sim-4101441133/gogobee.db
2026/05/17 14:07:29 INFO database initialized path=/tmp/expedition-sim-624955446/gogobee.db
2026/05/17 14:07:30 INFO database initialized path=/tmp/expedition-sim-2129921807/gogobee.db
2026/05/17 14:07:30 INFO database initialized path=/tmp/expedition-sim-3131456496/gogobee.db
2026/05/17 14:07:30 INFO database initialized path=/tmp/expedition-sim-2700312390/gogobee.db
2026/05/17 14:07:30 INFO database initialized path=/tmp/expedition-sim-2342660475/gogobee.db
2026/05/17 14:07:30 INFO database initialized path=/tmp/expedition-sim-2440431835/gogobee.db
2026/05/17 14:07:30 INFO database initialized path=/tmp/expedition-sim-2277709841/gogobee.db
2026/05/17 14:07:30 INFO database initialized path=/tmp/expedition-sim-257444160/gogobee.db
2026/05/17 14:07:30 INFO database initialized path=/tmp/expedition-sim-3865129453/gogobee.db
2026/05/17 14:07:30 INFO database initialized path=/tmp/expedition-sim-2108091702/gogobee.db
2026/05/17 14:07:30 INFO database initialized path=/tmp/expedition-sim-4250717326/gogobee.db
2026/05/17 14:07:30 INFO database initialized path=/tmp/expedition-sim-3622363538/gogobee.db
2026/05/17 14:07:30 INFO database initialized path=/tmp/expedition-sim-888196087/gogobee.db
2026/05/17 14:07:30 INFO database initialized path=/tmp/expedition-sim-1350823466/gogobee.db
2026/05/17 14:07:30 INFO database initialized path=/tmp/expedition-sim-2677194179/gogobee.db
2026/05/17 14:07:30 INFO database initialized path=/tmp/expedition-sim-1622058295/gogobee.db
2026/05/17 14:07:30 INFO database initialized path=/tmp/expedition-sim-37562853/gogobee.db
2026/05/17 14:07:30 INFO database initialized path=/tmp/expedition-sim-1542048123/gogobee.db
2026/05/17 14:07:30 INFO database initialized path=/tmp/expedition-sim-4059622850/gogobee.db
2026/05/17 14:07:30 INFO database initialized path=/tmp/expedition-sim-4179808574/gogobee.db
2026/05/17 14:07:30 INFO database initialized path=/tmp/expedition-sim-2242749695/gogobee.db
2026/05/17 14:07:30 INFO database initialized path=/tmp/expedition-sim-1346355127/gogobee.db
2026/05/17 14:07:30 INFO database initialized path=/tmp/expedition-sim-1825775048/gogobee.db
2026/05/17 14:07:30 INFO database initialized path=/tmp/expedition-sim-4078360600/gogobee.db
2026/05/17 14:07:30 INFO database initialized path=/tmp/expedition-sim-3525116239/gogobee.db
2026/05/17 14:07:30 INFO database initialized path=/tmp/expedition-sim-2161803769/gogobee.db
2026/05/17 14:07:31 INFO database initialized path=/tmp/expedition-sim-516653959/gogobee.db
2026/05/17 14:07:31 INFO database initialized path=/tmp/expedition-sim-1763407425/gogobee.db
2026/05/17 14:07:31 INFO database initialized path=/tmp/expedition-sim-323092521/gogobee.db
2026/05/17 14:07:31 INFO database initialized path=/tmp/expedition-sim-1225191130/gogobee.db
2026/05/17 14:07:31 INFO database initialized path=/tmp/expedition-sim-4054169671/gogobee.db
2026/05/17 14:07:31 INFO database initialized path=/tmp/expedition-sim-1728338779/gogobee.db
2026/05/17 14:07:31 INFO database initialized path=/tmp/expedition-sim-4264347480/gogobee.db
2026/05/17 14:07:31 INFO database initialized path=/tmp/expedition-sim-3811039652/gogobee.db
2026/05/17 14:07:31 INFO database initialized path=/tmp/expedition-sim-1864903026/gogobee.db
2026/05/17 14:07:31 INFO database initialized path=/tmp/expedition-sim-2031919549/gogobee.db
2026/05/17 14:07:31 INFO database initialized path=/tmp/expedition-sim-3613080342/gogobee.db
2026/05/17 14:07:31 INFO database initialized path=/tmp/expedition-sim-1406553675/gogobee.db
2026/05/17 14:07:31 INFO database initialized path=/tmp/expedition-sim-3891338157/gogobee.db
2026/05/17 14:07:31 INFO database initialized path=/tmp/expedition-sim-2452278725/gogobee.db
2026/05/17 14:07:31 INFO database initialized path=/tmp/expedition-sim-3138205133/gogobee.db
2026/05/17 14:07:31 INFO database initialized path=/tmp/expedition-sim-2492399780/gogobee.db
2026/05/17 14:07:31 INFO database initialized path=/tmp/expedition-sim-842628890/gogobee.db
2026/05/17 14:07:31 INFO database initialized path=/tmp/expedition-sim-2874864536/gogobee.db
2026/05/17 14:07:31 INFO database initialized path=/tmp/expedition-sim-3767342589/gogobee.db
2026/05/17 14:07:31 INFO database initialized path=/tmp/expedition-sim-3464121490/gogobee.db
2026/05/17 14:07:31 INFO database initialized path=/tmp/expedition-sim-3912033714/gogobee.db
2026/05/17 14:07:31 INFO database initialized path=/tmp/expedition-sim-1917802780/gogobee.db
2026/05/17 14:07:31 INFO database initialized path=/tmp/expedition-sim-3897001594/gogobee.db
2026/05/17 14:07:31 INFO database initialized path=/tmp/expedition-sim-2993942158/gogobee.db
2026/05/17 14:07:31 INFO database initialized path=/tmp/expedition-sim-188701081/gogobee.db
2026/05/17 14:07:31 INFO database initialized path=/tmp/expedition-sim-3579543118/gogobee.db
2026/05/17 14:07:31 INFO database initialized path=/tmp/expedition-sim-1829394250/gogobee.db
2026/05/17 14:07:31 INFO database initialized path=/tmp/expedition-sim-1180669820/gogobee.db
2026/05/17 14:07:31 INFO database initialized path=/tmp/expedition-sim-328517701/gogobee.db
2026/05/17 14:07:31 INFO database initialized path=/tmp/expedition-sim-2374590772/gogobee.db
2026/05/17 14:07:32 INFO database initialized path=/tmp/expedition-sim-239966908/gogobee.db
2026/05/17 14:07:32 INFO database initialized path=/tmp/expedition-sim-1574445810/gogobee.db
2026/05/17 14:07:32 INFO database initialized path=/tmp/expedition-sim-310363129/gogobee.db
2026/05/17 14:07:32 INFO database initialized path=/tmp/expedition-sim-1562964034/gogobee.db
2026/05/17 14:07:32 INFO database initialized path=/tmp/expedition-sim-1917985463/gogobee.db
2026/05/17 14:07:32 INFO database initialized path=/tmp/expedition-sim-3251752075/gogobee.db
2026/05/17 14:07:32 INFO database initialized path=/tmp/expedition-sim-3466076489/gogobee.db
2026/05/17 14:07:32 INFO database initialized path=/tmp/expedition-sim-3431901596/gogobee.db
2026/05/17 14:07:32 INFO database initialized path=/tmp/expedition-sim-3006075159/gogobee.db
2026/05/17 14:07:32 INFO database initialized path=/tmp/expedition-sim-1694928933/gogobee.db
2026/05/17 14:07:32 INFO database initialized path=/tmp/expedition-sim-3997517812/gogobee.db
2026/05/17 14:07:32 INFO database initialized path=/tmp/expedition-sim-1593672887/gogobee.db
2026/05/17 14:07:32 INFO database initialized path=/tmp/expedition-sim-3522131672/gogobee.db
2026/05/17 14:07:32 INFO database initialized path=/tmp/expedition-sim-1552715859/gogobee.db
2026/05/17 14:07:32 INFO database initialized path=/tmp/expedition-sim-387960741/gogobee.db
2026/05/17 14:07:32 INFO database initialized path=/tmp/expedition-sim-4251605185/gogobee.db
2026/05/17 14:07:32 INFO database initialized path=/tmp/expedition-sim-1252497719/gogobee.db
2026/05/17 14:07:32 INFO database initialized path=/tmp/expedition-sim-1668925117/gogobee.db
2026/05/17 14:07:32 INFO database initialized path=/tmp/expedition-sim-297824416/gogobee.db
2026/05/17 14:07:32 INFO database initialized path=/tmp/expedition-sim-174702502/gogobee.db
2026/05/17 14:07:32 INFO database initialized path=/tmp/expedition-sim-3797623209/gogobee.db
2026/05/17 14:07:32 INFO database initialized path=/tmp/expedition-sim-3481163253/gogobee.db
2026/05/17 14:07:32 INFO database initialized path=/tmp/expedition-sim-1971237928/gogobee.db
2026/05/17 14:07:32 INFO database initialized path=/tmp/expedition-sim-1970245167/gogobee.db
2026/05/17 14:07:32 INFO database initialized path=/tmp/expedition-sim-1544128441/gogobee.db
2026/05/17 14:07:32 INFO database initialized path=/tmp/expedition-sim-1017347476/gogobee.db
2026/05/17 14:07:32 INFO database initialized path=/tmp/expedition-sim-3790305640/gogobee.db
2026/05/17 14:07:32 INFO database initialized path=/tmp/expedition-sim-739793038/gogobee.db
2026/05/17 14:07:32 INFO database initialized path=/tmp/expedition-sim-320609342/gogobee.db
2026/05/17 14:07:33 INFO database initialized path=/tmp/expedition-sim-611665707/gogobee.db
2026/05/17 14:07:33 INFO database initialized path=/tmp/expedition-sim-3775908518/gogobee.db
2026/05/17 14:07:33 INFO database initialized path=/tmp/expedition-sim-3120793500/gogobee.db
2026/05/17 14:07:33 INFO database initialized path=/tmp/expedition-sim-3044648428/gogobee.db
2026/05/17 14:07:33 INFO database initialized path=/tmp/expedition-sim-1781969596/gogobee.db
2026/05/17 14:07:33 INFO database initialized path=/tmp/expedition-sim-138187134/gogobee.db
2026/05/17 14:07:33 INFO database initialized path=/tmp/expedition-sim-3623710695/gogobee.db
2026/05/17 14:07:33 INFO database initialized path=/tmp/expedition-sim-4248264308/gogobee.db
2026/05/17 14:07:33 INFO database initialized path=/tmp/expedition-sim-126251460/gogobee.db
2026/05/17 14:07:33 INFO database initialized path=/tmp/expedition-sim-2433186421/gogobee.db
2026/05/17 14:07:33 INFO database initialized path=/tmp/expedition-sim-1996679297/gogobee.db
2026/05/17 14:07:33 INFO database initialized path=/tmp/expedition-sim-3277487512/gogobee.db
2026/05/17 14:07:33 INFO database initialized path=/tmp/expedition-sim-2441617439/gogobee.db
2026/05/17 14:07:33 INFO database initialized path=/tmp/expedition-sim-3469877207/gogobee.db
2026/05/17 14:07:33 INFO database initialized path=/tmp/expedition-sim-2623062962/gogobee.db
2026/05/17 14:07:33 INFO database initialized path=/tmp/expedition-sim-3246365472/gogobee.db
2026/05/17 14:07:33 INFO database initialized path=/tmp/expedition-sim-2222672706/gogobee.db
2026/05/17 14:07:33 INFO database initialized path=/tmp/expedition-sim-678984173/gogobee.db
2026/05/17 14:07:33 INFO database initialized path=/tmp/expedition-sim-1895401152/gogobee.db
2026/05/17 14:07:33 INFO database initialized path=/tmp/expedition-sim-2834718933/gogobee.db
2026/05/17 14:07:33 INFO database initialized path=/tmp/expedition-sim-2288735716/gogobee.db
2026/05/17 14:07:33 INFO database initialized path=/tmp/expedition-sim-4163094855/gogobee.db
2026/05/17 14:07:33 INFO database initialized path=/tmp/expedition-sim-2635020159/gogobee.db
2026/05/17 14:07:33 INFO database initialized path=/tmp/expedition-sim-701321554/gogobee.db
2026/05/17 14:07:33 INFO database initialized path=/tmp/expedition-sim-1901715136/gogobee.db
2026/05/17 14:07:33 INFO database initialized path=/tmp/expedition-sim-1529366715/gogobee.db
2026/05/17 14:07:33 INFO database initialized path=/tmp/expedition-sim-2772069116/gogobee.db
2026/05/17 14:07:33 INFO database initialized path=/tmp/expedition-sim-3385160319/gogobee.db
2026/05/17 14:07:33 INFO database initialized path=/tmp/expedition-sim-2593233662/gogobee.db
2026/05/17 14:07:33 INFO database initialized path=/tmp/expedition-sim-3964606317/gogobee.db
2026/05/17 14:07:34 INFO database initialized path=/tmp/expedition-sim-817025/gogobee.db
2026/05/17 14:07:34 INFO database initialized path=/tmp/expedition-sim-3255204472/gogobee.db
2026/05/17 14:07:34 INFO database initialized path=/tmp/expedition-sim-1281882228/gogobee.db
2026/05/17 14:07:34 INFO database initialized path=/tmp/expedition-sim-1314004742/gogobee.db
2026/05/17 14:07:34 INFO database initialized path=/tmp/expedition-sim-2527148919/gogobee.db
2026/05/17 14:07:34 INFO database initialized path=/tmp/expedition-sim-228664307/gogobee.db
2026/05/17 14:07:34 INFO database initialized path=/tmp/expedition-sim-593038308/gogobee.db
2026/05/17 14:07:34 INFO database initialized path=/tmp/expedition-sim-3009247212/gogobee.db
2026/05/17 14:07:34 INFO database initialized path=/tmp/expedition-sim-3180919735/gogobee.db
2026/05/17 14:07:34 INFO database initialized path=/tmp/expedition-sim-1179428367/gogobee.db
2026/05/17 14:07:34 INFO database initialized path=/tmp/expedition-sim-1343995835/gogobee.db
2026/05/17 14:07:34 INFO database initialized path=/tmp/expedition-sim-967001473/gogobee.db
2026/05/17 14:07:34 INFO database initialized path=/tmp/expedition-sim-1593786937/gogobee.db
2026/05/17 14:07:34 INFO database initialized path=/tmp/expedition-sim-3242715081/gogobee.db
2026/05/17 14:07:34 INFO database initialized path=/tmp/expedition-sim-3587810885/gogobee.db
2026/05/17 14:07:34 INFO database initialized path=/tmp/expedition-sim-2871449494/gogobee.db
2026/05/17 14:07:34 INFO database initialized path=/tmp/expedition-sim-246305735/gogobee.db
2026/05/17 14:07:34 INFO database initialized path=/tmp/expedition-sim-4027946321/gogobee.db
2026/05/17 14:07:34 INFO database initialized path=/tmp/expedition-sim-3894883904/gogobee.db
2026/05/17 14:07:34 INFO database initialized path=/tmp/expedition-sim-1714422055/gogobee.db
2026/05/17 14:07:34 INFO database initialized path=/tmp/expedition-sim-1835626133/gogobee.db
2026/05/17 14:07:34 INFO database initialized path=/tmp/expedition-sim-3179353510/gogobee.db
2026/05/17 14:07:34 INFO database initialized path=/tmp/expedition-sim-1747504972/gogobee.db
2026/05/17 14:07:34 INFO database initialized path=/tmp/expedition-sim-1152301327/gogobee.db
2026/05/17 14:07:34 INFO database initialized path=/tmp/expedition-sim-3368009607/gogobee.db
2026/05/17 14:07:34 INFO database initialized path=/tmp/expedition-sim-3712056487/gogobee.db
2026/05/17 14:07:34 INFO database initialized path=/tmp/expedition-sim-710827066/gogobee.db
2026/05/17 14:07:34 INFO database initialized path=/tmp/expedition-sim-2172957238/gogobee.db
2026/05/17 14:07:34 INFO database initialized path=/tmp/expedition-sim-3848963055/gogobee.db
2026/05/17 14:07:34 INFO database initialized path=/tmp/expedition-sim-4043866775/gogobee.db
2026/05/17 14:07:34 INFO database initialized path=/tmp/expedition-sim-3912037971/gogobee.db
2026/05/17 14:07:35 INFO database initialized path=/tmp/expedition-sim-3004573650/gogobee.db
2026/05/17 14:07:35 INFO database initialized path=/tmp/expedition-sim-3257308745/gogobee.db
2026/05/17 14:07:35 INFO database initialized path=/tmp/expedition-sim-340582437/gogobee.db
2026/05/17 14:07:35 INFO database initialized path=/tmp/expedition-sim-3616796250/gogobee.db
2026/05/17 14:07:35 INFO database initialized path=/tmp/expedition-sim-204154843/gogobee.db
2026/05/17 14:07:35 INFO database initialized path=/tmp/expedition-sim-4247502126/gogobee.db
2026/05/17 14:07:35 INFO database initialized path=/tmp/expedition-sim-2079794101/gogobee.db
2026/05/17 14:07:35 INFO database initialized path=/tmp/expedition-sim-2512714819/gogobee.db
2026/05/17 14:07:35 INFO database initialized path=/tmp/expedition-sim-3137905105/gogobee.db
2026/05/17 14:07:35 INFO database initialized path=/tmp/expedition-sim-1216084679/gogobee.db
2026/05/17 14:07:35 INFO database initialized path=/tmp/expedition-sim-2455229699/gogobee.db
2026/05/17 14:07:35 INFO database initialized path=/tmp/expedition-sim-1186460406/gogobee.db
2026/05/17 14:07:35 INFO database initialized path=/tmp/expedition-sim-3349671435/gogobee.db
2026/05/17 14:07:35 INFO database initialized path=/tmp/expedition-sim-975692386/gogobee.db
2026/05/17 14:07:35 INFO database initialized path=/tmp/expedition-sim-3011100864/gogobee.db
2026/05/17 14:07:35 INFO database initialized path=/tmp/expedition-sim-2965481399/gogobee.db
2026/05/17 14:07:35 INFO database initialized path=/tmp/expedition-sim-1104793146/gogobee.db
2026/05/17 14:07:35 INFO database initialized path=/tmp/expedition-sim-4175046085/gogobee.db
2026/05/17 14:07:35 INFO database initialized path=/tmp/expedition-sim-2785718648/gogobee.db
2026/05/17 14:07:35 INFO database initialized path=/tmp/expedition-sim-3766793625/gogobee.db
2026/05/17 14:07:35 INFO database initialized path=/tmp/expedition-sim-4126393909/gogobee.db
2026/05/17 14:07:35 INFO database initialized path=/tmp/expedition-sim-1047984240/gogobee.db
2026/05/17 14:07:35 INFO database initialized path=/tmp/expedition-sim-3341430176/gogobee.db
2026/05/17 14:07:35 INFO database initialized path=/tmp/expedition-sim-4251270476/gogobee.db
2026/05/17 14:07:35 INFO database initialized path=/tmp/expedition-sim-943497968/gogobee.db
2026/05/17 14:07:35 INFO database initialized path=/tmp/expedition-sim-263806642/gogobee.db
2026/05/17 14:07:35 INFO database initialized path=/tmp/expedition-sim-2958594984/gogobee.db
2026/05/17 14:07:35 INFO database initialized path=/tmp/expedition-sim-3587985232/gogobee.db
2026/05/17 14:07:36 INFO database initialized path=/tmp/expedition-sim-4111244959/gogobee.db
2026/05/17 14:07:36 INFO database initialized path=/tmp/expedition-sim-3376569326/gogobee.db
2026/05/17 14:07:36 INFO database initialized path=/tmp/expedition-sim-2359845237/gogobee.db
2026/05/17 14:07:36 INFO database initialized path=/tmp/expedition-sim-1764973805/gogobee.db
2026/05/17 14:07:36 INFO database initialized path=/tmp/expedition-sim-2669792841/gogobee.db
2026/05/17 14:07:36 INFO database initialized path=/tmp/expedition-sim-1244185322/gogobee.db
2026/05/17 14:07:36 INFO database initialized path=/tmp/expedition-sim-1176616209/gogobee.db
2026/05/17 14:07:36 INFO database initialized path=/tmp/expedition-sim-2435497841/gogobee.db
2026/05/17 14:07:36 INFO database initialized path=/tmp/expedition-sim-146785780/gogobee.db
2026/05/17 14:07:36 INFO database initialized path=/tmp/expedition-sim-3967886376/gogobee.db
2026/05/17 14:07:36 INFO database initialized path=/tmp/expedition-sim-67954171/gogobee.db
2026/05/17 14:07:36 INFO database initialized path=/tmp/expedition-sim-61355899/gogobee.db
2026/05/17 14:07:36 INFO database initialized path=/tmp/expedition-sim-393792056/gogobee.db
2026/05/17 14:07:36 INFO database initialized path=/tmp/expedition-sim-3900088302/gogobee.db
2026/05/17 14:07:36 INFO database initialized path=/tmp/expedition-sim-764528917/gogobee.db
2026/05/17 14:07:36 INFO database initialized path=/tmp/expedition-sim-2587258035/gogobee.db
2026/05/17 14:07:36 INFO database initialized path=/tmp/expedition-sim-262942326/gogobee.db
2026/05/17 14:07:36 INFO database initialized path=/tmp/expedition-sim-1872876571/gogobee.db
2026/05/17 14:07:36 INFO database initialized path=/tmp/expedition-sim-72776235/gogobee.db
2026/05/17 14:07:36 INFO database initialized path=/tmp/expedition-sim-906572540/gogobee.db
2026/05/17 14:07:36 INFO database initialized path=/tmp/expedition-sim-1021789093/gogobee.db
2026/05/17 14:07:36 INFO database initialized path=/tmp/expedition-sim-3955704257/gogobee.db
2026/05/17 14:07:36 INFO database initialized path=/tmp/expedition-sim-4055696928/gogobee.db
2026/05/17 14:07:36 INFO database initialized path=/tmp/expedition-sim-3265426731/gogobee.db
2026/05/17 14:07:36 INFO database initialized path=/tmp/expedition-sim-2666430230/gogobee.db
2026/05/17 14:07:36 INFO database initialized path=/tmp/expedition-sim-73600439/gogobee.db
2026/05/17 14:07:36 INFO database initialized path=/tmp/expedition-sim-2609300594/gogobee.db
2026/05/17 14:07:36 INFO database initialized path=/tmp/expedition-sim-4047633284/gogobee.db
2026/05/17 14:07:36 INFO database initialized path=/tmp/expedition-sim-326299615/gogobee.db
2026/05/17 14:07:36 INFO database initialized path=/tmp/expedition-sim-1783838064/gogobee.db
2026/05/17 14:07:36 INFO database initialized path=/tmp/expedition-sim-3272711084/gogobee.db
2026/05/17 14:07:36 INFO database initialized path=/tmp/expedition-sim-4159853530/gogobee.db
2026/05/17 14:07:37 INFO database initialized path=/tmp/expedition-sim-1809604362/gogobee.db
2026/05/17 14:07:37 INFO database initialized path=/tmp/expedition-sim-939255851/gogobee.db
2026/05/17 14:07:37 INFO database initialized path=/tmp/expedition-sim-1451057150/gogobee.db
2026/05/17 14:07:37 INFO database initialized path=/tmp/expedition-sim-1156914521/gogobee.db
2026/05/17 14:07:37 INFO database initialized path=/tmp/expedition-sim-2522072536/gogobee.db
2026/05/17 14:07:37 INFO database initialized path=/tmp/expedition-sim-504307889/gogobee.db
2026/05/17 14:07:37 INFO database initialized path=/tmp/expedition-sim-648176855/gogobee.db
2026/05/17 14:07:37 INFO database initialized path=/tmp/expedition-sim-2459637973/gogobee.db
2026/05/17 14:07:37 INFO database initialized path=/tmp/expedition-sim-3204630599/gogobee.db
2026/05/17 14:07:37 INFO database initialized path=/tmp/expedition-sim-1432675303/gogobee.db
2026/05/17 14:07:37 INFO database initialized path=/tmp/expedition-sim-1622913786/gogobee.db
2026/05/17 14:07:37 INFO database initialized path=/tmp/expedition-sim-3434183146/gogobee.db
2026/05/17 14:07:37 INFO database initialized path=/tmp/expedition-sim-324129305/gogobee.db
2026/05/17 14:07:37 INFO database initialized path=/tmp/expedition-sim-2393017336/gogobee.db
2026/05/17 14:07:37 INFO database initialized path=/tmp/expedition-sim-1395683498/gogobee.db
2026/05/17 14:07:37 INFO database initialized path=/tmp/expedition-sim-2602329989/gogobee.db
2026/05/17 14:07:37 INFO database initialized path=/tmp/expedition-sim-1923559247/gogobee.db
2026/05/17 14:07:37 INFO database initialized path=/tmp/expedition-sim-1571011693/gogobee.db
2026/05/17 14:07:37 INFO database initialized path=/tmp/expedition-sim-654594687/gogobee.db
2026/05/17 14:07:37 INFO database initialized path=/tmp/expedition-sim-1018297295/gogobee.db
2026/05/17 14:07:37 INFO database initialized path=/tmp/expedition-sim-1535318939/gogobee.db
2026/05/17 14:07:37 INFO database initialized path=/tmp/expedition-sim-1052772437/gogobee.db
2026/05/17 14:07:37 INFO database initialized path=/tmp/expedition-sim-2082232671/gogobee.db
2026/05/17 14:07:37 INFO database initialized path=/tmp/expedition-sim-2194703055/gogobee.db
2026/05/17 14:07:37 INFO database initialized path=/tmp/expedition-sim-1018709734/gogobee.db
2026/05/17 14:07:37 INFO database initialized path=/tmp/expedition-sim-1093150065/gogobee.db
2026/05/17 14:07:37 INFO database initialized path=/tmp/expedition-sim-4275386644/gogobee.db
2026/05/17 14:07:37 INFO database initialized path=/tmp/expedition-sim-244662670/gogobee.db
2026/05/17 14:07:38 INFO database initialized path=/tmp/expedition-sim-564235282/gogobee.db
2026/05/17 14:07:38 INFO database initialized path=/tmp/expedition-sim-2534157005/gogobee.db
2026/05/17 14:07:38 INFO database initialized path=/tmp/expedition-sim-2909876846/gogobee.db
2026/05/17 14:07:38 INFO database initialized path=/tmp/expedition-sim-3303078489/gogobee.db
2026/05/17 14:07:38 INFO database initialized path=/tmp/expedition-sim-13051149/gogobee.db
2026/05/17 14:07:38 INFO database initialized path=/tmp/expedition-sim-4289759953/gogobee.db
2026/05/17 14:07:38 INFO database initialized path=/tmp/expedition-sim-1701472327/gogobee.db
2026/05/17 14:07:38 INFO database initialized path=/tmp/expedition-sim-3290327039/gogobee.db
2026/05/17 14:07:38 INFO database initialized path=/tmp/expedition-sim-1484961270/gogobee.db
2026/05/17 14:07:38 INFO database initialized path=/tmp/expedition-sim-2102701406/gogobee.db
2026/05/17 14:07:38 INFO database initialized path=/tmp/expedition-sim-346698979/gogobee.db
2026/05/17 14:07:38 INFO database initialized path=/tmp/expedition-sim-2588203576/gogobee.db
2026/05/17 14:07:38 INFO database initialized path=/tmp/expedition-sim-894265703/gogobee.db
2026/05/17 14:07:38 INFO database initialized path=/tmp/expedition-sim-1491363691/gogobee.db
2026/05/17 14:07:38 INFO database initialized path=/tmp/expedition-sim-3136855361/gogobee.db
2026/05/17 14:07:38 INFO database initialized path=/tmp/expedition-sim-3327792030/gogobee.db
2026/05/17 14:07:38 INFO database initialized path=/tmp/expedition-sim-4155416324/gogobee.db
2026/05/17 14:07:38 INFO database initialized path=/tmp/expedition-sim-2762414224/gogobee.db
2026/05/17 14:07:38 INFO database initialized path=/tmp/expedition-sim-2631221103/gogobee.db
2026/05/17 14:07:38 INFO database initialized path=/tmp/expedition-sim-2412159415/gogobee.db
2026/05/17 14:07:38 INFO database initialized path=/tmp/expedition-sim-2464270103/gogobee.db
2026/05/17 14:07:38 INFO database initialized path=/tmp/expedition-sim-3622192974/gogobee.db
2026/05/17 14:07:38 INFO database initialized path=/tmp/expedition-sim-2054192828/gogobee.db
2026/05/17 14:07:38 INFO database initialized path=/tmp/expedition-sim-2596592492/gogobee.db
2026/05/17 14:07:38 INFO database initialized path=/tmp/expedition-sim-2509363583/gogobee.db
2026/05/17 14:07:38 INFO database initialized path=/tmp/expedition-sim-4283184120/gogobee.db
2026/05/17 14:07:38 INFO database initialized path=/tmp/expedition-sim-523344949/gogobee.db
2026/05/17 14:07:38 INFO database initialized path=/tmp/expedition-sim-2460710593/gogobee.db
2026/05/17 14:07:38 INFO database initialized path=/tmp/expedition-sim-984284299/gogobee.db
2026/05/17 14:07:38 INFO database initialized path=/tmp/expedition-sim-3790804586/gogobee.db
2026/05/17 14:07:38 INFO database initialized path=/tmp/expedition-sim-166145036/gogobee.db
2026/05/17 14:07:38 INFO database initialized path=/tmp/expedition-sim-382154664/gogobee.db
2026/05/17 14:07:38 INFO database initialized path=/tmp/expedition-sim-2448222323/gogobee.db
2026/05/17 14:07:38 INFO database initialized path=/tmp/expedition-sim-1323479702/gogobee.db
2026/05/17 14:07:38 INFO database initialized path=/tmp/expedition-sim-2106821071/gogobee.db
2026/05/17 14:07:39 INFO database initialized path=/tmp/expedition-sim-2270506534/gogobee.db
2026/05/17 14:07:39 INFO database initialized path=/tmp/expedition-sim-375433010/gogobee.db
2026/05/17 14:07:39 INFO database initialized path=/tmp/expedition-sim-2160544505/gogobee.db
2026/05/17 14:07:39 INFO database initialized path=/tmp/expedition-sim-3058327383/gogobee.db
2026/05/17 14:07:39 INFO database initialized path=/tmp/expedition-sim-3666280746/gogobee.db
2026/05/17 14:07:39 INFO database initialized path=/tmp/expedition-sim-466868250/gogobee.db
2026/05/17 14:07:39 INFO database initialized path=/tmp/expedition-sim-1985614817/gogobee.db
2026/05/17 14:07:39 INFO database initialized path=/tmp/expedition-sim-1075829863/gogobee.db
2026/05/17 14:07:39 INFO database initialized path=/tmp/expedition-sim-1069831809/gogobee.db
2026/05/17 14:07:39 INFO database initialized path=/tmp/expedition-sim-3046278760/gogobee.db
2026/05/17 14:07:39 INFO database initialized path=/tmp/expedition-sim-1078921899/gogobee.db
2026/05/17 14:07:39 INFO database initialized path=/tmp/expedition-sim-2020862359/gogobee.db
2026/05/17 14:07:39 INFO database initialized path=/tmp/expedition-sim-1106142579/gogobee.db
2026/05/17 14:07:39 INFO database initialized path=/tmp/expedition-sim-563989178/gogobee.db
2026/05/17 14:07:39 INFO database initialized path=/tmp/expedition-sim-2489960505/gogobee.db
2026/05/17 14:07:39 INFO database initialized path=/tmp/expedition-sim-501936070/gogobee.db
2026/05/17 14:07:39 INFO database initialized path=/tmp/expedition-sim-1237493030/gogobee.db
2026/05/17 14:07:39 INFO database initialized path=/tmp/expedition-sim-2307484845/gogobee.db
2026/05/17 14:07:39 INFO database initialized path=/tmp/expedition-sim-558041521/gogobee.db
2026/05/17 14:07:39 INFO database initialized path=/tmp/expedition-sim-1279333956/gogobee.db
2026/05/17 14:07:39 INFO database initialized path=/tmp/expedition-sim-1146173247/gogobee.db
2026/05/17 14:07:39 INFO database initialized path=/tmp/expedition-sim-690798864/gogobee.db
2026/05/17 14:07:39 INFO database initialized path=/tmp/expedition-sim-2482540746/gogobee.db
2026/05/17 14:07:39 INFO database initialized path=/tmp/expedition-sim-3809276576/gogobee.db
2026/05/17 14:07:39 INFO database initialized path=/tmp/expedition-sim-1384617519/gogobee.db
2026/05/17 14:07:39 INFO database initialized path=/tmp/expedition-sim-1821528665/gogobee.db
2026/05/17 14:07:39 INFO database initialized path=/tmp/expedition-sim-2242814167/gogobee.db
2026/05/17 14:07:39 INFO database initialized path=/tmp/expedition-sim-3001473884/gogobee.db
2026/05/17 14:07:39 INFO database initialized path=/tmp/expedition-sim-1671398782/gogobee.db
2026/05/17 14:07:39 INFO database initialized path=/tmp/expedition-sim-442497016/gogobee.db
2026/05/17 14:07:39 INFO database initialized path=/tmp/expedition-sim-3450673614/gogobee.db
2026/05/17 14:07:40 INFO database initialized path=/tmp/expedition-sim-256921202/gogobee.db
2026/05/17 14:07:40 INFO database initialized path=/tmp/expedition-sim-4036196788/gogobee.db
2026/05/17 14:07:40 INFO database initialized path=/tmp/expedition-sim-4178063262/gogobee.db
2026/05/17 14:07:40 INFO database initialized path=/tmp/expedition-sim-3331526828/gogobee.db
2026/05/17 14:07:40 INFO database initialized path=/tmp/expedition-sim-4095206058/gogobee.db
2026/05/17 14:07:40 INFO database initialized path=/tmp/expedition-sim-2475385660/gogobee.db
2026/05/17 14:07:40 INFO database initialized path=/tmp/expedition-sim-4188444646/gogobee.db
2026/05/17 14:07:40 INFO database initialized path=/tmp/expedition-sim-920398948/gogobee.db
2026/05/17 14:07:40 INFO database initialized path=/tmp/expedition-sim-390131138/gogobee.db
2026/05/17 14:07:40 INFO database initialized path=/tmp/expedition-sim-1581866464/gogobee.db
2026/05/17 14:07:40 INFO database initialized path=/tmp/expedition-sim-132932978/gogobee.db
2026/05/17 14:07:40 INFO database initialized path=/tmp/expedition-sim-3686619550/gogobee.db
2026/05/17 14:07:40 INFO database initialized path=/tmp/expedition-sim-1906446855/gogobee.db
2026/05/17 14:07:40 INFO database initialized path=/tmp/expedition-sim-1273670834/gogobee.db
2026/05/17 14:07:40 INFO database initialized path=/tmp/expedition-sim-2070971017/gogobee.db
2026/05/17 14:07:40 INFO database initialized path=/tmp/expedition-sim-1320482502/gogobee.db
2026/05/17 14:07:40 INFO database initialized path=/tmp/expedition-sim-1839271898/gogobee.db
2026/05/17 14:07:40 INFO database initialized path=/tmp/expedition-sim-247939368/gogobee.db
2026/05/17 14:07:40 INFO database initialized path=/tmp/expedition-sim-1530959394/gogobee.db
2026/05/17 14:07:40 INFO database initialized path=/tmp/expedition-sim-3260437400/gogobee.db
2026/05/17 14:07:40 INFO database initialized path=/tmp/expedition-sim-3091077753/gogobee.db
2026/05/17 14:07:40 INFO database initialized path=/tmp/expedition-sim-3868465326/gogobee.db
2026/05/17 14:07:40 INFO database initialized path=/tmp/expedition-sim-35508657/gogobee.db
2026/05/17 14:07:40 INFO database initialized path=/tmp/expedition-sim-1211539657/gogobee.db
2026/05/17 14:07:40 INFO database initialized path=/tmp/expedition-sim-2493133019/gogobee.db
2026/05/17 14:07:40 INFO database initialized path=/tmp/expedition-sim-862933094/gogobee.db
2026/05/17 14:07:40 INFO database initialized path=/tmp/expedition-sim-1021846302/gogobee.db
2026/05/17 14:07:40 INFO database initialized path=/tmp/expedition-sim-3439740776/gogobee.db
2026/05/17 14:07:40 INFO database initialized path=/tmp/expedition-sim-3062354791/gogobee.db
2026/05/17 14:07:40 INFO database initialized path=/tmp/expedition-sim-148626843/gogobee.db
2026/05/17 14:07:40 INFO database initialized path=/tmp/expedition-sim-3601094389/gogobee.db
2026/05/17 14:07:40 INFO database initialized path=/tmp/expedition-sim-1605798860/gogobee.db
2026/05/17 14:07:41 INFO database initialized path=/tmp/expedition-sim-2433892918/gogobee.db
2026/05/17 14:07:41 INFO database initialized path=/tmp/expedition-sim-4175007189/gogobee.db
2026/05/17 14:07:41 INFO database initialized path=/tmp/expedition-sim-4083844104/gogobee.db
2026/05/17 14:07:41 INFO database initialized path=/tmp/expedition-sim-1396435217/gogobee.db
2026/05/17 14:07:41 INFO database initialized path=/tmp/expedition-sim-3386066487/gogobee.db
2026/05/17 14:07:41 INFO database initialized path=/tmp/expedition-sim-3749277443/gogobee.db
2026/05/17 14:07:41 INFO database initialized path=/tmp/expedition-sim-725359563/gogobee.db
2026/05/17 14:07:41 INFO database initialized path=/tmp/expedition-sim-1411253582/gogobee.db
2026/05/17 14:07:41 INFO database initialized path=/tmp/expedition-sim-1009066387/gogobee.db
2026/05/17 14:07:41 INFO database initialized path=/tmp/expedition-sim-625207741/gogobee.db
2026/05/17 14:07:41 INFO database initialized path=/tmp/expedition-sim-2624388752/gogobee.db
2026/05/17 14:07:41 INFO database initialized path=/tmp/expedition-sim-4201452512/gogobee.db
2026/05/17 14:07:41 INFO database initialized path=/tmp/expedition-sim-907812954/gogobee.db
2026/05/17 14:07:41 INFO database initialized path=/tmp/expedition-sim-712980706/gogobee.db
2026/05/17 14:07:41 INFO database initialized path=/tmp/expedition-sim-159054772/gogobee.db
2026/05/17 14:07:41 INFO database initialized path=/tmp/expedition-sim-2023043392/gogobee.db
2026/05/17 14:07:41 INFO database initialized path=/tmp/expedition-sim-3683468699/gogobee.db
2026/05/17 14:07:41 INFO database initialized path=/tmp/expedition-sim-3245610545/gogobee.db
2026/05/17 14:07:41 INFO database initialized path=/tmp/expedition-sim-4173103135/gogobee.db
2026/05/17 14:07:41 INFO database initialized path=/tmp/expedition-sim-2777271477/gogobee.db
2026/05/17 14:07:41 INFO database initialized path=/tmp/expedition-sim-1089397521/gogobee.db
2026/05/17 14:07:41 INFO database initialized path=/tmp/expedition-sim-911043754/gogobee.db
2026/05/17 14:07:41 INFO database initialized path=/tmp/expedition-sim-3212392562/gogobee.db
2026/05/17 14:07:41 INFO database initialized path=/tmp/expedition-sim-3874460903/gogobee.db
2026/05/17 14:07:41 INFO database initialized path=/tmp/expedition-sim-444397556/gogobee.db
2026/05/17 14:07:41 INFO database initialized path=/tmp/expedition-sim-517268757/gogobee.db
2026/05/17 14:07:41 INFO database initialized path=/tmp/expedition-sim-474696880/gogobee.db
2026/05/17 14:07:41 INFO database initialized path=/tmp/expedition-sim-2030940420/gogobee.db
2026/05/17 14:07:41 INFO database initialized path=/tmp/expedition-sim-280240940/gogobee.db
2026/05/17 14:07:41 INFO database initialized path=/tmp/expedition-sim-919587336/gogobee.db
2026/05/17 14:07:41 INFO database initialized path=/tmp/expedition-sim-3252156034/gogobee.db
2026/05/17 14:07:41 INFO database initialized path=/tmp/expedition-sim-3086554765/gogobee.db
2026/05/17 14:07:41 INFO database initialized path=/tmp/expedition-sim-1178692176/gogobee.db
2026/05/17 14:07:42 INFO database initialized path=/tmp/expedition-sim-4032891273/gogobee.db
2026/05/17 14:07:42 INFO database initialized path=/tmp/expedition-sim-103909429/gogobee.db
2026/05/17 14:07:42 INFO database initialized path=/tmp/expedition-sim-4058122529/gogobee.db
2026/05/17 14:07:42 INFO database initialized path=/tmp/expedition-sim-2117712338/gogobee.db
2026/05/17 14:07:42 INFO database initialized path=/tmp/expedition-sim-3974723626/gogobee.db
2026/05/17 14:07:42 INFO database initialized path=/tmp/expedition-sim-3952411696/gogobee.db
2026/05/17 14:07:42 INFO database initialized path=/tmp/expedition-sim-2996772037/gogobee.db
2026/05/17 14:07:42 INFO database initialized path=/tmp/expedition-sim-3978926125/gogobee.db
2026/05/17 14:07:42 INFO database initialized path=/tmp/expedition-sim-3640871990/gogobee.db
2026/05/17 14:07:42 INFO database initialized path=/tmp/expedition-sim-3698618752/gogobee.db
2026/05/17 14:07:42 INFO database initialized path=/tmp/expedition-sim-2198638239/gogobee.db
2026/05/17 14:07:42 INFO database initialized path=/tmp/expedition-sim-2748855887/gogobee.db
2026/05/17 14:07:42 INFO database initialized path=/tmp/expedition-sim-1776490372/gogobee.db
2026/05/17 14:07:42 INFO database initialized path=/tmp/expedition-sim-2407175243/gogobee.db
2026/05/17 14:07:42 INFO database initialized path=/tmp/expedition-sim-2364843508/gogobee.db
2026/05/17 14:07:42 INFO database initialized path=/tmp/expedition-sim-2822304988/gogobee.db
2026/05/17 14:07:42 INFO database initialized path=/tmp/expedition-sim-3974024997/gogobee.db
2026/05/17 14:07:42 INFO database initialized path=/tmp/expedition-sim-2648584468/gogobee.db
2026/05/17 14:07:42 INFO database initialized path=/tmp/expedition-sim-2691949800/gogobee.db
2026/05/17 14:07:42 INFO database initialized path=/tmp/expedition-sim-3754980028/gogobee.db
2026/05/17 14:07:42 INFO database initialized path=/tmp/expedition-sim-1262976155/gogobee.db
2026/05/17 14:07:42 INFO database initialized path=/tmp/expedition-sim-752008568/gogobee.db
2026/05/17 14:07:42 INFO database initialized path=/tmp/expedition-sim-3680952254/gogobee.db
2026/05/17 14:07:42 INFO database initialized path=/tmp/expedition-sim-385273599/gogobee.db
2026/05/17 14:07:42 INFO database initialized path=/tmp/expedition-sim-5462263/gogobee.db
2026/05/17 14:07:42 INFO database initialized path=/tmp/expedition-sim-2782629578/gogobee.db
2026/05/17 14:07:42 INFO database initialized path=/tmp/expedition-sim-1872955885/gogobee.db
2026/05/17 14:07:42 INFO database initialized path=/tmp/expedition-sim-415225100/gogobee.db
2026/05/17 14:07:42 INFO database initialized path=/tmp/expedition-sim-1225442315/gogobee.db
2026/05/17 14:07:43 INFO database initialized path=/tmp/expedition-sim-2231385889/gogobee.db
2026/05/17 14:07:43 INFO database initialized path=/tmp/expedition-sim-1730451385/gogobee.db
2026/05/17 14:07:43 INFO database initialized path=/tmp/expedition-sim-4118629085/gogobee.db
2026/05/17 14:07:43 INFO database initialized path=/tmp/expedition-sim-348323410/gogobee.db
2026/05/17 14:07:43 INFO database initialized path=/tmp/expedition-sim-2168620925/gogobee.db
2026/05/17 14:07:43 INFO database initialized path=/tmp/expedition-sim-1581229650/gogobee.db
2026/05/17 14:07:43 INFO database initialized path=/tmp/expedition-sim-3402690381/gogobee.db
2026/05/17 14:07:43 INFO database initialized path=/tmp/expedition-sim-4169700668/gogobee.db
2026/05/17 14:07:43 INFO database initialized path=/tmp/expedition-sim-1556470835/gogobee.db
2026/05/17 14:07:43 INFO database initialized path=/tmp/expedition-sim-1428707425/gogobee.db
2026/05/17 14:07:43 INFO database initialized path=/tmp/expedition-sim-1969687458/gogobee.db
2026/05/17 14:07:43 INFO database initialized path=/tmp/expedition-sim-2475622670/gogobee.db
2026/05/17 14:07:43 INFO database initialized path=/tmp/expedition-sim-1495710542/gogobee.db
2026/05/17 14:07:43 INFO database initialized path=/tmp/expedition-sim-882980565/gogobee.db
2026/05/17 14:07:43 INFO database initialized path=/tmp/expedition-sim-4096790457/gogobee.db
2026/05/17 14:07:43 INFO database initialized path=/tmp/expedition-sim-3913807812/gogobee.db
2026/05/17 14:07:43 INFO database initialized path=/tmp/expedition-sim-3042997962/gogobee.db
2026/05/17 14:07:43 INFO database initialized path=/tmp/expedition-sim-385390239/gogobee.db
2026/05/17 14:07:43 INFO database initialized path=/tmp/expedition-sim-2552607021/gogobee.db
2026/05/17 14:07:43 INFO database initialized path=/tmp/expedition-sim-715701337/gogobee.db
2026/05/17 14:07:43 INFO database initialized path=/tmp/expedition-sim-1970993495/gogobee.db
2026/05/17 14:07:43 INFO database initialized path=/tmp/expedition-sim-3706562728/gogobee.db
2026/05/17 14:07:43 INFO database initialized path=/tmp/expedition-sim-2995929197/gogobee.db
2026/05/17 14:07:43 INFO database initialized path=/tmp/expedition-sim-2466304966/gogobee.db
2026/05/17 14:07:43 INFO database initialized path=/tmp/expedition-sim-3650005236/gogobee.db
2026/05/17 14:07:43 INFO database initialized path=/tmp/expedition-sim-293094252/gogobee.db
2026/05/17 14:07:43 INFO database initialized path=/tmp/expedition-sim-966004894/gogobee.db
2026/05/17 14:07:43 INFO database initialized path=/tmp/expedition-sim-3443883445/gogobee.db
2026/05/17 14:07:43 INFO database initialized path=/tmp/expedition-sim-1900921984/gogobee.db
2026/05/17 14:07:44 INFO database initialized path=/tmp/expedition-sim-2806534748/gogobee.db
2026/05/17 14:07:44 INFO database initialized path=/tmp/expedition-sim-1799868910/gogobee.db
2026/05/17 14:07:44 INFO database initialized path=/tmp/expedition-sim-3440381990/gogobee.db
2026/05/17 14:07:44 INFO database initialized path=/tmp/expedition-sim-2149987802/gogobee.db
2026/05/17 14:07:44 INFO database initialized path=/tmp/expedition-sim-3910056101/gogobee.db
2026/05/17 14:07:44 INFO database initialized path=/tmp/expedition-sim-1998915091/gogobee.db
2026/05/17 14:07:44 INFO database initialized path=/tmp/expedition-sim-3343451709/gogobee.db
2026/05/17 14:07:44 INFO database initialized path=/tmp/expedition-sim-61516431/gogobee.db
2026/05/17 14:07:44 INFO database initialized path=/tmp/expedition-sim-3557288890/gogobee.db
2026/05/17 14:07:44 INFO database initialized path=/tmp/expedition-sim-1370640441/gogobee.db
2026/05/17 14:07:44 INFO database initialized path=/tmp/expedition-sim-2489731014/gogobee.db
2026/05/17 14:07:44 INFO database initialized path=/tmp/expedition-sim-3741480598/gogobee.db
2026/05/17 14:07:44 INFO database initialized path=/tmp/expedition-sim-1497614047/gogobee.db
2026/05/17 14:07:44 INFO database initialized path=/tmp/expedition-sim-2664672386/gogobee.db
2026/05/17 14:07:44 INFO database initialized path=/tmp/expedition-sim-1201979555/gogobee.db
2026/05/17 14:07:44 INFO database initialized path=/tmp/expedition-sim-1582202979/gogobee.db
2026/05/17 14:07:44 INFO database initialized path=/tmp/expedition-sim-3642978825/gogobee.db
2026/05/17 14:07:44 INFO database initialized path=/tmp/expedition-sim-672671362/gogobee.db
2026/05/17 14:07:44 INFO database initialized path=/tmp/expedition-sim-1842586543/gogobee.db
2026/05/17 14:07:44 INFO database initialized path=/tmp/expedition-sim-1296407092/gogobee.db
2026/05/17 14:07:44 INFO database initialized path=/tmp/expedition-sim-1746183040/gogobee.db
2026/05/17 14:07:44 INFO database initialized path=/tmp/expedition-sim-3196542353/gogobee.db
2026/05/17 14:07:44 INFO database initialized path=/tmp/expedition-sim-528980682/gogobee.db
2026/05/17 14:07:44 INFO database initialized path=/tmp/expedition-sim-2494707356/gogobee.db
2026/05/17 14:07:44 INFO database initialized path=/tmp/expedition-sim-2003000202/gogobee.db
2026/05/17 14:07:44 INFO database initialized path=/tmp/expedition-sim-703220615/gogobee.db
2026/05/17 14:07:44 INFO database initialized path=/tmp/expedition-sim-522669734/gogobee.db
2026/05/17 14:07:45 INFO database initialized path=/tmp/expedition-sim-3254959784/gogobee.db
2026/05/17 14:07:45 INFO database initialized path=/tmp/expedition-sim-3743532993/gogobee.db
2026/05/17 14:07:45 INFO database initialized path=/tmp/expedition-sim-204845476/gogobee.db
2026/05/17 14:07:45 INFO database initialized path=/tmp/expedition-sim-3257824931/gogobee.db
2026/05/17 14:07:45 INFO database initialized path=/tmp/expedition-sim-1489366374/gogobee.db
2026/05/17 14:07:45 INFO database initialized path=/tmp/expedition-sim-1982849024/gogobee.db
2026/05/17 14:07:45 INFO database initialized path=/tmp/expedition-sim-799495262/gogobee.db
2026/05/17 14:07:45 INFO database initialized path=/tmp/expedition-sim-1704491465/gogobee.db
2026/05/17 14:07:45 INFO database initialized path=/tmp/expedition-sim-1875096169/gogobee.db
2026/05/17 14:07:45 INFO database initialized path=/tmp/expedition-sim-2433964572/gogobee.db
2026/05/17 14:07:45 INFO database initialized path=/tmp/expedition-sim-3818641161/gogobee.db
2026/05/17 14:07:45 INFO database initialized path=/tmp/expedition-sim-2519567610/gogobee.db
2026/05/17 14:07:45 INFO database initialized path=/tmp/expedition-sim-98210031/gogobee.db
2026/05/17 14:07:45 INFO database initialized path=/tmp/expedition-sim-3913074380/gogobee.db
2026/05/17 14:07:45 INFO database initialized path=/tmp/expedition-sim-3935071524/gogobee.db
2026/05/17 14:07:45 INFO database initialized path=/tmp/expedition-sim-2969173359/gogobee.db
2026/05/17 14:07:45 INFO database initialized path=/tmp/expedition-sim-3946663832/gogobee.db
2026/05/17 14:07:45 INFO database initialized path=/tmp/expedition-sim-2254818175/gogobee.db
2026/05/17 14:07:45 INFO database initialized path=/tmp/expedition-sim-2153235737/gogobee.db
2026/05/17 14:07:45 INFO database initialized path=/tmp/expedition-sim-697363289/gogobee.db
2026/05/17 14:07:45 INFO database initialized path=/tmp/expedition-sim-2891149057/gogobee.db
2026/05/17 14:07:45 INFO database initialized path=/tmp/expedition-sim-1706449745/gogobee.db
2026/05/17 14:07:45 INFO database initialized path=/tmp/expedition-sim-217897572/gogobee.db
2026/05/17 14:07:45 INFO database initialized path=/tmp/expedition-sim-324559510/gogobee.db
2026/05/17 14:07:45 INFO database initialized path=/tmp/expedition-sim-17206736/gogobee.db
2026/05/17 14:07:45 INFO database initialized path=/tmp/expedition-sim-1614075338/gogobee.db
2026/05/17 14:07:45 INFO database initialized path=/tmp/expedition-sim-470295593/gogobee.db
2026/05/17 14:07:45 INFO database initialized path=/tmp/expedition-sim-3371809842/gogobee.db
2026/05/17 14:07:45 INFO database initialized path=/tmp/expedition-sim-1811539035/gogobee.db
2026/05/17 14:07:46 INFO database initialized path=/tmp/expedition-sim-2309985050/gogobee.db
2026/05/17 14:07:46 INFO database initialized path=/tmp/expedition-sim-4118731646/gogobee.db
2026/05/17 14:07:46 INFO database initialized path=/tmp/expedition-sim-4162017/gogobee.db
2026/05/17 14:07:46 INFO database initialized path=/tmp/expedition-sim-2356470222/gogobee.db
2026/05/17 14:07:46 INFO database initialized path=/tmp/expedition-sim-298880205/gogobee.db
2026/05/17 14:07:46 INFO database initialized path=/tmp/expedition-sim-845464031/gogobee.db
2026/05/17 14:07:46 INFO database initialized path=/tmp/expedition-sim-1128849194/gogobee.db
2026/05/17 14:07:46 INFO database initialized path=/tmp/expedition-sim-2727124435/gogobee.db
2026/05/17 14:07:46 INFO database initialized path=/tmp/expedition-sim-1873685282/gogobee.db
2026/05/17 14:07:46 INFO database initialized path=/tmp/expedition-sim-1328711640/gogobee.db
2026/05/17 14:07:46 INFO database initialized path=/tmp/expedition-sim-59462771/gogobee.db
2026/05/17 14:07:46 INFO database initialized path=/tmp/expedition-sim-4274978674/gogobee.db
2026/05/17 14:07:46 INFO database initialized path=/tmp/expedition-sim-4105775703/gogobee.db
2026/05/17 14:07:46 INFO database initialized path=/tmp/expedition-sim-3277307007/gogobee.db
2026/05/17 14:07:46 INFO database initialized path=/tmp/expedition-sim-1591505290/gogobee.db
2026/05/17 14:07:46 INFO database initialized path=/tmp/expedition-sim-2612063073/gogobee.db
2026/05/17 14:07:46 INFO database initialized path=/tmp/expedition-sim-2787853489/gogobee.db
2026/05/17 14:07:46 INFO database initialized path=/tmp/expedition-sim-4234056533/gogobee.db
2026/05/17 14:07:46 INFO database initialized path=/tmp/expedition-sim-226094326/gogobee.db
2026/05/17 14:07:46 INFO database initialized path=/tmp/expedition-sim-2370937503/gogobee.db
2026/05/17 14:07:46 INFO database initialized path=/tmp/expedition-sim-3037813490/gogobee.db
2026/05/17 14:07:46 INFO database initialized path=/tmp/expedition-sim-1096496614/gogobee.db
2026/05/17 14:07:46 INFO database initialized path=/tmp/expedition-sim-2634585832/gogobee.db
2026/05/17 14:07:46 INFO database initialized path=/tmp/expedition-sim-3230130425/gogobee.db
2026/05/17 14:07:46 INFO database initialized path=/tmp/expedition-sim-341906687/gogobee.db
2026/05/17 14:07:46 INFO database initialized path=/tmp/expedition-sim-2611400073/gogobee.db
2026/05/17 14:07:46 INFO database initialized path=/tmp/expedition-sim-942921020/gogobee.db
2026/05/17 14:07:46 INFO database initialized path=/tmp/expedition-sim-914710692/gogobee.db
2026/05/17 14:07:46 INFO database initialized path=/tmp/expedition-sim-4135433005/gogobee.db
2026/05/17 14:07:46 INFO database initialized path=/tmp/expedition-sim-437055292/gogobee.db
2026/05/17 14:07:46 INFO database initialized path=/tmp/expedition-sim-3513625057/gogobee.db
2026/05/17 14:07:47 INFO database initialized path=/tmp/expedition-sim-1638116064/gogobee.db
2026/05/17 14:07:47 INFO database initialized path=/tmp/expedition-sim-1143553073/gogobee.db
2026/05/17 14:07:47 INFO database initialized path=/tmp/expedition-sim-1266681660/gogobee.db
2026/05/17 14:07:47 INFO database initialized path=/tmp/expedition-sim-2866768174/gogobee.db
2026/05/17 14:07:47 INFO database initialized path=/tmp/expedition-sim-2721953314/gogobee.db
2026/05/17 14:07:47 INFO database initialized path=/tmp/expedition-sim-1142021175/gogobee.db
2026/05/17 14:07:47 INFO database initialized path=/tmp/expedition-sim-2626842468/gogobee.db
2026/05/17 14:07:47 INFO database initialized path=/tmp/expedition-sim-464180973/gogobee.db
2026/05/17 14:07:47 INFO database initialized path=/tmp/expedition-sim-4227484819/gogobee.db
2026/05/17 14:07:47 INFO database initialized path=/tmp/expedition-sim-3112678070/gogobee.db
2026/05/17 14:07:47 INFO database initialized path=/tmp/expedition-sim-1015948592/gogobee.db
2026/05/17 14:07:47 INFO database initialized path=/tmp/expedition-sim-4270019119/gogobee.db
2026/05/17 14:07:47 INFO database initialized path=/tmp/expedition-sim-2756336525/gogobee.db
2026/05/17 14:07:47 INFO database initialized path=/tmp/expedition-sim-437570173/gogobee.db
2026/05/17 14:07:47 INFO database initialized path=/tmp/expedition-sim-3989786801/gogobee.db
2026/05/17 14:07:47 INFO database initialized path=/tmp/expedition-sim-1708724383/gogobee.db
2026/05/17 14:07:47 INFO database initialized path=/tmp/expedition-sim-114765387/gogobee.db
2026/05/17 14:07:47 INFO database initialized path=/tmp/expedition-sim-3896596135/gogobee.db
2026/05/17 14:07:47 INFO database initialized path=/tmp/expedition-sim-165353449/gogobee.db
2026/05/17 14:07:47 INFO database initialized path=/tmp/expedition-sim-1168414192/gogobee.db
2026/05/17 14:07:47 INFO database initialized path=/tmp/expedition-sim-803725533/gogobee.db
2026/05/17 14:07:47 INFO database initialized path=/tmp/expedition-sim-972747343/gogobee.db
2026/05/17 14:07:47 INFO database initialized path=/tmp/expedition-sim-1839529011/gogobee.db
2026/05/17 14:07:47 INFO database initialized path=/tmp/expedition-sim-3879456930/gogobee.db
2026/05/17 14:07:47 INFO database initialized path=/tmp/expedition-sim-220617538/gogobee.db
2026/05/17 14:07:48 INFO database initialized path=/tmp/expedition-sim-1881039417/gogobee.db
2026/05/17 14:07:48 INFO database initialized path=/tmp/expedition-sim-3523224391/gogobee.db
2026/05/17 14:07:48 INFO database initialized path=/tmp/expedition-sim-111037744/gogobee.db
2026/05/17 14:07:48 INFO database initialized path=/tmp/expedition-sim-3092875141/gogobee.db
2026/05/17 14:07:48 INFO database initialized path=/tmp/expedition-sim-1248094359/gogobee.db
2026/05/17 14:07:48 INFO database initialized path=/tmp/expedition-sim-3482924679/gogobee.db
2026/05/17 14:07:48 INFO database initialized path=/tmp/expedition-sim-1962784354/gogobee.db
2026/05/17 14:07:48 INFO database initialized path=/tmp/expedition-sim-1142071404/gogobee.db
2026/05/17 14:07:48 INFO database initialized path=/tmp/expedition-sim-2717436569/gogobee.db
2026/05/17 14:07:48 INFO database initialized path=/tmp/expedition-sim-3085628811/gogobee.db
2026/05/17 14:07:48 INFO database initialized path=/tmp/expedition-sim-605145160/gogobee.db
2026/05/17 14:07:48 INFO database initialized path=/tmp/expedition-sim-2611389008/gogobee.db
2026/05/17 14:07:48 INFO database initialized path=/tmp/expedition-sim-2369631916/gogobee.db
2026/05/17 14:07:48 INFO database initialized path=/tmp/expedition-sim-1237666045/gogobee.db
2026/05/17 14:07:48 INFO database initialized path=/tmp/expedition-sim-1303072769/gogobee.db
2026/05/17 14:07:48 INFO database initialized path=/tmp/expedition-sim-3057085561/gogobee.db
2026/05/17 14:07:48 INFO database initialized path=/tmp/expedition-sim-3563441539/gogobee.db
2026/05/17 14:07:48 INFO database initialized path=/tmp/expedition-sim-2173524352/gogobee.db
2026/05/17 14:07:48 INFO database initialized path=/tmp/expedition-sim-1224517973/gogobee.db
2026/05/17 14:07:48 INFO database initialized path=/tmp/expedition-sim-2556390725/gogobee.db
2026/05/17 14:07:48 INFO database initialized path=/tmp/expedition-sim-2938005676/gogobee.db
2026/05/17 14:07:48 INFO database initialized path=/tmp/expedition-sim-2908580972/gogobee.db
2026/05/17 14:07:48 INFO database initialized path=/tmp/expedition-sim-3846658614/gogobee.db
2026/05/17 14:07:48 INFO database initialized path=/tmp/expedition-sim-4029259327/gogobee.db
2026/05/17 14:07:48 INFO database initialized path=/tmp/expedition-sim-2624424530/gogobee.db
2026/05/17 14:07:48 INFO database initialized path=/tmp/expedition-sim-3279911967/gogobee.db
2026/05/17 14:07:48 INFO database initialized path=/tmp/expedition-sim-1321025303/gogobee.db
2026/05/17 14:07:48 INFO database initialized path=/tmp/expedition-sim-3115948435/gogobee.db
2026/05/17 14:07:49 INFO database initialized path=/tmp/expedition-sim-3969549820/gogobee.db
2026/05/17 14:07:49 INFO database initialized path=/tmp/expedition-sim-2205291359/gogobee.db
2026/05/17 14:07:49 INFO database initialized path=/tmp/expedition-sim-3787062136/gogobee.db
2026/05/17 14:07:49 INFO database initialized path=/tmp/expedition-sim-3840363455/gogobee.db
2026/05/17 14:07:49 INFO database initialized path=/tmp/expedition-sim-2225399091/gogobee.db
2026/05/17 14:07:49 INFO database initialized path=/tmp/expedition-sim-2723122350/gogobee.db
2026/05/17 14:07:49 INFO database initialized path=/tmp/expedition-sim-2252272346/gogobee.db
2026/05/17 14:07:49 INFO database initialized path=/tmp/expedition-sim-3846052962/gogobee.db
2026/05/17 14:07:49 INFO database initialized path=/tmp/expedition-sim-3136705964/gogobee.db
2026/05/17 14:07:49 INFO database initialized path=/tmp/expedition-sim-23976249/gogobee.db
2026/05/17 14:07:49 INFO database initialized path=/tmp/expedition-sim-2709426093/gogobee.db
2026/05/17 14:07:49 INFO database initialized path=/tmp/expedition-sim-4070426617/gogobee.db
2026/05/17 14:07:49 INFO database initialized path=/tmp/expedition-sim-3429360742/gogobee.db
2026/05/17 14:07:49 INFO database initialized path=/tmp/expedition-sim-2483931135/gogobee.db
2026/05/17 14:07:49 INFO database initialized path=/tmp/expedition-sim-3714381455/gogobee.db
2026/05/17 14:07:49 INFO database initialized path=/tmp/expedition-sim-400912693/gogobee.db
2026/05/17 14:07:49 INFO database initialized path=/tmp/expedition-sim-2465113282/gogobee.db
2026/05/17 14:07:49 INFO database initialized path=/tmp/expedition-sim-3324415594/gogobee.db
2026/05/17 14:07:49 INFO database initialized path=/tmp/expedition-sim-1960387237/gogobee.db
2026/05/17 14:07:49 INFO database initialized path=/tmp/expedition-sim-3896940635/gogobee.db
2026/05/17 14:07:49 INFO database initialized path=/tmp/expedition-sim-159153965/gogobee.db
2026/05/17 14:07:49 INFO database initialized path=/tmp/expedition-sim-3634912638/gogobee.db
2026/05/17 14:07:49 INFO database initialized path=/tmp/expedition-sim-13385849/gogobee.db
2026/05/17 14:07:49 INFO database initialized path=/tmp/expedition-sim-3974088659/gogobee.db
2026/05/17 14:07:49 INFO database initialized path=/tmp/expedition-sim-861986433/gogobee.db
2026/05/17 14:07:50 INFO database initialized path=/tmp/expedition-sim-4104777627/gogobee.db
2026/05/17 14:07:50 INFO database initialized path=/tmp/expedition-sim-2421701155/gogobee.db
2026/05/17 14:07:50 INFO database initialized path=/tmp/expedition-sim-1571195053/gogobee.db
2026/05/17 14:07:50 INFO database initialized path=/tmp/expedition-sim-3728321022/gogobee.db
2026/05/17 14:07:50 INFO database initialized path=/tmp/expedition-sim-2879117799/gogobee.db
2026/05/17 14:07:50 INFO database initialized path=/tmp/expedition-sim-1092206953/gogobee.db
2026/05/17 14:07:50 INFO database initialized path=/tmp/expedition-sim-3473111796/gogobee.db
2026/05/17 14:07:50 INFO database initialized path=/tmp/expedition-sim-2983350310/gogobee.db
2026/05/17 14:07:50 INFO database initialized path=/tmp/expedition-sim-1311554411/gogobee.db
2026/05/17 14:07:50 INFO database initialized path=/tmp/expedition-sim-126809207/gogobee.db
2026/05/17 14:07:50 INFO database initialized path=/tmp/expedition-sim-3792076715/gogobee.db
2026/05/17 14:07:50 INFO database initialized path=/tmp/expedition-sim-4269995513/gogobee.db
2026/05/17 14:07:50 INFO database initialized path=/tmp/expedition-sim-4186163628/gogobee.db
2026/05/17 14:07:50 INFO database initialized path=/tmp/expedition-sim-4208579898/gogobee.db
2026/05/17 14:07:50 INFO database initialized path=/tmp/expedition-sim-3765815569/gogobee.db
2026/05/17 14:07:50 INFO database initialized path=/tmp/expedition-sim-1123740844/gogobee.db
2026/05/17 14:07:50 INFO database initialized path=/tmp/expedition-sim-1094938188/gogobee.db
2026/05/17 14:07:50 INFO database initialized path=/tmp/expedition-sim-1215397790/gogobee.db
2026/05/17 14:07:50 INFO database initialized path=/tmp/expedition-sim-4275455766/gogobee.db
2026/05/17 14:07:50 INFO database initialized path=/tmp/expedition-sim-710810811/gogobee.db
2026/05/17 14:07:50 INFO database initialized path=/tmp/expedition-sim-3632164566/gogobee.db
2026/05/17 14:07:50 INFO database initialized path=/tmp/expedition-sim-1550571337/gogobee.db
2026/05/17 14:07:50 INFO database initialized path=/tmp/expedition-sim-3134370502/gogobee.db
2026/05/17 14:07:50 INFO database initialized path=/tmp/expedition-sim-332510350/gogobee.db
2026/05/17 14:07:50 INFO database initialized path=/tmp/expedition-sim-60890048/gogobee.db
2026/05/17 14:07:50 INFO database initialized path=/tmp/expedition-sim-1771296345/gogobee.db
2026/05/17 14:07:50 INFO database initialized path=/tmp/expedition-sim-321193404/gogobee.db
2026/05/17 14:07:50 INFO database initialized path=/tmp/expedition-sim-285958376/gogobee.db
2026/05/17 14:07:50 INFO database initialized path=/tmp/expedition-sim-190454386/gogobee.db
2026/05/17 14:07:51 INFO database initialized path=/tmp/expedition-sim-3436309103/gogobee.db
2026/05/17 14:07:51 INFO database initialized path=/tmp/expedition-sim-2547886828/gogobee.db
2026/05/17 14:07:51 INFO database initialized path=/tmp/expedition-sim-433951705/gogobee.db
2026/05/17 14:07:51 INFO database initialized path=/tmp/expedition-sim-1912290983/gogobee.db
2026/05/17 14:07:51 INFO database initialized path=/tmp/expedition-sim-2473026631/gogobee.db
2026/05/17 14:07:51 INFO database initialized path=/tmp/expedition-sim-1738391076/gogobee.db
2026/05/17 14:07:51 INFO database initialized path=/tmp/expedition-sim-2126831950/gogobee.db
2026/05/17 14:07:51 INFO database initialized path=/tmp/expedition-sim-4148486054/gogobee.db
2026/05/17 14:07:51 INFO database initialized path=/tmp/expedition-sim-4129559744/gogobee.db
2026/05/17 14:07:51 INFO database initialized path=/tmp/expedition-sim-3357941825/gogobee.db
2026/05/17 14:07:51 INFO database initialized path=/tmp/expedition-sim-1294586326/gogobee.db
2026/05/17 14:07:51 INFO database initialized path=/tmp/expedition-sim-1612738892/gogobee.db
2026/05/17 14:07:51 INFO database initialized path=/tmp/expedition-sim-2869454888/gogobee.db
2026/05/17 14:07:51 INFO database initialized path=/tmp/expedition-sim-81550291/gogobee.db
2026/05/17 14:07:51 INFO database initialized path=/tmp/expedition-sim-4028482248/gogobee.db
2026/05/17 14:07:51 INFO database initialized path=/tmp/expedition-sim-1634063924/gogobee.db
2026/05/17 14:07:51 INFO database initialized path=/tmp/expedition-sim-205993230/gogobee.db
2026/05/17 14:07:51 INFO database initialized path=/tmp/expedition-sim-799947016/gogobee.db
2026/05/17 14:07:51 INFO database initialized path=/tmp/expedition-sim-1495545291/gogobee.db
2026/05/17 14:07:51 INFO database initialized path=/tmp/expedition-sim-598887907/gogobee.db
2026/05/17 14:07:51 INFO database initialized path=/tmp/expedition-sim-2391814427/gogobee.db
2026/05/17 14:07:51 INFO database initialized path=/tmp/expedition-sim-2663473353/gogobee.db
2026/05/17 14:07:51 INFO database initialized path=/tmp/expedition-sim-528559205/gogobee.db
2026/05/17 14:07:51 INFO database initialized path=/tmp/expedition-sim-361349866/gogobee.db
2026/05/17 14:07:51 INFO database initialized path=/tmp/expedition-sim-770168625/gogobee.db
2026/05/17 14:07:51 INFO database initialized path=/tmp/expedition-sim-817061867/gogobee.db
2026/05/17 14:07:51 INFO database initialized path=/tmp/expedition-sim-170865621/gogobee.db
2026/05/17 14:07:51 INFO database initialized path=/tmp/expedition-sim-3509869160/gogobee.db
2026/05/17 14:07:51 INFO database initialized path=/tmp/expedition-sim-1774314825/gogobee.db
2026/05/17 14:07:51 INFO database initialized path=/tmp/expedition-sim-840836931/gogobee.db
2026/05/17 14:07:51 INFO database initialized path=/tmp/expedition-sim-2055788707/gogobee.db
2026/05/17 14:07:52 INFO database initialized path=/tmp/expedition-sim-190031926/gogobee.db
2026/05/17 14:07:52 INFO database initialized path=/tmp/expedition-sim-2200094413/gogobee.db
2026/05/17 14:07:52 INFO database initialized path=/tmp/expedition-sim-3488555389/gogobee.db
2026/05/17 14:07:52 INFO database initialized path=/tmp/expedition-sim-269923941/gogobee.db
2026/05/17 14:07:52 INFO database initialized path=/tmp/expedition-sim-3839366805/gogobee.db
2026/05/17 14:07:52 INFO database initialized path=/tmp/expedition-sim-886982917/gogobee.db
2026/05/17 14:07:52 INFO database initialized path=/tmp/expedition-sim-1049919236/gogobee.db
2026/05/17 14:07:52 INFO database initialized path=/tmp/expedition-sim-182007206/gogobee.db
2026/05/17 14:07:52 INFO database initialized path=/tmp/expedition-sim-617140150/gogobee.db
2026/05/17 14:07:52 INFO database initialized path=/tmp/expedition-sim-281937531/gogobee.db
2026/05/17 14:07:52 INFO database initialized path=/tmp/expedition-sim-174606290/gogobee.db
2026/05/17 14:07:52 INFO database initialized path=/tmp/expedition-sim-3997089393/gogobee.db
2026/05/17 14:07:52 INFO database initialized path=/tmp/expedition-sim-3369978140/gogobee.db
2026/05/17 14:07:52 INFO database initialized path=/tmp/expedition-sim-3845664294/gogobee.db
2026/05/17 14:07:52 INFO database initialized path=/tmp/expedition-sim-4016768395/gogobee.db
2026/05/17 14:07:52 INFO database initialized path=/tmp/expedition-sim-111579088/gogobee.db
2026/05/17 14:07:52 INFO database initialized path=/tmp/expedition-sim-2010021084/gogobee.db
2026/05/17 14:07:52 INFO database initialized path=/tmp/expedition-sim-74234634/gogobee.db
2026/05/17 14:07:52 INFO database initialized path=/tmp/expedition-sim-2454076495/gogobee.db
2026/05/17 14:07:52 INFO database initialized path=/tmp/expedition-sim-2911353225/gogobee.db
2026/05/17 14:07:52 INFO database initialized path=/tmp/expedition-sim-1673104325/gogobee.db
2026/05/17 14:07:52 INFO database initialized path=/tmp/expedition-sim-267513917/gogobee.db
2026/05/17 14:07:52 INFO database initialized path=/tmp/expedition-sim-332738561/gogobee.db
2026/05/17 14:07:52 INFO database initialized path=/tmp/expedition-sim-1329658100/gogobee.db
2026/05/17 14:07:52 INFO database initialized path=/tmp/expedition-sim-688914901/gogobee.db
2026/05/17 14:07:52 INFO database initialized path=/tmp/expedition-sim-4144876973/gogobee.db
2026/05/17 14:07:52 INFO database initialized path=/tmp/expedition-sim-2319371197/gogobee.db
2026/05/17 14:07:53 INFO database initialized path=/tmp/expedition-sim-1478016494/gogobee.db
2026/05/17 14:07:53 INFO database initialized path=/tmp/expedition-sim-3163330253/gogobee.db
2026/05/17 14:07:53 INFO database initialized path=/tmp/expedition-sim-2482217114/gogobee.db
2026/05/17 14:07:53 INFO database initialized path=/tmp/expedition-sim-728819576/gogobee.db
2026/05/17 14:07:53 INFO database initialized path=/tmp/expedition-sim-303418766/gogobee.db
2026/05/17 14:07:53 INFO database initialized path=/tmp/expedition-sim-2610511820/gogobee.db
2026/05/17 14:07:53 INFO database initialized path=/tmp/expedition-sim-881525961/gogobee.db
2026/05/17 14:07:53 INFO database initialized path=/tmp/expedition-sim-1808965973/gogobee.db
2026/05/17 14:07:53 INFO database initialized path=/tmp/expedition-sim-1094346049/gogobee.db
2026/05/17 14:07:53 INFO database initialized path=/tmp/expedition-sim-2632742997/gogobee.db
2026/05/17 14:07:53 INFO database initialized path=/tmp/expedition-sim-1673112986/gogobee.db
2026/05/17 14:07:53 INFO database initialized path=/tmp/expedition-sim-3703612463/gogobee.db
2026/05/17 14:07:53 INFO database initialized path=/tmp/expedition-sim-4287775271/gogobee.db
2026/05/17 14:07:53 INFO database initialized path=/tmp/expedition-sim-4283252871/gogobee.db
2026/05/17 14:07:53 INFO database initialized path=/tmp/expedition-sim-340503853/gogobee.db
2026/05/17 14:07:53 INFO database initialized path=/tmp/expedition-sim-1866468215/gogobee.db
2026/05/17 14:07:53 INFO database initialized path=/tmp/expedition-sim-3066439310/gogobee.db
2026/05/17 14:07:53 INFO database initialized path=/tmp/expedition-sim-3645965432/gogobee.db
2026/05/17 14:07:53 INFO database initialized path=/tmp/expedition-sim-44986617/gogobee.db
2026/05/17 14:07:53 INFO database initialized path=/tmp/expedition-sim-2594322372/gogobee.db
2026/05/17 14:07:53 INFO database initialized path=/tmp/expedition-sim-1580130546/gogobee.db
2026/05/17 14:07:53 INFO database initialized path=/tmp/expedition-sim-730192229/gogobee.db
2026/05/17 14:07:53 INFO database initialized path=/tmp/expedition-sim-3008000511/gogobee.db
2026/05/17 14:07:53 INFO database initialized path=/tmp/expedition-sim-3498603270/gogobee.db
2026/05/17 14:07:53 INFO database initialized path=/tmp/expedition-sim-4240231132/gogobee.db
2026/05/17 14:07:53 INFO database initialized path=/tmp/expedition-sim-166503181/gogobee.db
2026/05/17 14:07:54 INFO database initialized path=/tmp/expedition-sim-672532388/gogobee.db
2026/05/17 14:07:54 INFO database initialized path=/tmp/expedition-sim-620312853/gogobee.db
2026/05/17 14:07:54 INFO database initialized path=/tmp/expedition-sim-1471612683/gogobee.db
2026/05/17 14:07:54 INFO database initialized path=/tmp/expedition-sim-2326989766/gogobee.db
2026/05/17 14:07:54 INFO database initialized path=/tmp/expedition-sim-2103427845/gogobee.db
2026/05/17 14:07:54 INFO database initialized path=/tmp/expedition-sim-1868596861/gogobee.db
2026/05/17 14:07:54 INFO database initialized path=/tmp/expedition-sim-2819749526/gogobee.db
2026/05/17 14:07:54 INFO database initialized path=/tmp/expedition-sim-3450279540/gogobee.db
2026/05/17 14:07:54 INFO database initialized path=/tmp/expedition-sim-434454040/gogobee.db
2026/05/17 14:07:54 INFO database initialized path=/tmp/expedition-sim-951626403/gogobee.db
2026/05/17 14:07:54 INFO database initialized path=/tmp/expedition-sim-1515814199/gogobee.db
2026/05/17 14:07:54 INFO database initialized path=/tmp/expedition-sim-2269808255/gogobee.db
2026/05/17 14:07:54 INFO database initialized path=/tmp/expedition-sim-3869214349/gogobee.db
2026/05/17 14:07:54 INFO database initialized path=/tmp/expedition-sim-3581491790/gogobee.db
2026/05/17 14:07:54 INFO database initialized path=/tmp/expedition-sim-2136161680/gogobee.db
2026/05/17 14:07:54 INFO database initialized path=/tmp/expedition-sim-962442460/gogobee.db
2026/05/17 14:07:54 INFO database initialized path=/tmp/expedition-sim-4154781129/gogobee.db
2026/05/17 14:07:54 INFO database initialized path=/tmp/expedition-sim-2497257618/gogobee.db
2026/05/17 14:07:54 INFO database initialized path=/tmp/expedition-sim-589836889/gogobee.db
2026/05/17 14:07:54 INFO database initialized path=/tmp/expedition-sim-165762781/gogobee.db
2026/05/17 14:07:54 INFO database initialized path=/tmp/expedition-sim-3931804551/gogobee.db
2026/05/17 14:07:54 INFO database initialized path=/tmp/expedition-sim-3472613951/gogobee.db
2026/05/17 14:07:54 INFO database initialized path=/tmp/expedition-sim-2522358132/gogobee.db
2026/05/17 14:07:54 INFO database initialized path=/tmp/expedition-sim-3010495657/gogobee.db
2026/05/17 14:07:54 INFO database initialized path=/tmp/expedition-sim-3687411457/gogobee.db
2026/05/17 14:07:54 INFO database initialized path=/tmp/expedition-sim-300083950/gogobee.db
2026/05/17 14:07:54 INFO database initialized path=/tmp/expedition-sim-2562713710/gogobee.db
2026/05/17 14:07:54 INFO database initialized path=/tmp/expedition-sim-3626700258/gogobee.db
2026/05/17 14:07:54 INFO database initialized path=/tmp/expedition-sim-2254201381/gogobee.db
2026/05/17 14:07:54 INFO database initialized path=/tmp/expedition-sim-1368455717/gogobee.db
2026/05/17 14:07:54 INFO database initialized path=/tmp/expedition-sim-1896739735/gogobee.db
2026/05/17 14:07:55 INFO database initialized path=/tmp/expedition-sim-3608417222/gogobee.db
2026/05/17 14:07:55 INFO database initialized path=/tmp/expedition-sim-3536234161/gogobee.db
2026/05/17 14:07:55 INFO database initialized path=/tmp/expedition-sim-3863876949/gogobee.db
2026/05/17 14:07:55 INFO database initialized path=/tmp/expedition-sim-539591544/gogobee.db
2026/05/17 14:07:55 INFO database initialized path=/tmp/expedition-sim-1532042941/gogobee.db
2026/05/17 14:07:55 INFO database initialized path=/tmp/expedition-sim-3659074452/gogobee.db
2026/05/17 14:07:55 INFO database initialized path=/tmp/expedition-sim-3122584214/gogobee.db
2026/05/17 14:07:55 INFO database initialized path=/tmp/expedition-sim-1595953913/gogobee.db
2026/05/17 14:07:55 INFO database initialized path=/tmp/expedition-sim-929830772/gogobee.db
2026/05/17 14:07:55 INFO database initialized path=/tmp/expedition-sim-3200835303/gogobee.db
2026/05/17 14:07:55 INFO database initialized path=/tmp/expedition-sim-1161537566/gogobee.db
2026/05/17 14:07:55 INFO database initialized path=/tmp/expedition-sim-3235488442/gogobee.db
2026/05/17 14:07:55 INFO database initialized path=/tmp/expedition-sim-848349771/gogobee.db
2026/05/17 14:07:55 INFO database initialized path=/tmp/expedition-sim-3418440091/gogobee.db
2026/05/17 14:07:55 INFO database initialized path=/tmp/expedition-sim-4006158503/gogobee.db
2026/05/17 14:07:55 INFO database initialized path=/tmp/expedition-sim-2333865082/gogobee.db
2026/05/17 14:07:55 INFO database initialized path=/tmp/expedition-sim-3459052474/gogobee.db
2026/05/17 14:07:55 INFO database initialized path=/tmp/expedition-sim-189837515/gogobee.db
2026/05/17 14:07:55 INFO database initialized path=/tmp/expedition-sim-4281004615/gogobee.db
2026/05/17 14:07:55 INFO database initialized path=/tmp/expedition-sim-3318507728/gogobee.db
2026/05/17 14:07:55 INFO database initialized path=/tmp/expedition-sim-3158602555/gogobee.db
2026/05/17 14:07:55 INFO database initialized path=/tmp/expedition-sim-329105610/gogobee.db
2026/05/17 14:07:55 INFO database initialized path=/tmp/expedition-sim-2307561744/gogobee.db
2026/05/17 14:07:55 INFO database initialized path=/tmp/expedition-sim-2397500780/gogobee.db
2026/05/17 14:07:55 INFO database initialized path=/tmp/expedition-sim-908553457/gogobee.db
2026/05/17 14:07:55 INFO database initialized path=/tmp/expedition-sim-2161619392/gogobee.db
2026/05/17 14:07:55 INFO database initialized path=/tmp/expedition-sim-3294737929/gogobee.db
2026/05/17 14:07:55 INFO database initialized path=/tmp/expedition-sim-828313968/gogobee.db
2026/05/17 14:07:55 INFO database initialized path=/tmp/expedition-sim-3383147329/gogobee.db
2026/05/17 14:07:55 INFO database initialized path=/tmp/expedition-sim-509761721/gogobee.db
2026/05/17 14:07:56 INFO database initialized path=/tmp/expedition-sim-2383460935/gogobee.db
2026/05/17 14:07:56 INFO database initialized path=/tmp/expedition-sim-3322937669/gogobee.db
2026/05/17 14:07:56 INFO database initialized path=/tmp/expedition-sim-2941903279/gogobee.db
2026/05/17 14:07:56 INFO database initialized path=/tmp/expedition-sim-3805792545/gogobee.db
2026/05/17 14:07:56 INFO database initialized path=/tmp/expedition-sim-3881896463/gogobee.db
2026/05/17 14:07:56 INFO database initialized path=/tmp/expedition-sim-729356020/gogobee.db
2026/05/17 14:07:56 INFO database initialized path=/tmp/expedition-sim-477185997/gogobee.db
2026/05/17 14:07:56 INFO database initialized path=/tmp/expedition-sim-3001945024/gogobee.db
2026/05/17 14:07:56 INFO database initialized path=/tmp/expedition-sim-1603078683/gogobee.db
2026/05/17 14:07:56 INFO database initialized path=/tmp/expedition-sim-18811052/gogobee.db
2026/05/17 14:07:56 INFO database initialized path=/tmp/expedition-sim-458434515/gogobee.db
2026/05/17 14:07:56 INFO database initialized path=/tmp/expedition-sim-2972646789/gogobee.db
2026/05/17 14:07:56 INFO database initialized path=/tmp/expedition-sim-2349081359/gogobee.db
2026/05/17 14:07:56 INFO database initialized path=/tmp/expedition-sim-247654293/gogobee.db
2026/05/17 14:07:56 INFO database initialized path=/tmp/expedition-sim-735983950/gogobee.db
2026/05/17 14:07:56 INFO database initialized path=/tmp/expedition-sim-1286227459/gogobee.db
2026/05/17 14:07:56 INFO database initialized path=/tmp/expedition-sim-1326634937/gogobee.db
2026/05/17 14:07:56 INFO database initialized path=/tmp/expedition-sim-3034611387/gogobee.db
2026/05/17 14:07:56 INFO database initialized path=/tmp/expedition-sim-1778878434/gogobee.db
2026/05/17 14:07:56 INFO database initialized path=/tmp/expedition-sim-1410771987/gogobee.db
2026/05/17 14:07:56 INFO database initialized path=/tmp/expedition-sim-2411055759/gogobee.db
2026/05/17 14:07:56 INFO database initialized path=/tmp/expedition-sim-876436876/gogobee.db
2026/05/17 14:07:56 INFO database initialized path=/tmp/expedition-sim-2394767796/gogobee.db
2026/05/17 14:07:56 INFO database initialized path=/tmp/expedition-sim-2667816057/gogobee.db
2026/05/17 14:07:56 INFO database initialized path=/tmp/expedition-sim-1317911212/gogobee.db
2026/05/17 14:07:56 INFO database initialized path=/tmp/expedition-sim-1684059314/gogobee.db
2026/05/17 14:07:56 INFO database initialized path=/tmp/expedition-sim-78357452/gogobee.db
2026/05/17 14:07:56 INFO database initialized path=/tmp/expedition-sim-1226163975/gogobee.db
2026/05/17 14:07:56 INFO database initialized path=/tmp/expedition-sim-509376130/gogobee.db
2026/05/17 14:07:56 INFO database initialized path=/tmp/expedition-sim-950440208/gogobee.db
2026/05/17 14:07:56 INFO database initialized path=/tmp/expedition-sim-3692022864/gogobee.db
2026/05/17 14:07:57 INFO database initialized path=/tmp/expedition-sim-2559874614/gogobee.db
2026/05/17 14:07:57 INFO database initialized path=/tmp/expedition-sim-3803350932/gogobee.db
2026/05/17 14:07:57 INFO database initialized path=/tmp/expedition-sim-1701703267/gogobee.db
2026/05/17 14:07:57 INFO database initialized path=/tmp/expedition-sim-1842658764/gogobee.db
2026/05/17 14:07:57 INFO database initialized path=/tmp/expedition-sim-3603162471/gogobee.db
2026/05/17 14:07:57 INFO database initialized path=/tmp/expedition-sim-3005160633/gogobee.db
2026/05/17 14:07:57 INFO database initialized path=/tmp/expedition-sim-822161109/gogobee.db
2026/05/17 14:07:57 INFO database initialized path=/tmp/expedition-sim-58893867/gogobee.db
2026/05/17 14:07:57 INFO database initialized path=/tmp/expedition-sim-2125638434/gogobee.db
2026/05/17 14:07:57 INFO database initialized path=/tmp/expedition-sim-1154324593/gogobee.db
2026/05/17 14:07:57 INFO database initialized path=/tmp/expedition-sim-1309424094/gogobee.db
2026/05/17 14:07:57 INFO database initialized path=/tmp/expedition-sim-3626993206/gogobee.db
2026/05/17 14:07:57 INFO database initialized path=/tmp/expedition-sim-3454417495/gogobee.db
2026/05/17 14:07:57 INFO database initialized path=/tmp/expedition-sim-3071940902/gogobee.db
2026/05/17 14:07:57 INFO database initialized path=/tmp/expedition-sim-461298573/gogobee.db
2026/05/17 14:07:57 INFO database initialized path=/tmp/expedition-sim-1451521112/gogobee.db
2026/05/17 14:07:57 INFO database initialized path=/tmp/expedition-sim-2982070413/gogobee.db
2026/05/17 14:07:57 INFO database initialized path=/tmp/expedition-sim-2998302133/gogobee.db
2026/05/17 14:07:57 INFO database initialized path=/tmp/expedition-sim-3364727638/gogobee.db
2026/05/17 14:07:57 INFO database initialized path=/tmp/expedition-sim-2302436068/gogobee.db
2026/05/17 14:07:57 INFO database initialized path=/tmp/expedition-sim-1961716529/gogobee.db
2026/05/17 14:07:57 INFO database initialized path=/tmp/expedition-sim-1754462027/gogobee.db
2026/05/17 14:07:57 INFO database initialized path=/tmp/expedition-sim-944395187/gogobee.db
2026/05/17 14:07:57 INFO database initialized path=/tmp/expedition-sim-2328066054/gogobee.db
2026/05/17 14:07:57 INFO database initialized path=/tmp/expedition-sim-1098368347/gogobee.db
2026/05/17 14:07:57 INFO database initialized path=/tmp/expedition-sim-3510266820/gogobee.db
2026/05/17 14:07:57 INFO database initialized path=/tmp/expedition-sim-974480698/gogobee.db
2026/05/17 14:07:57 INFO database initialized path=/tmp/expedition-sim-1861081631/gogobee.db
2026/05/17 14:07:57 INFO database initialized path=/tmp/expedition-sim-3002746121/gogobee.db
2026/05/17 14:07:57 INFO database initialized path=/tmp/expedition-sim-3276819034/gogobee.db
2026/05/17 14:07:57 INFO database initialized path=/tmp/expedition-sim-2121853400/gogobee.db
2026/05/17 14:07:57 INFO database initialized path=/tmp/expedition-sim-2931433850/gogobee.db
2026/05/17 14:07:57 INFO database initialized path=/tmp/expedition-sim-78092402/gogobee.db
2026/05/17 14:07:58 INFO database initialized path=/tmp/expedition-sim-2020845441/gogobee.db
2026/05/17 14:07:58 INFO database initialized path=/tmp/expedition-sim-1356946461/gogobee.db
2026/05/17 14:07:58 INFO database initialized path=/tmp/expedition-sim-1400647292/gogobee.db
2026/05/17 14:07:58 INFO database initialized path=/tmp/expedition-sim-2019026568/gogobee.db
2026/05/17 14:07:58 INFO database initialized path=/tmp/expedition-sim-1320305509/gogobee.db
2026/05/17 14:07:58 INFO database initialized path=/tmp/expedition-sim-3264861753/gogobee.db
2026/05/17 14:07:58 INFO database initialized path=/tmp/expedition-sim-1072618031/gogobee.db
2026/05/17 14:07:58 INFO database initialized path=/tmp/expedition-sim-1646604399/gogobee.db
2026/05/17 14:07:58 INFO database initialized path=/tmp/expedition-sim-3583343407/gogobee.db
2026/05/17 14:07:58 INFO database initialized path=/tmp/expedition-sim-4105285883/gogobee.db
2026/05/17 14:07:58 INFO database initialized path=/tmp/expedition-sim-2531269741/gogobee.db
2026/05/17 14:07:58 INFO database initialized path=/tmp/expedition-sim-381704223/gogobee.db
2026/05/17 14:07:58 INFO database initialized path=/tmp/expedition-sim-481718086/gogobee.db
2026/05/17 14:07:58 INFO database initialized path=/tmp/expedition-sim-4130423164/gogobee.db
2026/05/17 14:07:58 INFO database initialized path=/tmp/expedition-sim-4083362625/gogobee.db
2026/05/17 14:07:58 INFO database initialized path=/tmp/expedition-sim-3369498804/gogobee.db
2026/05/17 14:07:58 INFO database initialized path=/tmp/expedition-sim-3516599679/gogobee.db
2026/05/17 14:07:58 INFO database initialized path=/tmp/expedition-sim-576112783/gogobee.db
2026/05/17 14:07:58 INFO database initialized path=/tmp/expedition-sim-2102200666/gogobee.db
2026/05/17 14:07:58 INFO database initialized path=/tmp/expedition-sim-1920062075/gogobee.db
2026/05/17 14:07:58 INFO database initialized path=/tmp/expedition-sim-3640136083/gogobee.db
2026/05/17 14:07:58 INFO database initialized path=/tmp/expedition-sim-1486031778/gogobee.db
2026/05/17 14:07:58 INFO database initialized path=/tmp/expedition-sim-4288095510/gogobee.db
2026/05/17 14:07:58 INFO database initialized path=/tmp/expedition-sim-978988923/gogobee.db
2026/05/17 14:07:58 INFO database initialized path=/tmp/expedition-sim-599695762/gogobee.db
2026/05/17 14:07:58 INFO database initialized path=/tmp/expedition-sim-2243711514/gogobee.db
2026/05/17 14:07:58 INFO database initialized path=/tmp/expedition-sim-3772321481/gogobee.db
2026/05/17 14:07:58 INFO database initialized path=/tmp/expedition-sim-4167709238/gogobee.db
2026/05/17 14:07:58 INFO database initialized path=/tmp/expedition-sim-1973393845/gogobee.db
2026/05/17 14:07:59 INFO database initialized path=/tmp/expedition-sim-851259451/gogobee.db
2026/05/17 14:07:59 INFO database initialized path=/tmp/expedition-sim-268523864/gogobee.db
2026/05/17 14:07:59 INFO database initialized path=/tmp/expedition-sim-510475696/gogobee.db
2026/05/17 14:07:59 INFO database initialized path=/tmp/expedition-sim-2623252046/gogobee.db
2026/05/17 14:07:59 INFO database initialized path=/tmp/expedition-sim-3582658361/gogobee.db
2026/05/17 14:07:59 INFO database initialized path=/tmp/expedition-sim-322346625/gogobee.db
2026/05/17 14:07:59 INFO database initialized path=/tmp/expedition-sim-262041503/gogobee.db
2026/05/17 14:07:59 INFO database initialized path=/tmp/expedition-sim-283458771/gogobee.db
2026/05/17 14:07:59 INFO database initialized path=/tmp/expedition-sim-2200572011/gogobee.db
2026/05/17 14:07:59 INFO database initialized path=/tmp/expedition-sim-3282224210/gogobee.db
2026/05/17 14:07:59 INFO database initialized path=/tmp/expedition-sim-2883094483/gogobee.db
2026/05/17 14:07:59 INFO database initialized path=/tmp/expedition-sim-2008331656/gogobee.db
2026/05/17 14:07:59 INFO database initialized path=/tmp/expedition-sim-2554484052/gogobee.db
2026/05/17 14:07:59 INFO database initialized path=/tmp/expedition-sim-267952660/gogobee.db
2026/05/17 14:07:59 INFO database initialized path=/tmp/expedition-sim-1175768939/gogobee.db
2026/05/17 14:07:59 INFO database initialized path=/tmp/expedition-sim-1005769039/gogobee.db
2026/05/17 14:07:59 INFO database initialized path=/tmp/expedition-sim-2596443229/gogobee.db
2026/05/17 14:07:59 INFO database initialized path=/tmp/expedition-sim-1650745247/gogobee.db
2026/05/17 14:07:59 INFO database initialized path=/tmp/expedition-sim-989647041/gogobee.db
2026/05/17 14:07:59 INFO database initialized path=/tmp/expedition-sim-4094819177/gogobee.db
2026/05/17 14:07:59 INFO database initialized path=/tmp/expedition-sim-382860266/gogobee.db
2026/05/17 14:07:59 INFO database initialized path=/tmp/expedition-sim-3102673248/gogobee.db
2026/05/17 14:07:59 INFO database initialized path=/tmp/expedition-sim-544794303/gogobee.db
2026/05/17 14:07:59 INFO database initialized path=/tmp/expedition-sim-3443495642/gogobee.db
2026/05/17 14:07:59 INFO database initialized path=/tmp/expedition-sim-2526444753/gogobee.db
2026/05/17 14:07:59 INFO database initialized path=/tmp/expedition-sim-526110036/gogobee.db
2026/05/17 14:07:59 INFO database initialized path=/tmp/expedition-sim-407609586/gogobee.db
2026/05/17 14:07:59 INFO database initialized path=/tmp/expedition-sim-1321793903/gogobee.db
2026/05/17 14:07:59 INFO database initialized path=/tmp/expedition-sim-2092917701/gogobee.db
2026/05/17 14:07:59 INFO database initialized path=/tmp/expedition-sim-2456881298/gogobee.db
2026/05/17 14:07:59 INFO database initialized path=/tmp/expedition-sim-2171158703/gogobee.db
2026/05/17 14:07:59 INFO database initialized path=/tmp/expedition-sim-705274323/gogobee.db
2026/05/17 14:08:00 INFO database initialized path=/tmp/expedition-sim-3578799116/gogobee.db
2026/05/17 14:08:00 INFO database initialized path=/tmp/expedition-sim-3574620481/gogobee.db
2026/05/17 14:08:00 INFO database initialized path=/tmp/expedition-sim-438189678/gogobee.db
2026/05/17 14:08:00 INFO database initialized path=/tmp/expedition-sim-2094673451/gogobee.db
2026/05/17 14:08:00 INFO database initialized path=/tmp/expedition-sim-249319456/gogobee.db
2026/05/17 14:08:00 INFO database initialized path=/tmp/expedition-sim-479925556/gogobee.db
2026/05/17 14:08:00 INFO database initialized path=/tmp/expedition-sim-3849061325/gogobee.db
2026/05/17 14:08:00 INFO database initialized path=/tmp/expedition-sim-545910588/gogobee.db
2026/05/17 14:08:00 INFO database initialized path=/tmp/expedition-sim-1340273819/gogobee.db
2026/05/17 14:08:00 INFO database initialized path=/tmp/expedition-sim-3324073947/gogobee.db
2026/05/17 14:08:00 INFO database initialized path=/tmp/expedition-sim-1382957994/gogobee.db
2026/05/17 14:08:00 INFO database initialized path=/tmp/expedition-sim-183574686/gogobee.db
2026/05/17 14:08:00 INFO database initialized path=/tmp/expedition-sim-1268865011/gogobee.db
2026/05/17 14:08:00 INFO database initialized path=/tmp/expedition-sim-953999920/gogobee.db
2026/05/17 14:08:00 INFO database initialized path=/tmp/expedition-sim-3353267014/gogobee.db
2026/05/17 14:08:00 INFO database initialized path=/tmp/expedition-sim-1765256483/gogobee.db
2026/05/17 14:08:00 INFO database initialized path=/tmp/expedition-sim-3859063166/gogobee.db
2026/05/17 14:08:00 INFO database initialized path=/tmp/expedition-sim-3476599934/gogobee.db
2026/05/17 14:08:00 INFO database initialized path=/tmp/expedition-sim-941577889/gogobee.db
2026/05/17 14:08:00 INFO database initialized path=/tmp/expedition-sim-1266471583/gogobee.db
2026/05/17 14:08:00 INFO database initialized path=/tmp/expedition-sim-3144605654/gogobee.db
2026/05/17 14:08:00 INFO database initialized path=/tmp/expedition-sim-1276625030/gogobee.db
2026/05/17 14:08:00 INFO database initialized path=/tmp/expedition-sim-3980598988/gogobee.db
2026/05/17 14:08:00 INFO database initialized path=/tmp/expedition-sim-3473711721/gogobee.db
2026/05/17 14:08:00 INFO database initialized path=/tmp/expedition-sim-1601175321/gogobee.db
2026/05/17 14:08:00 INFO database initialized path=/tmp/expedition-sim-4091446657/gogobee.db
2026/05/17 14:08:00 INFO database initialized path=/tmp/expedition-sim-723743854/gogobee.db
2026/05/17 14:08:00 INFO database initialized path=/tmp/expedition-sim-101671298/gogobee.db
2026/05/17 14:08:00 INFO database initialized path=/tmp/expedition-sim-746267708/gogobee.db
2026/05/17 14:08:00 INFO database initialized path=/tmp/expedition-sim-2798930840/gogobee.db
2026/05/17 14:08:00 INFO database initialized path=/tmp/expedition-sim-554011457/gogobee.db
2026/05/17 14:08:00 INFO database initialized path=/tmp/expedition-sim-3734638184/gogobee.db
2026/05/17 14:08:01 INFO database initialized path=/tmp/expedition-sim-862925845/gogobee.db
2026/05/17 14:08:01 INFO database initialized path=/tmp/expedition-sim-2740007586/gogobee.db
2026/05/17 14:08:01 INFO database initialized path=/tmp/expedition-sim-2715458081/gogobee.db
2026/05/17 14:08:01 INFO database initialized path=/tmp/expedition-sim-71674346/gogobee.db
2026/05/17 14:08:01 INFO database initialized path=/tmp/expedition-sim-2847287872/gogobee.db
2026/05/17 14:08:01 INFO database initialized path=/tmp/expedition-sim-2100095959/gogobee.db
2026/05/17 14:08:01 INFO database initialized path=/tmp/expedition-sim-3494184660/gogobee.db
2026/05/17 14:08:01 INFO database initialized path=/tmp/expedition-sim-1947821184/gogobee.db
2026/05/17 14:08:01 INFO database initialized path=/tmp/expedition-sim-470506864/gogobee.db
2026/05/17 14:08:01 INFO database initialized path=/tmp/expedition-sim-747396287/gogobee.db
2026/05/17 14:08:01 INFO database initialized path=/tmp/expedition-sim-475188554/gogobee.db
2026/05/17 14:08:01 INFO database initialized path=/tmp/expedition-sim-343502217/gogobee.db
2026/05/17 14:08:01 INFO database initialized path=/tmp/expedition-sim-2073042041/gogobee.db
2026/05/17 14:08:01 INFO database initialized path=/tmp/expedition-sim-539528825/gogobee.db
2026/05/17 14:08:01 INFO database initialized path=/tmp/expedition-sim-1686674844/gogobee.db
2026/05/17 14:08:01 INFO database initialized path=/tmp/expedition-sim-934160862/gogobee.db
2026/05/17 14:08:01 INFO database initialized path=/tmp/expedition-sim-2909004068/gogobee.db
2026/05/17 14:08:01 INFO database initialized path=/tmp/expedition-sim-3688705675/gogobee.db
2026/05/17 14:08:01 INFO database initialized path=/tmp/expedition-sim-175926733/gogobee.db
2026/05/17 14:08:01 INFO database initialized path=/tmp/expedition-sim-2076238833/gogobee.db
2026/05/17 14:08:01 INFO database initialized path=/tmp/expedition-sim-536607832/gogobee.db
2026/05/17 14:08:01 INFO database initialized path=/tmp/expedition-sim-4250864603/gogobee.db
2026/05/17 14:08:01 INFO database initialized path=/tmp/expedition-sim-1763923608/gogobee.db
2026/05/17 14:08:01 INFO database initialized path=/tmp/expedition-sim-2324737976/gogobee.db
2026/05/17 14:08:01 INFO database initialized path=/tmp/expedition-sim-3460497843/gogobee.db
2026/05/17 14:08:01 INFO database initialized path=/tmp/expedition-sim-1011517184/gogobee.db
2026/05/17 14:08:01 INFO database initialized path=/tmp/expedition-sim-1294162028/gogobee.db
2026/05/17 14:08:01 INFO database initialized path=/tmp/expedition-sim-1647992072/gogobee.db
2026/05/17 14:08:01 INFO database initialized path=/tmp/expedition-sim-2617519513/gogobee.db
2026/05/17 14:08:01 INFO database initialized path=/tmp/expedition-sim-2664572237/gogobee.db
2026/05/17 14:08:01 INFO database initialized path=/tmp/expedition-sim-3103932540/gogobee.db
2026/05/17 14:08:01 INFO database initialized path=/tmp/expedition-sim-2223917717/gogobee.db
2026/05/17 14:08:01 INFO database initialized path=/tmp/expedition-sim-1141620390/gogobee.db
2026/05/17 14:08:02 INFO database initialized path=/tmp/expedition-sim-1106309073/gogobee.db
2026/05/17 14:08:02 INFO database initialized path=/tmp/expedition-sim-3532162046/gogobee.db
2026/05/17 14:08:02 INFO database initialized path=/tmp/expedition-sim-128951711/gogobee.db
2026/05/17 14:08:02 INFO database initialized path=/tmp/expedition-sim-3687473278/gogobee.db
2026/05/17 14:08:02 INFO database initialized path=/tmp/expedition-sim-3873300511/gogobee.db
2026/05/17 14:08:02 INFO database initialized path=/tmp/expedition-sim-3786917261/gogobee.db
2026/05/17 14:08:02 INFO database initialized path=/tmp/expedition-sim-173999374/gogobee.db
2026/05/17 14:08:02 INFO database initialized path=/tmp/expedition-sim-2639916923/gogobee.db
2026/05/17 14:08:02 INFO database initialized path=/tmp/expedition-sim-593492389/gogobee.db
2026/05/17 14:08:02 INFO database initialized path=/tmp/expedition-sim-1811837494/gogobee.db
2026/05/17 14:08:02 INFO database initialized path=/tmp/expedition-sim-2908685531/gogobee.db
2026/05/17 14:08:02 INFO database initialized path=/tmp/expedition-sim-1223065507/gogobee.db
2026/05/17 14:08:02 INFO database initialized path=/tmp/expedition-sim-2192262375/gogobee.db
2026/05/17 14:08:02 INFO database initialized path=/tmp/expedition-sim-701812651/gogobee.db
2026/05/17 14:08:02 INFO database initialized path=/tmp/expedition-sim-1554552608/gogobee.db
2026/05/17 14:08:02 INFO database initialized path=/tmp/expedition-sim-2517890250/gogobee.db
2026/05/17 14:08:02 INFO database initialized path=/tmp/expedition-sim-3329099567/gogobee.db
2026/05/17 14:08:02 INFO database initialized path=/tmp/expedition-sim-2818847859/gogobee.db
2026/05/17 14:08:02 INFO database initialized path=/tmp/expedition-sim-1014108768/gogobee.db
2026/05/17 14:08:02 INFO database initialized path=/tmp/expedition-sim-1051544797/gogobee.db
2026/05/17 14:08:02 INFO database initialized path=/tmp/expedition-sim-4039864710/gogobee.db
2026/05/17 14:08:02 INFO database initialized path=/tmp/expedition-sim-3925344776/gogobee.db
2026/05/17 14:08:02 INFO database initialized path=/tmp/expedition-sim-3502803933/gogobee.db
2026/05/17 14:08:02 INFO database initialized path=/tmp/expedition-sim-2179892935/gogobee.db
2026/05/17 14:08:02 INFO database initialized path=/tmp/expedition-sim-3687201773/gogobee.db
2026/05/17 14:08:03 INFO database initialized path=/tmp/expedition-sim-789767264/gogobee.db
2026/05/17 14:08:03 INFO database initialized path=/tmp/expedition-sim-3387473760/gogobee.db
2026/05/17 14:08:03 INFO database initialized path=/tmp/expedition-sim-1457932906/gogobee.db
2026/05/17 14:08:03 INFO database initialized path=/tmp/expedition-sim-4228682650/gogobee.db
2026/05/17 14:08:03 INFO database initialized path=/tmp/expedition-sim-4124908523/gogobee.db
2026/05/17 14:08:03 INFO database initialized path=/tmp/expedition-sim-2108847824/gogobee.db
2026/05/17 14:08:03 INFO database initialized path=/tmp/expedition-sim-4280565701/gogobee.db
2026/05/17 14:08:03 INFO database initialized path=/tmp/expedition-sim-107315129/gogobee.db
2026/05/17 14:08:03 INFO database initialized path=/tmp/expedition-sim-213876114/gogobee.db
2026/05/17 14:08:03 INFO database initialized path=/tmp/expedition-sim-2111868410/gogobee.db
2026/05/17 14:08:03 INFO database initialized path=/tmp/expedition-sim-665193576/gogobee.db
2026/05/17 14:08:03 INFO database initialized path=/tmp/expedition-sim-2174323963/gogobee.db
2026/05/17 14:08:03 INFO database initialized path=/tmp/expedition-sim-2779436175/gogobee.db
2026/05/17 14:08:03 INFO database initialized path=/tmp/expedition-sim-690199364/gogobee.db
2026/05/17 14:08:03 INFO database initialized path=/tmp/expedition-sim-1856544987/gogobee.db
2026/05/17 14:08:03 INFO database initialized path=/tmp/expedition-sim-4150180765/gogobee.db
2026/05/17 14:08:03 INFO database initialized path=/tmp/expedition-sim-3557976220/gogobee.db
2026/05/17 14:08:03 INFO database initialized path=/tmp/expedition-sim-1285960523/gogobee.db
2026/05/17 14:08:04 INFO database initialized path=/tmp/expedition-sim-2215041083/gogobee.db
2026/05/17 14:08:04 INFO database initialized path=/tmp/expedition-sim-2983261169/gogobee.db
2026/05/17 14:08:04 INFO database initialized path=/tmp/expedition-sim-918815270/gogobee.db
2026/05/17 14:08:04 INFO database initialized path=/tmp/expedition-sim-3910225712/gogobee.db
2026/05/17 14:08:04 INFO database initialized path=/tmp/expedition-sim-789430084/gogobee.db
2026/05/17 14:08:04 INFO database initialized path=/tmp/expedition-sim-599496954/gogobee.db
2026/05/17 14:08:04 INFO database initialized path=/tmp/expedition-sim-3407452788/gogobee.db
2026/05/17 14:08:04 INFO database initialized path=/tmp/expedition-sim-2508873009/gogobee.db
2026/05/17 14:08:04 INFO database initialized path=/tmp/expedition-sim-1328868425/gogobee.db
2026/05/17 14:08:04 INFO database initialized path=/tmp/expedition-sim-1389842687/gogobee.db
2026/05/17 14:08:04 INFO database initialized path=/tmp/expedition-sim-1448031961/gogobee.db
2026/05/17 14:08:04 INFO database initialized path=/tmp/expedition-sim-499051091/gogobee.db
2026/05/17 14:08:04 INFO database initialized path=/tmp/expedition-sim-538518870/gogobee.db
2026/05/17 14:08:04 INFO database initialized path=/tmp/expedition-sim-2352972732/gogobee.db
2026/05/17 14:08:04 INFO database initialized path=/tmp/expedition-sim-2164963473/gogobee.db
2026/05/17 14:08:04 INFO database initialized path=/tmp/expedition-sim-1784244516/gogobee.db
2026/05/17 14:08:04 INFO database initialized path=/tmp/expedition-sim-4078372272/gogobee.db
2026/05/17 14:08:04 INFO database initialized path=/tmp/expedition-sim-1014393611/gogobee.db
2026/05/17 14:08:04 INFO database initialized path=/tmp/expedition-sim-1233197661/gogobee.db
2026/05/17 14:08:04 INFO database initialized path=/tmp/expedition-sim-4117567036/gogobee.db
2026/05/17 14:08:05 INFO database initialized path=/tmp/expedition-sim-327075418/gogobee.db
2026/05/17 14:08:05 INFO database initialized path=/tmp/expedition-sim-873209825/gogobee.db
2026/05/17 14:08:05 INFO database initialized path=/tmp/expedition-sim-795267355/gogobee.db
2026/05/17 14:08:05 INFO database initialized path=/tmp/expedition-sim-2499753003/gogobee.db
2026/05/17 14:08:05 INFO database initialized path=/tmp/expedition-sim-3457995118/gogobee.db
2026/05/17 14:08:05 INFO database initialized path=/tmp/expedition-sim-1525637300/gogobee.db
2026/05/17 14:08:05 INFO database initialized path=/tmp/expedition-sim-769039711/gogobee.db
2026/05/17 14:08:05 INFO database initialized path=/tmp/expedition-sim-2887947226/gogobee.db
2026/05/17 14:08:05 INFO database initialized path=/tmp/expedition-sim-1590734391/gogobee.db
2026/05/17 14:08:05 INFO database initialized path=/tmp/expedition-sim-3501854208/gogobee.db
2026/05/17 14:08:05 INFO database initialized path=/tmp/expedition-sim-377570883/gogobee.db
2026/05/17 14:08:05 INFO database initialized path=/tmp/expedition-sim-4164081411/gogobee.db
2026/05/17 14:08:05 INFO database initialized path=/tmp/expedition-sim-2935252513/gogobee.db
2026/05/17 14:08:05 INFO database initialized path=/tmp/expedition-sim-3525048448/gogobee.db
2026/05/17 14:08:05 INFO database initialized path=/tmp/expedition-sim-2774175044/gogobee.db
2026/05/17 14:08:05 INFO database initialized path=/tmp/expedition-sim-4041199185/gogobee.db
2026/05/17 14:08:05 INFO database initialized path=/tmp/expedition-sim-4012357215/gogobee.db
2026/05/17 14:08:05 INFO database initialized path=/tmp/expedition-sim-768041450/gogobee.db
2026/05/17 14:08:06 INFO database initialized path=/tmp/expedition-sim-2597927598/gogobee.db
2026/05/17 14:08:06 INFO database initialized path=/tmp/expedition-sim-4068192187/gogobee.db
2026/05/17 14:08:06 INFO database initialized path=/tmp/expedition-sim-388061822/gogobee.db
2026/05/17 14:08:06 INFO database initialized path=/tmp/expedition-sim-4210892270/gogobee.db
2026/05/17 14:08:06 INFO database initialized path=/tmp/expedition-sim-3994904935/gogobee.db
2026/05/17 14:08:06 INFO database initialized path=/tmp/expedition-sim-2880861423/gogobee.db
2026/05/17 14:08:06 INFO database initialized path=/tmp/expedition-sim-1711297368/gogobee.db
2026/05/17 14:08:06 INFO database initialized path=/tmp/expedition-sim-4222882161/gogobee.db
2026/05/17 14:08:06 INFO database initialized path=/tmp/expedition-sim-402854881/gogobee.db
2026/05/17 14:08:06 INFO database initialized path=/tmp/expedition-sim-1192827565/gogobee.db
2026/05/17 14:08:06 INFO database initialized path=/tmp/expedition-sim-2611301779/gogobee.db
2026/05/17 14:08:06 INFO database initialized path=/tmp/expedition-sim-2316175608/gogobee.db
2026/05/17 14:08:06 INFO database initialized path=/tmp/expedition-sim-2682523341/gogobee.db
2026/05/17 14:08:06 INFO database initialized path=/tmp/expedition-sim-1827370653/gogobee.db
2026/05/17 14:08:06 INFO database initialized path=/tmp/expedition-sim-883829280/gogobee.db
2026/05/17 14:08:06 INFO database initialized path=/tmp/expedition-sim-667483676/gogobee.db
2026/05/17 14:08:06 INFO database initialized path=/tmp/expedition-sim-599532226/gogobee.db
2026/05/17 14:08:07 INFO database initialized path=/tmp/expedition-sim-542802759/gogobee.db
2026/05/17 14:08:07 INFO database initialized path=/tmp/expedition-sim-2203468593/gogobee.db
2026/05/17 14:08:07 INFO database initialized path=/tmp/expedition-sim-2327478452/gogobee.db
2026/05/17 14:08:07 INFO database initialized path=/tmp/expedition-sim-3214557357/gogobee.db
2026/05/17 14:08:07 INFO database initialized path=/tmp/expedition-sim-3071996401/gogobee.db
2026/05/17 14:08:07 INFO database initialized path=/tmp/expedition-sim-304244241/gogobee.db
2026/05/17 14:08:07 INFO database initialized path=/tmp/expedition-sim-240727120/gogobee.db
2026/05/17 14:08:07 INFO database initialized path=/tmp/expedition-sim-1946133328/gogobee.db
2026/05/17 14:08:07 INFO database initialized path=/tmp/expedition-sim-751514086/gogobee.db
2026/05/17 14:08:07 INFO database initialized path=/tmp/expedition-sim-4230949398/gogobee.db
2026/05/17 14:08:07 INFO database initialized path=/tmp/expedition-sim-1196094604/gogobee.db
2026/05/17 14:08:07 INFO database initialized path=/tmp/expedition-sim-4260780206/gogobee.db
2026/05/17 14:08:07 INFO database initialized path=/tmp/expedition-sim-2581053813/gogobee.db
2026/05/17 14:08:07 INFO database initialized path=/tmp/expedition-sim-1698620103/gogobee.db
2026/05/17 14:08:07 INFO database initialized path=/tmp/expedition-sim-3316331001/gogobee.db
2026/05/17 14:08:07 INFO database initialized path=/tmp/expedition-sim-2435760069/gogobee.db
2026/05/17 14:08:08 INFO database initialized path=/tmp/expedition-sim-3812355327/gogobee.db
2026/05/17 14:08:08 INFO database initialized path=/tmp/expedition-sim-49250466/gogobee.db
2026/05/17 14:08:08 INFO database initialized path=/tmp/expedition-sim-4247703791/gogobee.db
2026/05/17 14:08:08 INFO database initialized path=/tmp/expedition-sim-1482665838/gogobee.db
2026/05/17 14:08:08 INFO database initialized path=/tmp/expedition-sim-1531691188/gogobee.db
2026/05/17 14:08:08 INFO database initialized path=/tmp/expedition-sim-2138822608/gogobee.db
2026/05/17 14:08:08 INFO database initialized path=/tmp/expedition-sim-1066719936/gogobee.db
2026/05/17 14:08:08 INFO database initialized path=/tmp/expedition-sim-1025323281/gogobee.db
2026/05/17 14:08:08 INFO database initialized path=/tmp/expedition-sim-3075996865/gogobee.db
2026/05/17 14:08:08 INFO database initialized path=/tmp/expedition-sim-263926444/gogobee.db
2026/05/17 14:08:08 INFO database initialized path=/tmp/expedition-sim-3833280442/gogobee.db
2026/05/17 14:08:08 INFO database initialized path=/tmp/expedition-sim-519939292/gogobee.db
2026/05/17 14:08:08 INFO database initialized path=/tmp/expedition-sim-4117830854/gogobee.db
2026/05/17 14:08:08 INFO database initialized path=/tmp/expedition-sim-2568001715/gogobee.db
2026/05/17 14:08:08 INFO database initialized path=/tmp/expedition-sim-428073955/gogobee.db
2026/05/17 14:08:08 INFO database initialized path=/tmp/expedition-sim-2114930452/gogobee.db
2026/05/17 14:08:08 INFO database initialized path=/tmp/expedition-sim-2764004937/gogobee.db
2026/05/17 14:08:08 INFO database initialized path=/tmp/expedition-sim-2469324806/gogobee.db
2026/05/17 14:08:09 INFO database initialized path=/tmp/expedition-sim-2005067790/gogobee.db
2026/05/17 14:08:09 INFO database initialized path=/tmp/expedition-sim-3656147238/gogobee.db
2026/05/17 14:08:09 INFO database initialized path=/tmp/expedition-sim-1022036514/gogobee.db
2026/05/17 14:08:09 INFO database initialized path=/tmp/expedition-sim-3847369501/gogobee.db
2026/05/17 14:08:09 INFO database initialized path=/tmp/expedition-sim-2824473791/gogobee.db
2026/05/17 14:08:09 INFO database initialized path=/tmp/expedition-sim-2537921831/gogobee.db
2026/05/17 14:08:09 INFO database initialized path=/tmp/expedition-sim-1090356636/gogobee.db
2026/05/17 14:08:09 INFO database initialized path=/tmp/expedition-sim-2871378262/gogobee.db
2026/05/17 14:08:09 INFO database initialized path=/tmp/expedition-sim-499597663/gogobee.db
2026/05/17 14:08:09 INFO database initialized path=/tmp/expedition-sim-2409409985/gogobee.db
2026/05/17 14:08:09 INFO database initialized path=/tmp/expedition-sim-918721161/gogobee.db
2026/05/17 14:08:09 INFO database initialized path=/tmp/expedition-sim-991914203/gogobee.db
2026/05/17 14:08:09 INFO database initialized path=/tmp/expedition-sim-2924984065/gogobee.db
2026/05/17 14:08:09 INFO database initialized path=/tmp/expedition-sim-877169836/gogobee.db
2026/05/17 14:08:09 INFO database initialized path=/tmp/expedition-sim-289439796/gogobee.db
2026/05/17 14:08:09 INFO database initialized path=/tmp/expedition-sim-1076103501/gogobee.db
2026/05/17 14:08:09 INFO database initialized path=/tmp/expedition-sim-2459971834/gogobee.db
2026/05/17 14:08:10 INFO database initialized path=/tmp/expedition-sim-2813264886/gogobee.db
2026/05/17 14:08:10 INFO database initialized path=/tmp/expedition-sim-2850984670/gogobee.db
2026/05/17 14:08:10 INFO database initialized path=/tmp/expedition-sim-811071910/gogobee.db
2026/05/17 14:08:10 INFO database initialized path=/tmp/expedition-sim-2821841945/gogobee.db
2026/05/17 14:08:10 INFO database initialized path=/tmp/expedition-sim-479341688/gogobee.db
2026/05/17 14:08:10 INFO database initialized path=/tmp/expedition-sim-2056576227/gogobee.db
2026/05/17 14:08:10 INFO database initialized path=/tmp/expedition-sim-1788600050/gogobee.db
2026/05/17 14:08:10 INFO database initialized path=/tmp/expedition-sim-3895504736/gogobee.db
2026/05/17 14:08:10 INFO database initialized path=/tmp/expedition-sim-1212523100/gogobee.db
2026/05/17 14:08:10 INFO database initialized path=/tmp/expedition-sim-2314066455/gogobee.db
2026/05/17 14:08:10 INFO database initialized path=/tmp/expedition-sim-3638201835/gogobee.db
2026/05/17 14:08:10 INFO database initialized path=/tmp/expedition-sim-3677089119/gogobee.db
2026/05/17 14:08:10 INFO database initialized path=/tmp/expedition-sim-2349492371/gogobee.db
2026/05/17 14:08:10 INFO database initialized path=/tmp/expedition-sim-1974517035/gogobee.db
2026/05/17 14:08:10 INFO database initialized path=/tmp/expedition-sim-488957969/gogobee.db
2026/05/17 14:08:10 INFO database initialized path=/tmp/expedition-sim-3840173461/gogobee.db
2026/05/17 14:08:10 INFO database initialized path=/tmp/expedition-sim-72939663/gogobee.db
2026/05/17 14:08:11 INFO database initialized path=/tmp/expedition-sim-4243895733/gogobee.db
2026/05/17 14:08:11 INFO database initialized path=/tmp/expedition-sim-1401708110/gogobee.db
2026/05/17 14:08:11 INFO database initialized path=/tmp/expedition-sim-325724121/gogobee.db
2026/05/17 14:08:11 INFO database initialized path=/tmp/expedition-sim-1515502397/gogobee.db
2026/05/17 14:08:11 INFO database initialized path=/tmp/expedition-sim-3183686296/gogobee.db
2026/05/17 14:08:11 INFO database initialized path=/tmp/expedition-sim-2350568316/gogobee.db
2026/05/17 14:08:11 INFO database initialized path=/tmp/expedition-sim-405084246/gogobee.db
2026/05/17 14:08:11 INFO database initialized path=/tmp/expedition-sim-3775701387/gogobee.db
2026/05/17 14:08:11 INFO database initialized path=/tmp/expedition-sim-3896309938/gogobee.db
2026/05/17 14:08:11 INFO database initialized path=/tmp/expedition-sim-547301102/gogobee.db
2026/05/17 14:08:11 INFO database initialized path=/tmp/expedition-sim-1771621894/gogobee.db
2026/05/17 14:08:11 INFO database initialized path=/tmp/expedition-sim-2275849877/gogobee.db
2026/05/17 14:08:11 INFO database initialized path=/tmp/expedition-sim-390539447/gogobee.db
2026/05/17 14:08:11 INFO database initialized path=/tmp/expedition-sim-3251636749/gogobee.db
2026/05/17 14:08:11 INFO database initialized path=/tmp/expedition-sim-3430536534/gogobee.db
2026/05/17 14:08:11 INFO database initialized path=/tmp/expedition-sim-3467042989/gogobee.db
2026/05/17 14:08:12 INFO database initialized path=/tmp/expedition-sim-276541315/gogobee.db
2026/05/17 14:08:12 INFO database initialized path=/tmp/expedition-sim-4016837445/gogobee.db
2026/05/17 14:08:12 INFO database initialized path=/tmp/expedition-sim-921893289/gogobee.db
2026/05/17 14:08:12 INFO database initialized path=/tmp/expedition-sim-2660435198/gogobee.db
2026/05/17 14:08:12 INFO database initialized path=/tmp/expedition-sim-2611319045/gogobee.db
2026/05/17 14:08:12 INFO database initialized path=/tmp/expedition-sim-2231854540/gogobee.db
2026/05/17 14:08:12 INFO database initialized path=/tmp/expedition-sim-3559010399/gogobee.db
2026/05/17 14:08:12 INFO database initialized path=/tmp/expedition-sim-264041512/gogobee.db
2026/05/17 14:08:12 INFO database initialized path=/tmp/expedition-sim-2085354154/gogobee.db
2026/05/17 14:08:12 INFO database initialized path=/tmp/expedition-sim-3289894959/gogobee.db
2026/05/17 14:08:12 INFO database initialized path=/tmp/expedition-sim-2044909783/gogobee.db
2026/05/17 14:08:12 INFO database initialized path=/tmp/expedition-sim-3314368527/gogobee.db
2026/05/17 14:08:12 INFO database initialized path=/tmp/expedition-sim-2409344030/gogobee.db
2026/05/17 14:08:12 INFO database initialized path=/tmp/expedition-sim-2811229943/gogobee.db
2026/05/17 14:08:12 INFO database initialized path=/tmp/expedition-sim-1773069468/gogobee.db
2026/05/17 14:08:12 INFO database initialized path=/tmp/expedition-sim-3516403932/gogobee.db
2026/05/17 14:08:12 INFO database initialized path=/tmp/expedition-sim-1787955571/gogobee.db
2026/05/17 14:08:13 INFO database initialized path=/tmp/expedition-sim-3928641991/gogobee.db
2026/05/17 14:08:13 INFO database initialized path=/tmp/expedition-sim-2301803240/gogobee.db
2026/05/17 14:08:13 INFO database initialized path=/tmp/expedition-sim-1369545804/gogobee.db
2026/05/17 14:08:13 INFO database initialized path=/tmp/expedition-sim-2681580528/gogobee.db
2026/05/17 14:08:13 INFO database initialized path=/tmp/expedition-sim-2431635315/gogobee.db
2026/05/17 14:08:13 INFO database initialized path=/tmp/expedition-sim-4229494861/gogobee.db
2026/05/17 14:08:13 INFO database initialized path=/tmp/expedition-sim-2976089289/gogobee.db
2026/05/17 14:08:13 INFO database initialized path=/tmp/expedition-sim-288526042/gogobee.db
2026/05/17 14:08:13 INFO database initialized path=/tmp/expedition-sim-3439605345/gogobee.db
2026/05/17 14:08:13 INFO database initialized path=/tmp/expedition-sim-2437269528/gogobee.db
2026/05/17 14:08:13 INFO database initialized path=/tmp/expedition-sim-1991792489/gogobee.db
2026/05/17 14:08:13 INFO database initialized path=/tmp/expedition-sim-2284153388/gogobee.db
2026/05/17 14:08:13 INFO database initialized path=/tmp/expedition-sim-3502054315/gogobee.db
2026/05/17 14:08:13 INFO database initialized path=/tmp/expedition-sim-1165883284/gogobee.db
2026/05/17 14:08:13 INFO database initialized path=/tmp/expedition-sim-4210255730/gogobee.db
2026/05/17 14:08:13 INFO database initialized path=/tmp/expedition-sim-11622684/gogobee.db
2026/05/17 14:08:14 INFO database initialized path=/tmp/expedition-sim-3091375359/gogobee.db
2026/05/17 14:08:14 INFO database initialized path=/tmp/expedition-sim-2177662990/gogobee.db
2026/05/17 14:08:14 INFO database initialized path=/tmp/expedition-sim-2078824993/gogobee.db
2026/05/17 14:08:14 INFO database initialized path=/tmp/expedition-sim-3834679750/gogobee.db
2026/05/17 14:08:14 INFO database initialized path=/tmp/expedition-sim-658176349/gogobee.db
2026/05/17 14:08:14 INFO database initialized path=/tmp/expedition-sim-1931283097/gogobee.db
2026/05/17 14:08:14 INFO database initialized path=/tmp/expedition-sim-509833903/gogobee.db
2026/05/17 14:08:14 INFO database initialized path=/tmp/expedition-sim-1856198619/gogobee.db
2026/05/17 14:08:14 INFO database initialized path=/tmp/expedition-sim-1286555985/gogobee.db
2026/05/17 14:08:14 INFO database initialized path=/tmp/expedition-sim-1638395950/gogobee.db
2026/05/17 14:08:14 INFO database initialized path=/tmp/expedition-sim-4102340187/gogobee.db
2026/05/17 14:08:14 INFO database initialized path=/tmp/expedition-sim-4049506575/gogobee.db
2026/05/17 14:08:14 INFO database initialized path=/tmp/expedition-sim-157899955/gogobee.db
2026/05/17 14:08:14 INFO database initialized path=/tmp/expedition-sim-2532117423/gogobee.db
2026/05/17 14:08:15 INFO database initialized path=/tmp/expedition-sim-4114120852/gogobee.db
2026/05/17 14:08:15 INFO database initialized path=/tmp/expedition-sim-1656308485/gogobee.db
2026/05/17 14:08:15 INFO database initialized path=/tmp/expedition-sim-193231218/gogobee.db
2026/05/17 14:08:15 INFO database initialized path=/tmp/expedition-sim-3973130100/gogobee.db
2026/05/17 14:08:15 INFO database initialized path=/tmp/expedition-sim-1822725778/gogobee.db
2026/05/17 14:08:15 INFO database initialized path=/tmp/expedition-sim-3200776557/gogobee.db
2026/05/17 14:08:15 INFO database initialized path=/tmp/expedition-sim-4233662453/gogobee.db
2026/05/17 14:08:15 INFO database initialized path=/tmp/expedition-sim-1959951087/gogobee.db
2026/05/17 14:08:15 INFO database initialized path=/tmp/expedition-sim-2468468622/gogobee.db
2026/05/17 14:08:16 INFO database initialized path=/tmp/expedition-sim-2141195929/gogobee.db
2026/05/17 14:08:16 INFO database initialized path=/tmp/expedition-sim-3395607304/gogobee.db
2026/05/17 14:08:16 INFO database initialized path=/tmp/expedition-sim-3958911344/gogobee.db
2026/05/17 14:08:17 INFO database initialized path=/tmp/expedition-sim-2200763183/gogobee.db
2026/05/17 14:08:17 INFO database initialized path=/tmp/expedition-sim-1346323292/gogobee.db
2026/05/17 14:08:17 INFO database initialized path=/tmp/expedition-sim-3012908880/gogobee.db
2026/05/17 14:08:17 INFO database initialized path=/tmp/expedition-sim-99624548/gogobee.db
2026/05/17 14:08:18 INFO database initialized path=/tmp/expedition-sim-3995278430/gogobee.db
2026/05/17 14:08:18 INFO database initialized path=/tmp/expedition-sim-108518651/gogobee.db
2026/05/17 14:08:18 INFO database initialized path=/tmp/expedition-sim-2451152994/gogobee.db
2026/05/17 14:08:19 INFO database initialized path=/tmp/expedition-sim-2786092539/gogobee.db
2026/05/17 14:08:19 INFO database initialized path=/tmp/expedition-sim-3957129980/gogobee.db
2026/05/17 14:08:19 INFO database initialized path=/tmp/expedition-sim-3937133875/gogobee.db
2026/05/17 14:08:19 INFO database initialized path=/tmp/expedition-sim-4214950859/gogobee.db
2026/05/17 14:08:20 INFO database initialized path=/tmp/expedition-sim-3446134356/gogobee.db
2026/05/17 14:08:20 INFO database initialized path=/tmp/expedition-sim-1010381612/gogobee.db
2026/05/17 14:08:20 INFO database initialized path=/tmp/expedition-sim-1189674261/gogobee.db
2026/05/17 14:08:20 INFO database initialized path=/tmp/expedition-sim-3365299956/gogobee.db
2026/05/17 14:08:20 INFO database initialized path=/tmp/expedition-sim-1783345996/gogobee.db
2026/05/17 14:08:21 INFO database initialized path=/tmp/expedition-sim-1130048819/gogobee.db
2026/05/17 14:08:21 INFO database initialized path=/tmp/expedition-sim-51726672/gogobee.db
2026/05/17 14:08:21 INFO database initialized path=/tmp/expedition-sim-4036108771/gogobee.db
2026/05/17 14:08:21 INFO database initialized path=/tmp/expedition-sim-770702028/gogobee.db
