2026/05/17 13:54:46 INFO database initialized path=/tmp/expedition-sim-1183655195/gogobee.db
2026/05/17 13:54:46 INFO dnd: armed ability fired (turn-based build) user=@sim:fighter-l3-manor_blackspire-0 ability="Second Wind"
2026/05/17 13:54:46 INFO dnd: armed ability fired (turn-based build) user=@sim:fighter-l3-manor_blackspire-0 ability="Second Wind"
2026/05/17 13:54:46 INFO dnd: armed ability fired (turn-based build) user=@sim:fighter-l3-manor_blackspire-0 ability="Second Wind"
2026/05/17 13:54:46 INFO database initialized path=/tmp/expedition-sim-989221826/gogobee.db
2026/05/17 13:54:46 INFO dnd: armed ability fired (turn-based build) user=@sim:fighter-l7-goblin_warrens-0 ability="Second Wind"
2026/05/17 13:54:46 INFO dnd: armed ability fired (turn-based build) user=@sim:fighter-l7-goblin_warrens-0 ability="Second Wind"
2026/05/17 13:54:46 INFO dnd: armed ability fired (turn-based build) user=@sim:fighter-l7-goblin_warrens-0 ability="Second Wind"
2026/05/17 13:54:46 INFO database initialized path=/tmp/expedition-sim-2347192010/gogobee.db
2026/05/17 13:54:46 INFO dnd: armed ability fired (turn-based build) user=@sim:fighter-l7-dragons_lair-0 ability="Second Wind"
2026/05/17 13:54:46 INFO dnd: armed ability fired (turn-based build) user=@sim:fighter-l7-dragons_lair-0 ability="Second Wind"
2026/05/17 13:54:46 INFO dnd: armed ability fired (turn-based build) user=@sim:fighter-l7-dragons_lair-0 ability="Second Wind"
2026/05/17 13:54:46 INFO database initialized path=/tmp/expedition-sim-2238909736/gogobee.db
2026/05/17 13:54:46 INFO dnd: armed ability fired (turn-based build) user=@sim:fighter-l12-forest_shadows-0 ability="Second Wind"
2026/05/17 13:54:46 INFO dnd: armed ability fired (turn-based build) user=@sim:fighter-l12-forest_shadows-0 ability="Second Wind"
2026/05/17 13:54:46 INFO dnd: armed ability fired (turn-based build) user=@sim:fighter-l12-forest_shadows-0 ability="Second Wind"
2026/05/17 13:54:46 INFO database initialized path=/tmp/expedition-sim-659027692/gogobee.db
2026/05/17 13:54:46 INFO dnd: armed ability fired (turn-based build) user=@sim:fighter-l3-manor_blackspire-1 ability="Second Wind"
2026/05/17 13:54:46 INFO dnd: armed ability fired (turn-based build) user=@sim:fighter-l3-manor_blackspire-1 ability="Second Wind"
2026/05/17 13:54:46 INFO dnd: armed ability fired (turn-based build) user=@sim:fighter-l3-manor_blackspire-1 ability="Second Wind"
2026/05/17 13:54:47 INFO database initialized path=/tmp/expedition-sim-2365229598/gogobee.db
2026/05/17 13:54:47 INFO dnd: armed ability fired (turn-based build) user=@sim:fighter-l7-manor_blackspire-0 ability="Second Wind"
2026/05/17 13:54:47 INFO database initialized path=/tmp/expedition-sim-2353028036/gogobee.db
2026/05/17 13:54:47 INFO database initialized path=/tmp/expedition-sim-812228602/gogobee.db
2026/05/17 13:54:47 INFO dnd: armed ability fired (turn-based build) user=@sim:fighter-l7-manor_blackspire-0 ability="Second Wind"
2026/05/17 13:54:47 INFO dnd: armed ability fired (turn-based build) user=@sim:fighter-l7-goblin_warrens-1 ability="Second Wind"
2026/05/17 13:54:47 INFO dnd: armed ability fired (turn-based build) user=@sim:fighter-l12-underdark-0 ability="Second Wind"
2026/05/17 13:54:47 INFO dnd: armed ability fired (turn-based build) user=@sim:fighter-l7-manor_blackspire-0 ability="Second Wind"
2026/05/17 13:54:47 INFO dnd: armed ability fired (turn-based build) user=@sim:fighter-l7-goblin_warrens-1 ability="Second Wind"
2026/05/17 13:54:47 INFO dnd: armed ability fired (turn-based build) user=@sim:fighter-l12-underdark-0 ability="Second Wind"
2026/05/17 13:54:47 INFO dnd: armed ability fired (turn-based build) user=@sim:fighter-l7-goblin_warrens-1 ability="Second Wind"
2026/05/17 13:54:47 INFO dnd: armed ability fired (turn-based build) user=@sim:fighter-l12-underdark-0 ability="Second Wind"
2026/05/17 13:54:47 INFO database initialized path=/tmp/expedition-sim-2894234566/gogobee.db
2026/05/17 13:54:47 INFO dnd: armed ability fired (turn-based build) user=@sim:fighter-l7-dragons_lair-1 ability="Second Wind"
2026/05/17 13:54:47 INFO dnd: armed ability fired (turn-based build) user=@sim:fighter-l7-dragons_lair-1 ability="Second Wind"
2026/05/17 13:54:47 INFO database initialized path=/tmp/expedition-sim-1772729310/gogobee.db
2026/05/17 13:54:47 INFO dnd: armed ability fired (turn-based build) user=@sim:fighter-l3-goblin_warrens-0 ability="Second Wind"
2026/05/17 13:54:47 INFO dnd: armed ability fired (turn-based build) user=@sim:fighter-l7-dragons_lair-1 ability="Second Wind"
2026/05/17 13:54:47 INFO dnd: armed ability fired (turn-based build) user=@sim:fighter-l3-goblin_warrens-0 ability="Second Wind"
2026/05/17 13:54:47 INFO dnd: armed ability fired (turn-based build) user=@sim:fighter-l3-goblin_warrens-0 ability="Second Wind"
2026/05/17 13:54:47 INFO database initialized path=/tmp/expedition-sim-894577063/gogobee.db
2026/05/17 13:54:47 INFO dnd: armed ability fired (turn-based build) user=@sim:fighter-l3-manor_blackspire-2 ability="Second Wind"
2026/05/17 13:54:47 INFO dnd: armed ability fired (turn-based build) user=@sim:fighter-l3-manor_blackspire-2 ability="Second Wind"
2026/05/17 13:54:47 INFO dnd: armed ability fired (turn-based build) user=@sim:fighter-l3-manor_blackspire-2 ability="Second Wind"
2026/05/17 13:54:47 INFO database initialized path=/tmp/expedition-sim-2422024991/gogobee.db
2026/05/17 13:54:47 INFO dnd: armed ability fired (turn-based build) user=@sim:fighter-l7-manor_blackspire-1 ability="Second Wind"
2026/05/17 13:54:47 INFO dnd: armed ability fired (turn-based build) user=@sim:fighter-l7-manor_blackspire-1 ability="Second Wind"
2026/05/17 13:54:47 INFO dnd: armed ability fired (turn-based build) user=@sim:fighter-l7-manor_blackspire-1 ability="Second Wind"
2026/05/17 13:54:47 INFO database initialized path=/tmp/expedition-sim-3476240187/gogobee.db
2026/05/17 13:54:47 INFO database initialized path=/tmp/expedition-sim-2441603750/gogobee.db
2026/05/17 13:54:47 INFO dnd: armed ability fired (turn-based build) user=@sim:fighter-l12-underdark-1 ability="Second Wind"
2026/05/17 13:54:47 INFO dnd: armed ability fired (turn-based build) user=@sim:fighter-l7-goblin_warrens-2 ability="Second Wind"
2026/05/17 13:54:47 INFO dnd: armed ability fired (turn-based build) user=@sim:fighter-l12-underdark-1 ability="Second Wind"
2026/05/17 13:54:47 INFO dnd: armed ability fired (turn-based build) user=@sim:fighter-l7-goblin_warrens-2 ability="Second Wind"
2026/05/17 13:54:47 INFO dnd: armed ability fired (turn-based build) user=@sim:fighter-l7-goblin_warrens-2 ability="Second Wind"
2026/05/17 13:54:47 INFO dnd: armed ability fired (turn-based build) user=@sim:fighter-l12-underdark-1 ability="Second Wind"
2026/05/17 13:54:47 INFO database initialized path=/tmp/expedition-sim-2322525034/gogobee.db
2026/05/17 13:54:47 INFO dnd: armed ability fired (turn-based build) user=@sim:fighter-l7-dragons_lair-2 ability="Second Wind"
2026/05/17 13:54:47 INFO dnd: armed ability fired (turn-based build) user=@sim:fighter-l7-dragons_lair-2 ability="Second Wind"
2026/05/17 13:54:47 INFO dnd: armed ability fired (turn-based build) user=@sim:fighter-l7-dragons_lair-2 ability="Second Wind"
2026/05/17 13:54:47 INFO database initialized path=/tmp/expedition-sim-2184503631/gogobee.db
2026/05/17 13:54:47 INFO dnd: armed ability fired (turn-based build) user=@sim:fighter-l3-manor_blackspire-3 ability="Second Wind"
2026/05/17 13:54:47 INFO dnd: armed ability fired (turn-based build) user=@sim:fighter-l3-manor_blackspire-3 ability="Second Wind"
2026/05/17 13:54:47 INFO dnd: armed ability fired (turn-based build) user=@sim:fighter-l3-manor_blackspire-3 ability="Second Wind"
2026/05/17 13:54:47 INFO database initialized path=/tmp/expedition-sim-4131161598/gogobee.db
2026/05/17 13:54:47 INFO dnd: armed ability fired (turn-based build) user=@sim:fighter-l3-goblin_warrens-1 ability="Second Wind"
2026/05/17 13:54:47 INFO dnd: armed ability fired (turn-based build) user=@sim:fighter-l3-goblin_warrens-1 ability="Second Wind"
2026/05/17 13:54:47 INFO database initialized path=/tmp/expedition-sim-1863599162/gogobee.db
2026/05/17 13:54:47 INFO dnd: armed ability fired (turn-based build) user=@sim:fighter-l3-goblin_warrens-1 ability="Second Wind"
2026/05/17 13:54:47 INFO dnd: armed ability fired (turn-based build) user=@sim:fighter-l7-manor_blackspire-2 ability="Second Wind"
2026/05/17 13:54:47 INFO database initialized path=/tmp/expedition-sim-1712418223/gogobee.db
2026/05/17 13:54:47 INFO database initialized path=/tmp/expedition-sim-1846135983/gogobee.db
2026/05/17 13:54:47 INFO dnd: armed ability fired (turn-based build) user=@sim:fighter-l7-dragons_lair-3 ability="Second Wind"
2026/05/17 13:54:47 INFO dnd: armed ability fired (turn-based build) user=@sim:fighter-l7-manor_blackspire-2 ability="Second Wind"
2026/05/17 13:54:47 INFO dnd: armed ability fired (turn-based build) user=@sim:fighter-l7-goblin_warrens-3 ability="Second Wind"
2026/05/17 13:54:47 INFO dnd: armed ability fired (turn-based build) user=@sim:fighter-l7-dragons_lair-3 ability="Second Wind"
2026/05/17 13:54:47 INFO dnd: armed ability fired (turn-based build) user=@sim:fighter-l7-goblin_warrens-3 ability="Second Wind"
2026/05/17 13:54:47 INFO dnd: armed ability fired (turn-based build) user=@sim:fighter-l7-manor_blackspire-2 ability="Second Wind"
2026/05/17 13:54:47 INFO dnd: armed ability fired (turn-based build) user=@sim:fighter-l7-dragons_lair-3 ability="Second Wind"
2026/05/17 13:54:47 INFO dnd: armed ability fired (turn-based build) user=@sim:fighter-l7-goblin_warrens-3 ability="Second Wind"
2026/05/17 13:54:47 INFO database initialized path=/tmp/expedition-sim-67121246/gogobee.db
2026/05/17 13:54:47 INFO dnd: armed ability fired (turn-based build) user=@sim:fighter-l12-forest_shadows-1 ability="Second Wind"
2026/05/17 13:54:47 INFO dnd: armed ability fired (turn-based build) user=@sim:fighter-l12-forest_shadows-1 ability="Second Wind"
2026/05/17 13:54:47 INFO database initialized path=/tmp/expedition-sim-4237839519/gogobee.db
2026/05/17 13:54:47 INFO dnd: armed ability fired (turn-based build) user=@sim:fighter-l12-forest_shadows-1 ability="Second Wind"
2026/05/17 13:54:47 INFO dnd: armed ability fired (turn-based build) user=@sim:fighter-l3-manor_blackspire-4 ability="Second Wind"
2026/05/17 13:54:47 INFO dnd: armed ability fired (turn-based build) user=@sim:fighter-l3-manor_blackspire-4 ability="Second Wind"
2026/05/17 13:54:47 INFO dnd: armed ability fired (turn-based build) user=@sim:fighter-l3-manor_blackspire-4 ability="Second Wind"
2026/05/17 13:54:47 INFO database initialized path=/tmp/expedition-sim-1601334190/gogobee.db
2026/05/17 13:54:47 INFO dnd: armed ability fired (turn-based build) user=@sim:fighter-l12-underdark-2 ability="Second Wind"
2026/05/17 13:54:47 INFO dnd: armed ability fired (turn-based build) user=@sim:fighter-l12-underdark-2 ability="Second Wind"
2026/05/17 13:54:47 INFO dnd: armed ability fired (turn-based build) user=@sim:fighter-l12-underdark-2 ability="Second Wind"
2026/05/17 13:54:47 INFO database initialized path=/tmp/expedition-sim-2372930897/gogobee.db
2026/05/17 13:54:47 INFO dnd: armed ability fired (turn-based build) user=@sim:fighter-l12-manor_blackspire-0 ability="Second Wind"
2026/05/17 13:54:47 INFO dnd: armed ability fired (turn-based build) user=@sim:fighter-l12-manor_blackspire-0 ability="Second Wind"
2026/05/17 13:54:47 INFO dnd: armed ability fired (turn-based build) user=@sim:fighter-l12-manor_blackspire-0 ability="Second Wind"
2026/05/17 13:54:47 INFO database initialized path=/tmp/expedition-sim-1356499764/gogobee.db
2026/05/17 13:54:47 INFO dnd: armed ability fired (turn-based build) user=@sim:fighter-l12-goblin_warrens-0 ability="Second Wind"
2026/05/17 13:54:47 INFO dnd: armed ability fired (turn-based build) user=@sim:fighter-l12-goblin_warrens-0 ability="Second Wind"
2026/05/17 13:54:47 INFO dnd: armed ability fired (turn-based build) user=@sim:fighter-l12-goblin_warrens-0 ability="Second Wind"
2026/05/17 13:54:47 INFO database initialized path=/tmp/expedition-sim-3046271770/gogobee.db
2026/05/17 13:54:47 INFO dnd: armed ability fired (turn-based build) user=@sim:fighter-l3-goblin_warrens-2 ability="Second Wind"
2026/05/17 13:54:47 INFO dnd: armed ability fired (turn-based build) user=@sim:fighter-l3-goblin_warrens-2 ability="Second Wind"
2026/05/17 13:54:47 INFO dnd: armed ability fired (turn-based build) user=@sim:fighter-l3-goblin_warrens-2 ability="Second Wind"
2026/05/17 13:54:47 INFO database initialized path=/tmp/expedition-sim-1540633917/gogobee.db
2026/05/17 13:54:47 INFO dnd: armed ability fired (turn-based build) user=@sim:fighter-l7-manor_blackspire-3 ability="Second Wind"
2026/05/17 13:54:47 INFO dnd: armed ability fired (turn-based build) user=@sim:fighter-l7-manor_blackspire-3 ability="Second Wind"
2026/05/17 13:54:47 INFO dnd: armed ability fired (turn-based build) user=@sim:fighter-l7-manor_blackspire-3 ability="Second Wind"
2026/05/17 13:54:47 INFO database initialized path=/tmp/expedition-sim-1505727290/gogobee.db
2026/05/17 13:54:47 INFO dnd: armed ability fired (turn-based build) user=@sim:fighter-l3-manor_blackspire-5 ability="Second Wind"
2026/05/17 13:54:47 INFO dnd: armed ability fired (turn-based build) user=@sim:fighter-l3-manor_blackspire-5 ability="Second Wind"
2026/05/17 13:54:47 INFO dnd: armed ability fired (turn-based build) user=@sim:fighter-l3-manor_blackspire-5 ability="Second Wind"
2026/05/17 13:54:47 INFO database initialized path=/tmp/expedition-sim-2363863986/gogobee.db
2026/05/17 13:54:47 INFO dnd: armed ability fired (turn-based build) user=@sim:fighter-l12-underdark-3 ability="Second Wind"
2026/05/17 13:54:47 INFO dnd: armed ability fired (turn-based build) user=@sim:fighter-l12-underdark-3 ability="Second Wind"
2026/05/17 13:54:47 INFO dnd: armed ability fired (turn-based build) user=@sim:fighter-l12-underdark-3 ability="Second Wind"
2026/05/17 13:54:48 INFO database initialized path=/tmp/expedition-sim-991332742/gogobee.db
2026/05/17 13:54:48 INFO database initialized path=/tmp/expedition-sim-1345090245/gogobee.db
2026/05/17 13:54:48 INFO dnd: armed ability fired (turn-based build) user=@sim:fighter-l7-dragons_lair-4 ability="Second Wind"
2026/05/17 13:54:48 INFO dnd: armed ability fired (turn-based build) user=@sim:fighter-l7-dragons_lair-4 ability="Second Wind"
2026/05/17 13:54:48 INFO dnd: armed ability fired (turn-based build) user=@sim:fighter-l12-manor_blackspire-1 ability="Second Wind"
2026/05/17 13:54:48 INFO dnd: armed ability fired (turn-based build) user=@sim:fighter-l7-dragons_lair-4 ability="Second Wind"
2026/05/17 13:54:48 INFO dnd: armed ability fired (turn-based build) user=@sim:fighter-l12-manor_blackspire-1 ability="Second Wind"
2026/05/17 13:54:48 INFO dnd: armed ability fired (turn-based build) user=@sim:fighter-l12-manor_blackspire-1 ability="Second Wind"
2026/05/17 13:54:48 INFO database initialized path=/tmp/expedition-sim-3837083623/gogobee.db
2026/05/17 13:54:48 INFO dnd: armed ability fired (turn-based build) user=@sim:fighter-l12-goblin_warrens-1 ability="Second Wind"
2026/05/17 13:54:48 INFO database initialized path=/tmp/expedition-sim-711351512/gogobee.db
2026/05/17 13:54:48 INFO database initialized path=/tmp/expedition-sim-2903699078/gogobee.db
2026/05/17 13:54:48 INFO dnd: armed ability fired (turn-based build) user=@sim:fighter-l12-goblin_warrens-1 ability="Second Wind"
2026/05/17 13:54:48 INFO dnd: armed ability fired (turn-based build) user=@sim:fighter-l7-forest_shadows-0 ability="Second Wind"
2026/05/17 13:54:48 INFO dnd: armed ability fired (turn-based build) user=@sim:fighter-l7-goblin_warrens-4 ability="Second Wind"
2026/05/17 13:54:48 INFO dnd: armed ability fired (turn-based build) user=@sim:fighter-l7-forest_shadows-0 ability="Second Wind"
2026/05/17 13:54:48 INFO dnd: armed ability fired (turn-based build) user=@sim:fighter-l7-goblin_warrens-4 ability="Second Wind"
2026/05/17 13:54:48 INFO dnd: armed ability fired (turn-based build) user=@sim:fighter-l12-goblin_warrens-1 ability="Second Wind"
2026/05/17 13:54:48 INFO dnd: armed ability fired (turn-based build) user=@sim:fighter-l7-forest_shadows-0 ability="Second Wind"
2026/05/17 13:54:48 INFO dnd: armed ability fired (turn-based build) user=@sim:fighter-l7-goblin_warrens-4 ability="Second Wind"
2026/05/17 13:54:48 INFO database initialized path=/tmp/expedition-sim-4193293616/gogobee.db
2026/05/17 13:54:48 INFO dnd: armed ability fired (turn-based build) user=@sim:fighter-l3-goblin_warrens-3 ability="Second Wind"
2026/05/17 13:54:48 INFO database initialized path=/tmp/expedition-sim-2430845322/gogobee.db
2026/05/17 13:54:48 INFO dnd: armed ability fired (turn-based build) user=@sim:fighter-l3-goblin_warrens-3 ability="Second Wind"
2026/05/17 13:54:48 INFO dnd: armed ability fired (turn-based build) user=@sim:fighter-l7-manor_blackspire-4 ability="Second Wind"
2026/05/17 13:54:48 INFO dnd: armed ability fired (turn-based build) user=@sim:fighter-l3-goblin_warrens-3 ability="Second Wind"
2026/05/17 13:54:48 INFO dnd: armed ability fired (turn-based build) user=@sim:fighter-l7-manor_blackspire-4 ability="Second Wind"
2026/05/17 13:54:48 INFO dnd: armed ability fired (turn-based build) user=@sim:fighter-l7-manor_blackspire-4 ability="Second Wind"
2026/05/17 13:54:48 INFO database initialized path=/tmp/expedition-sim-2836833111/gogobee.db
2026/05/17 13:54:48 INFO database initialized path=/tmp/expedition-sim-2196978664/gogobee.db
2026/05/17 13:54:48 INFO database initialized path=/tmp/expedition-sim-1223049133/gogobee.db
2026/05/17 13:54:48 INFO dnd: armed ability fired (turn-based build) user=@sim:fighter-l12-forest_shadows-2 ability="Second Wind"
2026/05/17 13:54:48 INFO dnd: armed ability fired (turn-based build) user=@sim:fighter-l3-manor_blackspire-6 ability="Second Wind"
2026/05/17 13:54:48 INFO dnd: armed ability fired (turn-based build) user=@sim:fighter-l12-forest_shadows-2 ability="Second Wind"
2026/05/17 13:54:48 INFO database initialized path=/tmp/expedition-sim-1070984679/gogobee.db
2026/05/17 13:54:48 INFO database initialized path=/tmp/expedition-sim-3795442282/gogobee.db
2026/05/17 13:54:48 INFO dnd: armed ability fired (turn-based build) user=@sim:fighter-l7-dragons_lair-5 ability="Second Wind"
2026/05/17 13:54:48 INFO dnd: armed ability fired (turn-based build) user=@sim:fighter-l12-forest_shadows-2 ability="Second Wind"
2026/05/17 13:54:48 INFO dnd: armed ability fired (turn-based build) user=@sim:fighter-l3-manor_blackspire-6 ability="Second Wind"
2026/05/17 13:54:48 INFO dnd: armed ability fired (turn-based build) user=@sim:fighter-l12-underdark-4 ability="Second Wind"
2026/05/17 13:54:48 INFO dnd: armed ability fired (turn-based build) user=@sim:fighter-l12-underdark-4 ability="Second Wind"
2026/05/17 13:54:48 INFO dnd: armed ability fired (turn-based build) user=@sim:fighter-l3-manor_blackspire-6 ability="Second Wind"
2026/05/17 13:54:48 WARN auto-heal cleanup: short on inventory user=@sim:fighter-l3-manor_blackspire-6 wanted=1 removed=0
2026/05/17 13:54:48 INFO dnd: armed ability fired (turn-based build) user=@sim:fighter-l12-underdark-4 ability="Second Wind"
2026/05/17 13:54:48 INFO database initialized path=/tmp/expedition-sim-2720708079/gogobee.db
2026/05/17 13:54:48 INFO database initialized path=/tmp/expedition-sim-3799694616/gogobee.db
2026/05/17 13:54:48 INFO dnd: armed ability fired (turn-based build) user=@sim:fighter-l7-goblin_warrens-5 ability="Second Wind"
2026/05/17 13:54:48 INFO dnd: armed ability fired (turn-based build) user=@sim:fighter-l7-goblin_warrens-5 ability="Second Wind"
2026/05/17 13:54:48 INFO database initialized path=/tmp/expedition-sim-2513808950/gogobee.db
2026/05/17 13:54:48 INFO dnd: armed ability fired (turn-based build) user=@sim:fighter-l7-manor_blackspire-5 ability="Second Wind"
2026/05/17 13:54:48 INFO dnd: armed ability fired (turn-based build) user=@sim:fighter-l7-goblin_warrens-5 ability="Second Wind"
2026/05/17 13:54:48 INFO dnd: armed ability fired (turn-based build) user=@sim:fighter-l7-manor_blackspire-5 ability="Second Wind"
2026/05/17 13:54:48 INFO dnd: armed ability fired (turn-based build) user=@sim:fighter-l7-manor_blackspire-5 ability="Second Wind"
2026/05/17 13:54:48 INFO database initialized path=/tmp/expedition-sim-2039279343/gogobee.db
2026/05/17 13:54:48 INFO database initialized path=/tmp/expedition-sim-124170584/gogobee.db
2026/05/17 13:54:48 INFO database initialized path=/tmp/expedition-sim-642764390/gogobee.db
2026/05/17 13:54:48 INFO dnd: armed ability fired (turn-based build) user=@sim:fighter-l12-manor_blackspire-2 ability="Second Wind"
2026/05/17 13:54:48 INFO dnd: armed ability fired (turn-based build) user=@sim:fighter-l7-forest_shadows-1 ability="Second Wind"
2026/05/17 13:54:48 INFO dnd: armed ability fired (turn-based build) user=@sim:fighter-l12-manor_blackspire-2 ability="Second Wind"
2026/05/17 13:54:48 INFO dnd: armed ability fired (turn-based build) user=@sim:fighter-l12-goblin_warrens-2 ability="Second Wind"
2026/05/17 13:54:48 INFO dnd: armed ability fired (turn-based build) user=@sim:fighter-l7-forest_shadows-1 ability="Second Wind"
2026/05/17 13:54:48 INFO dnd: armed ability fired (turn-based build) user=@sim:fighter-l12-manor_blackspire-2 ability="Second Wind"
2026/05/17 13:54:48 INFO dnd: armed ability fired (turn-based build) user=@sim:fighter-l12-goblin_warrens-2 ability="Second Wind"
2026/05/17 13:54:48 INFO dnd: armed ability fired (turn-based build) user=@sim:fighter-l7-forest_shadows-1 ability="Second Wind"
2026/05/17 13:54:48 INFO dnd: armed ability fired (turn-based build) user=@sim:fighter-l12-goblin_warrens-2 ability="Second Wind"
2026/05/17 13:54:48 INFO database initialized path=/tmp/expedition-sim-4045155114/gogobee.db
2026/05/17 13:54:48 INFO dnd: armed ability fired (turn-based build) user=@sim:fighter-l7-dragons_lair-6 ability="Second Wind"
2026/05/17 13:54:48 INFO dnd: armed ability fired (turn-based build) user=@sim:fighter-l7-dragons_lair-6 ability="Second Wind"
2026/05/17 13:54:48 INFO dnd: armed ability fired (turn-based build) user=@sim:fighter-l7-dragons_lair-6 ability="Second Wind"
2026/05/17 13:54:48 INFO database initialized path=/tmp/expedition-sim-4251131920/gogobee.db
2026/05/17 13:54:48 INFO dnd: armed ability fired (turn-based build) user=@sim:fighter-l3-goblin_warrens-4 ability="Second Wind"
2026/05/17 13:54:48 INFO dnd: armed ability fired (turn-based build) user=@sim:fighter-l3-goblin_warrens-4 ability="Second Wind"
2026/05/17 13:54:48 INFO dnd: armed ability fired (turn-based build) user=@sim:fighter-l3-goblin_warrens-4 ability="Second Wind"
2026/05/17 13:54:48 INFO database initialized path=/tmp/expedition-sim-1749489257/gogobee.db
2026/05/17 13:54:48 INFO database initialized path=/tmp/expedition-sim-2446617171/gogobee.db
2026/05/17 13:54:48 INFO database initialized path=/tmp/expedition-sim-467212340/gogobee.db
2026/05/17 13:54:48 INFO dnd: armed ability fired (turn-based build) user=@sim:fighter-l7-manor_blackspire-6 ability="Second Wind"
2026/05/17 13:54:48 INFO database initialized path=/tmp/expedition-sim-1282760608/gogobee.db
2026/05/17 13:54:48 INFO dnd: armed ability fired (turn-based build) user=@sim:fighter-l3-manor_blackspire-7 ability="Second Wind"
2026/05/17 13:54:48 INFO dnd: armed ability fired (turn-based build) user=@sim:fighter-l7-manor_blackspire-6 ability="Second Wind"
2026/05/17 13:54:48 INFO dnd: armed ability fired (turn-based build) user=@sim:fighter-l3-manor_blackspire-7 ability="Second Wind"
2026/05/17 13:54:48 INFO dnd: armed ability fired (turn-based build) user=@sim:fighter-l7-manor_blackspire-6 ability="Second Wind"
2026/05/17 13:54:48 INFO dnd: armed ability fired (turn-based build) user=@sim:fighter-l3-manor_blackspire-7 ability="Second Wind"
2026/05/17 13:54:48 INFO database initialized path=/tmp/expedition-sim-870787719/gogobee.db
2026/05/17 13:54:48 INFO dnd: armed ability fired (turn-based build) user=@sim:fighter-l12-forest_shadows-3 ability="Second Wind"
2026/05/17 13:54:48 INFO database initialized path=/tmp/expedition-sim-1199142395/gogobee.db
2026/05/17 13:54:48 INFO dnd: armed ability fired (turn-based build) user=@sim:fighter-l12-forest_shadows-3 ability="Second Wind"
2026/05/17 13:54:48 INFO dnd: armed ability fired (turn-based build) user=@sim:fighter-l12-underdark-5 ability="Second Wind"
2026/05/17 13:54:48 INFO dnd: armed ability fired (turn-based build) user=@sim:fighter-l12-forest_shadows-3 ability="Second Wind"
2026/05/17 13:54:48 INFO dnd: armed ability fired (turn-based build) user=@sim:fighter-l12-underdark-5 ability="Second Wind"
2026/05/17 13:54:48 INFO dnd: armed ability fired (turn-based build) user=@sim:fighter-l12-underdark-5 ability="Second Wind"
2026/05/17 13:54:48 INFO database initialized path=/tmp/expedition-sim-3381462968/gogobee.db
2026/05/17 13:54:48 INFO dnd: armed ability fired (turn-based build) user=@sim:fighter-l12-goblin_warrens-3 ability="Second Wind"
2026/05/17 13:54:48 INFO database initialized path=/tmp/expedition-sim-2986504841/gogobee.db
2026/05/17 13:54:48 INFO dnd: armed ability fired (turn-based build) user=@sim:fighter-l12-goblin_warrens-3 ability="Second Wind"
2026/05/17 13:54:48 INFO database initialized path=/tmp/expedition-sim-4077743544/gogobee.db
2026/05/17 13:54:48 INFO dnd: armed ability fired (turn-based build) user=@sim:fighter-l7-goblin_warrens-6 ability="Second Wind"
2026/05/17 13:54:48 INFO dnd: armed ability fired (turn-based build) user=@sim:fighter-l7-dragons_lair-7 ability="Second Wind"
2026/05/17 13:54:48 INFO dnd: armed ability fired (turn-based build) user=@sim:fighter-l12-goblin_warrens-3 ability="Second Wind"
2026/05/17 13:54:48 INFO dnd: armed ability fired (turn-based build) user=@sim:fighter-l7-dragons_lair-7 ability="Second Wind"
2026/05/17 13:54:48 INFO dnd: armed ability fired (turn-based build) user=@sim:fighter-l7-goblin_warrens-6 ability="Second Wind"
2026/05/17 13:54:48 INFO dnd: armed ability fired (turn-based build) user=@sim:fighter-l7-goblin_warrens-6 ability="Second Wind"
2026/05/17 13:54:48 INFO dnd: armed ability fired (turn-based build) user=@sim:fighter-l7-dragons_lair-7 ability="Second Wind"
2026/05/17 13:54:48 INFO database initialized path=/tmp/expedition-sim-2186217935/gogobee.db
2026/05/17 13:54:48 INFO database initialized path=/tmp/expedition-sim-2797287668/gogobee.db
2026/05/17 13:54:48 INFO database initialized path=/tmp/expedition-sim-2121970668/gogobee.db
2026/05/17 13:54:48 INFO dnd: armed ability fired (turn-based build) user=@sim:fighter-l7-forest_shadows-2 ability="Second Wind"
2026/05/17 13:54:48 INFO dnd: armed ability fired (turn-based build) user=@sim:fighter-l3-goblin_warrens-5 ability="Second Wind"
2026/05/17 13:54:48 INFO dnd: armed ability fired (turn-based build) user=@sim:fighter-l7-forest_shadows-2 ability="Second Wind"
2026/05/17 13:54:48 INFO dnd: armed ability fired (turn-based build) user=@sim:fighter-l3-goblin_warrens-5 ability="Second Wind"
2026/05/17 13:54:48 INFO dnd: armed ability fired (turn-based build) user=@sim:fighter-l3-goblin_warrens-5 ability="Second Wind"
2026/05/17 13:54:48 INFO dnd: armed ability fired (turn-based build) user=@sim:fighter-l7-forest_shadows-2 ability="Second Wind"
2026/05/17 13:54:48 INFO database initialized path=/tmp/expedition-sim-1359289859/gogobee.db
2026/05/17 13:54:48 INFO dnd: armed ability fired (turn-based build) user=@sim:fighter-l12-manor_blackspire-3 ability="Second Wind"
2026/05/17 13:54:48 INFO dnd: armed ability fired (turn-based build) user=@sim:fighter-l12-manor_blackspire-3 ability="Second Wind"
2026/05/17 13:54:48 INFO database initialized path=/tmp/expedition-sim-2584062670/gogobee.db
2026/05/17 13:54:48 INFO dnd: armed ability fired (turn-based build) user=@sim:fighter-l12-manor_blackspire-3 ability="Second Wind"
2026/05/17 13:54:48 INFO database initialized path=/tmp/expedition-sim-1296277914/gogobee.db
2026/05/17 13:54:48 INFO dnd: armed ability fired (turn-based build) user=@sim:fighter-l3-manor_blackspire-8 ability="Second Wind"
2026/05/17 13:54:48 INFO dnd: armed ability fired (turn-based build) user=@sim:fighter-l3-manor_blackspire-8 ability="Second Wind"
2026/05/17 13:54:48 INFO dnd: armed ability fired (turn-based build) user=@sim:fighter-l3-manor_blackspire-8 ability="Second Wind"
2026/05/17 13:54:48 WARN auto-heal cleanup: short on inventory user=@sim:fighter-l3-manor_blackspire-8 wanted=1 removed=0
2026/05/17 13:54:48 INFO database initialized path=/tmp/expedition-sim-4011842081/gogobee.db
2026/05/17 13:54:48 INFO dnd: armed ability fired (turn-based build) user=@sim:fighter-l7-manor_blackspire-7 ability="Second Wind"
2026/05/17 13:54:48 INFO dnd: armed ability fired (turn-based build) user=@sim:fighter-l7-manor_blackspire-7 ability="Second Wind"
2026/05/17 13:54:48 INFO dnd: armed ability fired (turn-based build) user=@sim:fighter-l7-manor_blackspire-7 ability="Second Wind"
2026/05/17 13:54:48 INFO database initialized path=/tmp/expedition-sim-371360426/gogobee.db
2026/05/17 13:54:48 INFO dnd: armed ability fired (turn-based build) user=@sim:fighter-l12-underdark-6 ability="Second Wind"
2026/05/17 13:54:48 INFO dnd: armed ability fired (turn-based build) user=@sim:fighter-l12-underdark-6 ability="Second Wind"
2026/05/17 13:54:48 INFO dnd: armed ability fired (turn-based build) user=@sim:fighter-l12-underdark-6 ability="Second Wind"
2026/05/17 13:54:48 INFO database initialized path=/tmp/expedition-sim-401487716/gogobee.db
2026/05/17 13:54:49 INFO database initialized path=/tmp/expedition-sim-1054487971/gogobee.db
2026/05/17 13:54:49 INFO dnd: armed ability fired (turn-based build) user=@sim:fighter-l7-goblin_warrens-7 ability="Second Wind"
2026/05/17 13:54:49 INFO dnd: armed ability fired (turn-based build) user=@sim:fighter-l7-goblin_warrens-7 ability="Second Wind"
2026/05/17 13:54:49 INFO dnd: armed ability fired (turn-based build) user=@sim:fighter-l7-goblin_warrens-7 ability="Second Wind"
2026/05/17 13:54:49 INFO database initialized path=/tmp/expedition-sim-48386525/gogobee.db
2026/05/17 13:54:49 INFO dnd: armed ability fired (turn-based build) user=@sim:fighter-l3-goblin_warrens-6 ability="Second Wind"
2026/05/17 13:54:49 INFO database initialized path=/tmp/expedition-sim-333451668/gogobee.db
2026/05/17 13:54:49 INFO dnd: armed ability fired (turn-based build) user=@sim:fighter-l12-forest_shadows-4 ability="Second Wind"
2026/05/17 13:54:49 INFO dnd: armed ability fired (turn-based build) user=@sim:fighter-l12-forest_shadows-4 ability="Second Wind"
2026/05/17 13:54:49 INFO dnd: armed ability fired (turn-based build) user=@sim:fighter-l3-goblin_warrens-6 ability="Second Wind"
2026/05/17 13:54:49 INFO database initialized path=/tmp/expedition-sim-3001398465/gogobee.db
2026/05/17 13:54:49 INFO dnd: armed ability fired (turn-based build) user=@sim:fighter-l12-forest_shadows-4 ability="Second Wind"
2026/05/17 13:54:49 INFO database initialized path=/tmp/expedition-sim-2308013694/gogobee.db
2026/05/17 13:54:49 INFO dnd: armed ability fired (turn-based build) user=@sim:fighter-l3-manor_blackspire-9 ability="Second Wind"
2026/05/17 13:54:49 INFO dnd: armed ability fired (turn-based build) user=@sim:fighter-l3-goblin_warrens-6 ability="Second Wind"
2026/05/17 13:54:49 INFO dnd: armed ability fired (turn-based build) user=@sim:fighter-l3-manor_blackspire-9 ability="Second Wind"
2026/05/17 13:54:49 WARN auto-heal cleanup: short on inventory user=@sim:fighter-l3-manor_blackspire-9 wanted=1 removed=0
2026/05/17 13:54:49 INFO database initialized path=/tmp/expedition-sim-86380134/gogobee.db
2026/05/17 13:54:49 INFO dnd: armed ability fired (turn-based build) user=@sim:fighter-l3-manor_blackspire-9 ability="Second Wind"
2026/05/17 13:54:49 WARN auto-heal cleanup: short on inventory user=@sim:fighter-l3-manor_blackspire-9 wanted=1 removed=0
2026/05/17 13:54:49 INFO dnd: armed ability fired (turn-based build) user=@sim:fighter-l12-goblin_warrens-4 ability="Second Wind"
2026/05/17 13:54:49 INFO dnd: armed ability fired (turn-based build) user=@sim:fighter-l12-goblin_warrens-4 ability="Second Wind"
2026/05/17 13:54:49 INFO dnd: armed ability fired (turn-based build) user=@sim:fighter-l12-goblin_warrens-4 ability="Second Wind"
2026/05/17 13:54:49 INFO database initialized path=/tmp/expedition-sim-2521382395/gogobee.db
2026/05/17 13:54:49 INFO database initialized path=/tmp/expedition-sim-2181017649/gogobee.db
2026/05/17 13:54:49 INFO dnd: armed ability fired (turn-based build) user=@sim:fighter-l12-manor_blackspire-4 ability="Second Wind"
2026/05/17 13:54:49 INFO dnd: armed ability fired (turn-based build) user=@sim:fighter-l7-dragons_lair-8 ability="Second Wind"
2026/05/17 13:54:49 INFO dnd: armed ability fired (turn-based build) user=@sim:fighter-l7-dragons_lair-8 ability="Second Wind"
2026/05/17 13:54:49 INFO dnd: armed ability fired (turn-based build) user=@sim:fighter-l12-manor_blackspire-4 ability="Second Wind"
2026/05/17 13:54:49 INFO dnd: armed ability fired (turn-based build) user=@sim:fighter-l7-dragons_lair-8 ability="Second Wind"
2026/05/17 13:54:49 INFO database initialized path=/tmp/expedition-sim-3689549204/gogobee.db
2026/05/17 13:54:49 INFO dnd: armed ability fired (turn-based build) user=@sim:fighter-l12-manor_blackspire-4 ability="Second Wind"
2026/05/17 13:54:49 INFO database initialized path=/tmp/expedition-sim-3500853991/gogobee.db
2026/05/17 13:54:49 INFO dnd: armed ability fired (turn-based build) user=@sim:fighter-l7-forest_shadows-3 ability="Second Wind"
2026/05/17 13:54:49 INFO database initialized path=/tmp/expedition-sim-833877721/gogobee.db
2026/05/17 13:54:49 INFO database initialized path=/tmp/expedition-sim-2166456344/gogobee.db
2026/05/17 13:54:49 INFO dnd: armed ability fired (turn-based build) user=@sim:fighter-l7-manor_blackspire-8 ability="Second Wind"
2026/05/17 13:54:49 INFO dnd: armed ability fired (turn-based build) user=@sim:fighter-l7-forest_shadows-3 ability="Second Wind"
2026/05/17 13:54:49 INFO dnd: armed ability fired (turn-based build) user=@sim:fighter-l7-manor_blackspire-8 ability="Second Wind"
2026/05/17 13:54:49 INFO dnd: armed ability fired (turn-based build) user=@sim:fighter-l7-manor_blackspire-8 ability="Second Wind"
2026/05/17 13:54:49 INFO dnd: armed ability fired (turn-based build) user=@sim:fighter-l7-forest_shadows-3 ability="Second Wind"
2026/05/17 13:54:49 INFO database initialized path=/tmp/expedition-sim-3236677360/gogobee.db
2026/05/17 13:54:49 INFO dnd: armed ability fired (turn-based build) user=@sim:fighter-l3-manor_blackspire-10 ability="Second Wind"
2026/05/17 13:54:49 INFO dnd: armed ability fired (turn-based build) user=@sim:fighter-l3-manor_blackspire-10 ability="Second Wind"
2026/05/17 13:54:49 INFO dnd: armed ability fired (turn-based build) user=@sim:fighter-l3-manor_blackspire-10 ability="Second Wind"
2026/05/17 13:54:49 INFO database initialized path=/tmp/expedition-sim-150074462/gogobee.db
2026/05/17 13:54:49 INFO dnd: armed ability fired (turn-based build) user=@sim:fighter-l7-goblin_warrens-8 ability="Second Wind"
2026/05/17 13:54:49 INFO dnd: armed ability fired (turn-based build) user=@sim:fighter-l7-goblin_warrens-8 ability="Second Wind"
2026/05/17 13:54:49 INFO dnd: armed ability fired (turn-based build) user=@sim:fighter-l7-goblin_warrens-8 ability="Second Wind"
2026/05/17 13:54:49 INFO database initialized path=/tmp/expedition-sim-3040355390/gogobee.db
2026/05/17 13:54:49 INFO dnd: armed ability fired (turn-based build) user=@sim:fighter-l12-underdark-7 ability="Second Wind"
2026/05/17 13:54:49 INFO dnd: armed ability fired (turn-based build) user=@sim:fighter-l12-underdark-7 ability="Second Wind"
2026/05/17 13:54:49 INFO dnd: armed ability fired (turn-based build) user=@sim:fighter-l12-underdark-7 ability="Second Wind"
2026/05/17 13:54:49 INFO database initialized path=/tmp/expedition-sim-3051250640/gogobee.db
2026/05/17 13:54:49 INFO database initialized path=/tmp/expedition-sim-321693363/gogobee.db
2026/05/17 13:54:49 INFO dnd: armed ability fired (turn-based build) user=@sim:fighter-l3-forest_shadows-0 ability="Second Wind"
2026/05/17 13:54:49 INFO dnd: armed ability fired (turn-based build) user=@sim:fighter-l12-goblin_warrens-5 ability="Second Wind"
2026/05/17 13:54:49 INFO database initialized path=/tmp/expedition-sim-4154250734/gogobee.db
2026/05/17 13:54:49 INFO dnd: armed ability fired (turn-based build) user=@sim:fighter-l12-goblin_warrens-5 ability="Second Wind"
2026/05/17 13:54:49 INFO dnd: armed ability fired (turn-based build) user=@sim:fighter-l3-forest_shadows-0 ability="Second Wind"
2026/05/17 13:54:49 INFO dnd: armed ability fired (turn-based build) user=@sim:fighter-l12-goblin_warrens-5 ability="Second Wind"
2026/05/17 13:54:49 INFO dnd: armed ability fired (turn-based build) user=@sim:fighter-l3-forest_shadows-0 ability="Second Wind"
2026/05/17 13:54:49 INFO database initialized path=/tmp/expedition-sim-2524457782/gogobee.db
2026/05/17 13:54:49 INFO dnd: armed ability fired (turn-based build) user=@sim:fighter-l12-forest_shadows-5 ability="Second Wind"
2026/05/17 13:54:49 INFO dnd: armed ability fired (turn-based build) user=@sim:fighter-l12-forest_shadows-5 ability="Second Wind"
2026/05/17 13:54:49 INFO dnd: armed ability fired (turn-based build) user=@sim:fighter-l12-forest_shadows-5 ability="Second Wind"
2026/05/17 13:54:49 INFO database initialized path=/tmp/expedition-sim-22165658/gogobee.db
2026/05/17 13:54:49 INFO database initialized path=/tmp/expedition-sim-1903208704/gogobee.db
2026/05/17 13:54:49 INFO dnd: armed ability fired (turn-based build) user=@sim:fighter-l7-dragons_lair-9 ability="Second Wind"
2026/05/17 13:54:49 INFO dnd: armed ability fired (turn-based build) user=@sim:fighter-l7-dragons_lair-9 ability="Second Wind"
2026/05/17 13:54:49 INFO dnd: armed ability fired (turn-based build) user=@sim:fighter-l7-dragons_lair-9 ability="Second Wind"
2026/05/17 13:54:49 INFO database initialized path=/tmp/expedition-sim-264200842/gogobee.db
2026/05/17 13:54:49 INFO dnd: armed ability fired (turn-based build) user=@sim:fighter-l12-manor_blackspire-5 ability="Second Wind"
2026/05/17 13:54:49 INFO dnd: armed ability fired (turn-based build) user=@sim:fighter-l12-manor_blackspire-5 ability="Second Wind"
2026/05/17 13:54:49 INFO database initialized path=/tmp/expedition-sim-1446625036/gogobee.db
2026/05/17 13:54:49 INFO database initialized path=/tmp/expedition-sim-1104930754/gogobee.db
2026/05/17 13:54:49 INFO dnd: armed ability fired (turn-based build) user=@sim:fighter-l12-manor_blackspire-5 ability="Second Wind"
2026/05/17 13:54:49 INFO dnd: armed ability fired (turn-based build) user=@sim:fighter-l7-manor_blackspire-9 ability="Second Wind"
2026/05/17 13:54:49 INFO dnd: armed ability fired (turn-based build) user=@sim:fighter-l3-manor_blackspire-11 ability="Second Wind"
2026/05/17 13:54:49 INFO dnd: armed ability fired (turn-based build) user=@sim:fighter-l3-manor_blackspire-11 ability="Second Wind"
2026/05/17 13:54:49 INFO dnd: armed ability fired (turn-based build) user=@sim:fighter-l7-manor_blackspire-9 ability="Second Wind"
2026/05/17 13:54:49 INFO dnd: armed ability fired (turn-based build) user=@sim:fighter-l7-manor_blackspire-9 ability="Second Wind"
2026/05/17 13:54:49 INFO dnd: armed ability fired (turn-based build) user=@sim:fighter-l3-manor_blackspire-11 ability="Second Wind"
2026/05/17 13:54:49 INFO database initialized path=/tmp/expedition-sim-2280446727/gogobee.db
2026/05/17 13:54:49 INFO database initialized path=/tmp/expedition-sim-1875645516/gogobee.db
2026/05/17 13:54:49 INFO dnd: armed ability fired (turn-based build) user=@sim:fighter-l3-goblin_warrens-7 ability="Second Wind"
2026/05/17 13:54:49 INFO database initialized path=/tmp/expedition-sim-3936387987/gogobee.db
2026/05/17 13:54:49 INFO dnd: armed ability fired (turn-based build) user=@sim:fighter-l12-goblin_warrens-6 ability="Second Wind"
2026/05/17 13:54:49 INFO database initialized path=/tmp/expedition-sim-889594014/gogobee.db
2026/05/17 13:54:49 INFO dnd: armed ability fired (turn-based build) user=@sim:fighter-l12-goblin_warrens-6 ability="Second Wind"
2026/05/17 13:54:49 INFO dnd: armed ability fired (turn-based build) user=@sim:fighter-l3-goblin_warrens-7 ability="Second Wind"
2026/05/17 13:54:49 INFO dnd: armed ability fired (turn-based build) user=@sim:fighter-l12-goblin_warrens-6 ability="Second Wind"
2026/05/17 13:54:49 INFO dnd: armed ability fired (turn-based build) user=@sim:fighter-l3-goblin_warrens-7 ability="Second Wind"
2026/05/17 13:54:49 INFO database initialized path=/tmp/expedition-sim-844318708/gogobee.db
2026/05/17 13:54:49 INFO dnd: armed ability fired (turn-based build) user=@sim:fighter-l12-underdark-8 ability="Second Wind"
2026/05/17 13:54:49 INFO dnd: armed ability fired (turn-based build) user=@sim:fighter-l12-underdark-8 ability="Second Wind"
2026/05/17 13:54:49 INFO dnd: armed ability fired (turn-based build) user=@sim:fighter-l12-underdark-8 ability="Second Wind"
2026/05/17 13:54:49 INFO database initialized path=/tmp/expedition-sim-2666301213/gogobee.db
2026/05/17 13:54:49 INFO database initialized path=/tmp/expedition-sim-1866843383/gogobee.db
2026/05/17 13:54:49 INFO dnd: armed ability fired (turn-based build) user=@sim:fighter-l7-forest_shadows-4 ability="Second Wind"
2026/05/17 13:54:49 INFO dnd: armed ability fired (turn-based build) user=@sim:fighter-l7-dragons_lair-10 ability="Second Wind"
2026/05/17 13:54:49 INFO database initialized path=/tmp/expedition-sim-484437468/gogobee.db
2026/05/17 13:54:49 INFO dnd: armed ability fired (turn-based build) user=@sim:fighter-l7-forest_shadows-4 ability="Second Wind"
2026/05/17 13:54:49 INFO dnd: armed ability fired (turn-based build) user=@sim:fighter-l7-dragons_lair-10 ability="Second Wind"
2026/05/17 13:54:49 INFO dnd: armed ability fired (turn-based build) user=@sim:fighter-l7-goblin_warrens-9 ability="Second Wind"
2026/05/17 13:54:49 INFO dnd: armed ability fired (turn-based build) user=@sim:fighter-l7-forest_shadows-4 ability="Second Wind"
2026/05/17 13:54:49 INFO dnd: armed ability fired (turn-based build) user=@sim:fighter-l7-dragons_lair-10 ability="Second Wind"
2026/05/17 13:54:49 INFO dnd: armed ability fired (turn-based build) user=@sim:fighter-l7-goblin_warrens-9 ability="Second Wind"
2026/05/17 13:54:49 INFO dnd: armed ability fired (turn-based build) user=@sim:fighter-l7-goblin_warrens-9 ability="Second Wind"
2026/05/17 13:54:49 INFO database initialized path=/tmp/expedition-sim-599258819/gogobee.db
2026/05/17 13:54:49 INFO dnd: armed ability fired (turn-based build) user=@sim:fighter-l12-forest_shadows-6 ability="Second Wind"
2026/05/17 13:54:49 INFO dnd: armed ability fired (turn-based build) user=@sim:fighter-l12-forest_shadows-6 ability="Second Wind"
2026/05/17 13:54:49 INFO dnd: armed ability fired (turn-based build) user=@sim:fighter-l12-forest_shadows-6 ability="Second Wind"
2026/05/17 13:54:49 INFO database initialized path=/tmp/expedition-sim-1419525267/gogobee.db
2026/05/17 13:54:49 INFO database initialized path=/tmp/expedition-sim-185815322/gogobee.db
2026/05/17 13:54:49 INFO dnd: armed ability fired (turn-based build) user=@sim:fighter-l3-manor_blackspire-12 ability="Second Wind"
2026/05/17 13:54:49 INFO dnd: armed ability fired (turn-based build) user=@sim:fighter-l3-manor_blackspire-12 ability="Second Wind"
2026/05/17 13:54:49 INFO dnd: armed ability fired (turn-based build) user=@sim:fighter-l3-manor_blackspire-12 ability="Second Wind"
2026/05/17 13:54:49 INFO database initialized path=/tmp/expedition-sim-2725340643/gogobee.db
2026/05/17 13:54:49 INFO dnd: armed ability fired (turn-based build) user=@sim:fighter-l12-manor_blackspire-6 ability="Second Wind"
2026/05/17 13:54:49 INFO dnd: armed ability fired (turn-based build) user=@sim:fighter-l12-manor_blackspire-6 ability="Second Wind"
2026/05/17 13:54:49 INFO dnd: armed ability fired (turn-based build) user=@sim:fighter-l12-manor_blackspire-6 ability="Second Wind"
2026/05/17 13:54:49 INFO database initialized path=/tmp/expedition-sim-2528478281/gogobee.db
2026/05/17 13:54:49 INFO database initialized path=/tmp/expedition-sim-993026778/gogobee.db
2026/05/17 13:54:49 INFO dnd: armed ability fired (turn-based build) user=@sim:fighter-l7-manor_blackspire-10 ability="Second Wind"
2026/05/17 13:54:49 INFO dnd: armed ability fired (turn-based build) user=@sim:fighter-l7-manor_blackspire-10 ability="Second Wind"
2026/05/17 13:54:49 INFO dnd: armed ability fired (turn-based build) user=@sim:fighter-l7-manor_blackspire-10 ability="Second Wind"
2026/05/17 13:54:49 INFO database initialized path=/tmp/expedition-sim-3907231511/gogobee.db
2026/05/17 13:54:49 INFO dnd: armed ability fired (turn-based build) user=@sim:fighter-l3-forest_shadows-1 ability="Second Wind"
2026/05/17 13:54:49 INFO database initialized path=/tmp/expedition-sim-1614527359/gogobee.db
2026/05/17 13:54:49 INFO dnd: armed ability fired (turn-based build) user=@sim:fighter-l3-forest_shadows-1 ability="Second Wind"
2026/05/17 13:54:49 INFO dnd: armed ability fired (turn-based build) user=@sim:fighter-l3-forest_shadows-1 ability="Second Wind"
2026/05/17 13:54:49 INFO dnd: armed ability fired (turn-based build) user=@sim:fighter-l3-goblin_warrens-8 ability="Second Wind"
2026/05/17 13:54:49 INFO database initialized path=/tmp/expedition-sim-113665318/gogobee.db
2026/05/17 13:54:49 INFO database initialized path=/tmp/expedition-sim-3190841202/gogobee.db
2026/05/17 13:54:49 INFO dnd: armed ability fired (turn-based build) user=@sim:fighter-l12-goblin_warrens-7 ability="Second Wind"
2026/05/17 13:54:49 INFO dnd: armed ability fired (turn-based build) user=@sim:fighter-l3-goblin_warrens-8 ability="Second Wind"
2026/05/17 13:54:49 INFO dnd: armed ability fired (turn-based build) user=@sim:fighter-l12-goblin_warrens-7 ability="Second Wind"
2026/05/17 13:54:49 INFO dnd: armed ability fired (turn-based build) user=@sim:fighter-l7-dragons_lair-11 ability="Second Wind"
2026/05/17 13:54:49 INFO dnd: armed ability fired (turn-based build) user=@sim:fighter-l12-goblin_warrens-7 ability="Second Wind"
2026/05/17 13:54:49 INFO dnd: armed ability fired (turn-based build) user=@sim:fighter-l7-dragons_lair-11 ability="Second Wind"
2026/05/17 13:54:49 INFO dnd: armed ability fired (turn-based build) user=@sim:fighter-l7-dragons_lair-11 ability="Second Wind"
2026/05/17 13:54:49 INFO dnd: armed ability fired (turn-based build) user=@sim:fighter-l3-goblin_warrens-8 ability="Second Wind"
2026/05/17 13:54:49 INFO database initialized path=/tmp/expedition-sim-1716080887/gogobee.db
2026/05/17 13:54:50 INFO database initialized path=/tmp/expedition-sim-751445931/gogobee.db
2026/05/17 13:54:50 INFO database initialized path=/tmp/expedition-sim-727837210/gogobee.db
2026/05/17 13:54:50 INFO dnd: armed ability fired (turn-based build) user=@sim:fighter-l7-goblin_warrens-10 ability="Second Wind"
2026/05/17 13:54:50 INFO dnd: armed ability fired (turn-based build) user=@sim:fighter-l7-goblin_warrens-10 ability="Second Wind"
2026/05/17 13:54:50 INFO dnd: armed ability fired (turn-based build) user=@sim:fighter-l7-forest_shadows-5 ability="Second Wind"
2026/05/17 13:54:50 INFO database initialized path=/tmp/expedition-sim-3554797091/gogobee.db
2026/05/17 13:54:50 INFO dnd: armed ability fired (turn-based build) user=@sim:fighter-l7-forest_shadows-5 ability="Second Wind"
2026/05/17 13:54:50 INFO dnd: armed ability fired (turn-based build) user=@sim:fighter-l7-goblin_warrens-10 ability="Second Wind"
2026/05/17 13:54:50 INFO dnd: armed ability fired (turn-based build) user=@sim:fighter-l7-forest_shadows-5 ability="Second Wind"
2026/05/17 13:54:50 INFO database initialized path=/tmp/expedition-sim-148723406/gogobee.db
2026/05/17 13:54:50 INFO dnd: armed ability fired (turn-based build) user=@sim:fighter-l12-forest_shadows-7 ability="Second Wind"
2026/05/17 13:54:50 INFO database initialized path=/tmp/expedition-sim-2518115457/gogobee.db
2026/05/17 13:54:50 INFO dnd: armed ability fired (turn-based build) user=@sim:fighter-l3-manor_blackspire-13 ability="Second Wind"
2026/05/17 13:54:50 INFO database initialized path=/tmp/expedition-sim-3440047248/gogobee.db
2026/05/17 13:54:50 INFO dnd: armed ability fired (turn-based build) user=@sim:fighter-l7-manor_blackspire-11 ability="Second Wind"
2026/05/17 13:54:50 INFO dnd: armed ability fired (turn-based build) user=@sim:fighter-l12-forest_shadows-7 ability="Second Wind"
2026/05/17 13:54:50 INFO dnd: armed ability fired (turn-based build) user=@sim:fighter-l7-manor_blackspire-11 ability="Second Wind"
2026/05/17 13:54:50 INFO dnd: armed ability fired (turn-based build) user=@sim:fighter-l12-forest_shadows-7 ability="Second Wind"
2026/05/17 13:54:50 INFO dnd: armed ability fired (turn-based build) user=@sim:fighter-l7-manor_blackspire-11 ability="Second Wind"
2026/05/17 13:54:50 INFO dnd: armed ability fired (turn-based build) user=@sim:fighter-l3-manor_blackspire-13 ability="Second Wind"
2026/05/17 13:54:50 INFO dnd: armed ability fired (turn-based build) user=@sim:fighter-l3-manor_blackspire-13 ability="Second Wind"
2026/05/17 13:54:50 INFO database initialized path=/tmp/expedition-sim-808046720/gogobee.db
2026/05/17 13:54:50 INFO dnd: armed ability fired (turn-based build) user=@sim:fighter-l12-manor_blackspire-7 ability="Second Wind"
2026/05/17 13:54:50 INFO dnd: armed ability fired (turn-based build) user=@sim:fighter-l12-manor_blackspire-7 ability="Second Wind"
2026/05/17 13:54:50 INFO dnd: armed ability fired (turn-based build) user=@sim:fighter-l12-manor_blackspire-7 ability="Second Wind"
2026/05/17 13:54:50 INFO database initialized path=/tmp/expedition-sim-718547382/gogobee.db
2026/05/17 13:54:50 INFO database initialized path=/tmp/expedition-sim-236240326/gogobee.db
2026/05/17 13:54:50 INFO dnd: armed ability fired (turn-based build) user=@sim:fighter-l12-goblin_warrens-8 ability="Second Wind"
2026/05/17 13:54:50 INFO dnd: armed ability fired (turn-based build) user=@sim:fighter-l12-goblin_warrens-8 ability="Second Wind"
2026/05/17 13:54:50 INFO dnd: armed ability fired (turn-based build) user=@sim:fighter-l12-goblin_warrens-8 ability="Second Wind"
2026/05/17 13:54:50 INFO database initialized path=/tmp/expedition-sim-1901728537/gogobee.db
2026/05/17 13:54:50 INFO database initialized path=/tmp/expedition-sim-2707383231/gogobee.db
2026/05/17 13:54:50 INFO dnd: armed ability fired (turn-based build) user=@sim:fighter-l7-dragons_lair-12 ability="Second Wind"
2026/05/17 13:54:50 INFO dnd: armed ability fired (turn-based build) user=@sim:fighter-l7-dragons_lair-12 ability="Second Wind"
2026/05/17 13:54:50 INFO database initialized path=/tmp/expedition-sim-1069490993/gogobee.db
2026/05/17 13:54:50 INFO dnd: armed ability fired (turn-based build) user=@sim:fighter-l7-dragons_lair-12 ability="Second Wind"
2026/05/17 13:54:50 INFO dnd: armed ability fired (turn-based build) user=@sim:fighter-l3-goblin_warrens-9 ability="Second Wind"
2026/05/17 13:54:50 INFO dnd: armed ability fired (turn-based build) user=@sim:fighter-l3-goblin_warrens-9 ability="Second Wind"
2026/05/17 13:54:50 INFO dnd: armed ability fired (turn-based build) user=@sim:fighter-l3-goblin_warrens-9 ability="Second Wind"
2026/05/17 13:54:50 INFO database initialized path=/tmp/expedition-sim-3963271665/gogobee.db
2026/05/17 13:54:50 INFO database initialized path=/tmp/expedition-sim-1806610328/gogobee.db
2026/05/17 13:54:50 INFO dnd: armed ability fired (turn-based build) user=@sim:fighter-l7-goblin_warrens-11 ability="Second Wind"
2026/05/17 13:54:50 INFO dnd: armed ability fired (turn-based build) user=@sim:fighter-l7-goblin_warrens-11 ability="Second Wind"
2026/05/17 13:54:50 INFO dnd: armed ability fired (turn-based build) user=@sim:fighter-l7-manor_blackspire-12 ability="Second Wind"
2026/05/17 13:54:50 INFO dnd: armed ability fired (turn-based build) user=@sim:fighter-l7-goblin_warrens-11 ability="Second Wind"
2026/05/17 13:54:50 INFO dnd: armed ability fired (turn-based build) user=@sim:fighter-l7-manor_blackspire-12 ability="Second Wind"
2026/05/17 13:54:50 INFO dnd: armed ability fired (turn-based build) user=@sim:fighter-l7-manor_blackspire-12 ability="Second Wind"
2026/05/17 13:54:50 INFO database initialized path=/tmp/expedition-sim-2637050936/gogobee.db
2026/05/17 13:54:50 INFO dnd: armed ability fired (turn-based build) user=@sim:fighter-l3-manor_blackspire-14 ability="Second Wind"
2026/05/17 13:54:50 INFO database initialized path=/tmp/expedition-sim-3520797571/gogobee.db
2026/05/17 13:54:50 INFO dnd: armed ability fired (turn-based build) user=@sim:fighter-l3-manor_blackspire-14 ability="Second Wind"
2026/05/17 13:54:50 INFO dnd: armed ability fired (turn-based build) user=@sim:fighter-l7-forest_shadows-6 ability="Second Wind"
2026/05/17 13:54:50 INFO dnd: armed ability fired (turn-based build) user=@sim:fighter-l3-manor_blackspire-14 ability="Second Wind"
2026/05/17 13:54:50 INFO database initialized path=/tmp/expedition-sim-1536350946/gogobee.db
2026/05/17 13:54:50 INFO dnd: armed ability fired (turn-based build) user=@sim:fighter-l7-forest_shadows-6 ability="Second Wind"
2026/05/17 13:54:50 INFO dnd: armed ability fired (turn-based build) user=@sim:fighter-l12-underdark-9 ability="Second Wind"
2026/05/17 13:54:50 INFO dnd: armed ability fired (turn-based build) user=@sim:fighter-l7-forest_shadows-6 ability="Second Wind"
2026/05/17 13:54:50 INFO dnd: armed ability fired (turn-based build) user=@sim:fighter-l12-underdark-9 ability="Second Wind"
2026/05/17 13:54:50 INFO dnd: armed ability fired (turn-based build) user=@sim:fighter-l12-underdark-9 ability="Second Wind"
2026/05/17 13:54:50 INFO database initialized path=/tmp/expedition-sim-980063207/gogobee.db
2026/05/17 13:54:50 INFO database initialized path=/tmp/expedition-sim-3572636452/gogobee.db
2026/05/17 13:54:50 INFO database initialized path=/tmp/expedition-sim-570100758/gogobee.db
2026/05/17 13:54:50 INFO dnd: armed ability fired (turn-based build) user=@sim:fighter-l12-manor_blackspire-8 ability="Second Wind"
2026/05/17 13:54:50 INFO database initialized path=/tmp/expedition-sim-4147573301/gogobee.db
2026/05/17 13:54:50 INFO dnd: armed ability fired (turn-based build) user=@sim:fighter-l12-manor_blackspire-8 ability="Second Wind"
2026/05/17 13:54:50 INFO dnd: armed ability fired (turn-based build) user=@sim:fighter-l12-goblin_warrens-9 ability="Second Wind"
2026/05/17 13:54:50 INFO dnd: armed ability fired (turn-based build) user=@sim:fighter-l12-manor_blackspire-8 ability="Second Wind"
2026/05/17 13:54:50 INFO dnd: armed ability fired (turn-based build) user=@sim:fighter-l12-goblin_warrens-9 ability="Second Wind"
2026/05/17 13:54:50 INFO dnd: armed ability fired (turn-based build) user=@sim:fighter-l12-goblin_warrens-9 ability="Second Wind"
2026/05/17 13:54:50 INFO database initialized path=/tmp/expedition-sim-3606452454/gogobee.db
2026/05/17 13:54:50 INFO database initialized path=/tmp/expedition-sim-2447076947/gogobee.db
2026/05/17 13:54:50 INFO dnd: armed ability fired (turn-based build) user=@sim:fighter-l3-goblin_warrens-10 ability="Second Wind"
2026/05/17 13:54:50 INFO dnd: armed ability fired (turn-based build) user=@sim:fighter-l3-goblin_warrens-10 ability="Second Wind"
2026/05/17 13:54:50 INFO dnd: armed ability fired (turn-based build) user=@sim:fighter-l7-manor_blackspire-13 ability="Second Wind"
2026/05/17 13:54:50 INFO database initialized path=/tmp/expedition-sim-2438060764/gogobee.db
2026/05/17 13:54:50 INFO dnd: armed ability fired (turn-based build) user=@sim:fighter-l7-manor_blackspire-13 ability="Second Wind"
2026/05/17 13:54:50 INFO dnd: armed ability fired (turn-based build) user=@sim:fighter-l3-goblin_warrens-10 ability="Second Wind"
2026/05/17 13:54:50 INFO dnd: armed ability fired (turn-based build) user=@sim:fighter-l7-manor_blackspire-13 ability="Second Wind"
2026/05/17 13:54:50 INFO dnd: armed ability fired (turn-based build) user=@sim:fighter-l3-manor_blackspire-15 ability="Second Wind"
2026/05/17 13:54:50 INFO database initialized path=/tmp/expedition-sim-4182335993/gogobee.db
2026/05/17 13:54:50 INFO dnd: armed ability fired (turn-based build) user=@sim:fighter-l3-manor_blackspire-15 ability="Second Wind"
2026/05/17 13:54:50 INFO dnd: armed ability fired (turn-based build) user=@sim:fighter-l3-forest_shadows-2 ability="Second Wind"
2026/05/17 13:54:50 INFO database initialized path=/tmp/expedition-sim-995123832/gogobee.db
2026/05/17 13:54:50 INFO dnd: armed ability fired (turn-based build) user=@sim:fighter-l3-forest_shadows-2 ability="Second Wind"
2026/05/17 13:54:50 INFO dnd: armed ability fired (turn-based build) user=@sim:fighter-l3-manor_blackspire-15 ability="Second Wind"
2026/05/17 13:54:50 INFO database initialized path=/tmp/expedition-sim-3422510251/gogobee.db
2026/05/17 13:54:50 INFO dnd: armed ability fired (turn-based build) user=@sim:fighter-l7-dragons_lair-13 ability="Second Wind"
2026/05/17 13:54:50 INFO dnd: armed ability fired (turn-based build) user=@sim:fighter-l7-dragons_lair-13 ability="Second Wind"
2026/05/17 13:54:50 INFO dnd: armed ability fired (turn-based build) user=@sim:fighter-l3-forest_shadows-2 ability="Second Wind"
2026/05/17 13:54:50 INFO dnd: armed ability fired (turn-based build) user=@sim:fighter-l7-dragons_lair-13 ability="Second Wind"
2026/05/17 13:54:50 INFO dnd: armed ability fired (turn-based build) user=@sim:fighter-l7-goblin_warrens-12 ability="Second Wind"
2026/05/17 13:54:50 INFO database initialized path=/tmp/expedition-sim-2589483920/gogobee.db
2026/05/17 13:54:50 INFO dnd: armed ability fired (turn-based build) user=@sim:fighter-l7-goblin_warrens-12 ability="Second Wind"
2026/05/17 13:54:50 INFO dnd: armed ability fired (turn-based build) user=@sim:fighter-l7-goblin_warrens-12 ability="Second Wind"
2026/05/17 13:54:50 INFO database initialized path=/tmp/expedition-sim-1162042969/gogobee.db
2026/05/17 13:54:50 INFO dnd: armed ability fired (turn-based build) user=@sim:fighter-l12-underdark-10 ability="Second Wind"
2026/05/17 13:54:50 INFO dnd: armed ability fired (turn-based build) user=@sim:fighter-l12-underdark-10 ability="Second Wind"
2026/05/17 13:54:50 INFO dnd: armed ability fired (turn-based build) user=@sim:fighter-l12-underdark-10 ability="Second Wind"
2026/05/17 13:54:50 INFO database initialized path=/tmp/expedition-sim-771267716/gogobee.db
2026/05/17 13:54:50 INFO database initialized path=/tmp/expedition-sim-3912609835/gogobee.db
2026/05/17 13:54:50 INFO dnd: armed ability fired (turn-based build) user=@sim:fighter-l12-goblin_warrens-10 ability="Second Wind"
2026/05/17 13:54:50 INFO dnd: armed ability fired (turn-based build) user=@sim:fighter-l7-forest_shadows-7 ability="Second Wind"
2026/05/17 13:54:50 INFO database initialized path=/tmp/expedition-sim-1450486957/gogobee.db
2026/05/17 13:54:50 INFO dnd: armed ability fired (turn-based build) user=@sim:fighter-l12-goblin_warrens-10 ability="Second Wind"
2026/05/17 13:54:50 INFO dnd: armed ability fired (turn-based build) user=@sim:fighter-l7-forest_shadows-7 ability="Second Wind"
2026/05/17 13:54:50 INFO dnd: armed ability fired (turn-based build) user=@sim:fighter-l12-goblin_warrens-10 ability="Second Wind"
2026/05/17 13:54:50 INFO dnd: armed ability fired (turn-based build) user=@sim:fighter-l7-forest_shadows-7 ability="Second Wind"
2026/05/17 13:54:50 INFO database initialized path=/tmp/expedition-sim-1873873480/gogobee.db
2026/05/17 13:54:50 INFO dnd: armed ability fired (turn-based build) user=@sim:fighter-l12-forest_shadows-8 ability="Second Wind"
2026/05/17 13:54:50 INFO dnd: armed ability fired (turn-based build) user=@sim:fighter-l12-forest_shadows-8 ability="Second Wind"
2026/05/17 13:54:50 INFO dnd: armed ability fired (turn-based build) user=@sim:fighter-l12-forest_shadows-8 ability="Second Wind"
2026/05/17 13:54:50 INFO database initialized path=/tmp/expedition-sim-1162487365/gogobee.db
2026/05/17 13:54:50 INFO dnd: armed ability fired (turn-based build) user=@sim:fighter-l12-manor_blackspire-9 ability="Second Wind"
2026/05/17 13:54:50 INFO dnd: armed ability fired (turn-based build) user=@sim:fighter-l12-manor_blackspire-9 ability="Second Wind"
2026/05/17 13:54:50 INFO dnd: armed ability fired (turn-based build) user=@sim:fighter-l12-manor_blackspire-9 ability="Second Wind"
2026/05/17 13:54:50 INFO database initialized path=/tmp/expedition-sim-413704142/gogobee.db
2026/05/17 13:54:50 INFO dnd: armed ability fired (turn-based build) user=@sim:fighter-l3-goblin_warrens-11 ability="Second Wind"
2026/05/17 13:54:50 INFO dnd: armed ability fired (turn-based build) user=@sim:fighter-l3-goblin_warrens-11 ability="Second Wind"
2026/05/17 13:54:50 INFO dnd: armed ability fired (turn-based build) user=@sim:fighter-l3-goblin_warrens-11 ability="Second Wind"
2026/05/17 13:54:50 INFO database initialized path=/tmp/expedition-sim-2020077305/gogobee.db
2026/05/17 13:54:50 INFO database initialized path=/tmp/expedition-sim-117328061/gogobee.db
2026/05/17 13:54:50 INFO dnd: armed ability fired (turn-based build) user=@sim:fighter-l7-dragons_lair-14 ability="Second Wind"
2026/05/17 13:54:50 INFO dnd: armed ability fired (turn-based build) user=@sim:fighter-l7-dragons_lair-14 ability="Second Wind"
2026/05/17 13:54:50 INFO database initialized path=/tmp/expedition-sim-2981929051/gogobee.db
2026/05/17 13:54:50 INFO dnd: armed ability fired (turn-based build) user=@sim:fighter-l7-dragons_lair-14 ability="Second Wind"
2026/05/17 13:54:50 INFO dnd: armed ability fired (turn-based build) user=@sim:fighter-l7-manor_blackspire-14 ability="Second Wind"
2026/05/17 13:54:50 INFO dnd: armed ability fired (turn-based build) user=@sim:fighter-l7-manor_blackspire-14 ability="Second Wind"
2026/05/17 13:54:50 INFO dnd: armed ability fired (turn-based build) user=@sim:fighter-l7-manor_blackspire-14 ability="Second Wind"
2026/05/17 13:54:50 INFO database initialized path=/tmp/expedition-sim-884316558/gogobee.db
2026/05/17 13:54:50 INFO dnd: armed ability fired (turn-based build) user=@sim:fighter-l12-goblin_warrens-11 ability="Second Wind"
2026/05/17 13:54:50 INFO database initialized path=/tmp/expedition-sim-1457010176/gogobee.db
2026/05/17 13:54:50 INFO dnd: armed ability fired (turn-based build) user=@sim:fighter-l12-goblin_warrens-11 ability="Second Wind"
2026/05/17 13:54:50 INFO database initialized path=/tmp/expedition-sim-1431599842/gogobee.db
2026/05/17 13:54:50 INFO dnd: armed ability fired (turn-based build) user=@sim:fighter-l3-manor_blackspire-16 ability="Second Wind"
2026/05/17 13:54:50 INFO dnd: armed ability fired (turn-based build) user=@sim:fighter-l12-goblin_warrens-11 ability="Second Wind"
2026/05/17 13:54:50 INFO dnd: armed ability fired (turn-based build) user=@sim:fighter-l7-goblin_warrens-13 ability="Second Wind"
2026/05/17 13:54:50 INFO dnd: armed ability fired (turn-based build) user=@sim:fighter-l3-manor_blackspire-16 ability="Second Wind"
2026/05/17 13:54:50 INFO dnd: armed ability fired (turn-based build) user=@sim:fighter-l7-goblin_warrens-13 ability="Second Wind"
2026/05/17 13:54:50 INFO dnd: armed ability fired (turn-based build) user=@sim:fighter-l3-manor_blackspire-16 ability="Second Wind"
2026/05/17 13:54:50 INFO dnd: armed ability fired (turn-based build) user=@sim:fighter-l7-goblin_warrens-13 ability="Second Wind"
2026/05/17 13:54:50 INFO database initialized path=/tmp/expedition-sim-1397912442/gogobee.db
2026/05/17 13:54:50 INFO dnd: armed ability fired (turn-based build) user=@sim:fighter-l12-underdark-11 ability="Second Wind"
2026/05/17 13:54:50 INFO dnd: armed ability fired (turn-based build) user=@sim:fighter-l12-underdark-11 ability="Second Wind"
2026/05/17 13:54:50 INFO dnd: armed ability fired (turn-based build) user=@sim:fighter-l12-underdark-11 ability="Second Wind"
2026/05/17 13:54:51 INFO database initialized path=/tmp/expedition-sim-805312953/gogobee.db
2026/05/17 13:54:51 INFO database initialized path=/tmp/expedition-sim-3652496240/gogobee.db
2026/05/17 13:54:51 INFO dnd: armed ability fired (turn-based build) user=@sim:fighter-l7-forest_shadows-8 ability="Second Wind"
2026/05/17 13:54:51 INFO database initialized path=/tmp/expedition-sim-3093769111/gogobee.db
2026/05/17 13:54:51 INFO dnd: armed ability fired (turn-based build) user=@sim:fighter-l7-forest_shadows-8 ability="Second Wind"
2026/05/17 13:54:51 INFO dnd: armed ability fired (turn-based build) user=@sim:fighter-l3-goblin_warrens-12 ability="Second Wind"
2026/05/17 13:54:51 INFO database initialized path=/tmp/expedition-sim-477537733/gogobee.db
2026/05/17 13:54:51 INFO dnd: armed ability fired (turn-based build) user=@sim:fighter-l7-forest_shadows-8 ability="Second Wind"
2026/05/17 13:54:51 INFO dnd: armed ability fired (turn-based build) user=@sim:fighter-l3-goblin_warrens-12 ability="Second Wind"
2026/05/17 13:54:51 INFO database initialized path=/tmp/expedition-sim-556588448/gogobee.db
2026/05/17 13:54:51 INFO dnd: armed ability fired (turn-based build) user=@sim:fighter-l3-goblin_warrens-12 ability="Second Wind"
2026/05/17 13:54:51 INFO dnd: armed ability fired (turn-based build) user=@sim:fighter-l3-forest_shadows-3 ability="Second Wind"
2026/05/17 13:54:51 INFO dnd: armed ability fired (turn-based build) user=@sim:fighter-l7-manor_blackspire-15 ability="Second Wind"
2026/05/17 13:54:51 INFO dnd: armed ability fired (turn-based build) user=@sim:fighter-l3-forest_shadows-3 ability="Second Wind"
2026/05/17 13:54:51 INFO database initialized path=/tmp/expedition-sim-803478984/gogobee.db
2026/05/17 13:54:51 INFO dnd: armed ability fired (turn-based build) user=@sim:fighter-l7-manor_blackspire-15 ability="Second Wind"
2026/05/17 13:54:51 INFO dnd: armed ability fired (turn-based build) user=@sim:fighter-l3-forest_shadows-3 ability="Second Wind"
2026/05/17 13:54:51 INFO dnd: armed ability fired (turn-based build) user=@sim:fighter-l7-underdark-0 ability="Second Wind"
2026/05/17 13:54:51 INFO database initialized path=/tmp/expedition-sim-4057309092/gogobee.db
2026/05/17 13:54:51 INFO dnd: armed ability fired (turn-based build) user=@sim:fighter-l7-underdark-0 ability="Second Wind"
2026/05/17 13:54:51 INFO database initialized path=/tmp/expedition-sim-1285782215/gogobee.db
2026/05/17 13:54:51 INFO dnd: armed ability fired (turn-based build) user=@sim:fighter-l7-manor_blackspire-15 ability="Second Wind"
2026/05/17 13:54:51 INFO dnd: armed ability fired (turn-based build) user=@sim:fighter-l7-underdark-0 ability="Second Wind"
2026/05/17 13:54:51 INFO dnd: armed ability fired (turn-based build) user=@sim:fighter-l12-manor_blackspire-10 ability="Second Wind"
2026/05/17 13:54:51 INFO dnd: armed ability fired (turn-based build) user=@sim:fighter-l12-manor_blackspire-10 ability="Second Wind"
2026/05/17 13:54:51 INFO dnd: armed ability fired (turn-based build) user=@sim:fighter-l12-manor_blackspire-10 ability="Second Wind"
2026/05/17 13:54:51 INFO database initialized path=/tmp/expedition-sim-2912392556/gogobee.db
2026/05/17 13:54:51 INFO database initialized path=/tmp/expedition-sim-685341399/gogobee.db
2026/05/17 13:54:51 INFO dnd: armed ability fired (turn-based build) user=@sim:fighter-l7-dragons_lair-15 ability="Second Wind"
2026/05/17 13:54:51 INFO dnd: armed ability fired (turn-based build) user=@sim:fighter-l12-goblin_warrens-12 ability="Second Wind"
2026/05/17 13:54:51 INFO dnd: armed ability fired (turn-based build) user=@sim:fighter-l7-dragons_lair-15 ability="Second Wind"
2026/05/17 13:54:51 INFO dnd: armed ability fired (turn-based build) user=@sim:fighter-l12-goblin_warrens-12 ability="Second Wind"
2026/05/17 13:54:51 INFO dnd: armed ability fired (turn-based build) user=@sim:fighter-l7-dragons_lair-15 ability="Second Wind"
2026/05/17 13:54:51 INFO dnd: armed ability fired (turn-based build) user=@sim:fighter-l12-goblin_warrens-12 ability="Second Wind"
2026/05/17 13:54:51 INFO database initialized path=/tmp/expedition-sim-1318342385/gogobee.db
2026/05/17 13:54:51 INFO dnd: armed ability fired (turn-based build) user=@sim:fighter-l3-manor_blackspire-17 ability="Second Wind"
2026/05/17 13:54:51 INFO dnd: armed ability fired (turn-based build) user=@sim:fighter-l3-manor_blackspire-17 ability="Second Wind"
2026/05/17 13:54:51 INFO dnd: armed ability fired (turn-based build) user=@sim:fighter-l3-manor_blackspire-17 ability="Second Wind"
2026/05/17 13:54:51 INFO database initialized path=/tmp/expedition-sim-3915860047/gogobee.db
2026/05/17 13:54:51 INFO dnd: armed ability fired (turn-based build) user=@sim:fighter-l12-underdark-12 ability="Second Wind"
2026/05/17 13:54:51 INFO dnd: armed ability fired (turn-based build) user=@sim:fighter-l12-underdark-12 ability="Second Wind"
2026/05/17 13:54:51 INFO dnd: armed ability fired (turn-based build) user=@sim:fighter-l12-underdark-12 ability="Second Wind"
2026/05/17 13:54:51 INFO database initialized path=/tmp/expedition-sim-3373727517/gogobee.db
2026/05/17 13:54:51 INFO dnd: armed ability fired (turn-based build) user=@sim:fighter-l7-goblin_warrens-14 ability="Second Wind"
2026/05/17 13:54:51 INFO dnd: armed ability fired (turn-based build) user=@sim:fighter-l7-goblin_warrens-14 ability="Second Wind"
2026/05/17 13:54:51 INFO database initialized path=/tmp/expedition-sim-2340769019/gogobee.db
2026/05/17 13:54:51 INFO dnd: armed ability fired (turn-based build) user=@sim:fighter-l7-goblin_warrens-14 ability="Second Wind"
2026/05/17 13:54:51 INFO database initialized path=/tmp/expedition-sim-3373625617/gogobee.db
2026/05/17 13:54:51 INFO dnd: armed ability fired (turn-based build) user=@sim:fighter-l12-forest_shadows-9 ability="Second Wind"
2026/05/17 13:54:51 INFO dnd: armed ability fired (turn-based build) user=@sim:fighter-l12-forest_shadows-9 ability="Second Wind"
2026/05/17 13:54:51 INFO dnd: armed ability fired (turn-based build) user=@sim:fighter-l12-forest_shadows-9 ability="Second Wind"
2026/05/17 13:54:51 INFO database initialized path=/tmp/expedition-sim-825380501/gogobee.db
2026/05/17 13:54:51 INFO database initialized path=/tmp/expedition-sim-1356443764/gogobee.db
2026/05/17 13:54:51 INFO database initialized path=/tmp/expedition-sim-1273286117/gogobee.db
2026/05/17 13:54:51 INFO dnd: armed ability fired (turn-based build) user=@sim:fighter-l12-goblin_warrens-13 ability="Second Wind"
2026/05/17 13:54:51 INFO dnd: armed ability fired (turn-based build) user=@sim:fighter-l7-forest_shadows-9 ability="Second Wind"
2026/05/17 13:54:51 INFO dnd: armed ability fired (turn-based build) user=@sim:fighter-l12-goblin_warrens-13 ability="Second Wind"
2026/05/17 13:54:51 INFO dnd: armed ability fired (turn-based build) user=@sim:fighter-l3-goblin_warrens-13 ability="Second Wind"
2026/05/17 13:54:51 INFO dnd: armed ability fired (turn-based build) user=@sim:fighter-l12-goblin_warrens-13 ability="Second Wind"
2026/05/17 13:54:51 INFO dnd: armed ability fired (turn-based build) user=@sim:fighter-l7-forest_shadows-9 ability="Second Wind"
2026/05/17 13:54:51 INFO dnd: armed ability fired (turn-based build) user=@sim:fighter-l3-goblin_warrens-13 ability="Second Wind"
2026/05/17 13:54:51 INFO dnd: armed ability fired (turn-based build) user=@sim:fighter-l7-forest_shadows-9 ability="Second Wind"
2026/05/17 13:54:51 INFO dnd: armed ability fired (turn-based build) user=@sim:fighter-l3-goblin_warrens-13 ability="Second Wind"
2026/05/17 13:54:51 INFO database initialized path=/tmp/expedition-sim-471469865/gogobee.db
2026/05/17 13:54:51 INFO database initialized path=/tmp/expedition-sim-1513512886/gogobee.db
2026/05/17 13:54:51 INFO dnd: armed ability fired (turn-based build) user=@sim:fighter-l12-manor_blackspire-11 ability="Second Wind"
2026/05/17 13:54:51 INFO dnd: armed ability fired (turn-based build) user=@sim:fighter-l7-manor_blackspire-16 ability="Second Wind"
2026/05/17 13:54:51 INFO dnd: armed ability fired (turn-based build) user=@sim:fighter-l12-manor_blackspire-11 ability="Second Wind"
2026/05/17 13:54:51 INFO dnd: armed ability fired (turn-based build) user=@sim:fighter-l7-manor_blackspire-16 ability="Second Wind"
2026/05/17 13:54:51 INFO dnd: armed ability fired (turn-based build) user=@sim:fighter-l12-manor_blackspire-11 ability="Second Wind"
2026/05/17 13:54:51 INFO dnd: armed ability fired (turn-based build) user=@sim:fighter-l7-manor_blackspire-16 ability="Second Wind"
2026/05/17 13:54:51 INFO database initialized path=/tmp/expedition-sim-2980295611/gogobee.db
2026/05/17 13:54:51 INFO database initialized path=/tmp/expedition-sim-1209270014/gogobee.db
2026/05/17 13:54:51 INFO database initialized path=/tmp/expedition-sim-3262413984/gogobee.db
2026/05/17 13:54:51 INFO dnd: armed ability fired (turn-based build) user=@sim:fighter-l7-goblin_warrens-15 ability="Second Wind"
2026/05/17 13:54:51 INFO database initialized path=/tmp/expedition-sim-52933081/gogobee.db
2026/05/17 13:54:51 INFO dnd: armed ability fired (turn-based build) user=@sim:fighter-l7-goblin_warrens-15 ability="Second Wind"
2026/05/17 13:54:51 INFO database initialized path=/tmp/expedition-sim-1336635529/gogobee.db
2026/05/17 13:54:51 INFO dnd: armed ability fired (turn-based build) user=@sim:fighter-l7-dragons_lair-16 ability="Second Wind"
2026/05/17 13:54:51 INFO dnd: armed ability fired (turn-based build) user=@sim:fighter-l7-goblin_warrens-15 ability="Second Wind"
2026/05/17 13:54:51 INFO dnd: armed ability fired (turn-based build) user=@sim:fighter-l7-underdark-1 ability="Second Wind"
2026/05/17 13:54:51 INFO dnd: armed ability fired (turn-based build) user=@sim:fighter-l7-dragons_lair-16 ability="Second Wind"
2026/05/17 13:54:51 INFO dnd: armed ability fired (turn-based build) user=@sim:fighter-l7-underdark-1 ability="Second Wind"
2026/05/17 13:54:51 INFO dnd: armed ability fired (turn-based build) user=@sim:fighter-l7-dragons_lair-16 ability="Second Wind"
2026/05/17 13:54:51 INFO dnd: armed ability fired (turn-based build) user=@sim:fighter-l7-underdark-1 ability="Second Wind"
2026/05/17 13:54:51 INFO database initialized path=/tmp/expedition-sim-4090084182/gogobee.db
2026/05/17 13:54:51 INFO dnd: armed ability fired (turn-based build) user=@sim:fighter-l3-manor_blackspire-18 ability="Second Wind"
2026/05/17 13:54:51 INFO dnd: armed ability fired (turn-based build) user=@sim:fighter-l3-manor_blackspire-18 ability="Second Wind"
2026/05/17 13:54:51 INFO dnd: armed ability fired (turn-based build) user=@sim:fighter-l3-manor_blackspire-18 ability="Second Wind"
2026/05/17 13:54:51 INFO database initialized path=/tmp/expedition-sim-2525021490/gogobee.db
2026/05/17 13:54:51 INFO database initialized path=/tmp/expedition-sim-3768109984/gogobee.db
2026/05/17 13:54:51 INFO dnd: armed ability fired (turn-based build) user=@sim:fighter-l3-forest_shadows-4 ability="Second Wind"
2026/05/17 13:54:51 INFO dnd: armed ability fired (turn-based build) user=@sim:fighter-l12-underdark-13 ability="Second Wind"
2026/05/17 13:54:51 INFO dnd: armed ability fired (turn-based build) user=@sim:fighter-l3-forest_shadows-4 ability="Second Wind"
2026/05/17 13:54:51 INFO dnd: armed ability fired (turn-based build) user=@sim:fighter-l12-underdark-13 ability="Second Wind"
2026/05/17 13:54:51 INFO dnd: armed ability fired (turn-based build) user=@sim:fighter-l12-underdark-13 ability="Second Wind"
2026/05/17 13:54:51 INFO dnd: armed ability fired (turn-based build) user=@sim:fighter-l3-forest_shadows-4 ability="Second Wind"
2026/05/17 13:54:51 INFO database initialized path=/tmp/expedition-sim-597483861/gogobee.db
2026/05/17 13:54:51 INFO database initialized path=/tmp/expedition-sim-2485472973/gogobee.db
2026/05/17 13:54:51 INFO dnd: armed ability fired (turn-based build) user=@sim:fighter-l12-forest_shadows-10 ability="Second Wind"
2026/05/17 13:54:51 INFO database initialized path=/tmp/expedition-sim-3176715780/gogobee.db
2026/05/17 13:54:51 INFO database initialized path=/tmp/expedition-sim-413473799/gogobee.db
2026/05/17 13:54:51 INFO dnd: armed ability fired (turn-based build) user=@sim:fighter-l12-forest_shadows-10 ability="Second Wind"
2026/05/17 13:54:51 INFO dnd: armed ability fired (turn-based build) user=@sim:fighter-l12-goblin_warrens-14 ability="Second Wind"
2026/05/17 13:54:51 INFO dnd: armed ability fired (turn-based build) user=@sim:fighter-l12-forest_shadows-10 ability="Second Wind"
2026/05/17 13:54:51 INFO dnd: armed ability fired (turn-based build) user=@sim:fighter-l12-goblin_warrens-14 ability="Second Wind"
2026/05/17 13:54:51 INFO dnd: armed ability fired (turn-based build) user=@sim:fighter-l12-goblin_warrens-14 ability="Second Wind"
2026/05/17 13:54:51 INFO database initialized path=/tmp/expedition-sim-3146399251/gogobee.db
2026/05/17 13:54:51 INFO dnd: armed ability fired (turn-based build) user=@sim:fighter-l7-manor_blackspire-17 ability="Second Wind"
2026/05/17 13:54:51 INFO dnd: armed ability fired (turn-based build) user=@sim:fighter-l7-manor_blackspire-17 ability="Second Wind"
2026/05/17 13:54:51 INFO dnd: armed ability fired (turn-based build) user=@sim:fighter-l7-manor_blackspire-17 ability="Second Wind"
2026/05/17 13:54:51 INFO database initialized path=/tmp/expedition-sim-2746574466/gogobee.db
2026/05/17 13:54:51 INFO database initialized path=/tmp/expedition-sim-1917881267/gogobee.db
2026/05/17 13:54:51 INFO dnd: armed ability fired (turn-based build) user=@sim:fighter-l7-underdark-2 ability="Second Wind"
2026/05/17 13:54:51 INFO dnd: armed ability fired (turn-based build) user=@sim:fighter-l7-forest_shadows-10 ability="Second Wind"
2026/05/17 13:54:51 INFO dnd: armed ability fired (turn-based build) user=@sim:fighter-l7-underdark-2 ability="Second Wind"
2026/05/17 13:54:51 INFO dnd: armed ability fired (turn-based build) user=@sim:fighter-l7-underdark-2 ability="Second Wind"
2026/05/17 13:54:51 INFO dnd: armed ability fired (turn-based build) user=@sim:fighter-l7-forest_shadows-10 ability="Second Wind"
2026/05/17 13:54:51 INFO dnd: armed ability fired (turn-based build) user=@sim:fighter-l7-forest_shadows-10 ability="Second Wind"
2026/05/17 13:54:51 INFO database initialized path=/tmp/expedition-sim-3047510032/gogobee.db
2026/05/17 13:54:51 INFO database initialized path=/tmp/expedition-sim-3122160023/gogobee.db
2026/05/17 13:54:51 INFO dnd: armed ability fired (turn-based build) user=@sim:fighter-l3-goblin_warrens-14 ability="Second Wind"
2026/05/17 13:54:51 INFO dnd: armed ability fired (turn-based build) user=@sim:fighter-l3-goblin_warrens-14 ability="Second Wind"
2026/05/17 13:54:51 INFO dnd: armed ability fired (turn-based build) user=@sim:fighter-l3-goblin_warrens-14 ability="Second Wind"
2026/05/17 13:54:51 INFO dnd: armed ability fired (turn-based build) user=@sim:fighter-l7-dragons_lair-17 ability="Second Wind"
2026/05/17 13:54:51 INFO database initialized path=/tmp/expedition-sim-3506404102/gogobee.db
2026/05/17 13:54:51 INFO dnd: armed ability fired (turn-based build) user=@sim:fighter-l3-manor_blackspire-19 ability="Second Wind"
2026/05/17 13:54:51 INFO database initialized path=/tmp/expedition-sim-1032174418/gogobee.db
2026/05/17 13:54:51 INFO dnd: armed ability fired (turn-based build) user=@sim:fighter-l7-dragons_lair-17 ability="Second Wind"
2026/05/17 13:54:51 INFO dnd: armed ability fired (turn-based build) user=@sim:fighter-l3-manor_blackspire-19 ability="Second Wind"
2026/05/17 13:54:51 WARN auto-heal cleanup: short on inventory user=@sim:fighter-l3-manor_blackspire-19 wanted=1 removed=0
2026/05/17 13:54:51 INFO dnd: armed ability fired (turn-based build) user=@sim:fighter-l7-dragons_lair-17 ability="Second Wind"
2026/05/17 13:54:51 INFO dnd: armed ability fired (turn-based build) user=@sim:fighter-l7-goblin_warrens-16 ability="Second Wind"
2026/05/17 13:54:51 INFO dnd: armed ability fired (turn-based build) user=@sim:fighter-l3-manor_blackspire-19 ability="Second Wind"
2026/05/17 13:54:51 WARN auto-heal cleanup: short on inventory user=@sim:fighter-l3-manor_blackspire-19 wanted=1 removed=0
2026/05/17 13:54:51 INFO dnd: armed ability fired (turn-based build) user=@sim:fighter-l7-goblin_warrens-16 ability="Second Wind"
2026/05/17 13:54:51 INFO dnd: armed ability fired (turn-based build) user=@sim:fighter-l7-goblin_warrens-16 ability="Second Wind"
2026/05/17 13:54:52 INFO database initialized path=/tmp/expedition-sim-2110937675/gogobee.db
2026/05/17 13:54:52 INFO database initialized path=/tmp/expedition-sim-4293126770/gogobee.db
2026/05/17 13:54:52 INFO dnd: armed ability fired (turn-based build) user=@sim:fighter-l3-forest_shadows-5 ability="Second Wind"
2026/05/17 13:54:52 INFO dnd: armed ability fired (turn-based build) user=@sim:fighter-l12-underdark-14 ability="Second Wind"
2026/05/17 13:54:52 INFO dnd: armed ability fired (turn-based build) user=@sim:fighter-l3-forest_shadows-5 ability="Second Wind"
2026/05/17 13:54:52 INFO dnd: armed ability fired (turn-based build) user=@sim:fighter-l12-underdark-14 ability="Second Wind"
2026/05/17 13:54:52 INFO dnd: armed ability fired (turn-based build) user=@sim:fighter-l3-forest_shadows-5 ability="Second Wind"
2026/05/17 13:54:52 INFO dnd: armed ability fired (turn-based build) user=@sim:fighter-l12-underdark-14 ability="Second Wind"
2026/05/17 13:54:52 INFO database initialized path=/tmp/expedition-sim-758823391/gogobee.db
2026/05/17 13:54:52 INFO database initialized path=/tmp/expedition-sim-646865269/gogobee.db
2026/05/17 13:54:52 INFO database initialized path=/tmp/expedition-sim-794688762/gogobee.db
2026/05/17 13:54:52 INFO dnd: armed ability fired (turn-based build) user=@sim:fighter-l12-manor_blackspire-12 ability="Second Wind"
2026/05/17 13:54:52 INFO dnd: armed ability fired (turn-based build) user=@sim:fighter-l12-manor_blackspire-12 ability="Second Wind"
2026/05/17 13:54:52 INFO dnd: armed ability fired (turn-based build) user=@sim:fighter-l12-manor_blackspire-12 ability="Second Wind"
2026/05/17 13:54:52 INFO database initialized path=/tmp/expedition-sim-3299488698/gogobee.db
2026/05/17 13:54:52 INFO database initialized path=/tmp/expedition-sim-2889827725/gogobee.db
2026/05/17 13:54:52 INFO dnd: armed ability fired (turn-based build) user=@sim:fighter-l12-goblin_warrens-15 ability="Second Wind"
2026/05/17 13:54:52 INFO dnd: armed ability fired (turn-based build) user=@sim:fighter-l7-manor_blackspire-18 ability="Second Wind"
2026/05/17 13:54:52 INFO dnd: armed ability fired (turn-based build) user=@sim:fighter-l12-goblin_warrens-15 ability="Second Wind"
2026/05/17 13:54:52 INFO dnd: armed ability fired (turn-based build) user=@sim:fighter-l7-manor_blackspire-18 ability="Second Wind"
2026/05/17 13:54:52 INFO dnd: armed ability fired (turn-based build) user=@sim:fighter-l7-manor_blackspire-18 ability="Second Wind"
2026/05/17 13:54:52 INFO dnd: armed ability fired (turn-based build) user=@sim:fighter-l12-goblin_warrens-15 ability="Second Wind"
2026/05/17 13:54:52 INFO database initialized path=/tmp/expedition-sim-2555386201/gogobee.db
2026/05/17 13:54:52 INFO dnd: armed ability fired (turn-based build) user=@sim:fighter-l3-manor_blackspire-20 ability="Second Wind"
2026/05/17 13:54:52 INFO dnd: armed ability fired (turn-based build) user=@sim:fighter-l3-manor_blackspire-20 ability="Second Wind"
2026/05/17 13:54:52 INFO database initialized path=/tmp/expedition-sim-3330973868/gogobee.db
2026/05/17 13:54:52 INFO dnd: armed ability fired (turn-based build) user=@sim:fighter-l3-manor_blackspire-20 ability="Second Wind"
2026/05/17 13:54:52 INFO dnd: armed ability fired (turn-based build) user=@sim:fighter-l7-forest_shadows-11 ability="Second Wind"
2026/05/17 13:54:52 INFO dnd: armed ability fired (turn-based build) user=@sim:fighter-l7-forest_shadows-11 ability="Second Wind"
2026/05/17 13:54:52 INFO dnd: armed ability fired (turn-based build) user=@sim:fighter-l7-forest_shadows-11 ability="Second Wind"
2026/05/17 13:54:52 INFO database initialized path=/tmp/expedition-sim-2045287152/gogobee.db
2026/05/17 13:54:52 INFO dnd: armed ability fired (turn-based build) user=@sim:fighter-l3-forest_shadows-6 ability="Second Wind"
2026/05/17 13:54:52 INFO database initialized path=/tmp/expedition-sim-1127265088/gogobee.db
2026/05/17 13:54:52 INFO dnd: armed ability fired (turn-based build) user=@sim:fighter-l3-forest_shadows-6 ability="Second Wind"
2026/05/17 13:54:52 INFO database initialized path=/tmp/expedition-sim-2730512095/gogobee.db
2026/05/17 13:54:52 INFO dnd: armed ability fired (turn-based build) user=@sim:fighter-l3-forest_shadows-6 ability="Second Wind"
2026/05/17 13:54:52 INFO dnd: armed ability fired (turn-based build) user=@sim:fighter-l7-underdark-3 ability="Second Wind"
2026/05/17 13:54:52 INFO dnd: armed ability fired (turn-based build) user=@sim:fighter-l7-dragons_lair-18 ability="Second Wind"
2026/05/17 13:54:52 INFO dnd: armed ability fired (turn-based build) user=@sim:fighter-l7-underdark-3 ability="Second Wind"
2026/05/17 13:54:52 INFO database initialized path=/tmp/expedition-sim-1296621563/gogobee.db
2026/05/17 13:54:52 INFO dnd: armed ability fired (turn-based build) user=@sim:fighter-l7-dragons_lair-18 ability="Second Wind"
2026/05/17 13:54:52 INFO dnd: armed ability fired (turn-based build) user=@sim:fighter-l7-underdark-3 ability="Second Wind"
2026/05/17 13:54:52 INFO dnd: armed ability fired (turn-based build) user=@sim:fighter-l3-goblin_warrens-15 ability="Second Wind"
2026/05/17 13:54:52 INFO database initialized path=/tmp/expedition-sim-221347229/gogobee.db
2026/05/17 13:54:52 INFO dnd: armed ability fired (turn-based build) user=@sim:fighter-l3-goblin_warrens-15 ability="Second Wind"
2026/05/17 13:54:52 INFO dnd: armed ability fired (turn-based build) user=@sim:fighter-l7-dragons_lair-18 ability="Second Wind"
2026/05/17 13:54:52 INFO dnd: armed ability fired (turn-based build) user=@sim:fighter-l3-goblin_warrens-15 ability="Second Wind"
2026/05/17 13:54:52 INFO database initialized path=/tmp/expedition-sim-3929255938/gogobee.db
2026/05/17 13:54:52 INFO dnd: armed ability fired (turn-based build) user=@sim:fighter-l12-forest_shadows-11 ability="Second Wind"
2026/05/17 13:54:52 INFO database initialized path=/tmp/expedition-sim-695728829/gogobee.db
2026/05/17 13:54:52 INFO dnd: armed ability fired (turn-based build) user=@sim:fighter-l12-forest_shadows-11 ability="Second Wind"
2026/05/17 13:54:52 INFO database initialized path=/tmp/expedition-sim-2750673475/gogobee.db
2026/05/17 13:54:52 INFO dnd: armed ability fired (turn-based build) user=@sim:fighter-l7-goblin_warrens-17 ability="Second Wind"
2026/05/17 13:54:52 INFO dnd: armed ability fired (turn-based build) user=@sim:fighter-l12-underdark-15 ability="Second Wind"
2026/05/17 13:54:52 INFO dnd: armed ability fired (turn-based build) user=@sim:fighter-l12-forest_shadows-11 ability="Second Wind"
2026/05/17 13:54:52 INFO dnd: armed ability fired (turn-based build) user=@sim:fighter-l7-goblin_warrens-17 ability="Second Wind"
2026/05/17 13:54:52 INFO dnd: armed ability fired (turn-based build) user=@sim:fighter-l12-underdark-15 ability="Second Wind"
2026/05/17 13:54:52 INFO dnd: armed ability fired (turn-based build) user=@sim:fighter-l7-goblin_warrens-17 ability="Second Wind"
2026/05/17 13:54:52 INFO dnd: armed ability fired (turn-based build) user=@sim:fighter-l12-underdark-15 ability="Second Wind"
2026/05/17 13:54:52 INFO database initialized path=/tmp/expedition-sim-468724721/gogobee.db
2026/05/17 13:54:52 INFO database initialized path=/tmp/expedition-sim-3962884866/gogobee.db
2026/05/17 13:54:52 INFO dnd: armed ability fired (turn-based build) user=@sim:fighter-l7-manor_blackspire-19 ability="Second Wind"
2026/05/17 13:54:52 INFO dnd: armed ability fired (turn-based build) user=@sim:fighter-l7-manor_blackspire-19 ability="Second Wind"
2026/05/17 13:54:52 INFO database initialized path=/tmp/expedition-sim-3755475286/gogobee.db
2026/05/17 13:54:52 INFO dnd: armed ability fired (turn-based build) user=@sim:fighter-l7-manor_blackspire-19 ability="Second Wind"
2026/05/17 13:54:52 INFO dnd: armed ability fired (turn-based build) user=@sim:fighter-l12-goblin_warrens-16 ability="Second Wind"
2026/05/17 13:54:52 INFO dnd: armed ability fired (turn-based build) user=@sim:fighter-l12-goblin_warrens-16 ability="Second Wind"
2026/05/17 13:54:52 INFO database initialized path=/tmp/expedition-sim-2509939321/gogobee.db
2026/05/17 13:54:52 INFO database initialized path=/tmp/expedition-sim-3787379219/gogobee.db
2026/05/17 13:54:52 INFO dnd: armed ability fired (turn-based build) user=@sim:fighter-l12-goblin_warrens-16 ability="Second Wind"
2026/05/17 13:54:52 INFO dnd: armed ability fired (turn-based build) user=@sim:fighter-l3-manor_blackspire-21 ability="Second Wind"
2026/05/17 13:54:52 INFO dnd: armed ability fired (turn-based build) user=@sim:fighter-l3-manor_blackspire-21 ability="Second Wind"
2026/05/17 13:54:52 INFO database initialized path=/tmp/expedition-sim-4277540074/gogobee.db
2026/05/17 13:54:52 INFO dnd: armed ability fired (turn-based build) user=@sim:fighter-l3-manor_blackspire-21 ability="Second Wind"
2026/05/17 13:54:52 WARN auto-heal cleanup: short on inventory user=@sim:fighter-l3-manor_blackspire-21 wanted=1 removed=0
2026/05/17 13:54:52 INFO dnd: armed ability fired (turn-based build) user=@sim:fighter-l12-manor_blackspire-13 ability="Second Wind"
2026/05/17 13:54:52 INFO dnd: armed ability fired (turn-based build) user=@sim:fighter-l12-manor_blackspire-13 ability="Second Wind"
2026/05/17 13:54:52 INFO dnd: armed ability fired (turn-based build) user=@sim:fighter-l12-manor_blackspire-13 ability="Second Wind"
2026/05/17 13:54:52 INFO database initialized path=/tmp/expedition-sim-1347570432/gogobee.db
2026/05/17 13:54:52 INFO dnd: armed ability fired (turn-based build) user=@sim:fighter-l7-underdark-4 ability="Second Wind"
2026/05/17 13:54:52 INFO dnd: armed ability fired (turn-based build) user=@sim:fighter-l7-underdark-4 ability="Second Wind"
2026/05/17 13:54:52 INFO dnd: armed ability fired (turn-based build) user=@sim:fighter-l7-underdark-4 ability="Second Wind"
2026/05/17 13:54:52 INFO database initialized path=/tmp/expedition-sim-4292177918/gogobee.db
2026/05/17 13:54:52 INFO database initialized path=/tmp/expedition-sim-843969473/gogobee.db
2026/05/17 13:54:52 INFO database initialized path=/tmp/expedition-sim-4236592194/gogobee.db
2026/05/17 13:54:52 INFO dnd: armed ability fired (turn-based build) user=@sim:fighter-l3-forest_shadows-7 ability="Second Wind"
2026/05/17 13:54:52 INFO dnd: armed ability fired (turn-based build) user=@sim:fighter-l3-goblin_warrens-16 ability="Second Wind"
2026/05/17 13:54:52 INFO dnd: armed ability fired (turn-based build) user=@sim:fighter-l3-forest_shadows-7 ability="Second Wind"
2026/05/17 13:54:52 INFO dnd: armed ability fired (turn-based build) user=@sim:fighter-l7-forest_shadows-12 ability="Second Wind"
2026/05/17 13:54:52 INFO dnd: armed ability fired (turn-based build) user=@sim:fighter-l3-goblin_warrens-16 ability="Second Wind"
2026/05/17 13:54:52 INFO dnd: armed ability fired (turn-based build) user=@sim:fighter-l7-forest_shadows-12 ability="Second Wind"
2026/05/17 13:54:52 INFO dnd: armed ability fired (turn-based build) user=@sim:fighter-l3-forest_shadows-7 ability="Second Wind"
2026/05/17 13:54:52 INFO dnd: armed ability fired (turn-based build) user=@sim:fighter-l3-goblin_warrens-16 ability="Second Wind"
2026/05/17 13:54:52 INFO dnd: armed ability fired (turn-based build) user=@sim:fighter-l7-forest_shadows-12 ability="Second Wind"
2026/05/17 13:54:53 INFO database initialized path=/tmp/expedition-sim-2088429982/gogobee.db
2026/05/17 13:54:53 INFO dnd: armed ability fired (turn-based build) user=@sim:fighter-l7-goblin_warrens-18 ability="Second Wind"
2026/05/17 13:54:53 INFO dnd: armed ability fired (turn-based build) user=@sim:fighter-l7-goblin_warrens-18 ability="Second Wind"
2026/05/17 13:54:53 INFO dnd: armed ability fired (turn-based build) user=@sim:fighter-l7-goblin_warrens-18 ability="Second Wind"
2026/05/17 13:54:53 INFO database initialized path=/tmp/expedition-sim-2609635753/gogobee.db
2026/05/17 13:54:53 INFO database initialized path=/tmp/expedition-sim-2676706864/gogobee.db
2026/05/17 13:54:53 INFO database initialized path=/tmp/expedition-sim-1283300302/gogobee.db
2026/05/17 13:54:53 INFO dnd: armed ability fired (turn-based build) user=@sim:fighter-l7-dragons_lair-19 ability="Second Wind"
2026/05/17 13:54:53 INFO database initialized path=/tmp/expedition-sim-758858196/gogobee.db
2026/05/17 13:54:53 INFO dnd: armed ability fired (turn-based build) user=@sim:fighter-l7-dragons_lair-19 ability="Second Wind"
2026/05/17 13:54:53 INFO dnd: armed ability fired (turn-based build) user=@sim:fighter-l12-forest_shadows-12 ability="Second Wind"
2026/05/17 13:54:53 INFO dnd: armed ability fired (turn-based build) user=@sim:fighter-l7-dragons_lair-19 ability="Second Wind"
2026/05/17 13:54:53 INFO dnd: armed ability fired (turn-based build) user=@sim:fighter-l12-forest_shadows-12 ability="Second Wind"
2026/05/17 13:54:53 INFO dnd: armed ability fired (turn-based build) user=@sim:fighter-l12-forest_shadows-12 ability="Second Wind"
2026/05/17 13:54:53 INFO database initialized path=/tmp/expedition-sim-1586747758/gogobee.db
2026/05/17 13:54:53 INFO dnd: armed ability fired (turn-based build) user=@sim:fighter-l7-manor_blackspire-20 ability="Second Wind"
2026/05/17 13:54:53 INFO dnd: armed ability fired (turn-based build) user=@sim:fighter-l7-manor_blackspire-20 ability="Second Wind"
2026/05/17 13:54:53 INFO database initialized path=/tmp/expedition-sim-3362422808/gogobee.db
2026/05/17 13:54:53 INFO database initialized path=/tmp/expedition-sim-2533601348/gogobee.db
2026/05/17 13:54:53 INFO dnd: armed ability fired (turn-based build) user=@sim:fighter-l7-manor_blackspire-20 ability="Second Wind"
2026/05/17 13:54:53 INFO dnd: armed ability fired (turn-based build) user=@sim:fighter-l12-goblin_warrens-17 ability="Second Wind"
2026/05/17 13:54:53 INFO dnd: armed ability fired (turn-based build) user=@sim:fighter-l12-goblin_warrens-17 ability="Second Wind"
2026/05/17 13:54:53 INFO dnd: armed ability fired (turn-based build) user=@sim:fighter-l12-underdark-16 ability="Second Wind"
2026/05/17 13:54:53 INFO dnd: armed ability fired (turn-based build) user=@sim:fighter-l12-goblin_warrens-17 ability="Second Wind"
2026/05/17 13:54:53 INFO dnd: armed ability fired (turn-based build) user=@sim:fighter-l12-underdark-16 ability="Second Wind"
2026/05/17 13:54:53 INFO database initialized path=/tmp/expedition-sim-4218310865/gogobee.db
2026/05/17 13:54:53 INFO dnd: armed ability fired (turn-based build) user=@sim:fighter-l3-forest_shadows-8 ability="Second Wind"
2026/05/17 13:54:53 INFO dnd: armed ability fired (turn-based build) user=@sim:fighter-l3-forest_shadows-8 ability="Second Wind"
2026/05/17 13:54:53 INFO database initialized path=/tmp/expedition-sim-3688980457/gogobee.db
2026/05/17 13:54:53 INFO dnd: armed ability fired (turn-based build) user=@sim:fighter-l3-forest_shadows-8 ability="Second Wind"
2026/05/17 13:54:53 INFO dnd: armed ability fired (turn-based build) user=@sim:fighter-l7-underdark-5 ability="Second Wind"
2026/05/17 13:54:53 INFO dnd: armed ability fired (turn-based build) user=@sim:fighter-l12-underdark-16 ability="Second Wind"
2026/05/17 13:54:53 INFO dnd: armed ability fired (turn-based build) user=@sim:fighter-l7-underdark-5 ability="Second Wind"
2026/05/17 13:54:53 INFO dnd: armed ability fired (turn-based build) user=@sim:fighter-l7-underdark-5 ability="Second Wind"
2026/05/17 13:54:53 INFO database initialized path=/tmp/expedition-sim-1250426655/gogobee.db
2026/05/17 13:54:53 INFO dnd: armed ability fired (turn-based build) user=@sim:fighter-l3-goblin_warrens-17 ability="Second Wind"
2026/05/17 13:54:53 INFO dnd: armed ability fired (turn-based build) user=@sim:fighter-l3-goblin_warrens-17 ability="Second Wind"
2026/05/17 13:54:53 INFO database initialized path=/tmp/expedition-sim-1502839934/gogobee.db
2026/05/17 13:54:53 INFO dnd: armed ability fired (turn-based build) user=@sim:fighter-l3-goblin_warrens-17 ability="Second Wind"
2026/05/17 13:54:53 INFO dnd: armed ability fired (turn-based build) user=@sim:fighter-l3-manor_blackspire-22 ability="Second Wind"
2026/05/17 13:54:53 INFO dnd: armed ability fired (turn-based build) user=@sim:fighter-l3-manor_blackspire-22 ability="Second Wind"
2026/05/17 13:54:53 INFO dnd: armed ability fired (turn-based build) user=@sim:fighter-l3-manor_blackspire-22 ability="Second Wind"
2026/05/17 13:54:53 INFO database initialized path=/tmp/expedition-sim-4265695867/gogobee.db
2026/05/17 13:54:53 WARN auto-heal cleanup: short on inventory user=@sim:fighter-l3-manor_blackspire-22 wanted=1 removed=0
2026/05/17 13:54:53 INFO database initialized path=/tmp/expedition-sim-598734104/gogobee.db
2026/05/17 13:54:53 INFO dnd: armed ability fired (turn-based build) user=@sim:fighter-l7-forest_shadows-13 ability="Second Wind"
2026/05/17 13:54:53 INFO database initialized path=/tmp/expedition-sim-2435223140/gogobee.db
2026/05/17 13:54:53 INFO dnd: armed ability fired (turn-based build) user=@sim:fighter-l7-forest_shadows-13 ability="Second Wind"
2026/05/17 13:54:53 INFO dnd: armed ability fired (turn-based build) user=@sim:fighter-l12-manor_blackspire-14 ability="Second Wind"
2026/05/17 13:54:53 INFO database initialized path=/tmp/expedition-sim-4025131815/gogobee.db
2026/05/17 13:54:53 INFO dnd: armed ability fired (turn-based build) user=@sim:fighter-l7-forest_shadows-13 ability="Second Wind"
2026/05/17 13:54:53 INFO dnd: armed ability fired (turn-based build) user=@sim:fighter-l12-manor_blackspire-14 ability="Second Wind"
2026/05/17 13:54:53 INFO dnd: armed ability fired (turn-based build) user=@sim:fighter-l12-manor_blackspire-14 ability="Second Wind"
2026/05/17 13:54:53 INFO database initialized path=/tmp/expedition-sim-3804341772/gogobee.db
2026/05/17 13:54:53 INFO dnd: armed ability fired (turn-based build) user=@sim:fighter-l7-goblin_warrens-19 ability="Second Wind"
2026/05/17 13:54:53 INFO dnd: armed ability fired (turn-based build) user=@sim:fighter-l7-goblin_warrens-19 ability="Second Wind"
2026/05/17 13:54:53 INFO dnd: armed ability fired (turn-based build) user=@sim:fighter-l7-goblin_warrens-19 ability="Second Wind"
2026/05/17 13:54:53 INFO database initialized path=/tmp/expedition-sim-3610517370/gogobee.db
2026/05/17 13:54:53 INFO dnd: armed ability fired (turn-based build) user=@sim:fighter-l7-manor_blackspire-21 ability="Second Wind"
2026/05/17 13:54:53 INFO dnd: armed ability fired (turn-based build) user=@sim:fighter-l7-manor_blackspire-21 ability="Second Wind"
2026/05/17 13:54:53 INFO database initialized path=/tmp/expedition-sim-2439877601/gogobee.db
2026/05/17 13:54:53 INFO dnd: armed ability fired (turn-based build) user=@sim:fighter-l7-manor_blackspire-21 ability="Second Wind"
2026/05/17 13:54:53 INFO dnd: armed ability fired (turn-based build) user=@sim:fighter-l12-goblin_warrens-18 ability="Second Wind"
2026/05/17 13:54:53 INFO dnd: armed ability fired (turn-based build) user=@sim:fighter-l12-goblin_warrens-18 ability="Second Wind"
2026/05/17 13:54:53 INFO dnd: armed ability fired (turn-based build) user=@sim:fighter-l12-goblin_warrens-18 ability="Second Wind"
2026/05/17 13:54:53 INFO database initialized path=/tmp/expedition-sim-1767183168/gogobee.db
2026/05/17 13:54:53 INFO dnd: armed ability fired (turn-based build) user=@sim:fighter-l7-underdark-6 ability="Second Wind"
2026/05/17 13:54:53 INFO dnd: armed ability fired (turn-based build) user=@sim:fighter-l7-underdark-6 ability="Second Wind"
2026/05/17 13:54:53 INFO database initialized path=/tmp/expedition-sim-2133921075/gogobee.db
2026/05/17 13:54:53 INFO dnd: armed ability fired (turn-based build) user=@sim:fighter-l7-underdark-6 ability="Second Wind"
2026/05/17 13:54:53 INFO dnd: armed ability fired (turn-based build) user=@sim:fighter-l7-dragons_lair-20 ability="Second Wind"
2026/05/17 13:54:53 INFO dnd: armed ability fired (turn-based build) user=@sim:fighter-l7-dragons_lair-20 ability="Second Wind"
2026/05/17 13:54:53 INFO dnd: armed ability fired (turn-based build) user=@sim:fighter-l7-dragons_lair-20 ability="Second Wind"
2026/05/17 13:54:53 INFO database initialized path=/tmp/expedition-sim-614375679/gogobee.db
2026/05/17 13:54:53 INFO database initialized path=/tmp/expedition-sim-3016040329/gogobee.db
2026/05/17 13:54:53 INFO dnd: armed ability fired (turn-based build) user=@sim:fighter-l3-forest_shadows-9 ability="Second Wind"
2026/05/17 13:54:53 INFO dnd: armed ability fired (turn-based build) user=@sim:fighter-l3-forest_shadows-9 ability="Second Wind"
2026/05/17 13:54:53 INFO database initialized path=/tmp/expedition-sim-3376120539/gogobee.db
2026/05/17 13:54:53 INFO dnd: armed ability fired (turn-based build) user=@sim:fighter-l3-forest_shadows-9 ability="Second Wind"
2026/05/17 13:54:53 WARN auto-heal cleanup: short on inventory user=@sim:fighter-l3-forest_shadows-9 wanted=1 removed=0
2026/05/17 13:54:53 INFO database initialized path=/tmp/expedition-sim-3711424991/gogobee.db
2026/05/17 13:54:53 INFO dnd: armed ability fired (turn-based build) user=@sim:fighter-l3-manor_blackspire-23 ability="Second Wind"
2026/05/17 13:54:53 INFO database initialized path=/tmp/expedition-sim-2023529632/gogobee.db
2026/05/17 13:54:53 INFO dnd: armed ability fired (turn-based build) user=@sim:fighter-l3-manor_blackspire-23 ability="Second Wind"
2026/05/17 13:54:53 INFO dnd: armed ability fired (turn-based build) user=@sim:fighter-l3-manor_blackspire-23 ability="Second Wind"
2026/05/17 13:54:53 WARN auto-heal cleanup: short on inventory user=@sim:fighter-l3-manor_blackspire-23 wanted=1 removed=0
2026/05/17 13:54:53 INFO dnd: armed ability fired (turn-based build) user=@sim:fighter-l3-goblin_warrens-18 ability="Second Wind"
2026/05/17 13:54:53 INFO dnd: armed ability fired (turn-based build) user=@sim:fighter-l3-goblin_warrens-18 ability="Second Wind"
2026/05/17 13:54:53 INFO dnd: armed ability fired (turn-based build) user=@sim:fighter-l3-goblin_warrens-18 ability="Second Wind"
2026/05/17 13:54:54 INFO database initialized path=/tmp/expedition-sim-2989709036/gogobee.db
2026/05/17 13:54:54 INFO dnd: armed ability fired (turn-based build) user=@sim:fighter-l12-underdark-17 ability="Second Wind"
2026/05/17 13:54:54 INFO dnd: armed ability fired (turn-based build) user=@sim:fighter-l12-underdark-17 ability="Second Wind"
2026/05/17 13:54:54 INFO database initialized path=/tmp/expedition-sim-3020332215/gogobee.db
2026/05/17 13:54:54 INFO dnd: armed ability fired (turn-based build) user=@sim:fighter-l7-forest_shadows-14 ability="Second Wind"
2026/05/17 13:54:54 INFO dnd: armed ability fired (turn-based build) user=@sim:fighter-l12-underdark-17 ability="Second Wind"
2026/05/17 13:54:54 INFO dnd: armed ability fired (turn-based build) user=@sim:fighter-l7-forest_shadows-14 ability="Second Wind"
2026/05/17 13:54:54 INFO database initialized path=/tmp/expedition-sim-876560807/gogobee.db
2026/05/17 13:54:54 INFO dnd: armed ability fired (turn-based build) user=@sim:fighter-l7-forest_shadows-14 ability="Second Wind"
2026/05/17 13:54:54 INFO dnd: armed ability fired (turn-based build) user=@sim:fighter-l12-forest_shadows-13 ability="Second Wind"
2026/05/17 13:54:54 INFO database initialized path=/tmp/expedition-sim-1858541210/gogobee.db
2026/05/17 13:54:54 INFO dnd: armed ability fired (turn-based build) user=@sim:fighter-l12-manor_blackspire-15 ability="Second Wind"
2026/05/17 13:54:54 INFO dnd: armed ability fired (turn-based build) user=@sim:fighter-l12-forest_shadows-13 ability="Second Wind"
2026/05/17 13:54:54 INFO dnd: armed ability fired (turn-based build) user=@sim:fighter-l12-manor_blackspire-15 ability="Second Wind"
2026/05/17 13:54:54 INFO dnd: armed ability fired (turn-based build) user=@sim:fighter-l12-forest_shadows-13 ability="Second Wind"
2026/05/17 13:54:54 INFO dnd: armed ability fired (turn-based build) user=@sim:fighter-l12-manor_blackspire-15 ability="Second Wind"
2026/05/17 13:54:54 INFO database initialized path=/tmp/expedition-sim-3196709217/gogobee.db
2026/05/17 13:54:54 INFO database initialized path=/tmp/expedition-sim-3587117596/gogobee.db
2026/05/17 13:54:54 INFO database initialized path=/tmp/expedition-sim-1447109155/gogobee.db
2026/05/17 13:54:54 INFO dnd: armed ability fired (turn-based build) user=@sim:fighter-l7-goblin_warrens-20 ability="Second Wind"
2026/05/17 13:54:54 INFO database initialized path=/tmp/expedition-sim-3329335765/gogobee.db
2026/05/17 13:54:54 INFO dnd: armed ability fired (turn-based build) user=@sim:fighter-l7-goblin_warrens-20 ability="Second Wind"
2026/05/17 13:54:54 INFO dnd: armed ability fired (turn-based build) user=@sim:fighter-l12-goblin_warrens-19 ability="Second Wind"
2026/05/17 13:54:54 INFO dnd: armed ability fired (turn-based build) user=@sim:fighter-l7-goblin_warrens-20 ability="Second Wind"
2026/05/17 13:54:54 INFO dnd: armed ability fired (turn-based build) user=@sim:fighter-l12-goblin_warrens-19 ability="Second Wind"
2026/05/17 13:54:54 INFO dnd: armed ability fired (turn-based build) user=@sim:fighter-l12-goblin_warrens-19 ability="Second Wind"
2026/05/17 13:54:54 INFO database initialized path=/tmp/expedition-sim-733387733/gogobee.db
2026/05/17 13:54:54 INFO database initialized path=/tmp/expedition-sim-3227396335/gogobee.db
2026/05/17 13:54:54 INFO dnd: armed ability fired (turn-based build) user=@sim:fighter-l3-forest_shadows-10 ability="Second Wind"
2026/05/17 13:54:54 INFO dnd: armed ability fired (turn-based build) user=@sim:fighter-l7-manor_blackspire-22 ability="Second Wind"
2026/05/17 13:54:54 INFO dnd: armed ability fired (turn-based build) user=@sim:fighter-l3-forest_shadows-10 ability="Second Wind"
2026/05/17 13:54:54 INFO dnd: armed ability fired (turn-based build) user=@sim:fighter-l7-manor_blackspire-22 ability="Second Wind"
2026/05/17 13:54:54 INFO dnd: armed ability fired (turn-based build) user=@sim:fighter-l3-forest_shadows-10 ability="Second Wind"
2026/05/17 13:54:54 INFO dnd: armed ability fired (turn-based build) user=@sim:fighter-l7-manor_blackspire-22 ability="Second Wind"
2026/05/17 13:54:54 INFO database initialized path=/tmp/expedition-sim-2147416800/gogobee.db
2026/05/17 13:54:54 INFO dnd: armed ability fired (turn-based build) user=@sim:fighter-l7-underdark-7 ability="Second Wind"
2026/05/17 13:54:54 INFO dnd: armed ability fired (turn-based build) user=@sim:fighter-l7-underdark-7 ability="Second Wind"
2026/05/17 13:54:54 INFO dnd: armed ability fired (turn-based build) user=@sim:fighter-l7-underdark-7 ability="Second Wind"
2026/05/17 13:54:54 INFO database initialized path=/tmp/expedition-sim-768072272/gogobee.db
2026/05/17 13:54:54 INFO dnd: armed ability fired (turn-based build) user=@sim:fighter-l3-manor_blackspire-24 ability="Second Wind"
2026/05/17 13:54:54 INFO dnd: armed ability fired (turn-based build) user=@sim:fighter-l3-manor_blackspire-24 ability="Second Wind"
2026/05/17 13:54:54 INFO dnd: armed ability fired (turn-based build) user=@sim:fighter-l3-manor_blackspire-24 ability="Second Wind"
2026/05/17 13:54:54 INFO database initialized path=/tmp/expedition-sim-3519317963/gogobee.db
2026/05/17 13:54:54 INFO database initialized path=/tmp/expedition-sim-3992627378/gogobee.db
2026/05/17 13:54:54 INFO dnd: armed ability fired (turn-based build) user=@sim:fighter-l7-dragons_lair-21 ability="Second Wind"
2026/05/17 13:54:54 INFO dnd: armed ability fired (turn-based build) user=@sim:fighter-l7-dragons_lair-21 ability="Second Wind"
2026/05/17 13:54:54 INFO dnd: armed ability fired (turn-based build) user=@sim:fighter-l7-dragons_lair-21 ability="Second Wind"
2026/05/17 13:54:54 INFO database initialized path=/tmp/expedition-sim-657374465/gogobee.db
2026/05/17 13:54:54 INFO dnd: armed ability fired (turn-based build) user=@sim:fighter-l3-goblin_warrens-19 ability="Second Wind"
2026/05/17 13:54:54 INFO dnd: armed ability fired (turn-based build) user=@sim:fighter-l3-goblin_warrens-19 ability="Second Wind"
2026/05/17 13:54:54 INFO dnd: armed ability fired (turn-based build) user=@sim:fighter-l3-goblin_warrens-19 ability="Second Wind"
2026/05/17 13:54:54 INFO database initialized path=/tmp/expedition-sim-3101010817/gogobee.db
2026/05/17 13:54:54 INFO database initialized path=/tmp/expedition-sim-4072849310/gogobee.db
2026/05/17 13:54:54 INFO dnd: armed ability fired (turn-based build) user=@sim:fighter-l12-goblin_warrens-20 ability="Second Wind"
2026/05/17 13:54:54 INFO dnd: armed ability fired (turn-based build) user=@sim:fighter-l12-goblin_warrens-20 ability="Second Wind"
2026/05/17 13:54:54 INFO dnd: armed ability fired (turn-based build) user=@sim:fighter-l12-goblin_warrens-20 ability="Second Wind"
2026/05/17 13:54:54 INFO database initialized path=/tmp/expedition-sim-1478294792/gogobee.db
2026/05/17 13:54:54 INFO dnd: armed ability fired (turn-based build) user=@sim:fighter-l7-forest_shadows-15 ability="Second Wind"
2026/05/17 13:54:54 INFO dnd: armed ability fired (turn-based build) user=@sim:fighter-l7-forest_shadows-15 ability="Second Wind"
2026/05/17 13:54:54 INFO database initialized path=/tmp/expedition-sim-130246934/gogobee.db
2026/05/17 13:54:54 INFO dnd: armed ability fired (turn-based build) user=@sim:fighter-l7-forest_shadows-15 ability="Second Wind"
2026/05/17 13:54:54 INFO database initialized path=/tmp/expedition-sim-1855778916/gogobee.db
2026/05/17 13:54:54 INFO database initialized path=/tmp/expedition-sim-4251703967/gogobee.db
2026/05/17 13:54:54 INFO dnd: armed ability fired (turn-based build) user=@sim:fighter-l3-forest_shadows-11 ability="Second Wind"
2026/05/17 13:54:54 INFO database initialized path=/tmp/expedition-sim-1585376386/gogobee.db
2026/05/17 13:54:54 INFO dnd: armed ability fired (turn-based build) user=@sim:fighter-l12-forest_shadows-14 ability="Second Wind"
2026/05/17 13:54:54 INFO dnd: armed ability fired (turn-based build) user=@sim:fighter-l3-forest_shadows-11 ability="Second Wind"
2026/05/17 13:54:54 INFO dnd: armed ability fired (turn-based build) user=@sim:fighter-l12-underdark-18 ability="Second Wind"
2026/05/17 13:54:54 INFO dnd: armed ability fired (turn-based build) user=@sim:fighter-l7-manor_blackspire-23 ability="Second Wind"
2026/05/17 13:54:54 INFO dnd: armed ability fired (turn-based build) user=@sim:fighter-l12-forest_shadows-14 ability="Second Wind"
2026/05/17 13:54:54 INFO dnd: armed ability fired (turn-based build) user=@sim:fighter-l3-forest_shadows-11 ability="Second Wind"
2026/05/17 13:54:54 INFO dnd: armed ability fired (turn-based build) user=@sim:fighter-l7-manor_blackspire-23 ability="Second Wind"
2026/05/17 13:54:54 INFO database initialized path=/tmp/expedition-sim-2448213960/gogobee.db
2026/05/17 13:54:54 INFO dnd: armed ability fired (turn-based build) user=@sim:fighter-l12-forest_shadows-14 ability="Second Wind"
2026/05/17 13:54:54 INFO database initialized path=/tmp/expedition-sim-1584128703/gogobee.db
2026/05/17 13:54:54 INFO dnd: armed ability fired (turn-based build) user=@sim:fighter-l12-underdark-18 ability="Second Wind"
2026/05/17 13:54:54 INFO dnd: armed ability fired (turn-based build) user=@sim:fighter-l7-manor_blackspire-23 ability="Second Wind"
2026/05/17 13:54:54 INFO dnd: armed ability fired (turn-based build) user=@sim:fighter-l12-underdark-18 ability="Second Wind"
2026/05/17 13:54:54 INFO dnd: armed ability fired (turn-based build) user=@sim:fighter-l7-goblin_warrens-21 ability="Second Wind"
2026/05/17 13:54:54 INFO dnd: armed ability fired (turn-based build) user=@sim:fighter-l12-manor_blackspire-16 ability="Second Wind"
2026/05/17 13:54:54 INFO dnd: armed ability fired (turn-based build) user=@sim:fighter-l7-goblin_warrens-21 ability="Second Wind"
2026/05/17 13:54:54 INFO dnd: armed ability fired (turn-based build) user=@sim:fighter-l7-goblin_warrens-21 ability="Second Wind"
2026/05/17 13:54:54 INFO dnd: armed ability fired (turn-based build) user=@sim:fighter-l12-manor_blackspire-16 ability="Second Wind"
2026/05/17 13:54:54 INFO dnd: armed ability fired (turn-based build) user=@sim:fighter-l12-manor_blackspire-16 ability="Second Wind"
2026/05/17 13:54:54 INFO database initialized path=/tmp/expedition-sim-493009642/gogobee.db
2026/05/17 13:54:54 INFO database initialized path=/tmp/expedition-sim-2018934099/gogobee.db
2026/05/17 13:54:54 INFO dnd: armed ability fired (turn-based build) user=@sim:fighter-l3-manor_blackspire-25 ability="Second Wind"
2026/05/17 13:54:55 INFO dnd: armed ability fired (turn-based build) user=@sim:fighter-l3-manor_blackspire-25 ability="Second Wind"
2026/05/17 13:54:55 INFO dnd: armed ability fired (turn-based build) user=@sim:fighter-l7-underdark-8 ability="Second Wind"
2026/05/17 13:54:55 INFO dnd: armed ability fired (turn-based build) user=@sim:fighter-l3-manor_blackspire-25 ability="Second Wind"
2026/05/17 13:54:55 INFO dnd: armed ability fired (turn-based build) user=@sim:fighter-l7-underdark-8 ability="Second Wind"
2026/05/17 13:54:55 INFO dnd: armed ability fired (turn-based build) user=@sim:fighter-l7-underdark-8 ability="Second Wind"
2026/05/17 13:54:55 INFO database initialized path=/tmp/expedition-sim-3786933280/gogobee.db
2026/05/17 13:54:55 INFO database initialized path=/tmp/expedition-sim-3835474396/gogobee.db
2026/05/17 13:54:55 INFO database initialized path=/tmp/expedition-sim-1978860054/gogobee.db
2026/05/17 13:54:55 INFO dnd: armed ability fired (turn-based build) user=@sim:fighter-l7-dragons_lair-22 ability="Second Wind"
2026/05/17 13:54:55 INFO dnd: armed ability fired (turn-based build) user=@sim:fighter-l3-goblin_warrens-20 ability="Second Wind"
2026/05/17 13:54:55 INFO dnd: armed ability fired (turn-based build) user=@sim:fighter-l7-dragons_lair-22 ability="Second Wind"
2026/05/17 13:54:55 INFO dnd: armed ability fired (turn-based build) user=@sim:fighter-l3-goblin_warrens-20 ability="Second Wind"
2026/05/17 13:54:55 INFO dnd: armed ability fired (turn-based build) user=@sim:fighter-l3-goblin_warrens-20 ability="Second Wind"
2026/05/17 13:54:55 INFO dnd: armed ability fired (turn-based build) user=@sim:fighter-l7-dragons_lair-22 ability="Second Wind"
2026/05/17 13:54:55 INFO database initialized path=/tmp/expedition-sim-4072200081/gogobee.db
2026/05/17 13:54:55 INFO database initialized path=/tmp/expedition-sim-2430558210/gogobee.db
2026/05/17 13:54:55 INFO dnd: armed ability fired (turn-based build) user=@sim:fighter-l12-goblin_warrens-21 ability="Second Wind"
2026/05/17 13:54:55 INFO dnd: armed ability fired (turn-based build) user=@sim:fighter-l12-goblin_warrens-21 ability="Second Wind"
2026/05/17 13:54:55 INFO dnd: armed ability fired (turn-based build) user=@sim:fighter-l12-goblin_warrens-21 ability="Second Wind"
2026/05/17 13:54:55 INFO database initialized path=/tmp/expedition-sim-2068007651/gogobee.db
2026/05/17 13:54:55 INFO dnd: armed ability fired (turn-based build) user=@sim:fighter-l3-forest_shadows-12 ability="Second Wind"
2026/05/17 13:54:55 INFO dnd: armed ability fired (turn-based build) user=@sim:fighter-l3-forest_shadows-12 ability="Second Wind"
2026/05/17 13:54:55 INFO database initialized path=/tmp/expedition-sim-3232161609/gogobee.db
2026/05/17 13:54:55 INFO database initialized path=/tmp/expedition-sim-2935088057/gogobee.db
2026/05/17 13:54:55 INFO dnd: armed ability fired (turn-based build) user=@sim:fighter-l3-forest_shadows-12 ability="Second Wind"
2026/05/17 13:54:55 WARN auto-heal cleanup: short on inventory user=@sim:fighter-l3-forest_shadows-12 wanted=1 removed=0
2026/05/17 13:54:55 INFO dnd: armed ability fired (turn-based build) user=@sim:fighter-l7-manor_blackspire-24 ability="Second Wind"
2026/05/17 13:54:55 INFO dnd: armed ability fired (turn-based build) user=@sim:fighter-l7-forest_shadows-16 ability="Second Wind"
2026/05/17 13:54:55 INFO dnd: armed ability fired (turn-based build) user=@sim:fighter-l7-forest_shadows-16 ability="Second Wind"
2026/05/17 13:54:55 INFO dnd: armed ability fired (turn-based build) user=@sim:fighter-l7-manor_blackspire-24 ability="Second Wind"
2026/05/17 13:54:55 INFO dnd: armed ability fired (turn-based build) user=@sim:fighter-l7-forest_shadows-16 ability="Second Wind"
2026/05/17 13:54:55 INFO dnd: armed ability fired (turn-based build) user=@sim:fighter-l7-manor_blackspire-24 ability="Second Wind"
2026/05/17 13:54:55 INFO database initialized path=/tmp/expedition-sim-2272557838/gogobee.db
2026/05/17 13:54:55 INFO dnd: armed ability fired (turn-based build) user=@sim:fighter-l3-manor_blackspire-26 ability="Second Wind"
2026/05/17 13:54:55 INFO dnd: armed ability fired (turn-based build) user=@sim:fighter-l3-manor_blackspire-26 ability="Second Wind"
2026/05/17 13:54:55 INFO database initialized path=/tmp/expedition-sim-3533729000/gogobee.db
2026/05/17 13:54:55 INFO dnd: armed ability fired (turn-based build) user=@sim:fighter-l3-manor_blackspire-26 ability="Second Wind"
2026/05/17 13:54:55 INFO dnd: armed ability fired (turn-based build) user=@sim:fighter-l12-underdark-19 ability="Second Wind"
2026/05/17 13:54:55 INFO dnd: armed ability fired (turn-based build) user=@sim:fighter-l12-underdark-19 ability="Second Wind"
2026/05/17 13:54:55 INFO database initialized path=/tmp/expedition-sim-1028020706/gogobee.db
2026/05/17 13:54:55 INFO database initialized path=/tmp/expedition-sim-295050254/gogobee.db
2026/05/17 13:54:55 INFO dnd: armed ability fired (turn-based build) user=@sim:fighter-l12-forest_shadows-15 ability="Second Wind"
2026/05/17 13:54:55 INFO database initialized path=/tmp/expedition-sim-2377328805/gogobee.db
2026/05/17 13:54:55 INFO dnd: armed ability fired (turn-based build) user=@sim:fighter-l12-forest_shadows-15 ability="Second Wind"
2026/05/17 13:54:55 INFO dnd: armed ability fired (turn-based build) user=@sim:fighter-l7-underdark-9 ability="Second Wind"
2026/05/17 13:54:55 INFO dnd: armed ability fired (turn-based build) user=@sim:fighter-l12-underdark-19 ability="Second Wind"
2026/05/17 13:54:55 INFO dnd: armed ability fired (turn-based build) user=@sim:fighter-l12-forest_shadows-15 ability="Second Wind"
2026/05/17 13:54:55 INFO database initialized path=/tmp/expedition-sim-1902776299/gogobee.db
2026/05/17 13:54:55 INFO dnd: armed ability fired (turn-based build) user=@sim:fighter-l7-underdark-9 ability="Second Wind"
2026/05/17 13:54:55 INFO dnd: armed ability fired (turn-based build) user=@sim:fighter-l7-underdark-9 ability="Second Wind"
2026/05/17 13:54:55 INFO dnd: armed ability fired (turn-based build) user=@sim:fighter-l7-goblin_warrens-22 ability="Second Wind"
2026/05/17 13:54:55 INFO dnd: armed ability fired (turn-based build) user=@sim:fighter-l7-goblin_warrens-22 ability="Second Wind"
2026/05/17 13:54:55 INFO database initialized path=/tmp/expedition-sim-208407994/gogobee.db
2026/05/17 13:54:55 INFO dnd: armed ability fired (turn-based build) user=@sim:fighter-l7-goblin_warrens-22 ability="Second Wind"
2026/05/17 13:54:55 INFO dnd: armed ability fired (turn-based build) user=@sim:fighter-l12-manor_blackspire-17 ability="Second Wind"
2026/05/17 13:54:55 INFO dnd: armed ability fired (turn-based build) user=@sim:fighter-l12-manor_blackspire-17 ability="Second Wind"
2026/05/17 13:54:55 INFO dnd: armed ability fired (turn-based build) user=@sim:fighter-l12-manor_blackspire-17 ability="Second Wind"
2026/05/17 13:54:55 INFO database initialized path=/tmp/expedition-sim-844516970/gogobee.db
2026/05/17 13:54:55 INFO database initialized path=/tmp/expedition-sim-3386038806/gogobee.db
2026/05/17 13:54:55 INFO dnd: armed ability fired (turn-based build) user=@sim:fighter-l12-goblin_warrens-22 ability="Second Wind"
2026/05/17 13:54:55 INFO dnd: armed ability fired (turn-based build) user=@sim:fighter-l12-goblin_warrens-22 ability="Second Wind"
2026/05/17 13:54:55 INFO dnd: armed ability fired (turn-based build) user=@sim:fighter-l12-goblin_warrens-22 ability="Second Wind"
2026/05/17 13:54:55 INFO database initialized path=/tmp/expedition-sim-1199978493/gogobee.db
2026/05/17 13:54:55 INFO dnd: armed ability fired (turn-based build) user=@sim:fighter-l3-goblin_warrens-21 ability="Second Wind"
2026/05/17 13:54:55 INFO dnd: armed ability fired (turn-based build) user=@sim:fighter-l3-goblin_warrens-21 ability="Second Wind"
2026/05/17 13:54:55 INFO database initialized path=/tmp/expedition-sim-588787702/gogobee.db
2026/05/17 13:54:55 INFO dnd: armed ability fired (turn-based build) user=@sim:fighter-l3-goblin_warrens-21 ability="Second Wind"
2026/05/17 13:54:55 INFO dnd: armed ability fired (turn-based build) user=@sim:fighter-l3-forest_shadows-13 ability="Second Wind"
2026/05/17 13:54:55 INFO dnd: armed ability fired (turn-based build) user=@sim:fighter-l3-forest_shadows-13 ability="Second Wind"
2026/05/17 13:54:55 INFO dnd: armed ability fired (turn-based build) user=@sim:fighter-l3-forest_shadows-13 ability="Second Wind"
2026/05/17 13:54:55 INFO database initialized path=/tmp/expedition-sim-3056337131/gogobee.db
2026/05/17 13:54:55 INFO database initialized path=/tmp/expedition-sim-1877354744/gogobee.db
2026/05/17 13:54:55 INFO database initialized path=/tmp/expedition-sim-342041980/gogobee.db
2026/05/17 13:54:55 INFO database initialized path=/tmp/expedition-sim-3333476549/gogobee.db
2026/05/17 13:54:55 INFO dnd: armed ability fired (turn-based build) user=@sim:fighter-l7-dragons_lair-23 ability="Second Wind"
2026/05/17 13:54:55 INFO dnd: armed ability fired (turn-based build) user=@sim:fighter-l7-forest_shadows-17 ability="Second Wind"
2026/05/17 13:54:55 INFO dnd: armed ability fired (turn-based build) user=@sim:fighter-l7-dragons_lair-23 ability="Second Wind"
2026/05/17 13:54:55 INFO dnd: armed ability fired (turn-based build) user=@sim:fighter-l7-forest_shadows-17 ability="Second Wind"
2026/05/17 13:54:55 INFO dnd: armed ability fired (turn-based build) user=@sim:fighter-l7-manor_blackspire-25 ability="Second Wind"
2026/05/17 13:54:55 INFO dnd: armed ability fired (turn-based build) user=@sim:fighter-l7-forest_shadows-17 ability="Second Wind"
2026/05/17 13:54:55 INFO dnd: armed ability fired (turn-based build) user=@sim:fighter-l7-dragons_lair-23 ability="Second Wind"
2026/05/17 13:54:55 INFO dnd: armed ability fired (turn-based build) user=@sim:fighter-l7-manor_blackspire-25 ability="Second Wind"
2026/05/17 13:54:55 INFO database initialized path=/tmp/expedition-sim-122941620/gogobee.db
2026/05/17 13:54:55 INFO dnd: armed ability fired (turn-based build) user=@sim:fighter-l7-manor_blackspire-25 ability="Second Wind"
2026/05/17 13:54:55 INFO dnd: armed ability fired (turn-based build) user=@sim:fighter-l3-manor_blackspire-27 ability="Second Wind"
2026/05/17 13:54:55 INFO database initialized path=/tmp/expedition-sim-3385229584/gogobee.db
2026/05/17 13:54:55 INFO database initialized path=/tmp/expedition-sim-1073927548/gogobee.db
2026/05/17 13:54:55 INFO dnd: armed ability fired (turn-based build) user=@sim:fighter-l7-underdark-10 ability="Second Wind"
2026/05/17 13:54:55 INFO dnd: armed ability fired (turn-based build) user=@sim:fighter-l7-underdark-10 ability="Second Wind"
2026/05/17 13:54:55 INFO dnd: armed ability fired (turn-based build) user=@sim:fighter-l7-underdark-10 ability="Second Wind"
2026/05/17 13:54:56 INFO database initialized path=/tmp/expedition-sim-3271381024/gogobee.db
2026/05/17 13:54:56 INFO database initialized path=/tmp/expedition-sim-1685755652/gogobee.db
2026/05/17 13:54:56 INFO dnd: armed ability fired (turn-based build) user=@sim:fighter-l12-forest_shadows-16 ability="Second Wind"
2026/05/17 13:54:56 INFO dnd: armed ability fired (turn-based build) user=@sim:fighter-l7-goblin_warrens-23 ability="Second Wind"
2026/05/17 13:54:56 INFO dnd: armed ability fired (turn-based build) user=@sim:fighter-l12-forest_shadows-16 ability="Second Wind"
2026/05/17 13:54:56 INFO dnd: armed ability fired (turn-based build) user=@sim:fighter-l7-goblin_warrens-23 ability="Second Wind"
2026/05/17 13:54:56 INFO dnd: armed ability fired (turn-based build) user=@sim:fighter-l12-forest_shadows-16 ability="Second Wind"
2026/05/17 13:54:56 INFO dnd: armed ability fired (turn-based build) user=@sim:fighter-l7-goblin_warrens-23 ability="Second Wind"
2026/05/17 13:54:56 INFO database initialized path=/tmp/expedition-sim-3894339193/gogobee.db
2026/05/17 13:54:56 INFO database initialized path=/tmp/expedition-sim-2322194966/gogobee.db
2026/05/17 13:54:56 INFO dnd: armed ability fired (turn-based build) user=@sim:fighter-l12-manor_blackspire-18 ability="Second Wind"
2026/05/17 13:54:56 INFO dnd: armed ability fired (turn-based build) user=@sim:fighter-l12-manor_blackspire-18 ability="Second Wind"
2026/05/17 13:54:56 INFO dnd: armed ability fired (turn-based build) user=@sim:fighter-l12-goblin_warrens-23 ability="Second Wind"
2026/05/17 13:54:56 INFO dnd: armed ability fired (turn-based build) user=@sim:fighter-l12-manor_blackspire-18 ability="Second Wind"
2026/05/17 13:54:56 INFO dnd: armed ability fired (turn-based build) user=@sim:fighter-l12-goblin_warrens-23 ability="Second Wind"
2026/05/17 13:54:56 INFO database initialized path=/tmp/expedition-sim-1054314270/gogobee.db
2026/05/17 13:54:56 INFO database initialized path=/tmp/expedition-sim-1749098747/gogobee.db
2026/05/17 13:54:56 INFO dnd: armed ability fired (turn-based build) user=@sim:fighter-l12-goblin_warrens-23 ability="Second Wind"
2026/05/17 13:54:56 INFO dnd: armed ability fired (turn-based build) user=@sim:fighter-l12-underdark-20 ability="Second Wind"
2026/05/17 13:54:56 INFO dnd: armed ability fired (turn-based build) user=@sim:fighter-l12-underdark-20 ability="Second Wind"
2026/05/17 13:54:56 INFO database initialized path=/tmp/expedition-sim-1547593267/gogobee.db
2026/05/17 13:54:56 INFO dnd: armed ability fired (turn-based build) user=@sim:fighter-l12-underdark-20 ability="Second Wind"
2026/05/17 13:54:56 INFO dnd: armed ability fired (turn-based build) user=@sim:fighter-l3-forest_shadows-14 ability="Second Wind"
2026/05/17 13:54:56 INFO dnd: armed ability fired (turn-based build) user=@sim:fighter-l3-forest_shadows-14 ability="Second Wind"
2026/05/17 13:54:56 INFO dnd: armed ability fired (turn-based build) user=@sim:fighter-l3-forest_shadows-14 ability="Second Wind"
2026/05/17 13:54:56 INFO database initialized path=/tmp/expedition-sim-2515865432/gogobee.db
2026/05/17 13:54:56 INFO dnd: armed ability fired (turn-based build) user=@sim:fighter-l3-manor_blackspire-28 ability="Second Wind"
2026/05/17 13:54:56 INFO dnd: armed ability fired (turn-based build) user=@sim:fighter-l3-manor_blackspire-28 ability="Second Wind"
2026/05/17 13:54:56 INFO dnd: armed ability fired (turn-based build) user=@sim:fighter-l3-manor_blackspire-28 ability="Second Wind"
2026/05/17 13:54:56 INFO database initialized path=/tmp/expedition-sim-3521739829/gogobee.db
2026/05/17 13:54:56 INFO database initialized path=/tmp/expedition-sim-3781354645/gogobee.db
2026/05/17 13:54:56 INFO dnd: armed ability fired (turn-based build) user=@sim:fighter-l7-dragons_lair-24 ability="Second Wind"
2026/05/17 13:54:56 INFO dnd: armed ability fired (turn-based build) user=@sim:fighter-l3-goblin_warrens-22 ability="Second Wind"
2026/05/17 13:54:56 INFO dnd: armed ability fired (turn-based build) user=@sim:fighter-l7-dragons_lair-24 ability="Second Wind"
2026/05/17 13:54:56 INFO dnd: armed ability fired (turn-based build) user=@sim:fighter-l7-dragons_lair-24 ability="Second Wind"
2026/05/17 13:54:56 INFO dnd: armed ability fired (turn-based build) user=@sim:fighter-l3-goblin_warrens-22 ability="Second Wind"
2026/05/17 13:54:56 INFO dnd: armed ability fired (turn-based build) user=@sim:fighter-l3-goblin_warrens-22 ability="Second Wind"
2026/05/17 13:54:56 INFO database initialized path=/tmp/expedition-sim-4094762845/gogobee.db
2026/05/17 13:54:56 INFO database initialized path=/tmp/expedition-sim-1405243021/gogobee.db
2026/05/17 13:54:56 INFO database initialized path=/tmp/expedition-sim-3943886362/gogobee.db
2026/05/17 13:54:56 INFO dnd: armed ability fired (turn-based build) user=@sim:fighter-l7-manor_blackspire-26 ability="Second Wind"
2026/05/17 13:54:56 INFO dnd: armed ability fired (turn-based build) user=@sim:fighter-l7-forest_shadows-18 ability="Second Wind"
2026/05/17 13:54:56 INFO dnd: armed ability fired (turn-based build) user=@sim:fighter-l7-manor_blackspire-26 ability="Second Wind"
2026/05/17 13:54:56 INFO dnd: armed ability fired (turn-based build) user=@sim:fighter-l7-manor_blackspire-26 ability="Second Wind"
2026/05/17 13:54:56 INFO dnd: armed ability fired (turn-based build) user=@sim:fighter-l7-forest_shadows-18 ability="Second Wind"
2026/05/17 13:54:56 INFO database initialized path=/tmp/expedition-sim-3325948788/gogobee.db
2026/05/17 13:54:56 INFO dnd: armed ability fired (turn-based build) user=@sim:fighter-l7-forest_shadows-18 ability="Second Wind"
2026/05/17 13:54:56 INFO dnd: armed ability fired (turn-based build) user=@sim:fighter-l7-underdark-11 ability="Second Wind"
2026/05/17 13:54:56 INFO dnd: armed ability fired (turn-based build) user=@sim:fighter-l7-underdark-11 ability="Second Wind"
2026/05/17 13:54:56 INFO dnd: armed ability fired (turn-based build) user=@sim:fighter-l7-underdark-11 ability="Second Wind"
2026/05/17 13:54:56 INFO database initialized path=/tmp/expedition-sim-1836445314/gogobee.db
2026/05/17 13:54:56 INFO database initialized path=/tmp/expedition-sim-3173293525/gogobee.db
2026/05/17 13:54:56 INFO dnd: armed ability fired (turn-based build) user=@sim:fighter-l7-goblin_warrens-24 ability="Second Wind"
2026/05/17 13:54:56 INFO dnd: armed ability fired (turn-based build) user=@sim:fighter-l7-goblin_warrens-24 ability="Second Wind"
2026/05/17 13:54:56 INFO dnd: armed ability fired (turn-based build) user=@sim:fighter-l7-goblin_warrens-24 ability="Second Wind"
2026/05/17 13:54:56 INFO database initialized path=/tmp/expedition-sim-3949707476/gogobee.db
2026/05/17 13:54:56 INFO dnd: armed ability fired (turn-based build) user=@sim:fighter-l3-forest_shadows-15 ability="Second Wind"
2026/05/17 13:54:56 INFO dnd: armed ability fired (turn-based build) user=@sim:fighter-l3-forest_shadows-15 ability="Second Wind"
2026/05/17 13:54:56 INFO database initialized path=/tmp/expedition-sim-4011021213/gogobee.db
2026/05/17 13:54:56 INFO dnd: armed ability fired (turn-based build) user=@sim:fighter-l3-forest_shadows-15 ability="Second Wind"
2026/05/17 13:54:56 INFO dnd: armed ability fired (turn-based build) user=@sim:fighter-l12-underdark-21 ability="Second Wind"
2026/05/17 13:54:56 INFO dnd: armed ability fired (turn-based build) user=@sim:fighter-l12-underdark-21 ability="Second Wind"
2026/05/17 13:54:56 INFO database initialized path=/tmp/expedition-sim-2840354543/gogobee.db
2026/05/17 13:54:56 INFO dnd: armed ability fired (turn-based build) user=@sim:fighter-l12-underdark-21 ability="Second Wind"
2026/05/17 13:54:56 INFO database initialized path=/tmp/expedition-sim-1611661668/gogobee.db
2026/05/17 13:54:56 INFO dnd: armed ability fired (turn-based build) user=@sim:fighter-l12-manor_blackspire-19 ability="Second Wind"
2026/05/17 13:54:56 INFO dnd: armed ability fired (turn-based build) user=@sim:fighter-l3-manor_blackspire-29 ability="Second Wind"
2026/05/17 13:54:56 INFO database initialized path=/tmp/expedition-sim-612465400/gogobee.db
2026/05/17 13:54:56 INFO dnd: armed ability fired (turn-based build) user=@sim:fighter-l12-manor_blackspire-19 ability="Second Wind"
2026/05/17 13:54:56 INFO dnd: armed ability fired (turn-based build) user=@sim:fighter-l12-forest_shadows-17 ability="Second Wind"
2026/05/17 13:54:56 INFO dnd: armed ability fired (turn-based build) user=@sim:fighter-l12-manor_blackspire-19 ability="Second Wind"
2026/05/17 13:54:56 INFO dnd: armed ability fired (turn-based build) user=@sim:fighter-l12-forest_shadows-17 ability="Second Wind"
2026/05/17 13:54:56 INFO database initialized path=/tmp/expedition-sim-2421441057/gogobee.db
2026/05/17 13:54:56 INFO dnd: armed ability fired (turn-based build) user=@sim:fighter-l12-forest_shadows-17 ability="Second Wind"
2026/05/17 13:54:56 INFO dnd: armed ability fired (turn-based build) user=@sim:fighter-l12-goblin_warrens-24 ability="Second Wind"
2026/05/17 13:54:56 INFO database initialized path=/tmp/expedition-sim-344925293/gogobee.db
2026/05/17 13:54:56 INFO dnd: armed ability fired (turn-based build) user=@sim:fighter-l12-goblin_warrens-24 ability="Second Wind"
2026/05/17 13:54:56 INFO dnd: armed ability fired (turn-based build) user=@sim:fighter-l12-goblin_warrens-24 ability="Second Wind"
2026/05/17 13:54:56 INFO database initialized path=/tmp/expedition-sim-2208990846/gogobee.db
2026/05/17 13:54:56 INFO dnd: armed ability fired (turn-based build) user=@sim:fighter-l7-dragons_lair-25 ability="Second Wind"
2026/05/17 13:54:56 INFO dnd: armed ability fired (turn-based build) user=@sim:fighter-l7-dragons_lair-25 ability="Second Wind"
2026/05/17 13:54:56 INFO dnd: armed ability fired (turn-based build) user=@sim:fighter-l7-dragons_lair-25 ability="Second Wind"
2026/05/17 13:54:56 INFO database initialized path=/tmp/expedition-sim-1992512818/gogobee.db
2026/05/17 13:54:56 INFO dnd: armed ability fired (turn-based build) user=@sim:fighter-l3-goblin_warrens-23 ability="Second Wind"
2026/05/17 13:54:56 INFO dnd: armed ability fired (turn-based build) user=@sim:fighter-l3-goblin_warrens-23 ability="Second Wind"
2026/05/17 13:54:56 INFO database initialized path=/tmp/expedition-sim-1292914874/gogobee.db
2026/05/17 13:54:56 INFO database initialized path=/tmp/expedition-sim-3879523071/gogobee.db
2026/05/17 13:54:56 INFO dnd: armed ability fired (turn-based build) user=@sim:fighter-l3-goblin_warrens-23 ability="Second Wind"
2026/05/17 13:54:56 INFO dnd: armed ability fired (turn-based build) user=@sim:fighter-l7-manor_blackspire-27 ability="Second Wind"
2026/05/17 13:54:56 INFO dnd: armed ability fired (turn-based build) user=@sim:fighter-l7-manor_blackspire-27 ability="Second Wind"
2026/05/17 13:54:56 INFO database initialized path=/tmp/expedition-sim-1975514971/gogobee.db
2026/05/17 13:54:56 INFO dnd: armed ability fired (turn-based build) user=@sim:fighter-l7-manor_blackspire-27 ability="Second Wind"
2026/05/17 13:54:56 INFO dnd: armed ability fired (turn-based build) user=@sim:fighter-l7-forest_shadows-19 ability="Second Wind"
2026/05/17 13:54:56 INFO dnd: armed ability fired (turn-based build) user=@sim:fighter-l7-forest_shadows-19 ability="Second Wind"
2026/05/17 13:54:56 INFO dnd: armed ability fired (turn-based build) user=@sim:fighter-l7-forest_shadows-19 ability="Second Wind"
2026/05/17 13:54:57 INFO database initialized path=/tmp/expedition-sim-1969276331/gogobee.db
2026/05/17 13:54:57 INFO dnd: armed ability fired (turn-based build) user=@sim:fighter-l7-underdark-12 ability="Second Wind"
2026/05/17 13:54:57 INFO database initialized path=/tmp/expedition-sim-1964358293/gogobee.db
2026/05/17 13:54:57 INFO dnd: armed ability fired (turn-based build) user=@sim:fighter-l7-underdark-12 ability="Second Wind"
2026/05/17 13:54:57 INFO database initialized path=/tmp/expedition-sim-1099400265/gogobee.db
2026/05/17 13:54:57 INFO dnd: armed ability fired (turn-based build) user=@sim:fighter-l3-forest_shadows-16 ability="Second Wind"
2026/05/17 13:54:57 INFO dnd: armed ability fired (turn-based build) user=@sim:fighter-l7-underdark-12 ability="Second Wind"
2026/05/17 13:54:57 INFO dnd: armed ability fired (turn-based build) user=@sim:fighter-l7-goblin_warrens-25 ability="Second Wind"
2026/05/17 13:54:57 INFO dnd: armed ability fired (turn-based build) user=@sim:fighter-l3-forest_shadows-16 ability="Second Wind"
2026/05/17 13:54:57 INFO dnd: armed ability fired (turn-based build) user=@sim:fighter-l7-goblin_warrens-25 ability="Second Wind"
2026/05/17 13:54:57 INFO dnd: armed ability fired (turn-based build) user=@sim:fighter-l7-goblin_warrens-25 ability="Second Wind"
2026/05/17 13:54:57 INFO database initialized path=/tmp/expedition-sim-2317659583/gogobee.db
2026/05/17 13:54:57 INFO dnd: armed ability fired (turn-based build) user=@sim:fighter-l3-forest_shadows-16 ability="Second Wind"
2026/05/17 13:54:57 INFO database initialized path=/tmp/expedition-sim-2187453205/gogobee.db
2026/05/17 13:54:57 INFO dnd: armed ability fired (turn-based build) user=@sim:fighter-l3-manor_blackspire-30 ability="Second Wind"
2026/05/17 13:54:57 INFO dnd: armed ability fired (turn-based build) user=@sim:fighter-l3-manor_blackspire-30 ability="Second Wind"
2026/05/17 13:54:57 INFO dnd: armed ability fired (turn-based build) user=@sim:fighter-l3-manor_blackspire-30 ability="Second Wind"
2026/05/17 13:54:57 INFO database initialized path=/tmp/expedition-sim-891825741/gogobee.db
2026/05/17 13:54:57 INFO dnd: armed ability fired (turn-based build) user=@sim:fighter-l12-underdark-22 ability="Second Wind"
2026/05/17 13:54:57 INFO dnd: armed ability fired (turn-based build) user=@sim:fighter-l12-underdark-22 ability="Second Wind"
2026/05/17 13:54:57 INFO dnd: armed ability fired (turn-based build) user=@sim:fighter-l12-underdark-22 ability="Second Wind"
2026/05/17 13:54:57 INFO database initialized path=/tmp/expedition-sim-2164761795/gogobee.db
2026/05/17 13:54:57 INFO dnd: armed ability fired (turn-based build) user=@sim:fighter-l12-manor_blackspire-20 ability="Second Wind"
2026/05/17 13:54:57 INFO dnd: armed ability fired (turn-based build) user=@sim:fighter-l12-manor_blackspire-20 ability="Second Wind"
2026/05/17 13:54:57 INFO database initialized path=/tmp/expedition-sim-283162373/gogobee.db
2026/05/17 13:54:57 INFO dnd: armed ability fired (turn-based build) user=@sim:fighter-l12-manor_blackspire-20 ability="Second Wind"
2026/05/17 13:54:57 INFO dnd: armed ability fired (turn-based build) user=@sim:fighter-l12-forest_shadows-18 ability="Second Wind"
2026/05/17 13:54:57 INFO dnd: armed ability fired (turn-based build) user=@sim:fighter-l12-forest_shadows-18 ability="Second Wind"
2026/05/17 13:54:57 INFO dnd: armed ability fired (turn-based build) user=@sim:fighter-l12-forest_shadows-18 ability="Second Wind"
2026/05/17 13:54:57 INFO database initialized path=/tmp/expedition-sim-2228431812/gogobee.db
2026/05/17 13:54:57 INFO dnd: armed ability fired (turn-based build) user=@sim:fighter-l7-manor_blackspire-28 ability="Second Wind"
2026/05/17 13:54:57 INFO dnd: armed ability fired (turn-based build) user=@sim:fighter-l7-manor_blackspire-28 ability="Second Wind"
2026/05/17 13:54:57 INFO database initialized path=/tmp/expedition-sim-137869555/gogobee.db
2026/05/17 13:54:57 INFO dnd: armed ability fired (turn-based build) user=@sim:fighter-l7-manor_blackspire-28 ability="Second Wind"
2026/05/17 13:54:57 INFO database initialized path=/tmp/expedition-sim-2810233173/gogobee.db
2026/05/17 13:54:57 INFO dnd: armed ability fired (turn-based build) user=@sim:fighter-l7-dragons_lair-26 ability="Second Wind"
2026/05/17 13:54:57 INFO dnd: armed ability fired (turn-based build) user=@sim:fighter-l12-goblin_warrens-25 ability="Second Wind"
2026/05/17 13:54:57 INFO dnd: armed ability fired (turn-based build) user=@sim:fighter-l7-dragons_lair-26 ability="Second Wind"
2026/05/17 13:54:57 INFO dnd: armed ability fired (turn-based build) user=@sim:fighter-l7-dragons_lair-26 ability="Second Wind"
2026/05/17 13:54:57 INFO dnd: armed ability fired (turn-based build) user=@sim:fighter-l12-goblin_warrens-25 ability="Second Wind"
2026/05/17 13:54:57 INFO dnd: armed ability fired (turn-based build) user=@sim:fighter-l12-goblin_warrens-25 ability="Second Wind"
2026/05/17 13:54:57 INFO database initialized path=/tmp/expedition-sim-3991651783/gogobee.db
2026/05/17 13:54:57 INFO database initialized path=/tmp/expedition-sim-4065057303/gogobee.db
2026/05/17 13:54:57 INFO database initialized path=/tmp/expedition-sim-901889391/gogobee.db
2026/05/17 13:54:57 INFO dnd: armed ability fired (turn-based build) user=@sim:fighter-l7-forest_shadows-20 ability="Second Wind"
2026/05/17 13:54:57 INFO database initialized path=/tmp/expedition-sim-3222378900/gogobee.db
2026/05/17 13:54:57 INFO database initialized path=/tmp/expedition-sim-3607675098/gogobee.db
2026/05/17 13:54:57 INFO dnd: armed ability fired (turn-based build) user=@sim:fighter-l7-forest_shadows-20 ability="Second Wind"
2026/05/17 13:54:57 INFO dnd: armed ability fired (turn-based build) user=@sim:fighter-l7-goblin_warrens-26 ability="Second Wind"
2026/05/17 13:54:57 INFO dnd: armed ability fired (turn-based build) user=@sim:fighter-l7-forest_shadows-20 ability="Second Wind"
2026/05/17 13:54:57 INFO dnd: armed ability fired (turn-based build) user=@sim:fighter-l3-goblin_warrens-24 ability="Second Wind"
2026/05/17 13:54:57 INFO dnd: armed ability fired (turn-based build) user=@sim:fighter-l3-goblin_warrens-24 ability="Second Wind"
2026/05/17 13:54:57 INFO dnd: armed ability fired (turn-based build) user=@sim:fighter-l7-goblin_warrens-26 ability="Second Wind"
2026/05/17 13:54:57 INFO database initialized path=/tmp/expedition-sim-3594520649/gogobee.db
2026/05/17 13:54:57 INFO dnd: armed ability fired (turn-based build) user=@sim:fighter-l3-goblin_warrens-24 ability="Second Wind"
2026/05/17 13:54:57 INFO dnd: armed ability fired (turn-based build) user=@sim:fighter-l7-goblin_warrens-26 ability="Second Wind"
2026/05/17 13:54:57 INFO dnd: armed ability fired (turn-based build) user=@sim:fighter-l7-underdark-13 ability="Second Wind"
2026/05/17 13:54:57 INFO dnd: armed ability fired (turn-based build) user=@sim:fighter-l7-underdark-13 ability="Second Wind"
2026/05/17 13:54:57 INFO dnd: armed ability fired (turn-based build) user=@sim:fighter-l7-underdark-13 ability="Second Wind"
2026/05/17 13:54:57 INFO database initialized path=/tmp/expedition-sim-1901155093/gogobee.db
2026/05/17 13:54:57 INFO dnd: armed ability fired (turn-based build) user=@sim:fighter-l3-forest_shadows-17 ability="Second Wind"
2026/05/17 13:54:57 INFO dnd: armed ability fired (turn-based build) user=@sim:fighter-l3-forest_shadows-17 ability="Second Wind"
2026/05/17 13:54:57 INFO dnd: armed ability fired (turn-based build) user=@sim:fighter-l3-forest_shadows-17 ability="Second Wind"
2026/05/17 13:54:57 INFO database initialized path=/tmp/expedition-sim-3798240001/gogobee.db
2026/05/17 13:54:57 INFO dnd: armed ability fired (turn-based build) user=@sim:fighter-l3-manor_blackspire-31 ability="Second Wind"
2026/05/17 13:54:57 INFO dnd: armed ability fired (turn-based build) user=@sim:fighter-l3-manor_blackspire-31 ability="Second Wind"
2026/05/17 13:54:57 WARN auto-heal cleanup: short on inventory user=@sim:fighter-l3-manor_blackspire-31 wanted=1 removed=0
2026/05/17 13:54:57 INFO dnd: armed ability fired (turn-based build) user=@sim:fighter-l3-manor_blackspire-31 ability="Second Wind"
2026/05/17 13:54:57 WARN auto-heal cleanup: short on inventory user=@sim:fighter-l3-manor_blackspire-31 wanted=1 removed=0
2026/05/17 13:54:57 INFO database initialized path=/tmp/expedition-sim-3223087828/gogobee.db
2026/05/17 13:54:57 INFO dnd: armed ability fired (turn-based build) user=@sim:fighter-l12-underdark-23 ability="Second Wind"
2026/05/17 13:54:57 INFO dnd: armed ability fired (turn-based build) user=@sim:fighter-l12-underdark-23 ability="Second Wind"
2026/05/17 13:54:57 INFO dnd: armed ability fired (turn-based build) user=@sim:fighter-l12-underdark-23 ability="Second Wind"
2026/05/17 13:54:57 INFO database initialized path=/tmp/expedition-sim-318676021/gogobee.db
2026/05/17 13:54:57 INFO database initialized path=/tmp/expedition-sim-3029960200/gogobee.db
2026/05/17 13:54:57 INFO database initialized path=/tmp/expedition-sim-2912648511/gogobee.db
2026/05/17 13:54:57 INFO dnd: armed ability fired (turn-based build) user=@sim:fighter-l12-manor_blackspire-21 ability="Second Wind"
2026/05/17 13:54:57 INFO dnd: armed ability fired (turn-based build) user=@sim:fighter-l7-manor_blackspire-29 ability="Second Wind"
2026/05/17 13:54:57 INFO dnd: armed ability fired (turn-based build) user=@sim:fighter-l12-manor_blackspire-21 ability="Second Wind"
2026/05/17 13:54:57 INFO dnd: armed ability fired (turn-based build) user=@sim:fighter-l7-manor_blackspire-29 ability="Second Wind"
2026/05/17 13:54:57 INFO dnd: armed ability fired (turn-based build) user=@sim:fighter-l12-manor_blackspire-21 ability="Second Wind"
2026/05/17 13:54:57 INFO database initialized path=/tmp/expedition-sim-1513594020/gogobee.db
2026/05/17 13:54:57 INFO database initialized path=/tmp/expedition-sim-2041926136/gogobee.db
2026/05/17 13:54:57 INFO dnd: armed ability fired (turn-based build) user=@sim:fighter-l7-manor_blackspire-29 ability="Second Wind"
2026/05/17 13:54:57 INFO dnd: armed ability fired (turn-based build) user=@sim:fighter-l12-forest_shadows-19 ability="Second Wind"
2026/05/17 13:54:57 INFO database initialized path=/tmp/expedition-sim-1097051139/gogobee.db
2026/05/17 13:54:57 INFO dnd: armed ability fired (turn-based build) user=@sim:fighter-l12-goblin_warrens-26 ability="Second Wind"
2026/05/17 13:54:57 INFO dnd: armed ability fired (turn-based build) user=@sim:fighter-l12-forest_shadows-19 ability="Second Wind"
2026/05/17 13:54:57 INFO dnd: armed ability fired (turn-based build) user=@sim:fighter-l12-goblin_warrens-26 ability="Second Wind"
2026/05/17 13:54:57 INFO dnd: armed ability fired (turn-based build) user=@sim:fighter-l12-forest_shadows-19 ability="Second Wind"
2026/05/17 13:54:57 INFO database initialized path=/tmp/expedition-sim-269793294/gogobee.db
2026/05/17 13:54:57 INFO dnd: armed ability fired (turn-based build) user=@sim:fighter-l12-goblin_warrens-26 ability="Second Wind"
2026/05/17 13:54:57 INFO dnd: armed ability fired (turn-based build) user=@sim:fighter-l7-dragons_lair-27 ability="Second Wind"
2026/05/17 13:54:57 INFO dnd: armed ability fired (turn-based build) user=@sim:fighter-l7-dragons_lair-27 ability="Second Wind"
2026/05/17 13:54:57 INFO dnd: armed ability fired (turn-based build) user=@sim:fighter-l7-dragons_lair-27 ability="Second Wind"
2026/05/17 13:54:57 INFO database initialized path=/tmp/expedition-sim-2969736516/gogobee.db
2026/05/17 13:54:58 INFO database initialized path=/tmp/expedition-sim-1419654109/gogobee.db
2026/05/17 13:54:58 INFO dnd: armed ability fired (turn-based build) user=@sim:fighter-l3-manor_blackspire-32 ability="Second Wind"
2026/05/17 13:54:58 INFO dnd: armed ability fired (turn-based build) user=@sim:fighter-l3-manor_blackspire-32 ability="Second Wind"
2026/05/17 13:54:58 INFO dnd: armed ability fired (turn-based build) user=@sim:fighter-l7-underdark-14 ability="Second Wind"
2026/05/17 13:54:58 INFO database initialized path=/tmp/expedition-sim-71870798/gogobee.db
2026/05/17 13:54:58 INFO dnd: armed ability fired (turn-based build) user=@sim:fighter-l3-manor_blackspire-32 ability="Second Wind"
2026/05/17 13:54:58 INFO dnd: armed ability fired (turn-based build) user=@sim:fighter-l7-goblin_warrens-27 ability="Second Wind"
2026/05/17 13:54:58 INFO dnd: armed ability fired (turn-based build) user=@sim:fighter-l7-goblin_warrens-27 ability="Second Wind"
2026/05/17 13:54:58 INFO dnd: armed ability fired (turn-based build) user=@sim:fighter-l7-underdark-14 ability="Second Wind"
2026/05/17 13:54:58 INFO dnd: armed ability fired (turn-based build) user=@sim:fighter-l7-goblin_warrens-27 ability="Second Wind"
2026/05/17 13:54:58 INFO dnd: armed ability fired (turn-based build) user=@sim:fighter-l7-underdark-14 ability="Second Wind"
2026/05/17 13:54:58 INFO database initialized path=/tmp/expedition-sim-347479386/gogobee.db
2026/05/17 13:54:58 INFO dnd: armed ability fired (turn-based build) user=@sim:fighter-l3-forest_shadows-18 ability="Second Wind"
2026/05/17 13:54:58 INFO dnd: armed ability fired (turn-based build) user=@sim:fighter-l3-forest_shadows-18 ability="Second Wind"
2026/05/17 13:54:58 INFO database initialized path=/tmp/expedition-sim-3015127474/gogobee.db
2026/05/17 13:54:58 INFO dnd: armed ability fired (turn-based build) user=@sim:fighter-l3-forest_shadows-18 ability="Second Wind"
2026/05/17 13:54:58 INFO dnd: armed ability fired (turn-based build) user=@sim:fighter-l3-goblin_warrens-25 ability="Second Wind"
2026/05/17 13:54:58 INFO database initialized path=/tmp/expedition-sim-2006802631/gogobee.db
2026/05/17 13:54:58 INFO dnd: armed ability fired (turn-based build) user=@sim:fighter-l3-goblin_warrens-25 ability="Second Wind"
2026/05/17 13:54:58 INFO dnd: armed ability fired (turn-based build) user=@sim:fighter-l7-forest_shadows-21 ability="Second Wind"
2026/05/17 13:54:58 INFO dnd: armed ability fired (turn-based build) user=@sim:fighter-l3-goblin_warrens-25 ability="Second Wind"
2026/05/17 13:54:58 INFO dnd: armed ability fired (turn-based build) user=@sim:fighter-l7-forest_shadows-21 ability="Second Wind"
2026/05/17 13:54:58 INFO dnd: armed ability fired (turn-based build) user=@sim:fighter-l7-forest_shadows-21 ability="Second Wind"
2026/05/17 13:54:58 INFO database initialized path=/tmp/expedition-sim-396098448/gogobee.db
2026/05/17 13:54:58 INFO database initialized path=/tmp/expedition-sim-2712958569/gogobee.db
2026/05/17 13:54:58 INFO database initialized path=/tmp/expedition-sim-903711996/gogobee.db
2026/05/17 13:54:58 INFO dnd: armed ability fired (turn-based build) user=@sim:fighter-l12-underdark-24 ability="Second Wind"
2026/05/17 13:54:58 INFO dnd: armed ability fired (turn-based build) user=@sim:fighter-l12-underdark-24 ability="Second Wind"
2026/05/17 13:54:58 INFO dnd: armed ability fired (turn-based build) user=@sim:fighter-l12-underdark-24 ability="Second Wind"
2026/05/17 13:54:58 INFO database initialized path=/tmp/expedition-sim-2581841438/gogobee.db
2026/05/17 13:54:58 INFO dnd: armed ability fired (turn-based build) user=@sim:fighter-l7-manor_blackspire-30 ability="Second Wind"
2026/05/17 13:54:58 INFO dnd: armed ability fired (turn-based build) user=@sim:fighter-l7-manor_blackspire-30 ability="Second Wind"
2026/05/17 13:54:58 INFO dnd: armed ability fired (turn-based build) user=@sim:fighter-l7-manor_blackspire-30 ability="Second Wind"
2026/05/17 13:54:58 INFO database initialized path=/tmp/expedition-sim-1556591872/gogobee.db
2026/05/17 13:54:58 INFO dnd: armed ability fired (turn-based build) user=@sim:fighter-l12-goblin_warrens-27 ability="Second Wind"
2026/05/17 13:54:58 INFO dnd: armed ability fired (turn-based build) user=@sim:fighter-l12-goblin_warrens-27 ability="Second Wind"
2026/05/17 13:54:58 INFO dnd: armed ability fired (turn-based build) user=@sim:fighter-l12-goblin_warrens-27 ability="Second Wind"
2026/05/17 13:54:58 INFO database initialized path=/tmp/expedition-sim-4205909457/gogobee.db
2026/05/17 13:54:58 INFO dnd: armed ability fired (turn-based build) user=@sim:fighter-l12-manor_blackspire-22 ability="Second Wind"
2026/05/17 13:54:58 INFO database initialized path=/tmp/expedition-sim-3574820077/gogobee.db
2026/05/17 13:54:58 INFO dnd: armed ability fired (turn-based build) user=@sim:fighter-l12-manor_blackspire-22 ability="Second Wind"
2026/05/17 13:54:58 INFO dnd: armed ability fired (turn-based build) user=@sim:fighter-l7-dragons_lair-28 ability="Second Wind"
2026/05/17 13:54:58 INFO database initialized path=/tmp/expedition-sim-3920886667/gogobee.db
2026/05/17 13:54:58 INFO dnd: armed ability fired (turn-based build) user=@sim:fighter-l12-manor_blackspire-22 ability="Second Wind"
2026/05/17 13:54:58 INFO dnd: armed ability fired (turn-based build) user=@sim:fighter-l7-dragons_lair-28 ability="Second Wind"
2026/05/17 13:54:58 INFO dnd: armed ability fired (turn-based build) user=@sim:fighter-l3-forest_shadows-19 ability="Second Wind"
2026/05/17 13:54:58 INFO dnd: armed ability fired (turn-based build) user=@sim:fighter-l7-dragons_lair-28 ability="Second Wind"
2026/05/17 13:54:58 INFO dnd: armed ability fired (turn-based build) user=@sim:fighter-l3-forest_shadows-19 ability="Second Wind"
2026/05/17 13:54:58 INFO dnd: armed ability fired (turn-based build) user=@sim:fighter-l3-forest_shadows-19 ability="Second Wind"
2026/05/17 13:54:58 INFO database initialized path=/tmp/expedition-sim-4051817598/gogobee.db
2026/05/17 13:54:58 INFO database initialized path=/tmp/expedition-sim-110961265/gogobee.db
2026/05/17 13:54:58 INFO dnd: armed ability fired (turn-based build) user=@sim:fighter-l3-manor_blackspire-33 ability="Second Wind"
2026/05/17 13:54:58 INFO database initialized path=/tmp/expedition-sim-2614357766/gogobee.db
2026/05/17 13:54:58 INFO database initialized path=/tmp/expedition-sim-1671381353/gogobee.db
2026/05/17 13:54:58 INFO dnd: armed ability fired (turn-based build) user=@sim:fighter-l3-manor_blackspire-33 ability="Second Wind"
2026/05/17 13:54:58 INFO database initialized path=/tmp/expedition-sim-459269847/gogobee.db
2026/05/17 13:54:58 INFO dnd: armed ability fired (turn-based build) user=@sim:fighter-l12-forest_shadows-20 ability="Second Wind"
2026/05/17 13:54:58 INFO dnd: armed ability fired (turn-based build) user=@sim:fighter-l7-goblin_warrens-28 ability="Second Wind"
2026/05/17 13:54:58 INFO dnd: armed ability fired (turn-based build) user=@sim:fighter-l12-forest_shadows-20 ability="Second Wind"
2026/05/17 13:54:58 INFO database initialized path=/tmp/expedition-sim-2428294519/gogobee.db
2026/05/17 13:54:58 INFO dnd: armed ability fired (turn-based build) user=@sim:fighter-l3-goblin_warrens-26 ability="Second Wind"
2026/05/17 13:54:58 INFO dnd: armed ability fired (turn-based build) user=@sim:fighter-l3-manor_blackspire-33 ability="Second Wind"
2026/05/17 13:54:58 WARN auto-heal cleanup: short on inventory user=@sim:fighter-l3-manor_blackspire-33 wanted=1 removed=0
2026/05/17 13:54:58 INFO dnd: armed ability fired (turn-based build) user=@sim:fighter-l7-goblin_warrens-28 ability="Second Wind"
2026/05/17 13:54:58 INFO dnd: armed ability fired (turn-based build) user=@sim:fighter-l12-forest_shadows-20 ability="Second Wind"
2026/05/17 13:54:58 INFO dnd: armed ability fired (turn-based build) user=@sim:fighter-l3-goblin_warrens-26 ability="Second Wind"
2026/05/17 13:54:58 INFO dnd: armed ability fired (turn-based build) user=@sim:fighter-l7-goblin_warrens-28 ability="Second Wind"
2026/05/17 13:54:58 INFO dnd: armed ability fired (turn-based build) user=@sim:fighter-l3-goblin_warrens-26 ability="Second Wind"
2026/05/17 13:54:58 INFO database initialized path=/tmp/expedition-sim-3176884710/gogobee.db
2026/05/17 13:54:58 INFO dnd: armed ability fired (turn-based build) user=@sim:fighter-l7-underdark-15 ability="Second Wind"
2026/05/17 13:54:58 INFO dnd: armed ability fired (turn-based build) user=@sim:fighter-l7-underdark-15 ability="Second Wind"
2026/05/17 13:54:58 INFO dnd: armed ability fired (turn-based build) user=@sim:fighter-l7-underdark-15 ability="Second Wind"
2026/05/17 13:54:58 INFO database initialized path=/tmp/expedition-sim-4287833967/gogobee.db
2026/05/17 13:54:58 INFO database initialized path=/tmp/expedition-sim-829909789/gogobee.db
2026/05/17 13:54:58 INFO dnd: armed ability fired (turn-based build) user=@sim:fighter-l7-forest_shadows-22 ability="Second Wind"
2026/05/17 13:54:58 INFO dnd: armed ability fired (turn-based build) user=@sim:fighter-l7-forest_shadows-22 ability="Second Wind"
2026/05/17 13:54:58 INFO dnd: armed ability fired (turn-based build) user=@sim:fighter-l12-underdark-25 ability="Second Wind"
2026/05/17 13:54:58 INFO dnd: armed ability fired (turn-based build) user=@sim:fighter-l7-forest_shadows-22 ability="Second Wind"
2026/05/17 13:54:58 INFO database initialized path=/tmp/expedition-sim-1643961872/gogobee.db
2026/05/17 13:54:58 INFO dnd: armed ability fired (turn-based build) user=@sim:fighter-l7-manor_blackspire-31 ability="Second Wind"
2026/05/17 13:54:58 INFO dnd: armed ability fired (turn-based build) user=@sim:fighter-l12-underdark-25 ability="Second Wind"
2026/05/17 13:54:58 INFO dnd: armed ability fired (turn-based build) user=@sim:fighter-l7-manor_blackspire-31 ability="Second Wind"
2026/05/17 13:54:58 INFO dnd: armed ability fired (turn-based build) user=@sim:fighter-l7-manor_blackspire-31 ability="Second Wind"
2026/05/17 13:54:58 INFO dnd: armed ability fired (turn-based build) user=@sim:fighter-l12-underdark-25 ability="Second Wind"
2026/05/17 13:54:58 INFO database initialized path=/tmp/expedition-sim-3432967318/gogobee.db
2026/05/17 13:54:58 INFO database initialized path=/tmp/expedition-sim-3637151303/gogobee.db
2026/05/17 13:54:58 INFO dnd: armed ability fired (turn-based build) user=@sim:fighter-l12-goblin_warrens-28 ability="Second Wind"
2026/05/17 13:54:58 INFO dnd: armed ability fired (turn-based build) user=@sim:fighter-l12-goblin_warrens-28 ability="Second Wind"
2026/05/17 13:54:58 INFO dnd: armed ability fired (turn-based build) user=@sim:fighter-l12-goblin_warrens-28 ability="Second Wind"
2026/05/17 13:54:58 INFO database initialized path=/tmp/expedition-sim-33555700/gogobee.db
2026/05/17 13:54:58 INFO database initialized path=/tmp/expedition-sim-2412505425/gogobee.db
2026/05/17 13:54:58 INFO database initialized path=/tmp/expedition-sim-1975954720/gogobee.db
2026/05/17 13:54:58 INFO dnd: armed ability fired (turn-based build) user=@sim:fighter-l7-dragons_lair-29 ability="Second Wind"
2026/05/17 13:54:58 INFO dnd: armed ability fired (turn-based build) user=@sim:fighter-l7-dragons_lair-29 ability="Second Wind"
2026/05/17 13:54:58 INFO dnd: armed ability fired (turn-based build) user=@sim:fighter-l3-forest_shadows-20 ability="Second Wind"
2026/05/17 13:54:58 INFO dnd: armed ability fired (turn-based build) user=@sim:fighter-l7-dragons_lair-29 ability="Second Wind"
2026/05/17 13:54:58 INFO dnd: armed ability fired (turn-based build) user=@sim:fighter-l3-forest_shadows-20 ability="Second Wind"
2026/05/17 13:54:58 INFO dnd: armed ability fired (turn-based build) user=@sim:fighter-l3-forest_shadows-20 ability="Second Wind"
2026/05/17 13:54:58 INFO database initialized path=/tmp/expedition-sim-1235430150/gogobee.db
2026/05/17 13:54:59 INFO dnd: armed ability fired (turn-based build) user=@sim:fighter-l12-manor_blackspire-23 ability="Second Wind"
2026/05/17 13:54:59 INFO database initialized path=/tmp/expedition-sim-463177119/gogobee.db
2026/05/17 13:54:59 INFO dnd: armed ability fired (turn-based build) user=@sim:fighter-l7-goblin_warrens-29 ability="Second Wind"
2026/05/17 13:54:59 INFO dnd: armed ability fired (turn-based build) user=@sim:fighter-l12-manor_blackspire-23 ability="Second Wind"
2026/05/17 13:54:59 INFO dnd: armed ability fired (turn-based build) user=@sim:fighter-l7-goblin_warrens-29 ability="Second Wind"
2026/05/17 13:54:59 INFO dnd: armed ability fired (turn-based build) user=@sim:fighter-l7-goblin_warrens-29 ability="Second Wind"
2026/05/17 13:54:59 INFO dnd: armed ability fired (turn-based build) user=@sim:fighter-l12-manor_blackspire-23 ability="Second Wind"
2026/05/17 13:54:59 INFO database initialized path=/tmp/expedition-sim-2849699893/gogobee.db
2026/05/17 13:54:59 INFO dnd: armed ability fired (turn-based build) user=@sim:fighter-l3-goblin_warrens-27 ability="Second Wind"
2026/05/17 13:54:59 INFO database initialized path=/tmp/expedition-sim-2308995870/gogobee.db
2026/05/17 13:54:59 INFO dnd: armed ability fired (turn-based build) user=@sim:fighter-l3-goblin_warrens-27 ability="Second Wind"
2026/05/17 13:54:59 INFO dnd: armed ability fired (turn-based build) user=@sim:fighter-l3-goblin_warrens-27 ability="Second Wind"
2026/05/17 13:54:59 INFO dnd: armed ability fired (turn-based build) user=@sim:fighter-l7-underdark-16 ability="Second Wind"
2026/05/17 13:54:59 INFO dnd: armed ability fired (turn-based build) user=@sim:fighter-l7-underdark-16 ability="Second Wind"
2026/05/17 13:54:59 INFO dnd: armed ability fired (turn-based build) user=@sim:fighter-l7-underdark-16 ability="Second Wind"
2026/05/17 13:54:59 INFO database initialized path=/tmp/expedition-sim-4089739892/gogobee.db
2026/05/17 13:54:59 INFO database initialized path=/tmp/expedition-sim-3392274320/gogobee.db
2026/05/17 13:54:59 INFO database initialized path=/tmp/expedition-sim-4007954160/gogobee.db
2026/05/17 13:54:59 INFO dnd: armed ability fired (turn-based build) user=@sim:fighter-l7-manor_blackspire-32 ability="Second Wind"
2026/05/17 13:54:59 INFO dnd: armed ability fired (turn-based build) user=@sim:fighter-l3-manor_blackspire-34 ability="Second Wind"
2026/05/17 13:54:59 INFO dnd: armed ability fired (turn-based build) user=@sim:fighter-l7-manor_blackspire-32 ability="Second Wind"
2026/05/17 13:54:59 INFO dnd: armed ability fired (turn-based build) user=@sim:fighter-l7-manor_blackspire-32 ability="Second Wind"
2026/05/17 13:54:59 INFO dnd: armed ability fired (turn-based build) user=@sim:fighter-l3-manor_blackspire-34 ability="Second Wind"
2026/05/17 13:54:59 INFO dnd: armed ability fired (turn-based build) user=@sim:fighter-l3-manor_blackspire-34 ability="Second Wind"
2026/05/17 13:54:59 INFO database initialized path=/tmp/expedition-sim-1909718685/gogobee.db
2026/05/17 13:54:59 INFO database initialized path=/tmp/expedition-sim-1498483261/gogobee.db
2026/05/17 13:54:59 INFO dnd: armed ability fired (turn-based build) user=@sim:fighter-l12-goblin_warrens-29 ability="Second Wind"
2026/05/17 13:54:59 INFO dnd: armed ability fired (turn-based build) user=@sim:fighter-l12-goblin_warrens-29 ability="Second Wind"
2026/05/17 13:54:59 INFO dnd: armed ability fired (turn-based build) user=@sim:fighter-l12-goblin_warrens-29 ability="Second Wind"
2026/05/17 13:54:59 INFO database initialized path=/tmp/expedition-sim-3766041393/gogobee.db
2026/05/17 13:54:59 INFO dnd: armed ability fired (turn-based build) user=@sim:fighter-l12-underdark-26 ability="Second Wind"
2026/05/17 13:54:59 INFO dnd: armed ability fired (turn-based build) user=@sim:fighter-l12-underdark-26 ability="Second Wind"
2026/05/17 13:54:59 INFO dnd: armed ability fired (turn-based build) user=@sim:fighter-l12-underdark-26 ability="Second Wind"
2026/05/17 13:54:59 INFO database initialized path=/tmp/expedition-sim-1688845635/gogobee.db
2026/05/17 13:54:59 INFO dnd: armed ability fired (turn-based build) user=@sim:fighter-l3-forest_shadows-21 ability="Second Wind"
2026/05/17 13:54:59 INFO database initialized path=/tmp/expedition-sim-3415373106/gogobee.db
2026/05/17 13:54:59 INFO dnd: armed ability fired (turn-based build) user=@sim:fighter-l3-forest_shadows-21 ability="Second Wind"
2026/05/17 13:54:59 INFO database initialized path=/tmp/expedition-sim-919216147/gogobee.db
2026/05/17 13:54:59 INFO dnd: armed ability fired (turn-based build) user=@sim:fighter-l3-forest_shadows-21 ability="Second Wind"
2026/05/17 13:54:59 INFO dnd: armed ability fired (turn-based build) user=@sim:fighter-l12-forest_shadows-21 ability="Second Wind"
2026/05/17 13:54:59 INFO dnd: armed ability fired (turn-based build) user=@sim:fighter-l7-dragons_lair-30 ability="Second Wind"
2026/05/17 13:54:59 INFO dnd: armed ability fired (turn-based build) user=@sim:fighter-l7-dragons_lair-30 ability="Second Wind"
2026/05/17 13:54:59 INFO dnd: armed ability fired (turn-based build) user=@sim:fighter-l7-dragons_lair-30 ability="Second Wind"
2026/05/17 13:54:59 INFO dnd: armed ability fired (turn-based build) user=@sim:fighter-l12-forest_shadows-21 ability="Second Wind"
2026/05/17 13:54:59 INFO database initialized path=/tmp/expedition-sim-2406715468/gogobee.db
2026/05/17 13:54:59 INFO dnd: armed ability fired (turn-based build) user=@sim:fighter-l12-forest_shadows-21 ability="Second Wind"
2026/05/17 13:54:59 INFO dnd: armed ability fired (turn-based build) user=@sim:fighter-l7-forest_shadows-23 ability="Second Wind"
2026/05/17 13:54:59 INFO dnd: armed ability fired (turn-based build) user=@sim:fighter-l7-forest_shadows-23 ability="Second Wind"
2026/05/17 13:54:59 INFO database initialized path=/tmp/expedition-sim-365342530/gogobee.db
2026/05/17 13:54:59 INFO dnd: armed ability fired (turn-based build) user=@sim:fighter-l7-forest_shadows-23 ability="Second Wind"
2026/05/17 13:54:59 INFO dnd: armed ability fired (turn-based build) user=@sim:fighter-l7-goblin_warrens-30 ability="Second Wind"
2026/05/17 13:54:59 INFO dnd: armed ability fired (turn-based build) user=@sim:fighter-l7-goblin_warrens-30 ability="Second Wind"
2026/05/17 13:54:59 INFO dnd: armed ability fired (turn-based build) user=@sim:fighter-l7-goblin_warrens-30 ability="Second Wind"
2026/05/17 13:54:59 INFO database initialized path=/tmp/expedition-sim-2415550038/gogobee.db
2026/05/17 13:54:59 INFO database initialized path=/tmp/expedition-sim-3746494142/gogobee.db
2026/05/17 13:54:59 INFO database initialized path=/tmp/expedition-sim-734465066/gogobee.db
2026/05/17 13:54:59 INFO dnd: armed ability fired (turn-based build) user=@sim:fighter-l12-manor_blackspire-24 ability="Second Wind"
2026/05/17 13:54:59 INFO dnd: armed ability fired (turn-based build) user=@sim:fighter-l12-manor_blackspire-24 ability="Second Wind"
2026/05/17 13:54:59 INFO dnd: armed ability fired (turn-based build) user=@sim:fighter-l7-underdark-17 ability="Second Wind"
2026/05/17 13:54:59 INFO dnd: armed ability fired (turn-based build) user=@sim:fighter-l12-manor_blackspire-24 ability="Second Wind"
2026/05/17 13:54:59 INFO dnd: armed ability fired (turn-based build) user=@sim:fighter-l7-underdark-17 ability="Second Wind"
2026/05/17 13:54:59 INFO dnd: armed ability fired (turn-based build) user=@sim:fighter-l7-underdark-17 ability="Second Wind"
2026/05/17 13:54:59 INFO database initialized path=/tmp/expedition-sim-3612048849/gogobee.db
2026/05/17 13:54:59 INFO dnd: armed ability fired (turn-based build) user=@sim:fighter-l3-manor_blackspire-35 ability="Second Wind"
2026/05/17 13:54:59 INFO dnd: armed ability fired (turn-based build) user=@sim:fighter-l3-manor_blackspire-35 ability="Second Wind"
2026/05/17 13:54:59 INFO dnd: armed ability fired (turn-based build) user=@sim:fighter-l3-manor_blackspire-35 ability="Second Wind"
2026/05/17 13:54:59 WARN auto-heal cleanup: short on inventory user=@sim:fighter-l3-manor_blackspire-35 wanted=1 removed=0
2026/05/17 13:54:59 INFO database initialized path=/tmp/expedition-sim-2052177083/gogobee.db
2026/05/17 13:54:59 INFO dnd: armed ability fired (turn-based build) user=@sim:fighter-l3-goblin_warrens-28 ability="Second Wind"
2026/05/17 13:54:59 INFO database initialized path=/tmp/expedition-sim-1796316897/gogobee.db
2026/05/17 13:54:59 INFO dnd: armed ability fired (turn-based build) user=@sim:fighter-l3-goblin_warrens-28 ability="Second Wind"
2026/05/17 13:54:59 INFO dnd: armed ability fired (turn-based build) user=@sim:fighter-l3-goblin_warrens-28 ability="Second Wind"
2026/05/17 13:54:59 INFO database initialized path=/tmp/expedition-sim-3866581176/gogobee.db
2026/05/17 13:54:59 INFO dnd: armed ability fired (turn-based build) user=@sim:fighter-l12-goblin_warrens-30 ability="Second Wind"
2026/05/17 13:54:59 INFO dnd: armed ability fired (turn-based build) user=@sim:fighter-l12-goblin_warrens-30 ability="Second Wind"
2026/05/17 13:54:59 INFO dnd: armed ability fired (turn-based build) user=@sim:fighter-l12-goblin_warrens-30 ability="Second Wind"
2026/05/17 13:54:59 INFO database initialized path=/tmp/expedition-sim-2732366848/gogobee.db
2026/05/17 13:54:59 INFO database initialized path=/tmp/expedition-sim-3765039639/gogobee.db
2026/05/17 13:54:59 INFO dnd: armed ability fired (turn-based build) user=@sim:fighter-l12-underdark-27 ability="Second Wind"
2026/05/17 13:54:59 INFO dnd: armed ability fired (turn-based build) user=@sim:fighter-l7-manor_blackspire-33 ability="Second Wind"
2026/05/17 13:54:59 INFO dnd: armed ability fired (turn-based build) user=@sim:fighter-l12-underdark-27 ability="Second Wind"
2026/05/17 13:54:59 INFO dnd: armed ability fired (turn-based build) user=@sim:fighter-l7-manor_blackspire-33 ability="Second Wind"
2026/05/17 13:54:59 INFO dnd: armed ability fired (turn-based build) user=@sim:fighter-l12-underdark-27 ability="Second Wind"
2026/05/17 13:54:59 INFO dnd: armed ability fired (turn-based build) user=@sim:fighter-l7-manor_blackspire-33 ability="Second Wind"
2026/05/17 13:54:59 INFO database initialized path=/tmp/expedition-sim-1453311243/gogobee.db
2026/05/17 13:54:59 INFO database initialized path=/tmp/expedition-sim-3808571581/gogobee.db
2026/05/17 13:54:59 INFO dnd: armed ability fired (turn-based build) user=@sim:fighter-l7-dragons_lair-31 ability="Second Wind"
2026/05/17 13:54:59 INFO dnd: armed ability fired (turn-based build) user=@sim:fighter-l7-dragons_lair-31 ability="Second Wind"
2026/05/17 13:55:00 INFO dnd: armed ability fired (turn-based build) user=@sim:fighter-l7-dragons_lair-31 ability="Second Wind"
2026/05/17 13:55:00 INFO database initialized path=/tmp/expedition-sim-761765714/gogobee.db
2026/05/17 13:55:00 INFO dnd: armed ability fired (turn-based build) user=@sim:fighter-l3-forest_shadows-22 ability="Second Wind"
2026/05/17 13:55:00 INFO database initialized path=/tmp/expedition-sim-918610357/gogobee.db
2026/05/17 13:55:00 INFO dnd: armed ability fired (turn-based build) user=@sim:fighter-l3-forest_shadows-22 ability="Second Wind"
2026/05/17 13:55:00 INFO dnd: armed ability fired (turn-based build) user=@sim:fighter-l3-forest_shadows-22 ability="Second Wind"
2026/05/17 13:55:00 INFO dnd: armed ability fired (turn-based build) user=@sim:fighter-l7-forest_shadows-24 ability="Second Wind"
2026/05/17 13:55:00 INFO dnd: armed ability fired (turn-based build) user=@sim:fighter-l7-forest_shadows-24 ability="Second Wind"
2026/05/17 13:55:00 INFO database initialized path=/tmp/expedition-sim-4234314077/gogobee.db
2026/05/17 13:55:00 INFO database initialized path=/tmp/expedition-sim-2513826684/gogobee.db
2026/05/17 13:55:00 INFO dnd: armed ability fired (turn-based build) user=@sim:fighter-l12-forest_shadows-22 ability="Second Wind"
2026/05/17 13:55:00 INFO dnd: armed ability fired (turn-based build) user=@sim:fighter-l12-forest_shadows-22 ability="Second Wind"
2026/05/17 13:55:00 INFO dnd: armed ability fired (turn-based build) user=@sim:fighter-l7-forest_shadows-24 ability="Second Wind"
2026/05/17 13:55:00 INFO dnd: armed ability fired (turn-based build) user=@sim:fighter-l12-forest_shadows-22 ability="Second Wind"
2026/05/17 13:55:00 INFO dnd: armed ability fired (turn-based build) user=@sim:fighter-l7-goblin_warrens-31 ability="Second Wind"
2026/05/17 13:55:00 INFO database initialized path=/tmp/expedition-sim-2134554772/gogobee.db
2026/05/17 13:55:00 INFO dnd: armed ability fired (turn-based build) user=@sim:fighter-l7-goblin_warrens-31 ability="Second Wind"
2026/05/17 13:55:00 INFO dnd: armed ability fired (turn-based build) user=@sim:fighter-l12-manor_blackspire-25 ability="Second Wind"
2026/05/17 13:55:00 INFO database initialized path=/tmp/expedition-sim-2068435112/gogobee.db
2026/05/17 13:55:00 INFO dnd: armed ability fired (turn-based build) user=@sim:fighter-l7-goblin_warrens-31 ability="Second Wind"
2026/05/17 13:55:00 INFO dnd: armed ability fired (turn-based build) user=@sim:fighter-l12-manor_blackspire-25 ability="Second Wind"
2026/05/17 13:55:00 INFO database initialized path=/tmp/expedition-sim-2639284106/gogobee.db
2026/05/17 13:55:00 INFO dnd: armed ability fired (turn-based build) user=@sim:fighter-l12-manor_blackspire-25 ability="Second Wind"
2026/05/17 13:55:00 INFO database initialized path=/tmp/expedition-sim-3776405551/gogobee.db
2026/05/17 13:55:00 INFO dnd: armed ability fired (turn-based build) user=@sim:fighter-l7-underdark-18 ability="Second Wind"
2026/05/17 13:55:00 INFO dnd: armed ability fired (turn-based build) user=@sim:fighter-l3-manor_blackspire-36 ability="Second Wind"
2026/05/17 13:55:00 INFO dnd: armed ability fired (turn-based build) user=@sim:fighter-l7-underdark-18 ability="Second Wind"
2026/05/17 13:55:00 INFO dnd: armed ability fired (turn-based build) user=@sim:fighter-l7-underdark-18 ability="Second Wind"
2026/05/17 13:55:00 INFO dnd: armed ability fired (turn-based build) user=@sim:fighter-l3-manor_blackspire-36 ability="Second Wind"
2026/05/17 13:55:00 WARN auto-heal cleanup: short on inventory user=@sim:fighter-l3-manor_blackspire-36 wanted=1 removed=0
2026/05/17 13:55:00 INFO dnd: armed ability fired (turn-based build) user=@sim:fighter-l3-manor_blackspire-36 ability="Second Wind"
2026/05/17 13:55:00 WARN auto-heal cleanup: short on inventory user=@sim:fighter-l3-manor_blackspire-36 wanted=1 removed=0
2026/05/17 13:55:00 INFO database initialized path=/tmp/expedition-sim-1281623222/gogobee.db
2026/05/17 13:55:00 INFO database initialized path=/tmp/expedition-sim-1498777963/gogobee.db
2026/05/17 13:55:00 INFO dnd: armed ability fired (turn-based build) user=@sim:fighter-l3-goblin_warrens-29 ability="Second Wind"
2026/05/17 13:55:00 INFO database initialized path=/tmp/expedition-sim-2452742465/gogobee.db
2026/05/17 13:55:00 INFO dnd: armed ability fired (turn-based build) user=@sim:fighter-l3-goblin_warrens-29 ability="Second Wind"
2026/05/17 13:55:00 INFO dnd: armed ability fired (turn-based build) user=@sim:fighter-l12-goblin_warrens-31 ability="Second Wind"
2026/05/17 13:55:00 INFO dnd: armed ability fired (turn-based build) user=@sim:fighter-l3-goblin_warrens-29 ability="Second Wind"
2026/05/17 13:55:00 INFO database initialized path=/tmp/expedition-sim-1848774087/gogobee.db
2026/05/17 13:55:00 INFO dnd: armed ability fired (turn-based build) user=@sim:fighter-l12-goblin_warrens-31 ability="Second Wind"
2026/05/17 13:55:00 INFO dnd: armed ability fired (turn-based build) user=@sim:fighter-l7-manor_blackspire-34 ability="Second Wind"
2026/05/17 13:55:00 INFO dnd: armed ability fired (turn-based build) user=@sim:fighter-l12-goblin_warrens-31 ability="Second Wind"
2026/05/17 13:55:00 INFO dnd: armed ability fired (turn-based build) user=@sim:fighter-l7-manor_blackspire-34 ability="Second Wind"
2026/05/17 13:55:00 INFO dnd: armed ability fired (turn-based build) user=@sim:fighter-l7-manor_blackspire-34 ability="Second Wind"
2026/05/17 13:55:00 INFO database initialized path=/tmp/expedition-sim-264570884/gogobee.db
2026/05/17 13:55:00 INFO dnd: armed ability fired (turn-based build) user=@sim:fighter-l12-underdark-28 ability="Second Wind"
2026/05/17 13:55:00 INFO dnd: armed ability fired (turn-based build) user=@sim:fighter-l12-underdark-28 ability="Second Wind"
2026/05/17 13:55:00 INFO dnd: armed ability fired (turn-based build) user=@sim:fighter-l12-underdark-28 ability="Second Wind"
2026/05/17 13:55:00 INFO database initialized path=/tmp/expedition-sim-303566689/gogobee.db
2026/05/17 13:55:00 INFO dnd: armed ability fired (turn-based build) user=@sim:fighter-l3-forest_shadows-23 ability="Second Wind"
2026/05/17 13:55:00 INFO dnd: armed ability fired (turn-based build) user=@sim:fighter-l3-forest_shadows-23 ability="Second Wind"
2026/05/17 13:55:00 INFO dnd: armed ability fired (turn-based build) user=@sim:fighter-l3-forest_shadows-23 ability="Second Wind"
2026/05/17 13:55:00 INFO database initialized path=/tmp/expedition-sim-3440389521/gogobee.db
2026/05/17 13:55:00 INFO database initialized path=/tmp/expedition-sim-512882708/gogobee.db
2026/05/17 13:55:00 INFO dnd: armed ability fired (turn-based build) user=@sim:fighter-l7-forest_shadows-25 ability="Second Wind"
2026/05/17 13:55:00 INFO dnd: armed ability fired (turn-based build) user=@sim:fighter-l7-forest_shadows-25 ability="Second Wind"
2026/05/17 13:55:00 INFO database initialized path=/tmp/expedition-sim-1333300242/gogobee.db
2026/05/17 13:55:00 INFO dnd: armed ability fired (turn-based build) user=@sim:fighter-l7-dragons_lair-32 ability="Second Wind"
2026/05/17 13:55:00 INFO dnd: armed ability fired (turn-based build) user=@sim:fighter-l7-forest_shadows-25 ability="Second Wind"
2026/05/17 13:55:00 INFO database initialized path=/tmp/expedition-sim-935725027/gogobee.db
2026/05/17 13:55:00 INFO dnd: armed ability fired (turn-based build) user=@sim:fighter-l7-dragons_lair-32 ability="Second Wind"
2026/05/17 13:55:00 INFO dnd: armed ability fired (turn-based build) user=@sim:fighter-l7-dragons_lair-32 ability="Second Wind"
2026/05/17 13:55:00 INFO database initialized path=/tmp/expedition-sim-2398947328/gogobee.db
2026/05/17 13:55:00 INFO database initialized path=/tmp/expedition-sim-4260203558/gogobee.db
2026/05/17 13:55:00 INFO database initialized path=/tmp/expedition-sim-3082057100/gogobee.db
2026/05/17 13:55:00 INFO dnd: armed ability fired (turn-based build) user=@sim:fighter-l3-manor_blackspire-37 ability="Second Wind"
2026/05/17 13:55:00 INFO database initialized path=/tmp/expedition-sim-2509004174/gogobee.db
2026/05/17 13:55:00 INFO dnd: armed ability fired (turn-based build) user=@sim:fighter-l12-forest_shadows-23 ability="Second Wind"
2026/05/17 13:55:00 INFO dnd: armed ability fired (turn-based build) user=@sim:fighter-l12-manor_blackspire-26 ability="Second Wind"
2026/05/17 13:55:00 INFO dnd: armed ability fired (turn-based build) user=@sim:fighter-l3-manor_blackspire-37 ability="Second Wind"
2026/05/17 13:55:00 INFO dnd: armed ability fired (turn-based build) user=@sim:fighter-l12-manor_blackspire-26 ability="Second Wind"
2026/05/17 13:55:00 INFO dnd: armed ability fired (turn-based build) user=@sim:fighter-l12-forest_shadows-23 ability="Second Wind"
2026/05/17 13:55:00 INFO dnd: armed ability fired (turn-based build) user=@sim:fighter-l7-underdark-19 ability="Second Wind"
2026/05/17 13:55:00 INFO dnd: armed ability fired (turn-based build) user=@sim:fighter-l3-manor_blackspire-37 ability="Second Wind"
2026/05/17 13:55:00 INFO dnd: armed ability fired (turn-based build) user=@sim:fighter-l12-forest_shadows-23 ability="Second Wind"
2026/05/17 13:55:00 INFO dnd: armed ability fired (turn-based build) user=@sim:fighter-l12-manor_blackspire-26 ability="Second Wind"
2026/05/17 13:55:00 INFO dnd: armed ability fired (turn-based build) user=@sim:fighter-l7-underdark-19 ability="Second Wind"
2026/05/17 13:55:00 INFO dnd: armed ability fired (turn-based build) user=@sim:fighter-l7-underdark-19 ability="Second Wind"
2026/05/17 13:55:00 INFO database initialized path=/tmp/expedition-sim-3575484439/gogobee.db
2026/05/17 13:55:00 INFO dnd: armed ability fired (turn-based build) user=@sim:fighter-l3-goblin_warrens-30 ability="Second Wind"
2026/05/17 13:55:00 INFO database initialized path=/tmp/expedition-sim-1027081966/gogobee.db
2026/05/17 13:55:00 INFO dnd: armed ability fired (turn-based build) user=@sim:fighter-l3-goblin_warrens-30 ability="Second Wind"
2026/05/17 13:55:00 INFO dnd: armed ability fired (turn-based build) user=@sim:fighter-l7-goblin_warrens-32 ability="Second Wind"
2026/05/17 13:55:00 INFO dnd: armed ability fired (turn-based build) user=@sim:fighter-l3-goblin_warrens-30 ability="Second Wind"
2026/05/17 13:55:00 INFO dnd: armed ability fired (turn-based build) user=@sim:fighter-l7-goblin_warrens-32 ability="Second Wind"
2026/05/17 13:55:00 INFO dnd: armed ability fired (turn-based build) user=@sim:fighter-l7-goblin_warrens-32 ability="Second Wind"
2026/05/17 13:55:00 INFO database initialized path=/tmp/expedition-sim-285895357/gogobee.db
2026/05/17 13:55:00 INFO database initialized path=/tmp/expedition-sim-228764707/gogobee.db
2026/05/17 13:55:00 INFO dnd: armed ability fired (turn-based build) user=@sim:fighter-l7-manor_blackspire-35 ability="Second Wind"
2026/05/17 13:55:00 INFO dnd: armed ability fired (turn-based build) user=@sim:fighter-l7-manor_blackspire-35 ability="Second Wind"
2026/05/17 13:55:00 INFO dnd: armed ability fired (turn-based build) user=@sim:fighter-l7-manor_blackspire-35 ability="Second Wind"
2026/05/17 13:55:00 INFO dnd: armed ability fired (turn-based build) user=@sim:fighter-l12-goblin_warrens-32 ability="Second Wind"
2026/05/17 13:55:00 INFO database initialized path=/tmp/expedition-sim-293675336/gogobee.db
2026/05/17 13:55:00 INFO dnd: armed ability fired (turn-based build) user=@sim:fighter-l12-goblin_warrens-32 ability="Second Wind"
2026/05/17 13:55:00 INFO dnd: armed ability fired (turn-based build) user=@sim:fighter-l12-goblin_warrens-32 ability="Second Wind"
2026/05/17 13:55:00 INFO database initialized path=/tmp/expedition-sim-1607382461/gogobee.db
2026/05/17 13:55:00 INFO dnd: armed ability fired (turn-based build) user=@sim:fighter-l3-forest_shadows-24 ability="Second Wind"
2026/05/17 13:55:00 INFO dnd: armed ability fired (turn-based build) user=@sim:fighter-l3-forest_shadows-24 ability="Second Wind"
2026/05/17 13:55:00 INFO dnd: armed ability fired (turn-based build) user=@sim:fighter-l3-forest_shadows-24 ability="Second Wind"
2026/05/17 13:55:01 INFO database initialized path=/tmp/expedition-sim-580520647/gogobee.db
2026/05/17 13:55:01 INFO dnd: armed ability fired (turn-based build) user=@sim:fighter-l12-underdark-29 ability="Second Wind"
2026/05/17 13:55:01 INFO database initialized path=/tmp/expedition-sim-4201431278/gogobee.db
2026/05/17 13:55:01 INFO dnd: armed ability fired (turn-based build) user=@sim:fighter-l12-underdark-29 ability="Second Wind"
2026/05/17 13:55:01 INFO database initialized path=/tmp/expedition-sim-940377539/gogobee.db
2026/05/17 13:55:01 INFO dnd: armed ability fired (turn-based build) user=@sim:fighter-l12-underdark-29 ability="Second Wind"
2026/05/17 13:55:01 INFO database initialized path=/tmp/expedition-sim-3611146275/gogobee.db
2026/05/17 13:55:01 INFO dnd: armed ability fired (turn-based build) user=@sim:fighter-l7-dragons_lair-33 ability="Second Wind"
2026/05/17 13:55:01 INFO dnd: armed ability fired (turn-based build) user=@sim:fighter-l7-forest_shadows-26 ability="Second Wind"
2026/05/17 13:55:01 INFO dnd: armed ability fired (turn-based build) user=@sim:fighter-l7-forest_shadows-26 ability="Second Wind"
2026/05/17 13:55:01 INFO database initialized path=/tmp/expedition-sim-2428733558/gogobee.db
2026/05/17 13:55:01 INFO dnd: armed ability fired (turn-based build) user=@sim:fighter-l7-dragons_lair-33 ability="Second Wind"
2026/05/17 13:55:01 INFO dnd: armed ability fired (turn-based build) user=@sim:fighter-l7-underdark-20 ability="Second Wind"
2026/05/17 13:55:01 INFO dnd: armed ability fired (turn-based build) user=@sim:fighter-l7-forest_shadows-26 ability="Second Wind"
2026/05/17 13:55:01 INFO dnd: armed ability fired (turn-based build) user=@sim:fighter-l7-dragons_lair-33 ability="Second Wind"
2026/05/17 13:55:01 INFO dnd: armed ability fired (turn-based build) user=@sim:fighter-l7-underdark-20 ability="Second Wind"
2026/05/17 13:55:01 INFO dnd: armed ability fired (turn-based build) user=@sim:fighter-l7-underdark-20 ability="Second Wind"
2026/05/17 13:55:01 INFO database initialized path=/tmp/expedition-sim-4147372199/gogobee.db
2026/05/17 13:55:01 INFO dnd: armed ability fired (turn-based build) user=@sim:fighter-l12-forest_shadows-24 ability="Second Wind"
2026/05/17 13:55:01 INFO dnd: armed ability fired (turn-based build) user=@sim:fighter-l12-forest_shadows-24 ability="Second Wind"
2026/05/17 13:55:01 INFO database initialized path=/tmp/expedition-sim-643383392/gogobee.db
2026/05/17 13:55:01 INFO dnd: armed ability fired (turn-based build) user=@sim:fighter-l12-forest_shadows-24 ability="Second Wind"
2026/05/17 13:55:01 INFO database initialized path=/tmp/expedition-sim-2741642923/gogobee.db
2026/05/17 13:55:01 INFO dnd: armed ability fired (turn-based build) user=@sim:fighter-l3-goblin_warrens-31 ability="Second Wind"
2026/05/17 13:55:01 INFO database initialized path=/tmp/expedition-sim-1334869606/gogobee.db
2026/05/17 13:55:01 INFO dnd: armed ability fired (turn-based build) user=@sim:fighter-l12-manor_blackspire-27 ability="Second Wind"
2026/05/17 13:55:01 INFO dnd: armed ability fired (turn-based build) user=@sim:fighter-l3-goblin_warrens-31 ability="Second Wind"
2026/05/17 13:55:01 INFO dnd: armed ability fired (turn-based build) user=@sim:fighter-l12-manor_blackspire-27 ability="Second Wind"
2026/05/17 13:55:01 INFO dnd: armed ability fired (turn-based build) user=@sim:fighter-l3-goblin_warrens-31 ability="Second Wind"
2026/05/17 13:55:01 INFO dnd: armed ability fired (turn-based build) user=@sim:fighter-l12-manor_blackspire-27 ability="Second Wind"
2026/05/17 13:55:01 INFO database initialized path=/tmp/expedition-sim-2735540504/gogobee.db
2026/05/17 13:55:01 INFO database initialized path=/tmp/expedition-sim-204673066/gogobee.db
2026/05/17 13:55:01 INFO dnd: armed ability fired (turn-based build) user=@sim:fighter-l7-goblin_warrens-33 ability="Second Wind"
2026/05/17 13:55:01 INFO dnd: armed ability fired (turn-based build) user=@sim:fighter-l3-manor_blackspire-38 ability="Second Wind"
2026/05/17 13:55:01 INFO dnd: armed ability fired (turn-based build) user=@sim:fighter-l3-manor_blackspire-38 ability="Second Wind"
2026/05/17 13:55:01 INFO dnd: armed ability fired (turn-based build) user=@sim:fighter-l7-goblin_warrens-33 ability="Second Wind"
2026/05/17 13:55:01 INFO dnd: armed ability fired (turn-based build) user=@sim:fighter-l3-manor_blackspire-38 ability="Second Wind"
2026/05/17 13:55:01 INFO dnd: armed ability fired (turn-based build) user=@sim:fighter-l7-goblin_warrens-33 ability="Second Wind"
2026/05/17 13:55:01 INFO database initialized path=/tmp/expedition-sim-3371466896/gogobee.db
2026/05/17 13:55:01 INFO database initialized path=/tmp/expedition-sim-1725231238/gogobee.db
2026/05/17 13:55:01 INFO dnd: armed ability fired (turn-based build) user=@sim:fighter-l7-manor_blackspire-36 ability="Second Wind"
2026/05/17 13:55:01 INFO database initialized path=/tmp/expedition-sim-102240322/gogobee.db
2026/05/17 13:55:01 INFO dnd: armed ability fired (turn-based build) user=@sim:fighter-l12-goblin_warrens-33 ability="Second Wind"
2026/05/17 13:55:01 INFO dnd: armed ability fired (turn-based build) user=@sim:fighter-l7-manor_blackspire-36 ability="Second Wind"
2026/05/17 13:55:01 INFO dnd: armed ability fired (turn-based build) user=@sim:fighter-l12-goblin_warrens-33 ability="Second Wind"
2026/05/17 13:55:01 INFO dnd: armed ability fired (turn-based build) user=@sim:fighter-l7-manor_blackspire-36 ability="Second Wind"
2026/05/17 13:55:01 INFO dnd: armed ability fired (turn-based build) user=@sim:fighter-l12-goblin_warrens-33 ability="Second Wind"
2026/05/17 13:55:01 INFO database initialized path=/tmp/expedition-sim-345802890/gogobee.db
2026/05/17 13:55:01 INFO dnd: armed ability fired (turn-based build) user=@sim:fighter-l3-forest_shadows-25 ability="Second Wind"
2026/05/17 13:55:01 INFO dnd: armed ability fired (turn-based build) user=@sim:fighter-l3-forest_shadows-25 ability="Second Wind"
2026/05/17 13:55:01 INFO dnd: armed ability fired (turn-based build) user=@sim:fighter-l3-forest_shadows-25 ability="Second Wind"
2026/05/17 13:55:01 INFO database initialized path=/tmp/expedition-sim-2145598781/gogobee.db
2026/05/17 13:55:01 INFO database initialized path=/tmp/expedition-sim-767361750/gogobee.db
2026/05/17 13:55:01 INFO dnd: armed ability fired (turn-based build) user=@sim:fighter-l7-dragons_lair-34 ability="Second Wind"
2026/05/17 13:55:01 INFO dnd: armed ability fired (turn-based build) user=@sim:fighter-l7-underdark-21 ability="Second Wind"
2026/05/17 13:55:01 INFO dnd: armed ability fired (turn-based build) user=@sim:fighter-l7-dragons_lair-34 ability="Second Wind"
2026/05/17 13:55:01 INFO dnd: armed ability fired (turn-based build) user=@sim:fighter-l7-underdark-21 ability="Second Wind"
2026/05/17 13:55:01 INFO dnd: armed ability fired (turn-based build) user=@sim:fighter-l7-dragons_lair-34 ability="Second Wind"
2026/05/17 13:55:01 INFO dnd: armed ability fired (turn-based build) user=@sim:fighter-l7-underdark-21 ability="Second Wind"
2026/05/17 13:55:01 INFO database initialized path=/tmp/expedition-sim-3052100535/gogobee.db
2026/05/17 13:55:01 INFO dnd: armed ability fired (turn-based build) user=@sim:fighter-l7-forest_shadows-27 ability="Second Wind"
2026/05/17 13:55:01 INFO dnd: armed ability fired (turn-based build) user=@sim:fighter-l7-forest_shadows-27 ability="Second Wind"
2026/05/17 13:55:01 INFO dnd: armed ability fired (turn-based build) user=@sim:fighter-l7-forest_shadows-27 ability="Second Wind"
2026/05/17 13:55:01 INFO database initialized path=/tmp/expedition-sim-450916706/gogobee.db
2026/05/17 13:55:01 INFO database initialized path=/tmp/expedition-sim-2458500765/gogobee.db
2026/05/17 13:55:01 INFO dnd: armed ability fired (turn-based build) user=@sim:fighter-l12-underdark-30 ability="Second Wind"
2026/05/17 13:55:01 INFO dnd: armed ability fired (turn-based build) user=@sim:fighter-l12-underdark-30 ability="Second Wind"
2026/05/17 13:55:01 INFO database initialized path=/tmp/expedition-sim-2294083875/gogobee.db
2026/05/17 13:55:01 INFO dnd: armed ability fired (turn-based build) user=@sim:fighter-l12-underdark-30 ability="Second Wind"
2026/05/17 13:55:01 INFO dnd: armed ability fired (turn-based build) user=@sim:fighter-l3-goblin_warrens-32 ability="Second Wind"
2026/05/17 13:55:01 INFO dnd: armed ability fired (turn-based build) user=@sim:fighter-l3-goblin_warrens-32 ability="Second Wind"
2026/05/17 13:55:01 INFO database initialized path=/tmp/expedition-sim-277799808/gogobee.db
2026/05/17 13:55:01 INFO dnd: armed ability fired (turn-based build) user=@sim:fighter-l3-goblin_warrens-32 ability="Second Wind"
2026/05/17 13:55:01 INFO database initialized path=/tmp/expedition-sim-4292356619/gogobee.db
2026/05/17 13:55:01 INFO database initialized path=/tmp/expedition-sim-3767310620/gogobee.db
2026/05/17 13:55:01 INFO database initialized path=/tmp/expedition-sim-3372690318/gogobee.db
2026/05/17 13:55:01 INFO dnd: armed ability fired (turn-based build) user=@sim:fighter-l7-goblin_warrens-34 ability="Second Wind"
2026/05/17 13:55:01 INFO dnd: armed ability fired (turn-based build) user=@sim:fighter-l12-manor_blackspire-28 ability="Second Wind"
2026/05/17 13:55:01 INFO dnd: armed ability fired (turn-based build) user=@sim:fighter-l3-manor_blackspire-39 ability="Second Wind"
2026/05/17 13:55:01 INFO dnd: armed ability fired (turn-based build) user=@sim:fighter-l12-manor_blackspire-28 ability="Second Wind"
2026/05/17 13:55:01 INFO dnd: armed ability fired (turn-based build) user=@sim:fighter-l7-goblin_warrens-34 ability="Second Wind"
2026/05/17 13:55:01 INFO dnd: armed ability fired (turn-based build) user=@sim:fighter-l3-manor_blackspire-39 ability="Second Wind"
2026/05/17 13:55:01 INFO dnd: armed ability fired (turn-based build) user=@sim:fighter-l12-manor_blackspire-28 ability="Second Wind"
2026/05/17 13:55:01 INFO dnd: armed ability fired (turn-based build) user=@sim:fighter-l7-goblin_warrens-34 ability="Second Wind"
2026/05/17 13:55:01 INFO dnd: armed ability fired (turn-based build) user=@sim:fighter-l3-manor_blackspire-39 ability="Second Wind"
2026/05/17 13:55:01 INFO database initialized path=/tmp/expedition-sim-4011348457/gogobee.db
2026/05/17 13:55:01 INFO dnd: armed ability fired (turn-based build) user=@sim:fighter-l12-goblin_warrens-34 ability="Second Wind"
2026/05/17 13:55:01 INFO dnd: armed ability fired (turn-based build) user=@sim:fighter-l12-goblin_warrens-34 ability="Second Wind"
2026/05/17 13:55:01 INFO database initialized path=/tmp/expedition-sim-1877125537/gogobee.db
2026/05/17 13:55:01 INFO database initialized path=/tmp/expedition-sim-89882738/gogobee.db
2026/05/17 13:55:01 INFO dnd: armed ability fired (turn-based build) user=@sim:fighter-l12-goblin_warrens-34 ability="Second Wind"
2026/05/17 13:55:01 INFO dnd: armed ability fired (turn-based build) user=@sim:fighter-l12-forest_shadows-25 ability="Second Wind"
2026/05/17 13:55:01 INFO dnd: armed ability fired (turn-based build) user=@sim:fighter-l12-forest_shadows-25 ability="Second Wind"
2026/05/17 13:55:01 INFO database initialized path=/tmp/expedition-sim-683351274/gogobee.db
2026/05/17 13:55:01 INFO dnd: armed ability fired (turn-based build) user=@sim:fighter-l12-forest_shadows-25 ability="Second Wind"
2026/05/17 13:55:02 INFO database initialized path=/tmp/expedition-sim-3970891808/gogobee.db
2026/05/17 13:55:02 INFO dnd: armed ability fired (turn-based build) user=@sim:fighter-l7-underdark-22 ability="Second Wind"
2026/05/17 13:55:02 INFO dnd: armed ability fired (turn-based build) user=@sim:fighter-l7-manor_blackspire-37 ability="Second Wind"
2026/05/17 13:55:02 INFO dnd: armed ability fired (turn-based build) user=@sim:fighter-l7-underdark-22 ability="Second Wind"
2026/05/17 13:55:02 INFO dnd: armed ability fired (turn-based build) user=@sim:fighter-l7-underdark-22 ability="Second Wind"
2026/05/17 13:55:02 INFO dnd: armed ability fired (turn-based build) user=@sim:fighter-l7-manor_blackspire-37 ability="Second Wind"
2026/05/17 13:55:02 INFO dnd: armed ability fired (turn-based build) user=@sim:fighter-l7-manor_blackspire-37 ability="Second Wind"
2026/05/17 13:55:02 INFO database initialized path=/tmp/expedition-sim-1332367767/gogobee.db
2026/05/17 13:55:02 INFO dnd: armed ability fired (turn-based build) user=@sim:fighter-l7-forest_shadows-28 ability="Second Wind"
2026/05/17 13:55:02 INFO dnd: armed ability fired (turn-based build) user=@sim:fighter-l7-forest_shadows-28 ability="Second Wind"
2026/05/17 13:55:02 INFO dnd: armed ability fired (turn-based build) user=@sim:fighter-l7-forest_shadows-28 ability="Second Wind"
2026/05/17 13:55:02 INFO database initialized path=/tmp/expedition-sim-3144758571/gogobee.db
2026/05/17 13:55:02 INFO database initialized path=/tmp/expedition-sim-289257682/gogobee.db
2026/05/17 13:55:02 INFO dnd: armed ability fired (turn-based build) user=@sim:fighter-l7-dragons_lair-35 ability="Second Wind"
2026/05/17 13:55:02 INFO dnd: armed ability fired (turn-based build) user=@sim:fighter-l7-dragons_lair-35 ability="Second Wind"
2026/05/17 13:55:02 INFO dnd: armed ability fired (turn-based build) user=@sim:fighter-l7-dragons_lair-35 ability="Second Wind"
2026/05/17 13:55:02 INFO database initialized path=/tmp/expedition-sim-4168486549/gogobee.db
2026/05/17 13:55:02 INFO dnd: armed ability fired (turn-based build) user=@sim:fighter-l3-forest_shadows-26 ability="Second Wind"
2026/05/17 13:55:02 INFO dnd: armed ability fired (turn-based build) user=@sim:fighter-l3-forest_shadows-26 ability="Second Wind"
2026/05/17 13:55:02 INFO dnd: armed ability fired (turn-based build) user=@sim:fighter-l3-forest_shadows-26 ability="Second Wind"
2026/05/17 13:55:02 INFO database initialized path=/tmp/expedition-sim-2180684677/gogobee.db
2026/05/17 13:55:02 INFO dnd: armed ability fired (turn-based build) user=@sim:fighter-l3-goblin_warrens-33 ability="Second Wind"
2026/05/17 13:55:02 INFO dnd: armed ability fired (turn-based build) user=@sim:fighter-l3-goblin_warrens-33 ability="Second Wind"
2026/05/17 13:55:02 INFO dnd: armed ability fired (turn-based build) user=@sim:fighter-l3-goblin_warrens-33 ability="Second Wind"
2026/05/17 13:55:02 INFO database initialized path=/tmp/expedition-sim-217957549/gogobee.db
2026/05/17 13:55:02 INFO dnd: armed ability fired (turn-based build) user=@sim:fighter-l12-underdark-31 ability="Second Wind"
2026/05/17 13:55:02 INFO database initialized path=/tmp/expedition-sim-85794678/gogobee.db
2026/05/17 13:55:02 INFO dnd: armed ability fired (turn-based build) user=@sim:fighter-l12-underdark-31 ability="Second Wind"
2026/05/17 13:55:02 INFO database initialized path=/tmp/expedition-sim-1516071185/gogobee.db
2026/05/17 13:55:02 INFO database initialized path=/tmp/expedition-sim-3602283500/gogobee.db
2026/05/17 13:55:02 INFO dnd: armed ability fired (turn-based build) user=@sim:fighter-l12-manor_blackspire-29 ability="Second Wind"
2026/05/17 13:55:02 INFO dnd: armed ability fired (turn-based build) user=@sim:fighter-l12-underdark-31 ability="Second Wind"
2026/05/17 13:55:02 INFO dnd: armed ability fired (turn-based build) user=@sim:fighter-l12-manor_blackspire-29 ability="Second Wind"
2026/05/17 13:55:02 INFO dnd: armed ability fired (turn-based build) user=@sim:fighter-l7-goblin_warrens-35 ability="Second Wind"
2026/05/17 13:55:02 INFO dnd: armed ability fired (turn-based build) user=@sim:fighter-l12-manor_blackspire-29 ability="Second Wind"
2026/05/17 13:55:02 INFO dnd: armed ability fired (turn-based build) user=@sim:fighter-l7-goblin_warrens-35 ability="Second Wind"
2026/05/17 13:55:02 INFO dnd: armed ability fired (turn-based build) user=@sim:fighter-l7-goblin_warrens-35 ability="Second Wind"
2026/05/17 13:55:02 INFO database initialized path=/tmp/expedition-sim-1312339393/gogobee.db
2026/05/17 13:55:02 INFO dnd: armed ability fired (turn-based build) user=@sim:fighter-l3-manor_blackspire-40 ability="Second Wind"
2026/05/17 13:55:02 INFO dnd: armed ability fired (turn-based build) user=@sim:fighter-l3-manor_blackspire-40 ability="Second Wind"
2026/05/17 13:55:02 INFO dnd: armed ability fired (turn-based build) user=@sim:fighter-l3-manor_blackspire-40 ability="Second Wind"
2026/05/17 13:55:02 INFO database initialized path=/tmp/expedition-sim-1560591184/gogobee.db
2026/05/17 13:55:02 INFO dnd: armed ability fired (turn-based build) user=@sim:fighter-l12-goblin_warrens-35 ability="Second Wind"
2026/05/17 13:55:02 INFO dnd: armed ability fired (turn-based build) user=@sim:fighter-l12-goblin_warrens-35 ability="Second Wind"
2026/05/17 13:55:02 INFO dnd: armed ability fired (turn-based build) user=@sim:fighter-l12-goblin_warrens-35 ability="Second Wind"
2026/05/17 13:55:02 INFO database initialized path=/tmp/expedition-sim-2711677887/gogobee.db
2026/05/17 13:55:02 INFO database initialized path=/tmp/expedition-sim-4235303216/gogobee.db
2026/05/17 13:55:02 INFO dnd: armed ability fired (turn-based build) user=@sim:fighter-l7-underdark-23 ability="Second Wind"
2026/05/17 13:55:02 INFO dnd: armed ability fired (turn-based build) user=@sim:fighter-l7-underdark-23 ability="Second Wind"
2026/05/17 13:55:02 INFO dnd: armed ability fired (turn-based build) user=@sim:fighter-l7-underdark-23 ability="Second Wind"
2026/05/17 13:55:02 INFO database initialized path=/tmp/expedition-sim-2643239738/gogobee.db
2026/05/17 13:55:02 INFO dnd: armed ability fired (turn-based build) user=@sim:fighter-l7-manor_blackspire-38 ability="Second Wind"
2026/05/17 13:55:02 INFO dnd: armed ability fired (turn-based build) user=@sim:fighter-l7-manor_blackspire-38 ability="Second Wind"
2026/05/17 13:55:02 INFO dnd: armed ability fired (turn-based build) user=@sim:fighter-l7-manor_blackspire-38 ability="Second Wind"
2026/05/17 13:55:02 INFO database initialized path=/tmp/expedition-sim-1359080397/gogobee.db
2026/05/17 13:55:02 INFO dnd: armed ability fired (turn-based build) user=@sim:fighter-l3-forest_shadows-27 ability="Second Wind"
2026/05/17 13:55:02 INFO database initialized path=/tmp/expedition-sim-146686973/gogobee.db
2026/05/17 13:55:02 INFO dnd: armed ability fired (turn-based build) user=@sim:fighter-l3-forest_shadows-27 ability="Second Wind"
2026/05/17 13:55:02 INFO dnd: armed ability fired (turn-based build) user=@sim:fighter-l7-dragons_lair-36 ability="Second Wind"
2026/05/17 13:55:02 INFO dnd: armed ability fired (turn-based build) user=@sim:fighter-l3-forest_shadows-27 ability="Second Wind"
2026/05/17 13:55:02 INFO dnd: armed ability fired (turn-based build) user=@sim:fighter-l7-dragons_lair-36 ability="Second Wind"
2026/05/17 13:55:02 INFO dnd: armed ability fired (turn-based build) user=@sim:fighter-l7-dragons_lair-36 ability="Second Wind"
2026/05/17 13:55:02 INFO database initialized path=/tmp/expedition-sim-3092569263/gogobee.db
2026/05/17 13:55:02 INFO dnd: armed ability fired (turn-based build) user=@sim:fighter-l3-goblin_warrens-34 ability="Second Wind"
2026/05/17 13:55:02 INFO dnd: armed ability fired (turn-based build) user=@sim:fighter-l3-goblin_warrens-34 ability="Second Wind"
2026/05/17 13:55:02 INFO dnd: armed ability fired (turn-based build) user=@sim:fighter-l3-goblin_warrens-34 ability="Second Wind"
2026/05/17 13:55:02 INFO database initialized path=/tmp/expedition-sim-1892073029/gogobee.db
2026/05/17 13:55:02 INFO dnd: armed ability fired (turn-based build) user=@sim:fighter-l12-forest_shadows-26 ability="Second Wind"
2026/05/17 13:55:02 INFO dnd: armed ability fired (turn-based build) user=@sim:fighter-l12-forest_shadows-26 ability="Second Wind"
2026/05/17 13:55:02 INFO database initialized path=/tmp/expedition-sim-3728530746/gogobee.db
2026/05/17 13:55:02 INFO dnd: armed ability fired (turn-based build) user=@sim:fighter-l12-forest_shadows-26 ability="Second Wind"
2026/05/17 13:55:02 INFO database initialized path=/tmp/expedition-sim-1005358178/gogobee.db
2026/05/17 13:55:02 INFO dnd: armed ability fired (turn-based build) user=@sim:fighter-l7-forest_shadows-29 ability="Second Wind"
2026/05/17 13:55:02 INFO dnd: armed ability fired (turn-based build) user=@sim:fighter-l7-forest_shadows-29 ability="Second Wind"
2026/05/17 13:55:02 INFO dnd: armed ability fired (turn-based build) user=@sim:fighter-l7-forest_shadows-29 ability="Second Wind"
2026/05/17 13:55:02 INFO database initialized path=/tmp/expedition-sim-2066213617/gogobee.db
2026/05/17 13:55:02 INFO dnd: armed ability fired (turn-based build) user=@sim:fighter-l12-underdark-32 ability="Second Wind"
2026/05/17 13:55:02 INFO database initialized path=/tmp/expedition-sim-847491846/gogobee.db
2026/05/17 13:55:02 INFO dnd: armed ability fired (turn-based build) user=@sim:fighter-l12-underdark-32 ability="Second Wind"
2026/05/17 13:55:02 INFO dnd: armed ability fired (turn-based build) user=@sim:fighter-l3-manor_blackspire-41 ability="Second Wind"
2026/05/17 13:55:02 INFO dnd: armed ability fired (turn-based build) user=@sim:fighter-l12-underdark-32 ability="Second Wind"
2026/05/17 13:55:02 INFO dnd: armed ability fired (turn-based build) user=@sim:fighter-l3-manor_blackspire-41 ability="Second Wind"
2026/05/17 13:55:02 INFO dnd: armed ability fired (turn-based build) user=@sim:fighter-l3-manor_blackspire-41 ability="Second Wind"
2026/05/17 13:55:02 INFO database initialized path=/tmp/expedition-sim-3513594755/gogobee.db
2026/05/17 13:55:02 INFO dnd: armed ability fired (turn-based build) user=@sim:fighter-l7-goblin_warrens-36 ability="Second Wind"
2026/05/17 13:55:02 INFO dnd: armed ability fired (turn-based build) user=@sim:fighter-l7-goblin_warrens-36 ability="Second Wind"
2026/05/17 13:55:02 INFO dnd: armed ability fired (turn-based build) user=@sim:fighter-l7-goblin_warrens-36 ability="Second Wind"
2026/05/17 13:55:02 INFO database initialized path=/tmp/expedition-sim-3283177102/gogobee.db
2026/05/17 13:55:02 INFO dnd: armed ability fired (turn-based build) user=@sim:fighter-l12-goblin_warrens-36 ability="Second Wind"
2026/05/17 13:55:02 INFO dnd: armed ability fired (turn-based build) user=@sim:fighter-l12-goblin_warrens-36 ability="Second Wind"
2026/05/17 13:55:02 INFO dnd: armed ability fired (turn-based build) user=@sim:fighter-l12-goblin_warrens-36 ability="Second Wind"
2026/05/17 13:55:02 INFO database initialized path=/tmp/expedition-sim-3435403558/gogobee.db
2026/05/17 13:55:02 INFO dnd: armed ability fired (turn-based build) user=@sim:fighter-l12-manor_blackspire-30 ability="Second Wind"
2026/05/17 13:55:02 INFO dnd: armed ability fired (turn-based build) user=@sim:fighter-l12-manor_blackspire-30 ability="Second Wind"
2026/05/17 13:55:02 INFO dnd: armed ability fired (turn-based build) user=@sim:fighter-l12-manor_blackspire-30 ability="Second Wind"
2026/05/17 13:55:02 INFO database initialized path=/tmp/expedition-sim-2535135348/gogobee.db
2026/05/17 13:55:02 INFO database initialized path=/tmp/expedition-sim-2316401968/gogobee.db
2026/05/17 13:55:02 INFO dnd: armed ability fired (turn-based build) user=@sim:fighter-l7-underdark-24 ability="Second Wind"
2026/05/17 13:55:02 INFO dnd: armed ability fired (turn-based build) user=@sim:fighter-l7-underdark-24 ability="Second Wind"
2026/05/17 13:55:02 INFO dnd: armed ability fired (turn-based build) user=@sim:fighter-l7-underdark-24 ability="Second Wind"
2026/05/17 13:55:03 INFO database initialized path=/tmp/expedition-sim-3030185482/gogobee.db
2026/05/17 13:55:03 INFO dnd: armed ability fired (turn-based build) user=@sim:fighter-l7-manor_blackspire-39 ability="Second Wind"
2026/05/17 13:55:03 INFO dnd: armed ability fired (turn-based build) user=@sim:fighter-l7-manor_blackspire-39 ability="Second Wind"
2026/05/17 13:55:03 INFO dnd: armed ability fired (turn-based build) user=@sim:fighter-l7-manor_blackspire-39 ability="Second Wind"
2026/05/17 13:55:03 INFO database initialized path=/tmp/expedition-sim-3189765229/gogobee.db
2026/05/17 13:55:03 INFO database initialized path=/tmp/expedition-sim-1246889554/gogobee.db
2026/05/17 13:55:03 INFO dnd: armed ability fired (turn-based build) user=@sim:fighter-l3-goblin_warrens-35 ability="Second Wind"
2026/05/17 13:55:03 INFO database initialized path=/tmp/expedition-sim-1031304402/gogobee.db
2026/05/17 13:55:03 INFO dnd: armed ability fired (turn-based build) user=@sim:fighter-l3-goblin_warrens-35 ability="Second Wind"
2026/05/17 13:55:03 INFO dnd: armed ability fired (turn-based build) user=@sim:fighter-l3-goblin_warrens-35 ability="Second Wind"
2026/05/17 13:55:03 INFO dnd: armed ability fired (turn-based build) user=@sim:fighter-l3-forest_shadows-28 ability="Second Wind"
2026/05/17 13:55:03 INFO dnd: armed ability fired (turn-based build) user=@sim:fighter-l3-forest_shadows-28 ability="Second Wind"
2026/05/17 13:55:03 INFO database initialized path=/tmp/expedition-sim-16841538/gogobee.db
2026/05/17 13:55:03 INFO dnd: armed ability fired (turn-based build) user=@sim:fighter-l3-forest_shadows-28 ability="Second Wind"
2026/05/17 13:55:03 INFO dnd: armed ability fired (turn-based build) user=@sim:fighter-l3-manor_blackspire-42 ability="Second Wind"
2026/05/17 13:55:03 INFO database initialized path=/tmp/expedition-sim-2891218268/gogobee.db
2026/05/17 13:55:03 INFO dnd: armed ability fired (turn-based build) user=@sim:fighter-l3-manor_blackspire-42 ability="Second Wind"
2026/05/17 13:55:03 INFO database initialized path=/tmp/expedition-sim-1393659982/gogobee.db
2026/05/17 13:55:03 INFO dnd: armed ability fired (turn-based build) user=@sim:fighter-l7-goblin_warrens-37 ability="Second Wind"
2026/05/17 13:55:03 INFO dnd: armed ability fired (turn-based build) user=@sim:fighter-l3-manor_blackspire-42 ability="Second Wind"
2026/05/17 13:55:03 INFO dnd: armed ability fired (turn-based build) user=@sim:fighter-l7-goblin_warrens-37 ability="Second Wind"
2026/05/17 13:55:03 INFO dnd: armed ability fired (turn-based build) user=@sim:fighter-l7-dragons_lair-37 ability="Second Wind"
2026/05/17 13:55:03 INFO dnd: armed ability fired (turn-based build) user=@sim:fighter-l7-goblin_warrens-37 ability="Second Wind"
2026/05/17 13:55:03 INFO dnd: armed ability fired (turn-based build) user=@sim:fighter-l7-dragons_lair-37 ability="Second Wind"
2026/05/17 13:55:03 INFO dnd: armed ability fired (turn-based build) user=@sim:fighter-l7-dragons_lair-37 ability="Second Wind"
2026/05/17 13:55:03 INFO database initialized path=/tmp/expedition-sim-957556005/gogobee.db
2026/05/17 13:55:03 INFO dnd: armed ability fired (turn-based build) user=@sim:fighter-l12-forest_shadows-27 ability="Second Wind"
2026/05/17 13:55:03 INFO database initialized path=/tmp/expedition-sim-4209177222/gogobee.db
2026/05/17 13:55:03 INFO dnd: armed ability fired (turn-based build) user=@sim:fighter-l12-forest_shadows-27 ability="Second Wind"
2026/05/17 13:55:03 INFO dnd: armed ability fired (turn-based build) user=@sim:fighter-l12-forest_shadows-27 ability="Second Wind"
2026/05/17 13:55:03 INFO dnd: armed ability fired (turn-based build) user=@sim:fighter-l7-forest_shadows-30 ability="Second Wind"
2026/05/17 13:55:03 INFO dnd: armed ability fired (turn-based build) user=@sim:fighter-l7-forest_shadows-30 ability="Second Wind"
2026/05/17 13:55:03 INFO dnd: armed ability fired (turn-based build) user=@sim:fighter-l7-forest_shadows-30 ability="Second Wind"
2026/05/17 13:55:03 INFO database initialized path=/tmp/expedition-sim-3119464870/gogobee.db
2026/05/17 13:55:03 INFO dnd: armed ability fired (turn-based build) user=@sim:fighter-l12-goblin_warrens-37 ability="Second Wind"
2026/05/17 13:55:03 INFO dnd: armed ability fired (turn-based build) user=@sim:fighter-l12-goblin_warrens-37 ability="Second Wind"
2026/05/17 13:55:03 INFO dnd: armed ability fired (turn-based build) user=@sim:fighter-l12-goblin_warrens-37 ability="Second Wind"
2026/05/17 13:55:03 INFO database initialized path=/tmp/expedition-sim-741420001/gogobee.db
2026/05/17 13:55:03 INFO database initialized path=/tmp/expedition-sim-549098194/gogobee.db
2026/05/17 13:55:03 INFO database initialized path=/tmp/expedition-sim-2638326390/gogobee.db
2026/05/17 13:55:03 INFO dnd: armed ability fired (turn-based build) user=@sim:fighter-l12-underdark-33 ability="Second Wind"
2026/05/17 13:55:03 INFO dnd: armed ability fired (turn-based build) user=@sim:fighter-l12-underdark-33 ability="Second Wind"
2026/05/17 13:55:03 INFO dnd: armed ability fired (turn-based build) user=@sim:fighter-l12-manor_blackspire-31 ability="Second Wind"
2026/05/17 13:55:03 INFO database initialized path=/tmp/expedition-sim-750257246/gogobee.db
2026/05/17 13:55:03 INFO dnd: armed ability fired (turn-based build) user=@sim:fighter-l12-underdark-33 ability="Second Wind"
2026/05/17 13:55:03 INFO dnd: armed ability fired (turn-based build) user=@sim:fighter-l12-manor_blackspire-31 ability="Second Wind"
2026/05/17 13:55:03 INFO dnd: armed ability fired (turn-based build) user=@sim:fighter-l7-underdark-25 ability="Second Wind"
2026/05/17 13:55:03 INFO dnd: armed ability fired (turn-based build) user=@sim:fighter-l7-underdark-25 ability="Second Wind"
2026/05/17 13:55:03 INFO dnd: armed ability fired (turn-based build) user=@sim:fighter-l12-manor_blackspire-31 ability="Second Wind"
2026/05/17 13:55:03 INFO dnd: armed ability fired (turn-based build) user=@sim:fighter-l7-underdark-25 ability="Second Wind"
2026/05/17 13:55:03 INFO database initialized path=/tmp/expedition-sim-1223437049/gogobee.db
2026/05/17 13:55:03 INFO database initialized path=/tmp/expedition-sim-3846308791/gogobee.db
2026/05/17 13:55:03 INFO database initialized path=/tmp/expedition-sim-605633739/gogobee.db
2026/05/17 13:55:03 INFO dnd: armed ability fired (turn-based build) user=@sim:fighter-l3-goblin_warrens-36 ability="Second Wind"
2026/05/17 13:55:03 INFO dnd: armed ability fired (turn-based build) user=@sim:fighter-l3-manor_blackspire-43 ability="Second Wind"
2026/05/17 13:55:03 INFO database initialized path=/tmp/expedition-sim-2305816986/gogobee.db
2026/05/17 13:55:03 INFO dnd: armed ability fired (turn-based build) user=@sim:fighter-l3-goblin_warrens-36 ability="Second Wind"
2026/05/17 13:55:03 INFO dnd: armed ability fired (turn-based build) user=@sim:fighter-l3-manor_blackspire-43 ability="Second Wind"
2026/05/17 13:55:03 INFO dnd: armed ability fired (turn-based build) user=@sim:fighter-l3-forest_shadows-29 ability="Second Wind"
2026/05/17 13:55:03 INFO dnd: armed ability fired (turn-based build) user=@sim:fighter-l3-goblin_warrens-36 ability="Second Wind"
2026/05/17 13:55:03 INFO dnd: armed ability fired (turn-based build) user=@sim:fighter-l3-manor_blackspire-43 ability="Second Wind"
2026/05/17 13:55:03 INFO dnd: armed ability fired (turn-based build) user=@sim:fighter-l3-forest_shadows-29 ability="Second Wind"
2026/05/17 13:55:03 INFO database initialized path=/tmp/expedition-sim-1499599642/gogobee.db
2026/05/17 13:55:03 INFO dnd: armed ability fired (turn-based build) user=@sim:fighter-l3-forest_shadows-29 ability="Second Wind"
2026/05/17 13:55:03 INFO dnd: armed ability fired (turn-based build) user=@sim:fighter-l7-goblin_warrens-38 ability="Second Wind"
2026/05/17 13:55:03 INFO dnd: armed ability fired (turn-based build) user=@sim:fighter-l7-goblin_warrens-38 ability="Second Wind"
2026/05/17 13:55:03 INFO dnd: armed ability fired (turn-based build) user=@sim:fighter-l7-goblin_warrens-38 ability="Second Wind"
2026/05/17 13:55:03 INFO database initialized path=/tmp/expedition-sim-1154584839/gogobee.db
2026/05/17 13:55:03 INFO database initialized path=/tmp/expedition-sim-608666749/gogobee.db
2026/05/17 13:55:03 INFO dnd: armed ability fired (turn-based build) user=@sim:fighter-l7-manor_blackspire-40 ability="Second Wind"
2026/05/17 13:55:03 INFO dnd: armed ability fired (turn-based build) user=@sim:fighter-l7-manor_blackspire-40 ability="Second Wind"
2026/05/17 13:55:03 INFO dnd: armed ability fired (turn-based build) user=@sim:fighter-l7-manor_blackspire-40 ability="Second Wind"
2026/05/17 13:55:03 INFO database initialized path=/tmp/expedition-sim-355215348/gogobee.db
2026/05/17 13:55:03 INFO dnd: armed ability fired (turn-based build) user=@sim:fighter-l12-goblin_warrens-38 ability="Second Wind"
2026/05/17 13:55:03 INFO dnd: armed ability fired (turn-based build) user=@sim:fighter-l12-goblin_warrens-38 ability="Second Wind"
2026/05/17 13:55:03 INFO dnd: armed ability fired (turn-based build) user=@sim:fighter-l12-goblin_warrens-38 ability="Second Wind"
2026/05/17 13:55:03 INFO database initialized path=/tmp/expedition-sim-269562084/gogobee.db
2026/05/17 13:55:03 INFO database initialized path=/tmp/expedition-sim-3326180145/gogobee.db
2026/05/17 13:55:03 INFO dnd: armed ability fired (turn-based build) user=@sim:fighter-l7-dragons_lair-38 ability="Second Wind"
2026/05/17 13:55:03 INFO dnd: armed ability fired (turn-based build) user=@sim:fighter-l7-dragons_lair-38 ability="Second Wind"
2026/05/17 13:55:03 INFO dnd: armed ability fired (turn-based build) user=@sim:fighter-l7-dragons_lair-38 ability="Second Wind"
2026/05/17 13:55:03 INFO dnd: armed ability fired (turn-based build) user=@sim:fighter-l12-manor_blackspire-32 ability="Second Wind"
2026/05/17 13:55:03 INFO dnd: armed ability fired (turn-based build) user=@sim:fighter-l12-manor_blackspire-32 ability="Second Wind"
2026/05/17 13:55:03 INFO database initialized path=/tmp/expedition-sim-3092127267/gogobee.db
2026/05/17 13:55:03 INFO dnd: armed ability fired (turn-based build) user=@sim:fighter-l12-manor_blackspire-32 ability="Second Wind"
2026/05/17 13:55:03 INFO dnd: armed ability fired (turn-based build) user=@sim:fighter-l7-forest_shadows-31 ability="Second Wind"
2026/05/17 13:55:03 INFO database initialized path=/tmp/expedition-sim-3923137205/gogobee.db
2026/05/17 13:55:03 INFO dnd: armed ability fired (turn-based build) user=@sim:fighter-l7-forest_shadows-31 ability="Second Wind"
2026/05/17 13:55:03 INFO database initialized path=/tmp/expedition-sim-3414144192/gogobee.db
2026/05/17 13:55:03 INFO dnd: armed ability fired (turn-based build) user=@sim:fighter-l7-underdark-26 ability="Second Wind"
2026/05/17 13:55:03 INFO dnd: armed ability fired (turn-based build) user=@sim:fighter-l7-forest_shadows-31 ability="Second Wind"
2026/05/17 13:55:03 INFO dnd: armed ability fired (turn-based build) user=@sim:fighter-l7-underdark-26 ability="Second Wind"
2026/05/17 13:55:03 INFO dnd: armed ability fired (turn-based build) user=@sim:fighter-l7-underdark-26 ability="Second Wind"
2026/05/17 13:55:03 INFO database initialized path=/tmp/expedition-sim-88794693/gogobee.db
2026/05/17 13:55:03 INFO database initialized path=/tmp/expedition-sim-3467772500/gogobee.db
2026/05/17 13:55:03 INFO dnd: armed ability fired (turn-based build) user=@sim:fighter-l12-underdark-34 ability="Second Wind"
2026/05/17 13:55:03 INFO dnd: armed ability fired (turn-based build) user=@sim:fighter-l12-forest_shadows-28 ability="Second Wind"
2026/05/17 13:55:03 INFO dnd: armed ability fired (turn-based build) user=@sim:fighter-l12-underdark-34 ability="Second Wind"
2026/05/17 13:55:03 INFO dnd: armed ability fired (turn-based build) user=@sim:fighter-l12-forest_shadows-28 ability="Second Wind"
2026/05/17 13:55:03 INFO dnd: armed ability fired (turn-based build) user=@sim:fighter-l12-underdark-34 ability="Second Wind"
2026/05/17 13:55:03 INFO dnd: armed ability fired (turn-based build) user=@sim:fighter-l12-forest_shadows-28 ability="Second Wind"
2026/05/17 13:55:04 INFO database initialized path=/tmp/expedition-sim-1990575721/gogobee.db
2026/05/17 13:55:04 INFO database initialized path=/tmp/expedition-sim-3675497897/gogobee.db
2026/05/17 13:55:04 INFO dnd: armed ability fired (turn-based build) user=@sim:fighter-l3-forest_shadows-30 ability="Second Wind"
2026/05/17 13:55:04 INFO database initialized path=/tmp/expedition-sim-3095528770/gogobee.db
2026/05/17 13:55:04 INFO dnd: armed ability fired (turn-based build) user=@sim:fighter-l3-forest_shadows-30 ability="Second Wind"
2026/05/17 13:55:04 INFO dnd: armed ability fired (turn-based build) user=@sim:fighter-l3-manor_blackspire-44 ability="Second Wind"
2026/05/17 13:55:04 INFO dnd: armed ability fired (turn-based build) user=@sim:fighter-l3-forest_shadows-30 ability="Second Wind"
2026/05/17 13:55:04 INFO dnd: armed ability fired (turn-based build) user=@sim:fighter-l3-manor_blackspire-44 ability="Second Wind"
2026/05/17 13:55:04 INFO dnd: armed ability fired (turn-based build) user=@sim:fighter-l3-manor_blackspire-44 ability="Second Wind"
2026/05/17 13:55:04 INFO database initialized path=/tmp/expedition-sim-3653722385/gogobee.db
2026/05/17 13:55:04 INFO dnd: armed ability fired (turn-based build) user=@sim:fighter-l3-goblin_warrens-37 ability="Second Wind"
2026/05/17 13:55:04 INFO dnd: armed ability fired (turn-based build) user=@sim:fighter-l3-goblin_warrens-37 ability="Second Wind"
2026/05/17 13:55:04 INFO dnd: armed ability fired (turn-based build) user=@sim:fighter-l3-goblin_warrens-37 ability="Second Wind"
2026/05/17 13:55:04 INFO database initialized path=/tmp/expedition-sim-2960540187/gogobee.db
2026/05/17 13:55:04 INFO dnd: armed ability fired (turn-based build) user=@sim:fighter-l7-dragons_lair-39 ability="Second Wind"
2026/05/17 13:55:04 INFO dnd: armed ability fired (turn-based build) user=@sim:fighter-l7-dragons_lair-39 ability="Second Wind"
2026/05/17 13:55:04 INFO dnd: armed ability fired (turn-based build) user=@sim:fighter-l7-dragons_lair-39 ability="Second Wind"
2026/05/17 13:55:04 INFO database initialized path=/tmp/expedition-sim-3722893629/gogobee.db
2026/05/17 13:55:04 INFO dnd: armed ability fired (turn-based build) user=@sim:fighter-l12-goblin_warrens-39 ability="Second Wind"
2026/05/17 13:55:04 INFO dnd: armed ability fired (turn-based build) user=@sim:fighter-l12-goblin_warrens-39 ability="Second Wind"
2026/05/17 13:55:04 INFO dnd: armed ability fired (turn-based build) user=@sim:fighter-l12-goblin_warrens-39 ability="Second Wind"
2026/05/17 13:55:04 INFO database initialized path=/tmp/expedition-sim-1453681719/gogobee.db
2026/05/17 13:55:04 INFO database initialized path=/tmp/expedition-sim-2803677386/gogobee.db
2026/05/17 13:55:04 INFO dnd: armed ability fired (turn-based build) user=@sim:fighter-l7-goblin_warrens-39 ability="Second Wind"
2026/05/17 13:55:04 INFO dnd: armed ability fired (turn-based build) user=@sim:fighter-l7-goblin_warrens-39 ability="Second Wind"
2026/05/17 13:55:04 INFO dnd: armed ability fired (turn-based build) user=@sim:fighter-l7-goblin_warrens-39 ability="Second Wind"
2026/05/17 13:55:04 INFO database initialized path=/tmp/expedition-sim-995809555/gogobee.db
2026/05/17 13:55:04 INFO database initialized path=/tmp/expedition-sim-100393856/gogobee.db
2026/05/17 13:55:04 INFO dnd: armed ability fired (turn-based build) user=@sim:fighter-l7-manor_blackspire-41 ability="Second Wind"
2026/05/17 13:55:04 INFO database initialized path=/tmp/expedition-sim-4266981818/gogobee.db
2026/05/17 13:55:04 INFO dnd: armed ability fired (turn-based build) user=@sim:fighter-l7-manor_blackspire-41 ability="Second Wind"
2026/05/17 13:55:04 INFO dnd: armed ability fired (turn-based build) user=@sim:fighter-l7-underdark-27 ability="Second Wind"
2026/05/17 13:55:04 INFO database initialized path=/tmp/expedition-sim-884206073/gogobee.db
2026/05/17 13:55:04 INFO dnd: armed ability fired (turn-based build) user=@sim:fighter-l7-underdark-27 ability="Second Wind"
2026/05/17 13:55:04 INFO dnd: armed ability fired (turn-based build) user=@sim:fighter-l7-manor_blackspire-41 ability="Second Wind"
2026/05/17 13:55:04 INFO dnd: armed ability fired (turn-based build) user=@sim:fighter-l7-underdark-27 ability="Second Wind"
2026/05/17 13:55:04 INFO dnd: armed ability fired (turn-based build) user=@sim:fighter-l12-manor_blackspire-33 ability="Second Wind"
2026/05/17 13:55:04 INFO database initialized path=/tmp/expedition-sim-106482443/gogobee.db
2026/05/17 13:55:04 INFO dnd: armed ability fired (turn-based build) user=@sim:fighter-l12-manor_blackspire-33 ability="Second Wind"
2026/05/17 13:55:04 INFO dnd: armed ability fired (turn-based build) user=@sim:fighter-l12-underdark-35 ability="Second Wind"
2026/05/17 13:55:04 INFO dnd: armed ability fired (turn-based build) user=@sim:fighter-l12-underdark-35 ability="Second Wind"
2026/05/17 13:55:04 INFO dnd: armed ability fired (turn-based build) user=@sim:fighter-l12-underdark-35 ability="Second Wind"
2026/05/17 13:55:04 INFO dnd: armed ability fired (turn-based build) user=@sim:fighter-l12-manor_blackspire-33 ability="Second Wind"
2026/05/17 13:55:04 INFO database initialized path=/tmp/expedition-sim-1639714704/gogobee.db
2026/05/17 13:55:04 INFO dnd: armed ability fired (turn-based build) user=@sim:fighter-l7-forest_shadows-32 ability="Second Wind"
2026/05/17 13:55:04 INFO dnd: armed ability fired (turn-based build) user=@sim:fighter-l7-forest_shadows-32 ability="Second Wind"
2026/05/17 13:55:04 INFO database initialized path=/tmp/expedition-sim-1724961870/gogobee.db
2026/05/17 13:55:04 INFO dnd: armed ability fired (turn-based build) user=@sim:fighter-l7-forest_shadows-32 ability="Second Wind"
2026/05/17 13:55:04 INFO dnd: armed ability fired (turn-based build) user=@sim:fighter-l3-manor_blackspire-45 ability="Second Wind"
2026/05/17 13:55:04 INFO dnd: armed ability fired (turn-based build) user=@sim:fighter-l3-manor_blackspire-45 ability="Second Wind"
2026/05/17 13:55:04 INFO database initialized path=/tmp/expedition-sim-4068699879/gogobee.db
2026/05/17 13:55:04 INFO dnd: armed ability fired (turn-based build) user=@sim:fighter-l3-manor_blackspire-45 ability="Second Wind"
2026/05/17 13:55:04 INFO dnd: armed ability fired (turn-based build) user=@sim:fighter-l3-forest_shadows-31 ability="Second Wind"
2026/05/17 13:55:04 INFO dnd: armed ability fired (turn-based build) user=@sim:fighter-l3-forest_shadows-31 ability="Second Wind"
2026/05/17 13:55:04 INFO dnd: armed ability fired (turn-based build) user=@sim:fighter-l3-forest_shadows-31 ability="Second Wind"
2026/05/17 13:55:04 INFO database initialized path=/tmp/expedition-sim-3231314803/gogobee.db
2026/05/17 13:55:04 INFO dnd: armed ability fired (turn-based build) user=@sim:fighter-l3-goblin_warrens-38 ability="Second Wind"
2026/05/17 13:55:04 INFO dnd: armed ability fired (turn-based build) user=@sim:fighter-l3-goblin_warrens-38 ability="Second Wind"
2026/05/17 13:55:04 INFO dnd: armed ability fired (turn-based build) user=@sim:fighter-l3-goblin_warrens-38 ability="Second Wind"
2026/05/17 13:55:04 INFO database initialized path=/tmp/expedition-sim-1499100230/gogobee.db
2026/05/17 13:55:04 INFO dnd: armed ability fired (turn-based build) user=@sim:fighter-l12-goblin_warrens-40 ability="Second Wind"
2026/05/17 13:55:04 INFO database initialized path=/tmp/expedition-sim-1571397755/gogobee.db
2026/05/17 13:55:04 INFO dnd: armed ability fired (turn-based build) user=@sim:fighter-l12-goblin_warrens-40 ability="Second Wind"
2026/05/17 13:55:04 INFO dnd: armed ability fired (turn-based build) user=@sim:fighter-l12-goblin_warrens-40 ability="Second Wind"
2026/05/17 13:55:04 INFO dnd: armed ability fired (turn-based build) user=@sim:fighter-l12-forest_shadows-29 ability="Second Wind"
2026/05/17 13:55:04 INFO database initialized path=/tmp/expedition-sim-476167450/gogobee.db
2026/05/17 13:55:04 INFO dnd: armed ability fired (turn-based build) user=@sim:fighter-l12-forest_shadows-29 ability="Second Wind"
2026/05/17 13:55:04 INFO database initialized path=/tmp/expedition-sim-772373922/gogobee.db
2026/05/17 13:55:04 INFO dnd: armed ability fired (turn-based build) user=@sim:fighter-l7-dragons_lair-40 ability="Second Wind"
2026/05/17 13:55:04 INFO dnd: armed ability fired (turn-based build) user=@sim:fighter-l12-forest_shadows-29 ability="Second Wind"
2026/05/17 13:55:04 INFO dnd: armed ability fired (turn-based build) user=@sim:fighter-l7-dragons_lair-40 ability="Second Wind"
2026/05/17 13:55:04 INFO dnd: armed ability fired (turn-based build) user=@sim:fighter-l7-dragons_lair-40 ability="Second Wind"
2026/05/17 13:55:04 INFO database initialized path=/tmp/expedition-sim-857045515/gogobee.db
2026/05/17 13:55:04 INFO database initialized path=/tmp/expedition-sim-2217005509/gogobee.db
2026/05/17 13:55:04 INFO dnd: armed ability fired (turn-based build) user=@sim:fighter-l7-underdark-28 ability="Second Wind"
2026/05/17 13:55:04 INFO dnd: armed ability fired (turn-based build) user=@sim:fighter-l7-underdark-28 ability="Second Wind"
2026/05/17 13:55:04 INFO dnd: armed ability fired (turn-based build) user=@sim:fighter-l7-underdark-28 ability="Second Wind"
2026/05/17 13:55:04 INFO database initialized path=/tmp/expedition-sim-2432532949/gogobee.db
2026/05/17 13:55:04 INFO dnd: armed ability fired (turn-based build) user=@sim:fighter-l7-goblin_warrens-40 ability="Second Wind"
2026/05/17 13:55:04 INFO dnd: armed ability fired (turn-based build) user=@sim:fighter-l7-goblin_warrens-40 ability="Second Wind"
2026/05/17 13:55:04 INFO dnd: armed ability fired (turn-based build) user=@sim:fighter-l7-goblin_warrens-40 ability="Second Wind"
2026/05/17 13:55:04 INFO database initialized path=/tmp/expedition-sim-2369885621/gogobee.db
2026/05/17 13:55:04 INFO dnd: armed ability fired (turn-based build) user=@sim:fighter-l12-underdark-36 ability="Second Wind"
2026/05/17 13:55:04 INFO dnd: armed ability fired (turn-based build) user=@sim:fighter-l12-underdark-36 ability="Second Wind"
2026/05/17 13:55:04 INFO dnd: armed ability fired (turn-based build) user=@sim:fighter-l12-underdark-36 ability="Second Wind"
2026/05/17 13:55:04 INFO database initialized path=/tmp/expedition-sim-2373435508/gogobee.db
2026/05/17 13:55:04 INFO database initialized path=/tmp/expedition-sim-829598188/gogobee.db
2026/05/17 13:55:04 INFO database initialized path=/tmp/expedition-sim-3773684753/gogobee.db
2026/05/17 13:55:04 INFO dnd: armed ability fired (turn-based build) user=@sim:fighter-l3-forest_shadows-32 ability="Second Wind"
2026/05/17 13:55:04 INFO dnd: armed ability fired (turn-based build) user=@sim:fighter-l7-manor_blackspire-42 ability="Second Wind"
2026/05/17 13:55:04 INFO dnd: armed ability fired (turn-based build) user=@sim:fighter-l3-manor_blackspire-46 ability="Second Wind"
2026/05/17 13:55:04 INFO dnd: armed ability fired (turn-based build) user=@sim:fighter-l3-forest_shadows-32 ability="Second Wind"
2026/05/17 13:55:04 INFO dnd: armed ability fired (turn-based build) user=@sim:fighter-l7-manor_blackspire-42 ability="Second Wind"
2026/05/17 13:55:04 INFO dnd: armed ability fired (turn-based build) user=@sim:fighter-l3-manor_blackspire-46 ability="Second Wind"
2026/05/17 13:55:04 INFO dnd: armed ability fired (turn-based build) user=@sim:fighter-l3-forest_shadows-32 ability="Second Wind"
2026/05/17 13:55:04 INFO dnd: armed ability fired (turn-based build) user=@sim:fighter-l7-manor_blackspire-42 ability="Second Wind"
2026/05/17 13:55:04 INFO dnd: armed ability fired (turn-based build) user=@sim:fighter-l3-manor_blackspire-46 ability="Second Wind"
2026/05/17 13:55:04 INFO database initialized path=/tmp/expedition-sim-331540279/gogobee.db
2026/05/17 13:55:04 INFO database initialized path=/tmp/expedition-sim-229298390/gogobee.db
2026/05/17 13:55:05 INFO dnd: armed ability fired (turn-based build) user=@sim:fighter-l12-manor_blackspire-34 ability="Second Wind"
2026/05/17 13:55:05 INFO dnd: armed ability fired (turn-based build) user=@sim:fighter-l7-forest_shadows-33 ability="Second Wind"
2026/05/17 13:55:05 INFO dnd: armed ability fired (turn-based build) user=@sim:fighter-l12-manor_blackspire-34 ability="Second Wind"
2026/05/17 13:55:05 INFO dnd: armed ability fired (turn-based build) user=@sim:fighter-l12-manor_blackspire-34 ability="Second Wind"
2026/05/17 13:55:05 INFO dnd: armed ability fired (turn-based build) user=@sim:fighter-l7-forest_shadows-33 ability="Second Wind"
2026/05/17 13:55:05 INFO dnd: armed ability fired (turn-based build) user=@sim:fighter-l7-forest_shadows-33 ability="Second Wind"
2026/05/17 13:55:05 INFO database initialized path=/tmp/expedition-sim-2866945311/gogobee.db
2026/05/17 13:55:05 INFO dnd: armed ability fired (turn-based build) user=@sim:fighter-l3-goblin_warrens-39 ability="Second Wind"
2026/05/17 13:55:05 INFO dnd: armed ability fired (turn-based build) user=@sim:fighter-l3-goblin_warrens-39 ability="Second Wind"
2026/05/17 13:55:05 INFO dnd: armed ability fired (turn-based build) user=@sim:fighter-l3-goblin_warrens-39 ability="Second Wind"
2026/05/17 13:55:05 INFO database initialized path=/tmp/expedition-sim-3526377820/gogobee.db
2026/05/17 13:55:05 INFO database initialized path=/tmp/expedition-sim-2072222364/gogobee.db
2026/05/17 13:55:05 INFO database initialized path=/tmp/expedition-sim-441261840/gogobee.db
2026/05/17 13:55:05 INFO dnd: armed ability fired (turn-based build) user=@sim:fighter-l12-goblin_warrens-41 ability="Second Wind"
2026/05/17 13:55:05 INFO dnd: armed ability fired (turn-based build) user=@sim:fighter-l12-goblin_warrens-41 ability="Second Wind"
2026/05/17 13:55:05 INFO dnd: armed ability fired (turn-based build) user=@sim:fighter-l12-goblin_warrens-41 ability="Second Wind"
2026/05/17 13:55:05 INFO database initialized path=/tmp/expedition-sim-1919141831/gogobee.db
2026/05/17 13:55:05 INFO dnd: armed ability fired (turn-based build) user=@sim:fighter-l7-underdark-29 ability="Second Wind"
2026/05/17 13:55:05 INFO database initialized path=/tmp/expedition-sim-1821260715/gogobee.db
2026/05/17 13:55:05 INFO dnd: armed ability fired (turn-based build) user=@sim:fighter-l7-underdark-29 ability="Second Wind"
2026/05/17 13:55:05 INFO dnd: armed ability fired (turn-based build) user=@sim:fighter-l7-goblin_warrens-41 ability="Second Wind"
2026/05/17 13:55:05 INFO dnd: armed ability fired (turn-based build) user=@sim:fighter-l7-goblin_warrens-41 ability="Second Wind"
2026/05/17 13:55:05 INFO dnd: armed ability fired (turn-based build) user=@sim:fighter-l7-goblin_warrens-41 ability="Second Wind"
2026/05/17 13:55:05 INFO dnd: armed ability fired (turn-based build) user=@sim:fighter-l7-underdark-29 ability="Second Wind"
2026/05/17 13:55:05 INFO database initialized path=/tmp/expedition-sim-2519194854/gogobee.db
2026/05/17 13:55:05 INFO database initialized path=/tmp/expedition-sim-929624198/gogobee.db
2026/05/17 13:55:05 INFO dnd: armed ability fired (turn-based build) user=@sim:fighter-l12-forest_shadows-30 ability="Second Wind"
2026/05/17 13:55:05 INFO database initialized path=/tmp/expedition-sim-1718509572/gogobee.db
2026/05/17 13:55:05 INFO dnd: armed ability fired (turn-based build) user=@sim:fighter-l7-dragons_lair-41 ability="Second Wind"
2026/05/17 13:55:05 INFO dnd: armed ability fired (turn-based build) user=@sim:fighter-l12-forest_shadows-30 ability="Second Wind"
2026/05/17 13:55:05 INFO dnd: armed ability fired (turn-based build) user=@sim:fighter-l3-manor_blackspire-47 ability="Second Wind"
2026/05/17 13:55:05 INFO dnd: armed ability fired (turn-based build) user=@sim:fighter-l7-dragons_lair-41 ability="Second Wind"
2026/05/17 13:55:05 INFO dnd: armed ability fired (turn-based build) user=@sim:fighter-l12-forest_shadows-30 ability="Second Wind"
2026/05/17 13:55:05 INFO dnd: armed ability fired (turn-based build) user=@sim:fighter-l3-manor_blackspire-47 ability="Second Wind"
2026/05/17 13:55:05 INFO database initialized path=/tmp/expedition-sim-1208056735/gogobee.db
2026/05/17 13:55:05 INFO dnd: armed ability fired (turn-based build) user=@sim:fighter-l7-dragons_lair-41 ability="Second Wind"
2026/05/17 13:55:05 INFO dnd: armed ability fired (turn-based build) user=@sim:fighter-l3-manor_blackspire-47 ability="Second Wind"
2026/05/17 13:55:05 INFO dnd: armed ability fired (turn-based build) user=@sim:fighter-l12-underdark-37 ability="Second Wind"
2026/05/17 13:55:05 INFO dnd: armed ability fired (turn-based build) user=@sim:fighter-l12-underdark-37 ability="Second Wind"
2026/05/17 13:55:05 INFO dnd: armed ability fired (turn-based build) user=@sim:fighter-l12-underdark-37 ability="Second Wind"
2026/05/17 13:55:05 INFO database initialized path=/tmp/expedition-sim-1712038618/gogobee.db
2026/05/17 13:55:05 INFO database initialized path=/tmp/expedition-sim-1719637986/gogobee.db
2026/05/17 13:55:05 INFO database initialized path=/tmp/expedition-sim-263029977/gogobee.db
2026/05/17 13:55:05 INFO dnd: armed ability fired (turn-based build) user=@sim:fighter-l3-forest_shadows-33 ability="Second Wind"
2026/05/17 13:55:05 INFO dnd: armed ability fired (turn-based build) user=@sim:fighter-l3-forest_shadows-33 ability="Second Wind"
2026/05/17 13:55:05 INFO dnd: armed ability fired (turn-based build) user=@sim:fighter-l3-forest_shadows-33 ability="Second Wind"
2026/05/17 13:55:05 INFO database initialized path=/tmp/expedition-sim-3002183717/gogobee.db
2026/05/17 13:55:05 INFO dnd: armed ability fired (turn-based build) user=@sim:fighter-l3-goblin_warrens-40 ability="Second Wind"
2026/05/17 13:55:05 INFO dnd: armed ability fired (turn-based build) user=@sim:fighter-l3-goblin_warrens-40 ability="Second Wind"
2026/05/17 13:55:05 INFO database initialized path=/tmp/expedition-sim-2963597374/gogobee.db
2026/05/17 13:55:05 INFO dnd: armed ability fired (turn-based build) user=@sim:fighter-l3-goblin_warrens-40 ability="Second Wind"
2026/05/17 13:55:05 INFO dnd: armed ability fired (turn-based build) user=@sim:fighter-l7-manor_blackspire-43 ability="Second Wind"
2026/05/17 13:55:05 INFO dnd: armed ability fired (turn-based build) user=@sim:fighter-l7-manor_blackspire-43 ability="Second Wind"
2026/05/17 13:55:05 INFO database initialized path=/tmp/expedition-sim-1393331956/gogobee.db
2026/05/17 13:55:05 INFO dnd: armed ability fired (turn-based build) user=@sim:fighter-l7-manor_blackspire-43 ability="Second Wind"
2026/05/17 13:55:05 INFO dnd: armed ability fired (turn-based build) user=@sim:fighter-l12-goblin_warrens-42 ability="Second Wind"
2026/05/17 13:55:05 INFO dnd: armed ability fired (turn-based build) user=@sim:fighter-l12-goblin_warrens-42 ability="Second Wind"
2026/05/17 13:55:05 INFO dnd: armed ability fired (turn-based build) user=@sim:fighter-l12-goblin_warrens-42 ability="Second Wind"
2026/05/17 13:55:05 INFO database initialized path=/tmp/expedition-sim-2019191722/gogobee.db
2026/05/17 13:55:05 INFO dnd: armed ability fired (turn-based build) user=@sim:fighter-l12-manor_blackspire-35 ability="Second Wind"
2026/05/17 13:55:05 INFO database initialized path=/tmp/expedition-sim-3724192713/gogobee.db
2026/05/17 13:55:05 INFO dnd: armed ability fired (turn-based build) user=@sim:fighter-l7-forest_shadows-34 ability="Second Wind"
2026/05/17 13:55:05 INFO dnd: armed ability fired (turn-based build) user=@sim:fighter-l12-manor_blackspire-35 ability="Second Wind"
2026/05/17 13:55:05 INFO dnd: armed ability fired (turn-based build) user=@sim:fighter-l7-forest_shadows-34 ability="Second Wind"
2026/05/17 13:55:05 INFO dnd: armed ability fired (turn-based build) user=@sim:fighter-l12-manor_blackspire-35 ability="Second Wind"
2026/05/17 13:55:05 INFO dnd: armed ability fired (turn-based build) user=@sim:fighter-l7-forest_shadows-34 ability="Second Wind"
2026/05/17 13:55:05 INFO database initialized path=/tmp/expedition-sim-3738405356/gogobee.db
2026/05/17 13:55:05 INFO dnd: armed ability fired (turn-based build) user=@sim:fighter-l3-manor_blackspire-48 ability="Second Wind"
2026/05/17 13:55:05 INFO dnd: armed ability fired (turn-based build) user=@sim:fighter-l3-manor_blackspire-48 ability="Second Wind"
2026/05/17 13:55:05 INFO database initialized path=/tmp/expedition-sim-3762209115/gogobee.db
2026/05/17 13:55:05 INFO dnd: armed ability fired (turn-based build) user=@sim:fighter-l3-manor_blackspire-48 ability="Second Wind"
2026/05/17 13:55:05 INFO dnd: armed ability fired (turn-based build) user=@sim:fighter-l7-goblin_warrens-42 ability="Second Wind"
2026/05/17 13:55:05 INFO dnd: armed ability fired (turn-based build) user=@sim:fighter-l7-goblin_warrens-42 ability="Second Wind"
2026/05/17 13:55:05 INFO database initialized path=/tmp/expedition-sim-513938038/gogobee.db
2026/05/17 13:55:05 INFO dnd: armed ability fired (turn-based build) user=@sim:fighter-l7-goblin_warrens-42 ability="Second Wind"
2026/05/17 13:55:05 INFO dnd: armed ability fired (turn-based build) user=@sim:fighter-l7-underdark-30 ability="Second Wind"
2026/05/17 13:55:05 INFO database initialized path=/tmp/expedition-sim-1276466816/gogobee.db
2026/05/17 13:55:05 INFO dnd: armed ability fired (turn-based build) user=@sim:fighter-l7-underdark-30 ability="Second Wind"
2026/05/17 13:55:05 INFO dnd: armed ability fired (turn-based build) user=@sim:fighter-l7-underdark-30 ability="Second Wind"
2026/05/17 13:55:05 WARN auto-heal cleanup: short on inventory user=@sim:fighter-l7-underdark-30 wanted=1 removed=0
2026/05/17 13:55:05 INFO database initialized path=/tmp/expedition-sim-1425621355/gogobee.db
2026/05/17 13:55:05 INFO dnd: armed ability fired (turn-based build) user=@sim:fighter-l7-dragons_lair-42 ability="Second Wind"
2026/05/17 13:55:05 INFO dnd: armed ability fired (turn-based build) user=@sim:fighter-l7-dragons_lair-42 ability="Second Wind"
2026/05/17 13:55:05 INFO database initialized path=/tmp/expedition-sim-3817462648/gogobee.db
2026/05/17 13:55:05 INFO dnd: armed ability fired (turn-based build) user=@sim:fighter-l7-dragons_lair-42 ability="Second Wind"
2026/05/17 13:55:05 INFO database initialized path=/tmp/expedition-sim-3119548003/gogobee.db
2026/05/17 13:55:05 INFO dnd: armed ability fired (turn-based build) user=@sim:fighter-l3-forest_shadows-34 ability="Second Wind"
2026/05/17 13:55:06 INFO database initialized path=/tmp/expedition-sim-2330935565/gogobee.db
2026/05/17 13:55:06 INFO dnd: armed ability fired (turn-based build) user=@sim:fighter-l3-forest_shadows-34 ability="Second Wind"
2026/05/17 13:55:06 INFO dnd: armed ability fired (turn-based build) user=@sim:fighter-l3-forest_shadows-34 ability="Second Wind"
2026/05/17 13:55:06 INFO dnd: armed ability fired (turn-based build) user=@sim:fighter-l12-underdark-38 ability="Second Wind"
2026/05/17 13:55:06 INFO dnd: armed ability fired (turn-based build) user=@sim:fighter-l12-underdark-38 ability="Second Wind"
2026/05/17 13:55:06 INFO dnd: armed ability fired (turn-based build) user=@sim:fighter-l12-underdark-38 ability="Second Wind"
2026/05/17 13:55:06 INFO database initialized path=/tmp/expedition-sim-2286829740/gogobee.db
2026/05/17 13:55:06 INFO database initialized path=/tmp/expedition-sim-3633489327/gogobee.db
2026/05/17 13:55:06 INFO dnd: armed ability fired (turn-based build) user=@sim:fighter-l12-forest_shadows-31 ability="Second Wind"
2026/05/17 13:55:06 INFO dnd: armed ability fired (turn-based build) user=@sim:fighter-l3-goblin_warrens-41 ability="Second Wind"
2026/05/17 13:55:06 INFO dnd: armed ability fired (turn-based build) user=@sim:fighter-l12-forest_shadows-31 ability="Second Wind"
2026/05/17 13:55:06 INFO dnd: armed ability fired (turn-based build) user=@sim:fighter-l3-goblin_warrens-41 ability="Second Wind"
2026/05/17 13:55:06 INFO dnd: armed ability fired (turn-based build) user=@sim:fighter-l3-goblin_warrens-41 ability="Second Wind"
2026/05/17 13:55:06 INFO dnd: armed ability fired (turn-based build) user=@sim:fighter-l12-forest_shadows-31 ability="Second Wind"
2026/05/17 13:55:06 INFO database initialized path=/tmp/expedition-sim-2698547716/gogobee.db
2026/05/17 13:55:06 INFO database initialized path=/tmp/expedition-sim-970196234/gogobee.db
2026/05/17 13:55:06 INFO dnd: armed ability fired (turn-based build) user=@sim:fighter-l12-goblin_warrens-43 ability="Second Wind"
2026/05/17 13:55:06 INFO dnd: armed ability fired (turn-based build) user=@sim:fighter-l7-manor_blackspire-44 ability="Second Wind"
2026/05/17 13:55:06 INFO dnd: armed ability fired (turn-based build) user=@sim:fighter-l12-goblin_warrens-43 ability="Second Wind"
2026/05/17 13:55:06 INFO dnd: armed ability fired (turn-based build) user=@sim:fighter-l7-manor_blackspire-44 ability="Second Wind"
2026/05/17 13:55:06 INFO dnd: armed ability fired (turn-based build) user=@sim:fighter-l7-manor_blackspire-44 ability="Second Wind"
2026/05/17 13:55:06 INFO dnd: armed ability fired (turn-based build) user=@sim:fighter-l12-goblin_warrens-43 ability="Second Wind"
2026/05/17 13:55:06 INFO database initialized path=/tmp/expedition-sim-76933623/gogobee.db
2026/05/17 13:55:06 INFO database initialized path=/tmp/expedition-sim-4061680475/gogobee.db
2026/05/17 13:55:06 INFO database initialized path=/tmp/expedition-sim-2109591468/gogobee.db
2026/05/17 13:55:06 INFO dnd: armed ability fired (turn-based build) user=@sim:fighter-l3-manor_blackspire-49 ability="Second Wind"
2026/05/17 13:55:06 INFO dnd: armed ability fired (turn-based build) user=@sim:fighter-l3-manor_blackspire-49 ability="Second Wind"
2026/05/17 13:55:06 WARN auto-heal cleanup: short on inventory user=@sim:fighter-l3-manor_blackspire-49 wanted=1 removed=0
2026/05/17 13:55:06 INFO dnd: armed ability fired (turn-based build) user=@sim:fighter-l3-manor_blackspire-49 ability="Second Wind"
2026/05/17 13:55:06 WARN auto-heal cleanup: short on inventory user=@sim:fighter-l3-manor_blackspire-49 wanted=1 removed=0
2026/05/17 13:55:06 INFO database initialized path=/tmp/expedition-sim-1284918073/gogobee.db
2026/05/17 13:55:06 INFO dnd: armed ability fired (turn-based build) user=@sim:fighter-l12-manor_blackspire-36 ability="Second Wind"
2026/05/17 13:55:06 INFO dnd: armed ability fired (turn-based build) user=@sim:fighter-l12-manor_blackspire-36 ability="Second Wind"
2026/05/17 13:55:06 INFO dnd: armed ability fired (turn-based build) user=@sim:fighter-l12-manor_blackspire-36 ability="Second Wind"
2026/05/17 13:55:06 INFO database initialized path=/tmp/expedition-sim-3836160259/gogobee.db
2026/05/17 13:55:06 INFO database initialized path=/tmp/expedition-sim-3512459558/gogobee.db
2026/05/17 13:55:06 INFO dnd: armed ability fired (turn-based build) user=@sim:fighter-l7-forest_shadows-35 ability="Second Wind"
2026/05/17 13:55:06 INFO dnd: armed ability fired (turn-based build) user=@sim:fighter-l7-underdark-31 ability="Second Wind"
2026/05/17 13:55:06 INFO dnd: armed ability fired (turn-based build) user=@sim:fighter-l7-forest_shadows-35 ability="Second Wind"
2026/05/17 13:55:06 INFO dnd: armed ability fired (turn-based build) user=@sim:fighter-l7-underdark-31 ability="Second Wind"
2026/05/17 13:55:06 INFO dnd: armed ability fired (turn-based build) user=@sim:fighter-l7-forest_shadows-35 ability="Second Wind"
2026/05/17 13:55:06 INFO dnd: armed ability fired (turn-based build) user=@sim:fighter-l7-underdark-31 ability="Second Wind"
2026/05/17 13:55:06 INFO database initialized path=/tmp/expedition-sim-2716659780/gogobee.db
2026/05/17 13:55:06 INFO dnd: armed ability fired (turn-based build) user=@sim:fighter-l7-dragons_lair-43 ability="Second Wind"
2026/05/17 13:55:06 INFO dnd: armed ability fired (turn-based build) user=@sim:fighter-l7-dragons_lair-43 ability="Second Wind"
2026/05/17 13:55:06 INFO database initialized path=/tmp/expedition-sim-2167937281/gogobee.db
2026/05/17 13:55:06 INFO dnd: armed ability fired (turn-based build) user=@sim:fighter-l7-dragons_lair-43 ability="Second Wind"
2026/05/17 13:55:06 INFO dnd: armed ability fired (turn-based build) user=@sim:fighter-l7-goblin_warrens-43 ability="Second Wind"
2026/05/17 13:55:06 INFO dnd: armed ability fired (turn-based build) user=@sim:fighter-l7-goblin_warrens-43 ability="Second Wind"
2026/05/17 13:55:06 INFO dnd: armed ability fired (turn-based build) user=@sim:fighter-l7-goblin_warrens-43 ability="Second Wind"
2026/05/17 13:55:06 INFO database initialized path=/tmp/expedition-sim-468018240/gogobee.db
2026/05/17 13:55:06 INFO database initialized path=/tmp/expedition-sim-3168088423/gogobee.db
2026/05/17 13:55:06 INFO dnd: armed ability fired (turn-based build) user=@sim:fighter-l3-forest_shadows-35 ability="Second Wind"
2026/05/17 13:55:06 INFO database initialized path=/tmp/expedition-sim-2909159263/gogobee.db
2026/05/17 13:55:06 INFO database initialized path=/tmp/expedition-sim-1190176686/gogobee.db
2026/05/17 13:55:06 INFO dnd: armed ability fired (turn-based build) user=@sim:fighter-l3-forest_shadows-35 ability="Second Wind"
2026/05/17 13:55:06 INFO dnd: armed ability fired (turn-based build) user=@sim:fighter-l3-goblin_warrens-42 ability="Second Wind"
2026/05/17 13:55:06 INFO database initialized path=/tmp/expedition-sim-1972577469/gogobee.db
2026/05/17 13:55:06 INFO dnd: armed ability fired (turn-based build) user=@sim:fighter-l12-underdark-39 ability="Second Wind"
2026/05/17 13:55:06 INFO dnd: armed ability fired (turn-based build) user=@sim:fighter-l3-forest_shadows-35 ability="Second Wind"
2026/05/17 13:55:06 INFO dnd: armed ability fired (turn-based build) user=@sim:fighter-l3-goblin_warrens-42 ability="Second Wind"
2026/05/17 13:55:06 INFO dnd: armed ability fired (turn-based build) user=@sim:fighter-l12-underdark-39 ability="Second Wind"
2026/05/17 13:55:06 INFO dnd: armed ability fired (turn-based build) user=@sim:fighter-l12-goblin_warrens-44 ability="Second Wind"
2026/05/17 13:55:06 INFO database initialized path=/tmp/expedition-sim-749100334/gogobee.db
2026/05/17 13:55:06 INFO database initialized path=/tmp/expedition-sim-3912663654/gogobee.db
2026/05/17 13:55:06 INFO dnd: armed ability fired (turn-based build) user=@sim:fighter-l3-goblin_warrens-42 ability="Second Wind"
2026/05/17 13:55:06 INFO dnd: armed ability fired (turn-based build) user=@sim:fighter-l12-underdark-39 ability="Second Wind"
2026/05/17 13:55:06 INFO dnd: armed ability fired (turn-based build) user=@sim:fighter-l12-goblin_warrens-44 ability="Second Wind"
2026/05/17 13:55:06 INFO database initialized path=/tmp/expedition-sim-2692962510/gogobee.db
2026/05/17 13:55:06 INFO dnd: armed ability fired (turn-based build) user=@sim:fighter-l7-manor_blackspire-45 ability="Second Wind"
2026/05/17 13:55:06 INFO dnd: armed ability fired (turn-based build) user=@sim:fighter-l12-goblin_warrens-44 ability="Second Wind"
2026/05/17 13:55:06 INFO dnd: armed ability fired (turn-based build) user=@sim:fighter-l12-forest_shadows-32 ability="Second Wind"
2026/05/17 13:55:06 INFO dnd: armed ability fired (turn-based build) user=@sim:fighter-l7-manor_blackspire-45 ability="Second Wind"
2026/05/17 13:55:06 INFO dnd: armed ability fired (turn-based build) user=@sim:fighter-l12-forest_shadows-32 ability="Second Wind"
2026/05/17 13:55:06 INFO dnd: armed ability fired (turn-based build) user=@sim:fighter-l7-manor_blackspire-45 ability="Second Wind"
2026/05/17 13:55:06 INFO dnd: armed ability fired (turn-based build) user=@sim:fighter-l12-forest_shadows-32 ability="Second Wind"
2026/05/17 13:55:06 INFO database initialized path=/tmp/expedition-sim-93372743/gogobee.db
2026/05/17 13:55:06 INFO dnd: armed ability fired (turn-based build) user=@sim:fighter-l12-manor_blackspire-37 ability="Second Wind"
2026/05/17 13:55:06 INFO dnd: armed ability fired (turn-based build) user=@sim:fighter-l12-manor_blackspire-37 ability="Second Wind"
2026/05/17 13:55:06 INFO dnd: armed ability fired (turn-based build) user=@sim:fighter-l12-manor_blackspire-37 ability="Second Wind"
2026/05/17 13:55:06 INFO database initialized path=/tmp/expedition-sim-3129454016/gogobee.db
2026/05/17 13:55:06 INFO database initialized path=/tmp/expedition-sim-492933680/gogobee.db
2026/05/17 13:55:06 INFO database initialized path=/tmp/expedition-sim-3450581409/gogobee.db
2026/05/17 13:55:06 INFO dnd: armed ability fired (turn-based build) user=@sim:fighter-l7-dragons_lair-44 ability="Second Wind"
2026/05/17 13:55:06 INFO dnd: armed ability fired (turn-based build) user=@sim:fighter-l7-dragons_lair-44 ability="Second Wind"
2026/05/17 13:55:06 INFO dnd: armed ability fired (turn-based build) user=@sim:fighter-l7-dragons_lair-44 ability="Second Wind"
2026/05/17 13:55:06 INFO dnd: armed ability fired (turn-based build) user=@sim:fighter-l3-manor_blackspire-50 ability="Second Wind"
2026/05/17 13:55:06 INFO dnd: armed ability fired (turn-based build) user=@sim:fighter-l3-manor_blackspire-50 ability="Second Wind"
2026/05/17 13:55:06 INFO dnd: armed ability fired (turn-based build) user=@sim:fighter-l3-manor_blackspire-50 ability="Second Wind"
2026/05/17 13:55:06 INFO database initialized path=/tmp/expedition-sim-3363486249/gogobee.db
2026/05/17 13:55:06 INFO dnd: armed ability fired (turn-based build) user=@sim:fighter-l7-underdark-32 ability="Second Wind"
2026/05/17 13:55:06 INFO dnd: armed ability fired (turn-based build) user=@sim:fighter-l7-underdark-32 ability="Second Wind"
2026/05/17 13:55:06 INFO database initialized path=/tmp/expedition-sim-2537447601/gogobee.db
2026/05/17 13:55:06 INFO database initialized path=/tmp/expedition-sim-4172054459/gogobee.db
2026/05/17 13:55:06 INFO dnd: armed ability fired (turn-based build) user=@sim:fighter-l7-underdark-32 ability="Second Wind"
2026/05/17 13:55:06 INFO dnd: armed ability fired (turn-based build) user=@sim:fighter-l7-goblin_warrens-44 ability="Second Wind"
2026/05/17 13:55:06 INFO dnd: armed ability fired (turn-based build) user=@sim:fighter-l7-goblin_warrens-44 ability="Second Wind"
2026/05/17 13:55:06 INFO database initialized path=/tmp/expedition-sim-2781438705/gogobee.db
2026/05/17 13:55:06 INFO dnd: armed ability fired (turn-based build) user=@sim:fighter-l7-forest_shadows-36 ability="Second Wind"
2026/05/17 13:55:06 INFO dnd: armed ability fired (turn-based build) user=@sim:fighter-l7-goblin_warrens-44 ability="Second Wind"
2026/05/17 13:55:06 INFO dnd: armed ability fired (turn-based build) user=@sim:fighter-l7-forest_shadows-36 ability="Second Wind"
2026/05/17 13:55:06 INFO dnd: armed ability fired (turn-based build) user=@sim:fighter-l7-forest_shadows-36 ability="Second Wind"
2026/05/17 13:55:07 INFO database initialized path=/tmp/expedition-sim-3451570610/gogobee.db
2026/05/17 13:55:07 INFO database initialized path=/tmp/expedition-sim-4154363120/gogobee.db
2026/05/17 13:55:07 INFO dnd: armed ability fired (turn-based build) user=@sim:fighter-l12-goblin_warrens-45 ability="Second Wind"
2026/05/17 13:55:07 INFO dnd: armed ability fired (turn-based build) user=@sim:fighter-l3-forest_shadows-36 ability="Second Wind"
2026/05/17 13:55:07 INFO dnd: armed ability fired (turn-based build) user=@sim:fighter-l3-forest_shadows-36 ability="Second Wind"
2026/05/17 13:55:07 INFO dnd: armed ability fired (turn-based build) user=@sim:fighter-l12-goblin_warrens-45 ability="Second Wind"
2026/05/17 13:55:07 INFO dnd: armed ability fired (turn-based build) user=@sim:fighter-l3-forest_shadows-36 ability="Second Wind"
2026/05/17 13:55:07 INFO dnd: armed ability fired (turn-based build) user=@sim:fighter-l12-goblin_warrens-45 ability="Second Wind"
2026/05/17 13:55:07 INFO database initialized path=/tmp/expedition-sim-2283968536/gogobee.db
2026/05/17 13:55:07 INFO database initialized path=/tmp/expedition-sim-491004348/gogobee.db
2026/05/17 13:55:07 INFO dnd: armed ability fired (turn-based build) user=@sim:fighter-l3-goblin_warrens-43 ability="Second Wind"
2026/05/17 13:55:07 INFO dnd: armed ability fired (turn-based build) user=@sim:fighter-l12-underdark-40 ability="Second Wind"
2026/05/17 13:55:07 INFO dnd: armed ability fired (turn-based build) user=@sim:fighter-l3-goblin_warrens-43 ability="Second Wind"
2026/05/17 13:55:07 INFO dnd: armed ability fired (turn-based build) user=@sim:fighter-l12-underdark-40 ability="Second Wind"
2026/05/17 13:55:07 INFO dnd: armed ability fired (turn-based build) user=@sim:fighter-l3-goblin_warrens-43 ability="Second Wind"
2026/05/17 13:55:07 INFO dnd: armed ability fired (turn-based build) user=@sim:fighter-l12-underdark-40 ability="Second Wind"
2026/05/17 13:55:07 INFO database initialized path=/tmp/expedition-sim-2112846058/gogobee.db
2026/05/17 13:55:07 INFO database initialized path=/tmp/expedition-sim-1248860425/gogobee.db
2026/05/17 13:55:07 INFO dnd: armed ability fired (turn-based build) user=@sim:fighter-l7-manor_blackspire-46 ability="Second Wind"
2026/05/17 13:55:07 INFO dnd: armed ability fired (turn-based build) user=@sim:fighter-l7-manor_blackspire-46 ability="Second Wind"
2026/05/17 13:55:07 INFO dnd: armed ability fired (turn-based build) user=@sim:fighter-l7-manor_blackspire-46 ability="Second Wind"
2026/05/17 13:55:07 INFO database initialized path=/tmp/expedition-sim-1838397551/gogobee.db
2026/05/17 13:55:07 INFO dnd: armed ability fired (turn-based build) user=@sim:fighter-l12-forest_shadows-33 ability="Second Wind"
2026/05/17 13:55:07 INFO dnd: armed ability fired (turn-based build) user=@sim:fighter-l12-forest_shadows-33 ability="Second Wind"
2026/05/17 13:55:07 INFO dnd: armed ability fired (turn-based build) user=@sim:fighter-l12-forest_shadows-33 ability="Second Wind"
2026/05/17 13:55:07 INFO database initialized path=/tmp/expedition-sim-771118783/gogobee.db
2026/05/17 13:55:07 INFO database initialized path=/tmp/expedition-sim-3324378983/gogobee.db
2026/05/17 13:55:07 INFO dnd: armed ability fired (turn-based build) user=@sim:fighter-l7-dragons_lair-45 ability="Second Wind"
2026/05/17 13:55:07 INFO dnd: armed ability fired (turn-based build) user=@sim:fighter-l7-dragons_lair-45 ability="Second Wind"
2026/05/17 13:55:07 INFO dnd: armed ability fired (turn-based build) user=@sim:fighter-l7-dragons_lair-45 ability="Second Wind"
2026/05/17 13:55:07 INFO database initialized path=/tmp/expedition-sim-3835809936/gogobee.db
2026/05/17 13:55:07 INFO dnd: armed ability fired (turn-based build) user=@sim:fighter-l12-manor_blackspire-38 ability="Second Wind"
2026/05/17 13:55:07 INFO dnd: armed ability fired (turn-based build) user=@sim:fighter-l12-manor_blackspire-38 ability="Second Wind"
2026/05/17 13:55:07 INFO dnd: armed ability fired (turn-based build) user=@sim:fighter-l12-manor_blackspire-38 ability="Second Wind"
2026/05/17 13:55:07 INFO database initialized path=/tmp/expedition-sim-4021456027/gogobee.db
2026/05/17 13:55:07 INFO dnd: armed ability fired (turn-based build) user=@sim:fighter-l3-forest_shadows-37 ability="Second Wind"
2026/05/17 13:55:07 INFO database initialized path=/tmp/expedition-sim-549718928/gogobee.db
2026/05/17 13:55:07 INFO dnd: armed ability fired (turn-based build) user=@sim:fighter-l3-forest_shadows-37 ability="Second Wind"
2026/05/17 13:55:07 INFO dnd: armed ability fired (turn-based build) user=@sim:fighter-l7-forest_shadows-37 ability="Second Wind"
2026/05/17 13:55:07 INFO dnd: armed ability fired (turn-based build) user=@sim:fighter-l7-forest_shadows-37 ability="Second Wind"
2026/05/17 13:55:07 INFO dnd: armed ability fired (turn-based build) user=@sim:fighter-l3-forest_shadows-37 ability="Second Wind"
2026/05/17 13:55:07 INFO dnd: armed ability fired (turn-based build) user=@sim:fighter-l7-forest_shadows-37 ability="Second Wind"
2026/05/17 13:55:07 INFO database initialized path=/tmp/expedition-sim-3860636301/gogobee.db
2026/05/17 13:55:07 INFO database initialized path=/tmp/expedition-sim-1546265523/gogobee.db
2026/05/17 13:55:07 INFO database initialized path=/tmp/expedition-sim-2609606295/gogobee.db
2026/05/17 13:55:07 INFO dnd: armed ability fired (turn-based build) user=@sim:fighter-l3-goblin_warrens-44 ability="Second Wind"
2026/05/17 13:55:07 INFO database initialized path=/tmp/expedition-sim-3272067349/gogobee.db
2026/05/17 13:55:07 INFO dnd: armed ability fired (turn-based build) user=@sim:fighter-l3-goblin_warrens-44 ability="Second Wind"
2026/05/17 13:55:07 INFO dnd: armed ability fired (turn-based build) user=@sim:fighter-l3-manor_blackspire-51 ability="Second Wind"
2026/05/17 13:55:07 INFO database initialized path=/tmp/expedition-sim-1858656353/gogobee.db
2026/05/17 13:55:07 INFO dnd: armed ability fired (turn-based build) user=@sim:fighter-l7-underdark-33 ability="Second Wind"
2026/05/17 13:55:07 INFO dnd: armed ability fired (turn-based build) user=@sim:fighter-l3-goblin_warrens-44 ability="Second Wind"
2026/05/17 13:55:07 INFO dnd: armed ability fired (turn-based build) user=@sim:fighter-l3-manor_blackspire-51 ability="Second Wind"
2026/05/17 13:55:07 INFO dnd: armed ability fired (turn-based build) user=@sim:fighter-l12-goblin_warrens-46 ability="Second Wind"
2026/05/17 13:55:07 INFO dnd: armed ability fired (turn-based build) user=@sim:fighter-l7-underdark-33 ability="Second Wind"
2026/05/17 13:55:07 INFO dnd: armed ability fired (turn-based build) user=@sim:fighter-l12-goblin_warrens-46 ability="Second Wind"
2026/05/17 13:55:07 INFO dnd: armed ability fired (turn-based build) user=@sim:fighter-l3-manor_blackspire-51 ability="Second Wind"
2026/05/17 13:55:07 INFO dnd: armed ability fired (turn-based build) user=@sim:fighter-l12-goblin_warrens-46 ability="Second Wind"
2026/05/17 13:55:07 INFO dnd: armed ability fired (turn-based build) user=@sim:fighter-l7-underdark-33 ability="Second Wind"
2026/05/17 13:55:07 INFO database initialized path=/tmp/expedition-sim-1683159900/gogobee.db
2026/05/17 13:55:07 INFO database initialized path=/tmp/expedition-sim-312579428/gogobee.db
2026/05/17 13:55:07 INFO dnd: armed ability fired (turn-based build) user=@sim:fighter-l7-goblin_warrens-45 ability="Second Wind"
2026/05/17 13:55:07 INFO dnd: armed ability fired (turn-based build) user=@sim:fighter-l7-goblin_warrens-45 ability="Second Wind"
2026/05/17 13:55:07 INFO dnd: armed ability fired (turn-based build) user=@sim:fighter-l7-goblin_warrens-45 ability="Second Wind"
2026/05/17 13:55:07 INFO database initialized path=/tmp/expedition-sim-3913603539/gogobee.db
2026/05/17 13:55:07 INFO dnd: armed ability fired (turn-based build) user=@sim:fighter-l7-manor_blackspire-47 ability="Second Wind"
2026/05/17 13:55:07 INFO dnd: armed ability fired (turn-based build) user=@sim:fighter-l7-manor_blackspire-47 ability="Second Wind"
2026/05/17 13:55:07 INFO dnd: armed ability fired (turn-based build) user=@sim:fighter-l7-manor_blackspire-47 ability="Second Wind"
2026/05/17 13:55:07 INFO database initialized path=/tmp/expedition-sim-3829115735/gogobee.db
2026/05/17 13:55:07 INFO database initialized path=/tmp/expedition-sim-1644362388/gogobee.db
2026/05/17 13:55:07 INFO dnd: armed ability fired (turn-based build) user=@sim:fighter-l12-underdark-41 ability="Second Wind"
2026/05/17 13:55:07 INFO dnd: armed ability fired (turn-based build) user=@sim:fighter-l7-dragons_lair-46 ability="Second Wind"
2026/05/17 13:55:07 INFO dnd: armed ability fired (turn-based build) user=@sim:fighter-l12-underdark-41 ability="Second Wind"
2026/05/17 13:55:07 INFO dnd: armed ability fired (turn-based build) user=@sim:fighter-l7-dragons_lair-46 ability="Second Wind"
2026/05/17 13:55:07 INFO dnd: armed ability fired (turn-based build) user=@sim:fighter-l12-underdark-41 ability="Second Wind"
2026/05/17 13:55:07 INFO dnd: armed ability fired (turn-based build) user=@sim:fighter-l7-dragons_lair-46 ability="Second Wind"
2026/05/17 13:55:07 INFO database initialized path=/tmp/expedition-sim-3986565453/gogobee.db
2026/05/17 13:55:07 INFO dnd: armed ability fired (turn-based build) user=@sim:fighter-l12-forest_shadows-34 ability="Second Wind"
2026/05/17 13:55:07 INFO dnd: armed ability fired (turn-based build) user=@sim:fighter-l12-forest_shadows-34 ability="Second Wind"
2026/05/17 13:55:07 INFO database initialized path=/tmp/expedition-sim-170297339/gogobee.db
2026/05/17 13:55:07 INFO database initialized path=/tmp/expedition-sim-1464167995/gogobee.db
2026/05/17 13:55:07 INFO dnd: armed ability fired (turn-based build) user=@sim:fighter-l12-forest_shadows-34 ability="Second Wind"
2026/05/17 13:55:07 INFO dnd: armed ability fired (turn-based build) user=@sim:fighter-l12-manor_blackspire-39 ability="Second Wind"
2026/05/17 13:55:07 INFO dnd: armed ability fired (turn-based build) user=@sim:fighter-l12-manor_blackspire-39 ability="Second Wind"
2026/05/17 13:55:07 INFO dnd: armed ability fired (turn-based build) user=@sim:fighter-l12-manor_blackspire-39 ability="Second Wind"
2026/05/17 13:55:07 INFO database initialized path=/tmp/expedition-sim-2296316430/gogobee.db
2026/05/17 13:55:07 INFO database initialized path=/tmp/expedition-sim-4143241079/gogobee.db
2026/05/17 13:55:07 INFO dnd: armed ability fired (turn-based build) user=@sim:fighter-l7-forest_shadows-38 ability="Second Wind"
2026/05/17 13:55:07 INFO database initialized path=/tmp/expedition-sim-3604635297/gogobee.db
2026/05/17 13:55:07 INFO dnd: armed ability fired (turn-based build) user=@sim:fighter-l7-forest_shadows-38 ability="Second Wind"
2026/05/17 13:55:07 INFO dnd: armed ability fired (turn-based build) user=@sim:fighter-l3-manor_blackspire-52 ability="Second Wind"
2026/05/17 13:55:07 INFO dnd: armed ability fired (turn-based build) user=@sim:fighter-l7-forest_shadows-38 ability="Second Wind"
2026/05/17 13:55:07 INFO dnd: armed ability fired (turn-based build) user=@sim:fighter-l3-forest_shadows-38 ability="Second Wind"
2026/05/17 13:55:07 INFO dnd: armed ability fired (turn-based build) user=@sim:fighter-l3-manor_blackspire-52 ability="Second Wind"
2026/05/17 13:55:07 INFO dnd: armed ability fired (turn-based build) user=@sim:fighter-l3-forest_shadows-38 ability="Second Wind"
2026/05/17 13:55:07 INFO dnd: armed ability fired (turn-based build) user=@sim:fighter-l3-manor_blackspire-52 ability="Second Wind"
2026/05/17 13:55:07 INFO dnd: armed ability fired (turn-based build) user=@sim:fighter-l3-forest_shadows-38 ability="Second Wind"
2026/05/17 13:55:07 INFO database initialized path=/tmp/expedition-sim-3455854359/gogobee.db
2026/05/17 13:55:08 INFO database initialized path=/tmp/expedition-sim-2894788710/gogobee.db
2026/05/17 13:55:08 INFO database initialized path=/tmp/expedition-sim-2403289016/gogobee.db
2026/05/17 13:55:08 INFO dnd: armed ability fired (turn-based build) user=@sim:fighter-l12-goblin_warrens-47 ability="Second Wind"
2026/05/17 13:55:08 INFO dnd: armed ability fired (turn-based build) user=@sim:fighter-l12-goblin_warrens-47 ability="Second Wind"
2026/05/17 13:55:08 INFO dnd: armed ability fired (turn-based build) user=@sim:fighter-l7-goblin_warrens-46 ability="Second Wind"
2026/05/17 13:55:08 INFO dnd: armed ability fired (turn-based build) user=@sim:fighter-l12-goblin_warrens-47 ability="Second Wind"
2026/05/17 13:55:08 INFO dnd: armed ability fired (turn-based build) user=@sim:fighter-l7-goblin_warrens-46 ability="Second Wind"
2026/05/17 13:55:08 INFO database initialized path=/tmp/expedition-sim-2614868229/gogobee.db
2026/05/17 13:55:08 INFO dnd: armed ability fired (turn-based build) user=@sim:fighter-l7-goblin_warrens-46 ability="Second Wind"
2026/05/17 13:55:08 INFO dnd: armed ability fired (turn-based build) user=@sim:fighter-l3-goblin_warrens-45 ability="Second Wind"
2026/05/17 13:55:08 INFO dnd: armed ability fired (turn-based build) user=@sim:fighter-l3-goblin_warrens-45 ability="Second Wind"
2026/05/17 13:55:08 INFO database initialized path=/tmp/expedition-sim-2445238979/gogobee.db
2026/05/17 13:55:08 INFO dnd: armed ability fired (turn-based build) user=@sim:fighter-l3-goblin_warrens-45 ability="Second Wind"
2026/05/17 13:55:08 INFO database initialized path=/tmp/expedition-sim-2154647220/gogobee.db
2026/05/17 13:55:08 INFO dnd: armed ability fired (turn-based build) user=@sim:fighter-l7-underdark-34 ability="Second Wind"
2026/05/17 13:55:08 INFO dnd: armed ability fired (turn-based build) user=@sim:fighter-l7-underdark-34 ability="Second Wind"
2026/05/17 13:55:08 INFO database initialized path=/tmp/expedition-sim-212702747/gogobee.db
2026/05/17 13:55:08 INFO database initialized path=/tmp/expedition-sim-572125118/gogobee.db
2026/05/17 13:55:08 INFO dnd: armed ability fired (turn-based build) user=@sim:fighter-l7-underdark-34 ability="Second Wind"
2026/05/17 13:55:08 INFO dnd: armed ability fired (turn-based build) user=@sim:fighter-l7-manor_blackspire-48 ability="Second Wind"
2026/05/17 13:55:08 INFO dnd: armed ability fired (turn-based build) user=@sim:fighter-l7-manor_blackspire-48 ability="Second Wind"
2026/05/17 13:55:08 INFO dnd: armed ability fired (turn-based build) user=@sim:fighter-l7-dragons_lair-47 ability="Second Wind"
2026/05/17 13:55:08 INFO dnd: armed ability fired (turn-based build) user=@sim:fighter-l7-manor_blackspire-48 ability="Second Wind"
2026/05/17 13:55:08 INFO database initialized path=/tmp/expedition-sim-1730954865/gogobee.db
2026/05/17 13:55:08 INFO dnd: armed ability fired (turn-based build) user=@sim:fighter-l7-dragons_lair-47 ability="Second Wind"
2026/05/17 13:55:08 INFO dnd: armed ability fired (turn-based build) user=@sim:fighter-l12-underdark-42 ability="Second Wind"
2026/05/17 13:55:08 INFO dnd: armed ability fired (turn-based build) user=@sim:fighter-l7-dragons_lair-47 ability="Second Wind"
2026/05/17 13:55:08 INFO database initialized path=/tmp/expedition-sim-3304277035/gogobee.db
2026/05/17 13:55:08 INFO dnd: armed ability fired (turn-based build) user=@sim:fighter-l12-manor_blackspire-40 ability="Second Wind"
2026/05/17 13:55:08 INFO dnd: armed ability fired (turn-based build) user=@sim:fighter-l12-underdark-42 ability="Second Wind"
2026/05/17 13:55:08 INFO dnd: armed ability fired (turn-based build) user=@sim:fighter-l12-manor_blackspire-40 ability="Second Wind"
2026/05/17 13:55:08 INFO dnd: armed ability fired (turn-based build) user=@sim:fighter-l12-manor_blackspire-40 ability="Second Wind"
2026/05/17 13:55:08 INFO dnd: armed ability fired (turn-based build) user=@sim:fighter-l12-underdark-42 ability="Second Wind"
2026/05/17 13:55:08 INFO database initialized path=/tmp/expedition-sim-4052864003/gogobee.db
2026/05/17 13:55:08 INFO database initialized path=/tmp/expedition-sim-1078619233/gogobee.db
2026/05/17 13:55:08 INFO database initialized path=/tmp/expedition-sim-60402867/gogobee.db
2026/05/17 13:55:08 INFO dnd: armed ability fired (turn-based build) user=@sim:fighter-l12-forest_shadows-35 ability="Second Wind"
2026/05/17 13:55:08 INFO dnd: armed ability fired (turn-based build) user=@sim:fighter-l12-forest_shadows-35 ability="Second Wind"
2026/05/17 13:55:08 INFO dnd: armed ability fired (turn-based build) user=@sim:fighter-l3-forest_shadows-39 ability="Second Wind"
2026/05/17 13:55:08 INFO dnd: armed ability fired (turn-based build) user=@sim:fighter-l12-forest_shadows-35 ability="Second Wind"
2026/05/17 13:55:08 INFO database initialized path=/tmp/expedition-sim-1125704148/gogobee.db
2026/05/17 13:55:08 INFO dnd: armed ability fired (turn-based build) user=@sim:fighter-l3-forest_shadows-39 ability="Second Wind"
2026/05/17 13:55:08 INFO dnd: armed ability fired (turn-based build) user=@sim:fighter-l7-forest_shadows-39 ability="Second Wind"
2026/05/17 13:55:08 INFO dnd: armed ability fired (turn-based build) user=@sim:fighter-l7-forest_shadows-39 ability="Second Wind"
2026/05/17 13:55:08 INFO dnd: armed ability fired (turn-based build) user=@sim:fighter-l3-forest_shadows-39 ability="Second Wind"
2026/05/17 13:55:08 INFO dnd: armed ability fired (turn-based build) user=@sim:fighter-l7-forest_shadows-39 ability="Second Wind"
2026/05/17 13:55:08 INFO database initialized path=/tmp/expedition-sim-1555125646/gogobee.db
2026/05/17 13:55:08 INFO dnd: armed ability fired (turn-based build) user=@sim:fighter-l3-manor_blackspire-53 ability="Second Wind"
2026/05/17 13:55:08 INFO dnd: armed ability fired (turn-based build) user=@sim:fighter-l3-manor_blackspire-53 ability="Second Wind"
2026/05/17 13:55:08 WARN auto-heal cleanup: short on inventory user=@sim:fighter-l3-manor_blackspire-53 wanted=1 removed=0
2026/05/17 13:55:08 INFO dnd: armed ability fired (turn-based build) user=@sim:fighter-l3-manor_blackspire-53 ability="Second Wind"
2026/05/17 13:55:08 WARN auto-heal cleanup: short on inventory user=@sim:fighter-l3-manor_blackspire-53 wanted=1 removed=0
2026/05/17 13:55:08 INFO database initialized path=/tmp/expedition-sim-2438481801/gogobee.db
2026/05/17 13:55:08 INFO database initialized path=/tmp/expedition-sim-2169549385/gogobee.db
2026/05/17 13:55:08 INFO dnd: armed ability fired (turn-based build) user=@sim:fighter-l12-goblin_warrens-48 ability="Second Wind"
2026/05/17 13:55:08 INFO dnd: armed ability fired (turn-based build) user=@sim:fighter-l12-goblin_warrens-48 ability="Second Wind"
2026/05/17 13:55:08 INFO dnd: armed ability fired (turn-based build) user=@sim:fighter-l12-goblin_warrens-48 ability="Second Wind"
2026/05/17 13:55:08 INFO database initialized path=/tmp/expedition-sim-2257865427/gogobee.db
2026/05/17 13:55:08 INFO dnd: armed ability fired (turn-based build) user=@sim:fighter-l7-goblin_warrens-47 ability="Second Wind"
2026/05/17 13:55:08 INFO dnd: armed ability fired (turn-based build) user=@sim:fighter-l7-goblin_warrens-47 ability="Second Wind"
2026/05/17 13:55:08 INFO database initialized path=/tmp/expedition-sim-3958257779/gogobee.db
2026/05/17 13:55:08 INFO database initialized path=/tmp/expedition-sim-4027955190/gogobee.db
2026/05/17 13:55:08 INFO dnd: armed ability fired (turn-based build) user=@sim:fighter-l7-goblin_warrens-47 ability="Second Wind"
2026/05/17 13:55:08 INFO dnd: armed ability fired (turn-based build) user=@sim:fighter-l7-underdark-35 ability="Second Wind"
2026/05/17 13:55:08 INFO dnd: armed ability fired (turn-based build) user=@sim:fighter-l7-manor_blackspire-49 ability="Second Wind"
2026/05/17 13:55:08 INFO dnd: armed ability fired (turn-based build) user=@sim:fighter-l7-underdark-35 ability="Second Wind"
2026/05/17 13:55:08 INFO dnd: armed ability fired (turn-based build) user=@sim:fighter-l7-manor_blackspire-49 ability="Second Wind"
2026/05/17 13:55:08 INFO dnd: armed ability fired (turn-based build) user=@sim:fighter-l7-manor_blackspire-49 ability="Second Wind"
2026/05/17 13:55:08 INFO database initialized path=/tmp/expedition-sim-2953229772/gogobee.db
2026/05/17 13:55:08 INFO dnd: armed ability fired (turn-based build) user=@sim:fighter-l7-underdark-35 ability="Second Wind"
2026/05/17 13:55:08 INFO database initialized path=/tmp/expedition-sim-566609618/gogobee.db
2026/05/17 13:55:08 INFO dnd: armed ability fired (turn-based build) user=@sim:fighter-l7-dragons_lair-48 ability="Second Wind"
2026/05/17 13:55:08 INFO dnd: armed ability fired (turn-based build) user=@sim:fighter-l7-dragons_lair-48 ability="Second Wind"
2026/05/17 13:55:08 INFO dnd: armed ability fired (turn-based build) user=@sim:fighter-l7-dragons_lair-48 ability="Second Wind"
2026/05/17 13:55:08 INFO database initialized path=/tmp/expedition-sim-1505542649/gogobee.db
2026/05/17 13:55:08 INFO dnd: armed ability fired (turn-based build) user=@sim:fighter-l3-goblin_warrens-46 ability="Second Wind"
2026/05/17 13:55:08 INFO dnd: armed ability fired (turn-based build) user=@sim:fighter-l3-goblin_warrens-46 ability="Second Wind"
2026/05/17 13:55:08 INFO dnd: armed ability fired (turn-based build) user=@sim:fighter-l3-goblin_warrens-46 ability="Second Wind"
2026/05/17 13:55:08 INFO database initialized path=/tmp/expedition-sim-302586075/gogobee.db
2026/05/17 13:55:08 INFO dnd: armed ability fired (turn-based build) user=@sim:fighter-l12-manor_blackspire-41 ability="Second Wind"
2026/05/17 13:55:08 INFO dnd: armed ability fired (turn-based build) user=@sim:fighter-l12-manor_blackspire-41 ability="Second Wind"
2026/05/17 13:55:08 INFO database initialized path=/tmp/expedition-sim-1228785838/gogobee.db
2026/05/17 13:55:08 INFO database initialized path=/tmp/expedition-sim-1242088873/gogobee.db
2026/05/17 13:55:08 INFO dnd: armed ability fired (turn-based build) user=@sim:fighter-l12-manor_blackspire-41 ability="Second Wind"
2026/05/17 13:55:08 INFO dnd: armed ability fired (turn-based build) user=@sim:fighter-l7-forest_shadows-40 ability="Second Wind"
2026/05/17 13:55:08 INFO dnd: armed ability fired (turn-based build) user=@sim:fighter-l7-forest_shadows-40 ability="Second Wind"
2026/05/17 13:55:08 INFO database initialized path=/tmp/expedition-sim-3615681315/gogobee.db
2026/05/17 13:55:08 INFO dnd: armed ability fired (turn-based build) user=@sim:fighter-l7-forest_shadows-40 ability="Second Wind"
2026/05/17 13:55:08 INFO dnd: armed ability fired (turn-based build) user=@sim:fighter-l12-underdark-43 ability="Second Wind"
2026/05/17 13:55:08 INFO dnd: armed ability fired (turn-based build) user=@sim:fighter-l12-underdark-43 ability="Second Wind"
2026/05/17 13:55:08 INFO database initialized path=/tmp/expedition-sim-2648731451/gogobee.db
2026/05/17 13:55:08 INFO dnd: armed ability fired (turn-based build) user=@sim:fighter-l12-underdark-43 ability="Second Wind"
2026/05/17 13:55:08 INFO dnd: armed ability fired (turn-based build) user=@sim:fighter-l3-manor_blackspire-54 ability="Second Wind"
2026/05/17 13:55:08 INFO dnd: armed ability fired (turn-based build) user=@sim:fighter-l3-manor_blackspire-54 ability="Second Wind"
2026/05/17 13:55:08 INFO dnd: armed ability fired (turn-based build) user=@sim:fighter-l3-manor_blackspire-54 ability="Second Wind"
2026/05/17 13:55:08 INFO database initialized path=/tmp/expedition-sim-4204162512/gogobee.db
2026/05/17 13:55:09 INFO dnd: armed ability fired (turn-based build) user=@sim:fighter-l12-goblin_warrens-49 ability="Second Wind"
2026/05/17 13:55:09 INFO dnd: armed ability fired (turn-based build) user=@sim:fighter-l12-goblin_warrens-49 ability="Second Wind"
2026/05/17 13:55:09 INFO dnd: armed ability fired (turn-based build) user=@sim:fighter-l12-goblin_warrens-49 ability="Second Wind"
2026/05/17 13:55:09 INFO database initialized path=/tmp/expedition-sim-2435351317/gogobee.db
2026/05/17 13:55:09 INFO dnd: armed ability fired (turn-based build) user=@sim:fighter-l12-forest_shadows-36 ability="Second Wind"
2026/05/17 13:55:09 INFO database initialized path=/tmp/expedition-sim-684147984/gogobee.db
2026/05/17 13:55:09 INFO dnd: armed ability fired (turn-based build) user=@sim:fighter-l3-forest_shadows-40 ability="Second Wind"
2026/05/17 13:55:09 INFO dnd: armed ability fired (turn-based build) user=@sim:fighter-l12-forest_shadows-36 ability="Second Wind"
2026/05/17 13:55:09 INFO dnd: armed ability fired (turn-based build) user=@sim:fighter-l3-forest_shadows-40 ability="Second Wind"
2026/05/17 13:55:09 INFO dnd: armed ability fired (turn-based build) user=@sim:fighter-l12-forest_shadows-36 ability="Second Wind"
2026/05/17 13:55:09 INFO dnd: armed ability fired (turn-based build) user=@sim:fighter-l3-forest_shadows-40 ability="Second Wind"
2026/05/17 13:55:09 INFO database initialized path=/tmp/expedition-sim-1502031360/gogobee.db
2026/05/17 13:55:09 INFO database initialized path=/tmp/expedition-sim-4026021342/gogobee.db
2026/05/17 13:55:09 INFO dnd: armed ability fired (turn-based build) user=@sim:fighter-l7-goblin_warrens-48 ability="Second Wind"
2026/05/17 13:55:09 INFO dnd: armed ability fired (turn-based build) user=@sim:fighter-l7-goblin_warrens-48 ability="Second Wind"
2026/05/17 13:55:09 INFO dnd: armed ability fired (turn-based build) user=@sim:fighter-l7-goblin_warrens-48 ability="Second Wind"
2026/05/17 13:55:09 INFO database initialized path=/tmp/expedition-sim-1673074991/gogobee.db
2026/05/17 13:55:09 INFO dnd: armed ability fired (turn-based build) user=@sim:fighter-l7-manor_blackspire-50 ability="Second Wind"
2026/05/17 13:55:09 INFO dnd: armed ability fired (turn-based build) user=@sim:fighter-l7-manor_blackspire-50 ability="Second Wind"
2026/05/17 13:55:09 INFO dnd: armed ability fired (turn-based build) user=@sim:fighter-l7-manor_blackspire-50 ability="Second Wind"
2026/05/17 13:55:09 INFO database initialized path=/tmp/expedition-sim-2287360372/gogobee.db
2026/05/17 13:55:09 INFO dnd: armed ability fired (turn-based build) user=@sim:fighter-l7-dragons_lair-49 ability="Second Wind"
2026/05/17 13:55:09 INFO database initialized path=/tmp/expedition-sim-3864887687/gogobee.db
2026/05/17 13:55:09 INFO dnd: armed ability fired (turn-based build) user=@sim:fighter-l7-dragons_lair-49 ability="Second Wind"
2026/05/17 13:55:09 INFO dnd: armed ability fired (turn-based build) user=@sim:fighter-l7-dragons_lair-49 ability="Second Wind"
2026/05/17 13:55:09 INFO database initialized path=/tmp/expedition-sim-534504152/gogobee.db
2026/05/17 13:55:09 INFO dnd: armed ability fired (turn-based build) user=@sim:fighter-l3-goblin_warrens-47 ability="Second Wind"
2026/05/17 13:55:09 INFO database initialized path=/tmp/expedition-sim-228840180/gogobee.db
2026/05/17 13:55:09 INFO dnd: armed ability fired (turn-based build) user=@sim:fighter-l3-goblin_warrens-47 ability="Second Wind"
2026/05/17 13:55:09 INFO dnd: armed ability fired (turn-based build) user=@sim:fighter-l12-manor_blackspire-42 ability="Second Wind"
2026/05/17 13:55:09 INFO dnd: armed ability fired (turn-based build) user=@sim:fighter-l12-manor_blackspire-42 ability="Second Wind"
2026/05/17 13:55:09 INFO dnd: armed ability fired (turn-based build) user=@sim:fighter-l3-goblin_warrens-47 ability="Second Wind"
2026/05/17 13:55:09 INFO dnd: armed ability fired (turn-based build) user=@sim:fighter-l12-manor_blackspire-42 ability="Second Wind"
2026/05/17 13:55:09 INFO database initialized path=/tmp/expedition-sim-931000106/gogobee.db
2026/05/17 13:55:09 INFO dnd: armed ability fired (turn-based build) user=@sim:fighter-l3-manor_blackspire-55 ability="Second Wind"
2026/05/17 13:55:09 INFO database initialized path=/tmp/expedition-sim-3658730748/gogobee.db
2026/05/17 13:55:09 INFO dnd: armed ability fired (turn-based build) user=@sim:fighter-l3-manor_blackspire-55 ability="Second Wind"
2026/05/17 13:55:09 WARN auto-heal cleanup: short on inventory user=@sim:fighter-l3-manor_blackspire-55 wanted=1 removed=0
2026/05/17 13:55:09 INFO dnd: armed ability fired (turn-based build) user=@sim:fighter-l7-forest_shadows-41 ability="Second Wind"
2026/05/17 13:55:09 INFO dnd: armed ability fired (turn-based build) user=@sim:fighter-l7-forest_shadows-41 ability="Second Wind"
2026/05/17 13:55:09 INFO dnd: armed ability fired (turn-based build) user=@sim:fighter-l7-forest_shadows-41 ability="Second Wind"
2026/05/17 13:55:09 INFO database initialized path=/tmp/expedition-sim-1246911078/gogobee.db
2026/05/17 13:55:09 INFO database initialized path=/tmp/expedition-sim-423954928/gogobee.db
2026/05/17 13:55:09 INFO database initialized path=/tmp/expedition-sim-2342092552/gogobee.db
2026/05/17 13:55:09 INFO dnd: armed ability fired (turn-based build) user=@sim:fighter-l7-underdark-36 ability="Second Wind"
2026/05/17 13:55:09 INFO dnd: armed ability fired (turn-based build) user=@sim:fighter-l7-underdark-36 ability="Second Wind"
2026/05/17 13:55:09 INFO dnd: armed ability fired (turn-based build) user=@sim:fighter-l12-underdark-44 ability="Second Wind"
2026/05/17 13:55:09 INFO dnd: armed ability fired (turn-based build) user=@sim:fighter-l7-underdark-36 ability="Second Wind"
2026/05/17 13:55:09 INFO dnd: armed ability fired (turn-based build) user=@sim:fighter-l12-underdark-44 ability="Second Wind"
2026/05/17 13:55:09 INFO dnd: armed ability fired (turn-based build) user=@sim:fighter-l12-underdark-44 ability="Second Wind"
2026/05/17 13:55:09 INFO database initialized path=/tmp/expedition-sim-2787184954/gogobee.db
2026/05/17 13:55:09 INFO database initialized path=/tmp/expedition-sim-3525751898/gogobee.db
2026/05/17 13:55:09 INFO dnd: armed ability fired (turn-based build) user=@sim:fighter-l3-forest_shadows-41 ability="Second Wind"
2026/05/17 13:55:09 INFO dnd: armed ability fired (turn-based build) user=@sim:fighter-l12-goblin_warrens-50 ability="Second Wind"
2026/05/17 13:55:09 INFO dnd: armed ability fired (turn-based build) user=@sim:fighter-l12-goblin_warrens-50 ability="Second Wind"
2026/05/17 13:55:09 INFO dnd: armed ability fired (turn-based build) user=@sim:fighter-l3-forest_shadows-41 ability="Second Wind"
2026/05/17 13:55:09 INFO dnd: armed ability fired (turn-based build) user=@sim:fighter-l12-goblin_warrens-50 ability="Second Wind"
2026/05/17 13:55:09 INFO dnd: armed ability fired (turn-based build) user=@sim:fighter-l3-forest_shadows-41 ability="Second Wind"
2026/05/17 13:55:09 INFO database initialized path=/tmp/expedition-sim-3822517075/gogobee.db
2026/05/17 13:55:09 INFO dnd: armed ability fired (turn-based build) user=@sim:fighter-l7-goblin_warrens-49 ability="Second Wind"
2026/05/17 13:55:09 INFO database initialized path=/tmp/expedition-sim-1439526305/gogobee.db
2026/05/17 13:55:09 INFO dnd: armed ability fired (turn-based build) user=@sim:fighter-l7-goblin_warrens-49 ability="Second Wind"
2026/05/17 13:55:09 INFO dnd: armed ability fired (turn-based build) user=@sim:fighter-l7-manor_blackspire-51 ability="Second Wind"
2026/05/17 13:55:09 INFO dnd: armed ability fired (turn-based build) user=@sim:fighter-l7-goblin_warrens-49 ability="Second Wind"
2026/05/17 13:55:09 INFO dnd: armed ability fired (turn-based build) user=@sim:fighter-l7-manor_blackspire-51 ability="Second Wind"
2026/05/17 13:55:09 INFO dnd: armed ability fired (turn-based build) user=@sim:fighter-l7-manor_blackspire-51 ability="Second Wind"
2026/05/17 13:55:09 INFO database initialized path=/tmp/expedition-sim-3484766358/gogobee.db
2026/05/17 13:55:09 INFO database initialized path=/tmp/expedition-sim-2313934013/gogobee.db
2026/05/17 13:55:09 INFO database initialized path=/tmp/expedition-sim-593252954/gogobee.db
2026/05/17 13:55:09 INFO dnd: armed ability fired (turn-based build) user=@sim:fighter-l7-dragons_lair-50 ability="Second Wind"
2026/05/17 13:55:09 INFO dnd: armed ability fired (turn-based build) user=@sim:fighter-l3-manor_blackspire-56 ability="Second Wind"
2026/05/17 13:55:09 INFO dnd: armed ability fired (turn-based build) user=@sim:fighter-l7-dragons_lair-50 ability="Second Wind"
2026/05/17 13:55:09 INFO dnd: armed ability fired (turn-based build) user=@sim:fighter-l3-manor_blackspire-56 ability="Second Wind"
2026/05/17 13:55:09 INFO dnd: armed ability fired (turn-based build) user=@sim:fighter-l7-dragons_lair-50 ability="Second Wind"
2026/05/17 13:55:09 INFO dnd: armed ability fired (turn-based build) user=@sim:fighter-l3-manor_blackspire-56 ability="Second Wind"
2026/05/17 13:55:09 INFO database initialized path=/tmp/expedition-sim-3509936933/gogobee.db
2026/05/17 13:55:09 INFO database initialized path=/tmp/expedition-sim-1416513813/gogobee.db
2026/05/17 13:55:09 INFO dnd: armed ability fired (turn-based build) user=@sim:fighter-l12-manor_blackspire-43 ability="Second Wind"
2026/05/17 13:55:09 INFO dnd: armed ability fired (turn-based build) user=@sim:fighter-l12-manor_blackspire-43 ability="Second Wind"
2026/05/17 13:55:09 INFO dnd: armed ability fired (turn-based build) user=@sim:fighter-l12-forest_shadows-37 ability="Second Wind"
2026/05/17 13:55:09 INFO dnd: armed ability fired (turn-based build) user=@sim:fighter-l12-manor_blackspire-43 ability="Second Wind"
2026/05/17 13:55:09 INFO dnd: armed ability fired (turn-based build) user=@sim:fighter-l12-forest_shadows-37 ability="Second Wind"
2026/05/17 13:55:09 INFO dnd: armed ability fired (turn-based build) user=@sim:fighter-l12-forest_shadows-37 ability="Second Wind"
2026/05/17 13:55:09 INFO database initialized path=/tmp/expedition-sim-2417402379/gogobee.db
2026/05/17 13:55:09 INFO database initialized path=/tmp/expedition-sim-2292008525/gogobee.db
2026/05/17 13:55:09 INFO database initialized path=/tmp/expedition-sim-2104086010/gogobee.db
2026/05/17 13:55:09 INFO dnd: armed ability fired (turn-based build) user=@sim:fighter-l3-goblin_warrens-48 ability="Second Wind"
2026/05/17 13:55:09 INFO dnd: armed ability fired (turn-based build) user=@sim:fighter-l7-forest_shadows-42 ability="Second Wind"
2026/05/17 13:55:09 INFO dnd: armed ability fired (turn-based build) user=@sim:fighter-l3-goblin_warrens-48 ability="Second Wind"
2026/05/17 13:55:09 INFO dnd: armed ability fired (turn-based build) user=@sim:fighter-l7-forest_shadows-42 ability="Second Wind"
2026/05/17 13:55:09 INFO dnd: armed ability fired (turn-based build) user=@sim:fighter-l3-goblin_warrens-48 ability="Second Wind"
2026/05/17 13:55:09 INFO dnd: armed ability fired (turn-based build) user=@sim:fighter-l7-forest_shadows-42 ability="Second Wind"
2026/05/17 13:55:09 INFO database initialized path=/tmp/expedition-sim-2294388706/gogobee.db
2026/05/17 13:55:09 INFO database initialized path=/tmp/expedition-sim-2674420770/gogobee.db
2026/05/17 13:55:09 INFO dnd: armed ability fired (turn-based build) user=@sim:fighter-l12-underdark-45 ability="Second Wind"
2026/05/17 13:55:09 INFO database initialized path=/tmp/expedition-sim-2887990761/gogobee.db
2026/05/17 13:55:10 INFO dnd: armed ability fired (turn-based build) user=@sim:fighter-l12-underdark-45 ability="Second Wind"
2026/05/17 13:55:10 INFO dnd: armed ability fired (turn-based build) user=@sim:fighter-l12-goblin_warrens-51 ability="Second Wind"
2026/05/17 13:55:10 INFO dnd: armed ability fired (turn-based build) user=@sim:fighter-l12-goblin_warrens-51 ability="Second Wind"
2026/05/17 13:55:10 INFO dnd: armed ability fired (turn-based build) user=@sim:fighter-l12-underdark-45 ability="Second Wind"
2026/05/17 13:55:10 INFO database initialized path=/tmp/expedition-sim-3287676426/gogobee.db
2026/05/17 13:55:10 INFO database initialized path=/tmp/expedition-sim-3053552289/gogobee.db
2026/05/17 13:55:10 INFO dnd: armed ability fired (turn-based build) user=@sim:fighter-l12-goblin_warrens-51 ability="Second Wind"
2026/05/17 13:55:10 INFO dnd: armed ability fired (turn-based build) user=@sim:fighter-l7-underdark-37 ability="Second Wind"
2026/05/17 13:55:10 INFO dnd: armed ability fired (turn-based build) user=@sim:fighter-l7-manor_blackspire-52 ability="Second Wind"
2026/05/17 13:55:10 INFO dnd: armed ability fired (turn-based build) user=@sim:fighter-l7-goblin_warrens-50 ability="Second Wind"
2026/05/17 13:55:10 INFO dnd: armed ability fired (turn-based build) user=@sim:fighter-l7-manor_blackspire-52 ability="Second Wind"
2026/05/17 13:55:10 INFO database initialized path=/tmp/expedition-sim-3026867439/gogobee.db
2026/05/17 13:55:10 INFO dnd: armed ability fired (turn-based build) user=@sim:fighter-l7-goblin_warrens-50 ability="Second Wind"
2026/05/17 13:55:10 INFO dnd: armed ability fired (turn-based build) user=@sim:fighter-l7-underdark-37 ability="Second Wind"
2026/05/17 13:55:10 INFO dnd: armed ability fired (turn-based build) user=@sim:fighter-l7-manor_blackspire-52 ability="Second Wind"
2026/05/17 13:55:10 INFO database initialized path=/tmp/expedition-sim-1219147033/gogobee.db
2026/05/17 13:55:10 INFO dnd: armed ability fired (turn-based build) user=@sim:fighter-l7-dragons_lair-51 ability="Second Wind"
2026/05/17 13:55:10 INFO dnd: armed ability fired (turn-based build) user=@sim:fighter-l7-underdark-37 ability="Second Wind"
2026/05/17 13:55:10 INFO dnd: armed ability fired (turn-based build) user=@sim:fighter-l7-goblin_warrens-50 ability="Second Wind"
2026/05/17 13:55:10 WARN auto-heal cleanup: short on inventory user=@sim:fighter-l7-underdark-37 wanted=1 removed=0
2026/05/17 13:55:10 INFO dnd: armed ability fired (turn-based build) user=@sim:fighter-l7-dragons_lair-51 ability="Second Wind"
2026/05/17 13:55:10 INFO dnd: armed ability fired (turn-based build) user=@sim:fighter-l3-manor_blackspire-57 ability="Second Wind"
2026/05/17 13:55:10 INFO dnd: armed ability fired (turn-based build) user=@sim:fighter-l3-manor_blackspire-57 ability="Second Wind"
2026/05/17 13:55:10 INFO dnd: armed ability fired (turn-based build) user=@sim:fighter-l7-dragons_lair-51 ability="Second Wind"
2026/05/17 13:55:10 INFO dnd: armed ability fired (turn-based build) user=@sim:fighter-l3-manor_blackspire-57 ability="Second Wind"
2026/05/17 13:55:10 INFO database initialized path=/tmp/expedition-sim-3582270090/gogobee.db
2026/05/17 13:55:10 INFO database initialized path=/tmp/expedition-sim-3320365567/gogobee.db
2026/05/17 13:55:10 INFO dnd: armed ability fired (turn-based build) user=@sim:fighter-l3-forest_shadows-42 ability="Second Wind"
2026/05/17 13:55:10 INFO database initialized path=/tmp/expedition-sim-1069730799/gogobee.db
2026/05/17 13:55:10 INFO dnd: armed ability fired (turn-based build) user=@sim:fighter-l3-forest_shadows-42 ability="Second Wind"
2026/05/17 13:55:10 INFO dnd: armed ability fired (turn-based build) user=@sim:fighter-l3-forest_shadows-42 ability="Second Wind"
2026/05/17 13:55:10 INFO database initialized path=/tmp/expedition-sim-3353273034/gogobee.db
2026/05/17 13:55:10 INFO dnd: armed ability fired (turn-based build) user=@sim:fighter-l12-manor_blackspire-44 ability="Second Wind"
2026/05/17 13:55:10 INFO dnd: armed ability fired (turn-based build) user=@sim:fighter-l12-manor_blackspire-44 ability="Second Wind"
2026/05/17 13:55:10 INFO dnd: armed ability fired (turn-based build) user=@sim:fighter-l12-manor_blackspire-44 ability="Second Wind"
2026/05/17 13:55:10 INFO database initialized path=/tmp/expedition-sim-2548678992/gogobee.db
2026/05/17 13:55:10 INFO database initialized path=/tmp/expedition-sim-2915088447/gogobee.db
2026/05/17 13:55:10 INFO dnd: armed ability fired (turn-based build) user=@sim:fighter-l7-forest_shadows-43 ability="Second Wind"
2026/05/17 13:55:10 INFO dnd: armed ability fired (turn-based build) user=@sim:fighter-l3-goblin_warrens-49 ability="Second Wind"
2026/05/17 13:55:10 INFO dnd: armed ability fired (turn-based build) user=@sim:fighter-l7-forest_shadows-43 ability="Second Wind"
2026/05/17 13:55:10 INFO dnd: armed ability fired (turn-based build) user=@sim:fighter-l3-goblin_warrens-49 ability="Second Wind"
2026/05/17 13:55:10 INFO dnd: armed ability fired (turn-based build) user=@sim:fighter-l7-forest_shadows-43 ability="Second Wind"
2026/05/17 13:55:10 INFO dnd: armed ability fired (turn-based build) user=@sim:fighter-l3-goblin_warrens-49 ability="Second Wind"
2026/05/17 13:55:10 INFO database initialized path=/tmp/expedition-sim-2215704204/gogobee.db
2026/05/17 13:55:10 INFO database initialized path=/tmp/expedition-sim-3643269429/gogobee.db
2026/05/17 13:55:10 INFO dnd: armed ability fired (turn-based build) user=@sim:fighter-l3-manor_blackspire-58 ability="Second Wind"
2026/05/17 13:55:10 INFO dnd: armed ability fired (turn-based build) user=@sim:fighter-l3-manor_blackspire-58 ability="Second Wind"
2026/05/17 13:55:10 INFO dnd: armed ability fired (turn-based build) user=@sim:fighter-l3-manor_blackspire-58 ability="Second Wind"
2026/05/17 13:55:10 INFO dnd: armed ability fired (turn-based build) user=@sim:fighter-l12-goblin_warrens-52 ability="Second Wind"
2026/05/17 13:55:10 INFO dnd: armed ability fired (turn-based build) user=@sim:fighter-l12-goblin_warrens-52 ability="Second Wind"
2026/05/17 13:55:10 INFO dnd: armed ability fired (turn-based build) user=@sim:fighter-l12-goblin_warrens-52 ability="Second Wind"
2026/05/17 13:55:10 INFO database initialized path=/tmp/expedition-sim-579265996/gogobee.db
2026/05/17 13:55:10 INFO database initialized path=/tmp/expedition-sim-1368980566/gogobee.db
2026/05/17 13:55:10 INFO dnd: armed ability fired (turn-based build) user=@sim:fighter-l7-dragons_lair-52 ability="Second Wind"
2026/05/17 13:55:10 INFO dnd: armed ability fired (turn-based build) user=@sim:fighter-l12-underdark-46 ability="Second Wind"
2026/05/17 13:55:10 INFO database initialized path=/tmp/expedition-sim-2827046380/gogobee.db
2026/05/17 13:55:10 INFO dnd: armed ability fired (turn-based build) user=@sim:fighter-l7-dragons_lair-52 ability="Second Wind"
2026/05/17 13:55:10 INFO dnd: armed ability fired (turn-based build) user=@sim:fighter-l12-underdark-46 ability="Second Wind"
2026/05/17 13:55:10 INFO dnd: armed ability fired (turn-based build) user=@sim:fighter-l7-dragons_lair-52 ability="Second Wind"
2026/05/17 13:55:10 INFO database initialized path=/tmp/expedition-sim-3935344262/gogobee.db
2026/05/17 13:55:10 INFO dnd: armed ability fired (turn-based build) user=@sim:fighter-l12-underdark-46 ability="Second Wind"
2026/05/17 13:55:10 INFO dnd: armed ability fired (turn-based build) user=@sim:fighter-l7-goblin_warrens-51 ability="Second Wind"
2026/05/17 13:55:10 INFO database initialized path=/tmp/expedition-sim-3439135363/gogobee.db
2026/05/17 13:55:10 INFO dnd: armed ability fired (turn-based build) user=@sim:fighter-l12-forest_shadows-38 ability="Second Wind"
2026/05/17 13:55:10 INFO database initialized path=/tmp/expedition-sim-1753419829/gogobee.db
2026/05/17 13:55:10 INFO dnd: armed ability fired (turn-based build) user=@sim:fighter-l12-forest_shadows-38 ability="Second Wind"
2026/05/17 13:55:10 INFO dnd: armed ability fired (turn-based build) user=@sim:fighter-l7-goblin_warrens-51 ability="Second Wind"
2026/05/17 13:55:10 INFO dnd: armed ability fired (turn-based build) user=@sim:fighter-l7-manor_blackspire-53 ability="Second Wind"
2026/05/17 13:55:10 INFO database initialized path=/tmp/expedition-sim-886869332/gogobee.db
2026/05/17 13:55:10 INFO dnd: armed ability fired (turn-based build) user=@sim:fighter-l7-goblin_warrens-51 ability="Second Wind"
2026/05/17 13:55:10 INFO dnd: armed ability fired (turn-based build) user=@sim:fighter-l12-forest_shadows-38 ability="Second Wind"
2026/05/17 13:55:10 INFO dnd: armed ability fired (turn-based build) user=@sim:fighter-l7-manor_blackspire-53 ability="Second Wind"
2026/05/17 13:55:10 INFO dnd: armed ability fired (turn-based build) user=@sim:fighter-l7-manor_blackspire-53 ability="Second Wind"
2026/05/17 13:55:10 INFO database initialized path=/tmp/expedition-sim-1381956503/gogobee.db
2026/05/17 13:55:10 INFO dnd: armed ability fired (turn-based build) user=@sim:fighter-l7-underdark-38 ability="Second Wind"
2026/05/17 13:55:10 INFO database initialized path=/tmp/expedition-sim-2627663043/gogobee.db
2026/05/17 13:55:10 INFO dnd: armed ability fired (turn-based build) user=@sim:fighter-l7-underdark-38 ability="Second Wind"
2026/05/17 13:55:10 INFO dnd: armed ability fired (turn-based build) user=@sim:fighter-l3-forest_shadows-43 ability="Second Wind"
2026/05/17 13:55:10 INFO dnd: armed ability fired (turn-based build) user=@sim:fighter-l3-forest_shadows-43 ability="Second Wind"
2026/05/17 13:55:10 INFO dnd: armed ability fired (turn-based build) user=@sim:fighter-l7-underdark-38 ability="Second Wind"
2026/05/17 13:55:10 INFO dnd: armed ability fired (turn-based build) user=@sim:fighter-l3-forest_shadows-43 ability="Second Wind"
2026/05/17 13:55:10 INFO database initialized path=/tmp/expedition-sim-1890211702/gogobee.db
2026/05/17 13:55:10 INFO database initialized path=/tmp/expedition-sim-1829633612/gogobee.db
2026/05/17 13:55:10 INFO dnd: armed ability fired (turn-based build) user=@sim:fighter-l7-forest_shadows-44 ability="Second Wind"
2026/05/17 13:55:10 INFO dnd: armed ability fired (turn-based build) user=@sim:fighter-l12-manor_blackspire-45 ability="Second Wind"
2026/05/17 13:55:10 INFO dnd: armed ability fired (turn-based build) user=@sim:fighter-l12-manor_blackspire-45 ability="Second Wind"
2026/05/17 13:55:10 INFO dnd: armed ability fired (turn-based build) user=@sim:fighter-l7-forest_shadows-44 ability="Second Wind"
2026/05/17 13:55:10 INFO dnd: armed ability fired (turn-based build) user=@sim:fighter-l7-forest_shadows-44 ability="Second Wind"
2026/05/17 13:55:10 INFO dnd: armed ability fired (turn-based build) user=@sim:fighter-l12-manor_blackspire-45 ability="Second Wind"
2026/05/17 13:55:10 INFO database initialized path=/tmp/expedition-sim-462443995/gogobee.db
2026/05/17 13:55:10 INFO dnd: armed ability fired (turn-based build) user=@sim:fighter-l3-manor_blackspire-59 ability="Second Wind"
2026/05/17 13:55:10 INFO dnd: armed ability fired (turn-based build) user=@sim:fighter-l3-manor_blackspire-59 ability="Second Wind"
2026/05/17 13:55:10 INFO dnd: armed ability fired (turn-based build) user=@sim:fighter-l3-manor_blackspire-59 ability="Second Wind"
2026/05/17 13:55:10 INFO database initialized path=/tmp/expedition-sim-3825657901/gogobee.db
2026/05/17 13:55:10 INFO database initialized path=/tmp/expedition-sim-4133420830/gogobee.db
2026/05/17 13:55:10 INFO database initialized path=/tmp/expedition-sim-3621879754/gogobee.db
2026/05/17 13:55:10 INFO dnd: armed ability fired (turn-based build) user=@sim:fighter-l7-dragons_lair-53 ability="Second Wind"
2026/05/17 13:55:10 INFO database initialized path=/tmp/expedition-sim-2202810924/gogobee.db
2026/05/17 13:55:10 INFO dnd: armed ability fired (turn-based build) user=@sim:fighter-l7-dragons_lair-53 ability="Second Wind"
2026/05/17 13:55:10 INFO dnd: armed ability fired (turn-based build) user=@sim:fighter-l12-goblin_warrens-53 ability="Second Wind"
2026/05/17 13:55:10 INFO dnd: armed ability fired (turn-based build) user=@sim:fighter-l7-dragons_lair-53 ability="Second Wind"
2026/05/17 13:55:10 INFO dnd: armed ability fired (turn-based build) user=@sim:fighter-l12-goblin_warrens-53 ability="Second Wind"
2026/05/17 13:55:10 INFO dnd: armed ability fired (turn-based build) user=@sim:fighter-l12-goblin_warrens-53 ability="Second Wind"
2026/05/17 13:55:10 INFO database initialized path=/tmp/expedition-sim-1903093981/gogobee.db
2026/05/17 13:55:10 INFO database initialized path=/tmp/expedition-sim-175767145/gogobee.db
2026/05/17 13:55:10 INFO dnd: armed ability fired (turn-based build) user=@sim:fighter-l3-goblin_warrens-50 ability="Second Wind"
2026/05/17 13:55:10 INFO dnd: armed ability fired (turn-based build) user=@sim:fighter-l7-goblin_warrens-52 ability="Second Wind"
2026/05/17 13:55:10 INFO dnd: armed ability fired (turn-based build) user=@sim:fighter-l7-goblin_warrens-52 ability="Second Wind"
2026/05/17 13:55:10 INFO dnd: armed ability fired (turn-based build) user=@sim:fighter-l3-goblin_warrens-50 ability="Second Wind"
2026/05/17 13:55:11 INFO dnd: armed ability fired (turn-based build) user=@sim:fighter-l7-goblin_warrens-52 ability="Second Wind"
2026/05/17 13:55:11 INFO dnd: armed ability fired (turn-based build) user=@sim:fighter-l3-goblin_warrens-50 ability="Second Wind"
2026/05/17 13:55:11 INFO database initialized path=/tmp/expedition-sim-706149399/gogobee.db
2026/05/17 13:55:11 INFO dnd: armed ability fired (turn-based build) user=@sim:fighter-l7-manor_blackspire-54 ability="Second Wind"
2026/05/17 13:55:11 INFO dnd: armed ability fired (turn-based build) user=@sim:fighter-l7-manor_blackspire-54 ability="Second Wind"
2026/05/17 13:55:11 INFO dnd: armed ability fired (turn-based build) user=@sim:fighter-l7-manor_blackspire-54 ability="Second Wind"
2026/05/17 13:55:11 INFO database initialized path=/tmp/expedition-sim-1963234563/gogobee.db
2026/05/17 13:55:11 INFO dnd: armed ability fired (turn-based build) user=@sim:fighter-l3-forest_shadows-44 ability="Second Wind"
2026/05/17 13:55:11 INFO dnd: armed ability fired (turn-based build) user=@sim:fighter-l3-forest_shadows-44 ability="Second Wind"
2026/05/17 13:55:11 INFO dnd: armed ability fired (turn-based build) user=@sim:fighter-l3-forest_shadows-44 ability="Second Wind"
2026/05/17 13:55:11 INFO database initialized path=/tmp/expedition-sim-2419566259/gogobee.db
2026/05/17 13:55:11 INFO dnd: armed ability fired (turn-based build) user=@sim:fighter-l12-forest_shadows-39 ability="Second Wind"
2026/05/17 13:55:11 INFO dnd: armed ability fired (turn-based build) user=@sim:fighter-l12-forest_shadows-39 ability="Second Wind"
2026/05/17 13:55:11 INFO dnd: armed ability fired (turn-based build) user=@sim:fighter-l12-forest_shadows-39 ability="Second Wind"
2026/05/17 13:55:11 INFO database initialized path=/tmp/expedition-sim-2467357731/gogobee.db
2026/05/17 13:55:11 INFO database initialized path=/tmp/expedition-sim-428381757/gogobee.db
2026/05/17 13:55:11 INFO database initialized path=/tmp/expedition-sim-2933764410/gogobee.db
2026/05/17 13:55:11 INFO dnd: armed ability fired (turn-based build) user=@sim:fighter-l7-underdark-39 ability="Second Wind"
2026/05/17 13:55:11 INFO database initialized path=/tmp/expedition-sim-998460145/gogobee.db
2026/05/17 13:55:11 INFO dnd: armed ability fired (turn-based build) user=@sim:fighter-l7-underdark-39 ability="Second Wind"
2026/05/17 13:55:11 INFO dnd: armed ability fired (turn-based build) user=@sim:fighter-l3-manor_blackspire-60 ability="Second Wind"
2026/05/17 13:55:11 INFO dnd: armed ability fired (turn-based build) user=@sim:fighter-l7-underdark-39 ability="Second Wind"
2026/05/17 13:55:11 INFO dnd: armed ability fired (turn-based build) user=@sim:fighter-l3-manor_blackspire-60 ability="Second Wind"
2026/05/17 13:55:11 INFO dnd: armed ability fired (turn-based build) user=@sim:fighter-l3-manor_blackspire-60 ability="Second Wind"
2026/05/17 13:55:11 INFO database initialized path=/tmp/expedition-sim-2115602767/gogobee.db
2026/05/17 13:55:11 INFO dnd: armed ability fired (turn-based build) user=@sim:fighter-l12-manor_blackspire-46 ability="Second Wind"
2026/05/17 13:55:11 INFO database initialized path=/tmp/expedition-sim-27083288/gogobee.db
2026/05/17 13:55:11 INFO dnd: armed ability fired (turn-based build) user=@sim:fighter-l12-manor_blackspire-46 ability="Second Wind"
2026/05/17 13:55:11 INFO dnd: armed ability fired (turn-based build) user=@sim:fighter-l12-manor_blackspire-46 ability="Second Wind"
2026/05/17 13:55:11 INFO database initialized path=/tmp/expedition-sim-4261291702/gogobee.db
2026/05/17 13:55:11 INFO dnd: armed ability fired (turn-based build) user=@sim:fighter-l12-underdark-47 ability="Second Wind"
2026/05/17 13:55:11 INFO dnd: armed ability fired (turn-based build) user=@sim:fighter-l7-forest_shadows-45 ability="Second Wind"
2026/05/17 13:55:11 INFO dnd: armed ability fired (turn-based build) user=@sim:fighter-l7-forest_shadows-45 ability="Second Wind"
2026/05/17 13:55:11 INFO dnd: armed ability fired (turn-based build) user=@sim:fighter-l12-underdark-47 ability="Second Wind"
2026/05/17 13:55:11 INFO dnd: armed ability fired (turn-based build) user=@sim:fighter-l7-forest_shadows-45 ability="Second Wind"
2026/05/17 13:55:11 INFO dnd: armed ability fired (turn-based build) user=@sim:fighter-l12-underdark-47 ability="Second Wind"
2026/05/17 13:55:11 INFO database initialized path=/tmp/expedition-sim-389149797/gogobee.db
2026/05/17 13:55:11 INFO database initialized path=/tmp/expedition-sim-3316260100/gogobee.db
2026/05/17 13:55:11 INFO dnd: armed ability fired (turn-based build) user=@sim:fighter-l12-goblin_warrens-54 ability="Second Wind"
2026/05/17 13:55:11 INFO dnd: armed ability fired (turn-based build) user=@sim:fighter-l12-goblin_warrens-54 ability="Second Wind"
2026/05/17 13:55:11 INFO dnd: armed ability fired (turn-based build) user=@sim:fighter-l12-goblin_warrens-54 ability="Second Wind"
2026/05/17 13:55:11 INFO dnd: armed ability fired (turn-based build) user=@sim:fighter-l7-dragons_lair-54 ability="Second Wind"
2026/05/17 13:55:11 INFO dnd: armed ability fired (turn-based build) user=@sim:fighter-l7-dragons_lair-54 ability="Second Wind"
2026/05/17 13:55:11 INFO dnd: armed ability fired (turn-based build) user=@sim:fighter-l7-dragons_lair-54 ability="Second Wind"
2026/05/17 13:55:11 INFO database initialized path=/tmp/expedition-sim-1049043164/gogobee.db
2026/05/17 13:55:11 INFO dnd: armed ability fired (turn-based build) user=@sim:fighter-l7-manor_blackspire-55 ability="Second Wind"
2026/05/17 13:55:11 INFO database initialized path=/tmp/expedition-sim-1450056588/gogobee.db
2026/05/17 13:55:11 INFO dnd: armed ability fired (turn-based build) user=@sim:fighter-l7-manor_blackspire-55 ability="Second Wind"
2026/05/17 13:55:11 INFO dnd: armed ability fired (turn-based build) user=@sim:fighter-l7-manor_blackspire-55 ability="Second Wind"
2026/05/17 13:55:11 INFO database initialized path=/tmp/expedition-sim-930175261/gogobee.db
2026/05/17 13:55:11 INFO dnd: armed ability fired (turn-based build) user=@sim:fighter-l3-goblin_warrens-51 ability="Second Wind"
2026/05/17 13:55:11 INFO dnd: armed ability fired (turn-based build) user=@sim:fighter-l3-goblin_warrens-51 ability="Second Wind"
2026/05/17 13:55:11 INFO dnd: armed ability fired (turn-based build) user=@sim:fighter-l3-goblin_warrens-51 ability="Second Wind"
2026/05/17 13:55:11 INFO database initialized path=/tmp/expedition-sim-2538349518/gogobee.db
2026/05/17 13:55:11 INFO database initialized path=/tmp/expedition-sim-1798648879/gogobee.db
2026/05/17 13:55:11 INFO dnd: armed ability fired (turn-based build) user=@sim:fighter-l7-goblin_warrens-53 ability="Second Wind"
2026/05/17 13:55:11 INFO dnd: armed ability fired (turn-based build) user=@sim:fighter-l7-goblin_warrens-53 ability="Second Wind"
2026/05/17 13:55:11 INFO dnd: armed ability fired (turn-based build) user=@sim:fighter-l7-goblin_warrens-53 ability="Second Wind"
2026/05/17 13:55:11 INFO database initialized path=/tmp/expedition-sim-2535925169/gogobee.db
2026/05/17 13:55:11 INFO database initialized path=/tmp/expedition-sim-3265584277/gogobee.db
2026/05/17 13:55:11 INFO dnd: armed ability fired (turn-based build) user=@sim:fighter-l12-forest_shadows-40 ability="Second Wind"
2026/05/17 13:55:11 INFO dnd: armed ability fired (turn-based build) user=@sim:fighter-l12-manor_blackspire-47 ability="Second Wind"
2026/05/17 13:55:11 INFO database initialized path=/tmp/expedition-sim-769900589/gogobee.db
2026/05/17 13:55:11 INFO dnd: armed ability fired (turn-based build) user=@sim:fighter-l12-manor_blackspire-47 ability="Second Wind"
2026/05/17 13:55:11 INFO dnd: armed ability fired (turn-based build) user=@sim:fighter-l12-forest_shadows-40 ability="Second Wind"
2026/05/17 13:55:11 INFO dnd: armed ability fired (turn-based build) user=@sim:fighter-l12-manor_blackspire-47 ability="Second Wind"
2026/05/17 13:55:11 INFO dnd: armed ability fired (turn-based build) user=@sim:fighter-l3-forest_shadows-45 ability="Second Wind"
2026/05/17 13:55:11 INFO database initialized path=/tmp/expedition-sim-2179841727/gogobee.db
2026/05/17 13:55:11 INFO database initialized path=/tmp/expedition-sim-1200408133/gogobee.db
2026/05/17 13:55:11 INFO dnd: armed ability fired (turn-based build) user=@sim:fighter-l3-forest_shadows-45 ability="Second Wind"
2026/05/17 13:55:11 INFO dnd: armed ability fired (turn-based build) user=@sim:fighter-l12-forest_shadows-40 ability="Second Wind"
2026/05/17 13:55:11 INFO dnd: armed ability fired (turn-based build) user=@sim:fighter-l3-forest_shadows-45 ability="Second Wind"
2026/05/17 13:55:11 INFO dnd: armed ability fired (turn-based build) user=@sim:fighter-l7-underdark-40 ability="Second Wind"
2026/05/17 13:55:11 INFO dnd: armed ability fired (turn-based build) user=@sim:fighter-l3-manor_blackspire-61 ability="Second Wind"
2026/05/17 13:55:11 INFO database initialized path=/tmp/expedition-sim-1723875082/gogobee.db
2026/05/17 13:55:11 INFO dnd: armed ability fired (turn-based build) user=@sim:fighter-l7-underdark-40 ability="Second Wind"
2026/05/17 13:55:11 INFO database initialized path=/tmp/expedition-sim-2871820561/gogobee.db
2026/05/17 13:55:11 INFO dnd: armed ability fired (turn-based build) user=@sim:fighter-l7-forest_shadows-46 ability="Second Wind"
2026/05/17 13:55:11 INFO dnd: armed ability fired (turn-based build) user=@sim:fighter-l3-manor_blackspire-61 ability="Second Wind"
2026/05/17 13:55:11 INFO dnd: armed ability fired (turn-based build) user=@sim:fighter-l7-forest_shadows-46 ability="Second Wind"
2026/05/17 13:55:11 INFO dnd: armed ability fired (turn-based build) user=@sim:fighter-l12-underdark-48 ability="Second Wind"
2026/05/17 13:55:11 INFO dnd: armed ability fired (turn-based build) user=@sim:fighter-l7-underdark-40 ability="Second Wind"
2026/05/17 13:55:11 INFO dnd: armed ability fired (turn-based build) user=@sim:fighter-l7-forest_shadows-46 ability="Second Wind"
2026/05/17 13:55:11 INFO dnd: armed ability fired (turn-based build) user=@sim:fighter-l12-underdark-48 ability="Second Wind"
2026/05/17 13:55:11 INFO dnd: armed ability fired (turn-based build) user=@sim:fighter-l3-manor_blackspire-61 ability="Second Wind"
2026/05/17 13:55:11 INFO dnd: armed ability fired (turn-based build) user=@sim:fighter-l12-underdark-48 ability="Second Wind"
2026/05/17 13:55:11 INFO database initialized path=/tmp/expedition-sim-1255660160/gogobee.db
2026/05/17 13:55:11 INFO database initialized path=/tmp/expedition-sim-2249206929/gogobee.db
2026/05/17 13:55:11 INFO dnd: armed ability fired (turn-based build) user=@sim:fighter-l12-goblin_warrens-55 ability="Second Wind"
2026/05/17 13:55:11 INFO dnd: armed ability fired (turn-based build) user=@sim:fighter-l7-dragons_lair-55 ability="Second Wind"
2026/05/17 13:55:11 INFO dnd: armed ability fired (turn-based build) user=@sim:fighter-l12-goblin_warrens-55 ability="Second Wind"
2026/05/17 13:55:11 INFO dnd: armed ability fired (turn-based build) user=@sim:fighter-l7-dragons_lair-55 ability="Second Wind"
2026/05/17 13:55:11 INFO dnd: armed ability fired (turn-based build) user=@sim:fighter-l12-goblin_warrens-55 ability="Second Wind"
2026/05/17 13:55:11 INFO dnd: armed ability fired (turn-based build) user=@sim:fighter-l7-dragons_lair-55 ability="Second Wind"
2026/05/17 13:55:11 INFO database initialized path=/tmp/expedition-sim-3158030587/gogobee.db
2026/05/17 13:55:11 INFO database initialized path=/tmp/expedition-sim-3412939886/gogobee.db
2026/05/17 13:55:11 INFO dnd: armed ability fired (turn-based build) user=@sim:fighter-l7-manor_blackspire-56 ability="Second Wind"
2026/05/17 13:55:11 INFO dnd: armed ability fired (turn-based build) user=@sim:fighter-l7-manor_blackspire-56 ability="Second Wind"
2026/05/17 13:55:11 INFO database initialized path=/tmp/expedition-sim-2235394458/gogobee.db
2026/05/17 13:55:11 INFO dnd: armed ability fired (turn-based build) user=@sim:fighter-l7-manor_blackspire-56 ability="Second Wind"
2026/05/17 13:55:11 INFO database initialized path=/tmp/expedition-sim-3024422183/gogobee.db
2026/05/17 13:55:11 INFO dnd: armed ability fired (turn-based build) user=@sim:fighter-l3-goblin_warrens-52 ability="Second Wind"
2026/05/17 13:55:11 INFO dnd: armed ability fired (turn-based build) user=@sim:fighter-l3-goblin_warrens-52 ability="Second Wind"
2026/05/17 13:55:11 INFO dnd: armed ability fired (turn-based build) user=@sim:fighter-l3-goblin_warrens-52 ability="Second Wind"
2026/05/17 13:55:11 INFO database initialized path=/tmp/expedition-sim-2517754906/gogobee.db
2026/05/17 13:55:12 INFO dnd: armed ability fired (turn-based build) user=@sim:fighter-l7-goblin_warrens-54 ability="Second Wind"
2026/05/17 13:55:12 INFO dnd: armed ability fired (turn-based build) user=@sim:fighter-l7-goblin_warrens-54 ability="Second Wind"
2026/05/17 13:55:12 INFO dnd: armed ability fired (turn-based build) user=@sim:fighter-l7-goblin_warrens-54 ability="Second Wind"
2026/05/17 13:55:12 INFO database initialized path=/tmp/expedition-sim-3135337435/gogobee.db
2026/05/17 13:55:12 INFO dnd: armed ability fired (turn-based build) user=@sim:fighter-l7-underdark-41 ability="Second Wind"
2026/05/17 13:55:12 INFO dnd: armed ability fired (turn-based build) user=@sim:fighter-l7-underdark-41 ability="Second Wind"
2026/05/17 13:55:12 INFO database initialized path=/tmp/expedition-sim-277412083/gogobee.db
2026/05/17 13:55:12 INFO dnd: armed ability fired (turn-based build) user=@sim:fighter-l7-underdark-41 ability="Second Wind"
2026/05/17 13:55:12 INFO database initialized path=/tmp/expedition-sim-1492834662/gogobee.db
2026/05/17 13:55:12 INFO database initialized path=/tmp/expedition-sim-1443269715/gogobee.db
2026/05/17 13:55:12 INFO database initialized path=/tmp/expedition-sim-3897025025/gogobee.db
2026/05/17 13:55:12 INFO dnd: armed ability fired (turn-based build) user=@sim:fighter-l12-forest_shadows-41 ability="Second Wind"
2026/05/17 13:55:12 INFO dnd: armed ability fired (turn-based build) user=@sim:fighter-l12-forest_shadows-41 ability="Second Wind"
2026/05/17 13:55:12 INFO dnd: armed ability fired (turn-based build) user=@sim:fighter-l12-forest_shadows-41 ability="Second Wind"
2026/05/17 13:55:12 INFO dnd: armed ability fired (turn-based build) user=@sim:fighter-l12-underdark-49 ability="Second Wind"
2026/05/17 13:55:12 INFO database initialized path=/tmp/expedition-sim-4264342100/gogobee.db
2026/05/17 13:55:12 INFO dnd: armed ability fired (turn-based build) user=@sim:fighter-l7-forest_shadows-47 ability="Second Wind"
2026/05/17 13:55:12 INFO dnd: armed ability fired (turn-based build) user=@sim:fighter-l12-underdark-49 ability="Second Wind"
2026/05/17 13:55:12 INFO database initialized path=/tmp/expedition-sim-487900113/gogobee.db
2026/05/17 13:55:12 INFO dnd: armed ability fired (turn-based build) user=@sim:fighter-l7-forest_shadows-47 ability="Second Wind"
2026/05/17 13:55:12 INFO dnd: armed ability fired (turn-based build) user=@sim:fighter-l3-forest_shadows-46 ability="Second Wind"
2026/05/17 13:55:12 INFO dnd: armed ability fired (turn-based build) user=@sim:fighter-l7-manor_blackspire-57 ability="Second Wind"
2026/05/17 13:55:12 INFO database initialized path=/tmp/expedition-sim-2908944181/gogobee.db
2026/05/17 13:55:12 INFO dnd: armed ability fired (turn-based build) user=@sim:fighter-l7-manor_blackspire-57 ability="Second Wind"
2026/05/17 13:55:12 INFO dnd: armed ability fired (turn-based build) user=@sim:fighter-l12-underdark-49 ability="Second Wind"
2026/05/17 13:55:12 INFO dnd: armed ability fired (turn-based build) user=@sim:fighter-l7-manor_blackspire-57 ability="Second Wind"
2026/05/17 13:55:12 INFO dnd: armed ability fired (turn-based build) user=@sim:fighter-l12-goblin_warrens-56 ability="Second Wind"
2026/05/17 13:55:12 INFO dnd: armed ability fired (turn-based build) user=@sim:fighter-l7-forest_shadows-47 ability="Second Wind"
2026/05/17 13:55:12 INFO dnd: armed ability fired (turn-based build) user=@sim:fighter-l3-forest_shadows-46 ability="Second Wind"
2026/05/17 13:55:12 INFO dnd: armed ability fired (turn-based build) user=@sim:fighter-l12-goblin_warrens-56 ability="Second Wind"
2026/05/17 13:55:12 INFO dnd: armed ability fired (turn-based build) user=@sim:fighter-l12-goblin_warrens-56 ability="Second Wind"
2026/05/17 13:55:12 INFO dnd: armed ability fired (turn-based build) user=@sim:fighter-l3-forest_shadows-46 ability="Second Wind"
2026/05/17 13:55:12 INFO database initialized path=/tmp/expedition-sim-2755878953/gogobee.db
2026/05/17 13:55:12 INFO database initialized path=/tmp/expedition-sim-1966714158/gogobee.db
2026/05/17 13:55:12 INFO dnd: armed ability fired (turn-based build) user=@sim:fighter-l12-manor_blackspire-48 ability="Second Wind"
2026/05/17 13:55:12 INFO database initialized path=/tmp/expedition-sim-1926696971/gogobee.db
2026/05/17 13:55:12 INFO database initialized path=/tmp/expedition-sim-2989045684/gogobee.db
2026/05/17 13:55:12 INFO dnd: armed ability fired (turn-based build) user=@sim:fighter-l3-goblin_warrens-53 ability="Second Wind"
2026/05/17 13:55:12 INFO dnd: armed ability fired (turn-based build) user=@sim:fighter-l12-manor_blackspire-48 ability="Second Wind"
2026/05/17 13:55:12 INFO dnd: armed ability fired (turn-based build) user=@sim:fighter-l3-manor_blackspire-62 ability="Second Wind"
2026/05/17 13:55:12 INFO dnd: armed ability fired (turn-based build) user=@sim:fighter-l3-goblin_warrens-53 ability="Second Wind"
2026/05/17 13:55:12 INFO dnd: armed ability fired (turn-based build) user=@sim:fighter-l3-goblin_warrens-53 ability="Second Wind"
2026/05/17 13:55:12 INFO dnd: armed ability fired (turn-based build) user=@sim:fighter-l12-manor_blackspire-48 ability="Second Wind"
2026/05/17 13:55:12 INFO dnd: armed ability fired (turn-based build) user=@sim:fighter-l3-manor_blackspire-62 ability="Second Wind"
2026/05/17 13:55:12 INFO dnd: armed ability fired (turn-based build) user=@sim:fighter-l3-manor_blackspire-62 ability="Second Wind"
2026/05/17 13:55:12 INFO database initialized path=/tmp/expedition-sim-4292314812/gogobee.db
2026/05/17 13:55:12 INFO dnd: armed ability fired (turn-based build) user=@sim:fighter-l7-goblin_warrens-55 ability="Second Wind"
2026/05/17 13:55:12 INFO dnd: armed ability fired (turn-based build) user=@sim:fighter-l7-goblin_warrens-55 ability="Second Wind"
2026/05/17 13:55:12 INFO dnd: armed ability fired (turn-based build) user=@sim:fighter-l7-goblin_warrens-55 ability="Second Wind"
2026/05/17 13:55:12 INFO database initialized path=/tmp/expedition-sim-1182905185/gogobee.db
2026/05/17 13:55:12 INFO dnd: armed ability fired (turn-based build) user=@sim:fighter-l7-dragons_lair-56 ability="Second Wind"
2026/05/17 13:55:12 INFO dnd: armed ability fired (turn-based build) user=@sim:fighter-l7-dragons_lair-56 ability="Second Wind"
2026/05/17 13:55:12 INFO dnd: armed ability fired (turn-based build) user=@sim:fighter-l7-dragons_lair-56 ability="Second Wind"
2026/05/17 13:55:12 INFO database initialized path=/tmp/expedition-sim-1636404718/gogobee.db
2026/05/17 13:55:12 INFO database initialized path=/tmp/expedition-sim-2383624839/gogobee.db
2026/05/17 13:55:12 INFO database initialized path=/tmp/expedition-sim-352564772/gogobee.db
2026/05/17 13:55:12 INFO dnd: armed ability fired (turn-based build) user=@sim:fighter-l7-manor_blackspire-58 ability="Second Wind"
2026/05/17 13:55:12 INFO dnd: armed ability fired (turn-based build) user=@sim:fighter-l7-underdark-42 ability="Second Wind"
2026/05/17 13:55:12 INFO dnd: armed ability fired (turn-based build) user=@sim:fighter-l7-manor_blackspire-58 ability="Second Wind"
2026/05/17 13:55:12 INFO dnd: armed ability fired (turn-based build) user=@sim:fighter-l7-manor_blackspire-58 ability="Second Wind"
2026/05/17 13:55:12 INFO dnd: armed ability fired (turn-based build) user=@sim:fighter-l7-underdark-42 ability="Second Wind"
2026/05/17 13:55:12 INFO database initialized path=/tmp/expedition-sim-3524966111/gogobee.db
2026/05/17 13:55:12 INFO dnd: armed ability fired (turn-based build) user=@sim:fighter-l7-underdark-42 ability="Second Wind"
2026/05/17 13:55:12 INFO database initialized path=/tmp/expedition-sim-809091908/gogobee.db
2026/05/17 13:55:12 INFO dnd: armed ability fired (turn-based build) user=@sim:fighter-l12-forest_shadows-42 ability="Second Wind"
2026/05/17 13:55:12 INFO dnd: armed ability fired (turn-based build) user=@sim:fighter-l12-forest_shadows-42 ability="Second Wind"
2026/05/17 13:55:12 INFO dnd: armed ability fired (turn-based build) user=@sim:fighter-l12-forest_shadows-42 ability="Second Wind"
2026/05/17 13:55:12 INFO database initialized path=/tmp/expedition-sim-3252269661/gogobee.db
2026/05/17 13:55:12 INFO dnd: armed ability fired (turn-based build) user=@sim:fighter-l12-underdark-50 ability="Second Wind"
2026/05/17 13:55:12 INFO dnd: armed ability fired (turn-based build) user=@sim:fighter-l12-underdark-50 ability="Second Wind"
2026/05/17 13:55:12 INFO dnd: armed ability fired (turn-based build) user=@sim:fighter-l12-underdark-50 ability="Second Wind"
2026/05/17 13:55:12 INFO database initialized path=/tmp/expedition-sim-349258460/gogobee.db
2026/05/17 13:55:12 INFO database initialized path=/tmp/expedition-sim-1401762301/gogobee.db
2026/05/17 13:55:12 INFO database initialized path=/tmp/expedition-sim-1908076655/gogobee.db
2026/05/17 13:55:12 INFO dnd: armed ability fired (turn-based build) user=@sim:fighter-l12-goblin_warrens-57 ability="Second Wind"
2026/05/17 13:55:12 INFO dnd: armed ability fired (turn-based build) user=@sim:fighter-l3-forest_shadows-47 ability="Second Wind"
2026/05/17 13:55:12 INFO dnd: armed ability fired (turn-based build) user=@sim:fighter-l7-forest_shadows-48 ability="Second Wind"
2026/05/17 13:55:12 INFO dnd: armed ability fired (turn-based build) user=@sim:fighter-l12-goblin_warrens-57 ability="Second Wind"
2026/05/17 13:55:12 INFO dnd: armed ability fired (turn-based build) user=@sim:fighter-l7-forest_shadows-48 ability="Second Wind"
2026/05/17 13:55:12 INFO dnd: armed ability fired (turn-based build) user=@sim:fighter-l12-goblin_warrens-57 ability="Second Wind"
2026/05/17 13:55:12 INFO dnd: armed ability fired (turn-based build) user=@sim:fighter-l3-forest_shadows-47 ability="Second Wind"
2026/05/17 13:55:12 INFO dnd: armed ability fired (turn-based build) user=@sim:fighter-l7-forest_shadows-48 ability="Second Wind"
2026/05/17 13:55:12 INFO dnd: armed ability fired (turn-based build) user=@sim:fighter-l3-forest_shadows-47 ability="Second Wind"
2026/05/17 13:55:12 INFO database initialized path=/tmp/expedition-sim-1344759000/gogobee.db
2026/05/17 13:55:12 INFO dnd: armed ability fired (turn-based build) user=@sim:fighter-l3-goblin_warrens-54 ability="Second Wind"
2026/05/17 13:55:13 INFO dnd: armed ability fired (turn-based build) user=@sim:fighter-l3-goblin_warrens-54 ability="Second Wind"
2026/05/17 13:55:13 INFO dnd: armed ability fired (turn-based build) user=@sim:fighter-l3-goblin_warrens-54 ability="Second Wind"
2026/05/17 13:55:13 INFO database initialized path=/tmp/expedition-sim-1722982533/gogobee.db
2026/05/17 13:55:13 INFO database initialized path=/tmp/expedition-sim-2478055988/gogobee.db
2026/05/17 13:55:13 INFO dnd: armed ability fired (turn-based build) user=@sim:fighter-l3-manor_blackspire-63 ability="Second Wind"
2026/05/17 13:55:13 INFO dnd: armed ability fired (turn-based build) user=@sim:fighter-l3-manor_blackspire-63 ability="Second Wind"
2026/05/17 13:55:13 INFO dnd: armed ability fired (turn-based build) user=@sim:fighter-l3-manor_blackspire-63 ability="Second Wind"
2026/05/17 13:55:13 INFO database initialized path=/tmp/expedition-sim-115368596/gogobee.db
2026/05/17 13:55:13 INFO database initialized path=/tmp/expedition-sim-1811465940/gogobee.db
2026/05/17 13:55:13 INFO dnd: armed ability fired (turn-based build) user=@sim:fighter-l12-manor_blackspire-49 ability="Second Wind"
2026/05/17 13:55:13 INFO dnd: armed ability fired (turn-based build) user=@sim:fighter-l12-manor_blackspire-49 ability="Second Wind"
2026/05/17 13:55:13 INFO database initialized path=/tmp/expedition-sim-2276425144/gogobee.db
2026/05/17 13:55:13 INFO dnd: armed ability fired (turn-based build) user=@sim:fighter-l12-manor_blackspire-49 ability="Second Wind"
2026/05/17 13:55:13 INFO dnd: armed ability fired (turn-based build) user=@sim:fighter-l7-dragons_lair-57 ability="Second Wind"
2026/05/17 13:55:13 INFO dnd: armed ability fired (turn-based build) user=@sim:fighter-l7-dragons_lair-57 ability="Second Wind"
2026/05/17 13:55:13 INFO dnd: armed ability fired (turn-based build) user=@sim:fighter-l7-dragons_lair-57 ability="Second Wind"
2026/05/17 13:55:13 INFO database initialized path=/tmp/expedition-sim-3502689210/gogobee.db
2026/05/17 13:55:13 INFO dnd: armed ability fired (turn-based build) user=@sim:fighter-l7-goblin_warrens-56 ability="Second Wind"
2026/05/17 13:55:13 INFO database initialized path=/tmp/expedition-sim-606376854/gogobee.db
2026/05/17 13:55:13 INFO dnd: armed ability fired (turn-based build) user=@sim:fighter-l7-underdark-43 ability="Second Wind"
2026/05/17 13:55:13 INFO dnd: armed ability fired (turn-based build) user=@sim:fighter-l7-goblin_warrens-56 ability="Second Wind"
2026/05/17 13:55:13 INFO dnd: armed ability fired (turn-based build) user=@sim:fighter-l7-underdark-43 ability="Second Wind"
2026/05/17 13:55:13 INFO dnd: armed ability fired (turn-based build) user=@sim:fighter-l7-underdark-43 ability="Second Wind"
2026/05/17 13:55:13 INFO dnd: armed ability fired (turn-based build) user=@sim:fighter-l7-goblin_warrens-56 ability="Second Wind"
2026/05/17 13:55:13 INFO database initialized path=/tmp/expedition-sim-2138347106/gogobee.db
2026/05/17 13:55:13 INFO database initialized path=/tmp/expedition-sim-3255308586/gogobee.db
2026/05/17 13:55:13 INFO dnd: armed ability fired (turn-based build) user=@sim:fighter-l7-manor_blackspire-59 ability="Second Wind"
2026/05/17 13:55:13 INFO dnd: armed ability fired (turn-based build) user=@sim:fighter-l12-underdark-51 ability="Second Wind"
2026/05/17 13:55:13 INFO dnd: armed ability fired (turn-based build) user=@sim:fighter-l7-manor_blackspire-59 ability="Second Wind"
2026/05/17 13:55:13 INFO dnd: armed ability fired (turn-based build) user=@sim:fighter-l7-manor_blackspire-59 ability="Second Wind"
2026/05/17 13:55:13 INFO dnd: armed ability fired (turn-based build) user=@sim:fighter-l12-underdark-51 ability="Second Wind"
2026/05/17 13:55:13 INFO dnd: armed ability fired (turn-based build) user=@sim:fighter-l12-underdark-51 ability="Second Wind"
2026/05/17 13:55:13 INFO database initialized path=/tmp/expedition-sim-2888518929/gogobee.db
2026/05/17 13:55:13 INFO database initialized path=/tmp/expedition-sim-3862482163/gogobee.db
2026/05/17 13:55:13 INFO dnd: armed ability fired (turn-based build) user=@sim:fighter-l12-forest_shadows-43 ability="Second Wind"
2026/05/17 13:55:13 INFO dnd: armed ability fired (turn-based build) user=@sim:fighter-l12-forest_shadows-43 ability="Second Wind"
2026/05/17 13:55:13 INFO dnd: armed ability fired (turn-based build) user=@sim:fighter-l12-forest_shadows-43 ability="Second Wind"
2026/05/17 13:55:13 INFO database initialized path=/tmp/expedition-sim-3418001471/gogobee.db
2026/05/17 13:55:13 INFO database initialized path=/tmp/expedition-sim-414666370/gogobee.db
2026/05/17 13:55:13 INFO database initialized path=/tmp/expedition-sim-1186720295/gogobee.db
2026/05/17 13:55:13 INFO database initialized path=/tmp/expedition-sim-3405255720/gogobee.db
2026/05/17 13:55:13 INFO dnd: armed ability fired (turn-based build) user=@sim:fighter-l3-forest_shadows-48 ability="Second Wind"
2026/05/17 13:55:13 INFO dnd: armed ability fired (turn-based build) user=@sim:fighter-l3-manor_blackspire-64 ability="Second Wind"
2026/05/17 13:55:13 INFO dnd: armed ability fired (turn-based build) user=@sim:fighter-l3-forest_shadows-48 ability="Second Wind"
2026/05/17 13:55:13 INFO dnd: armed ability fired (turn-based build) user=@sim:fighter-l3-goblin_warrens-55 ability="Second Wind"
2026/05/17 13:55:13 INFO dnd: armed ability fired (turn-based build) user=@sim:fighter-l3-manor_blackspire-64 ability="Second Wind"
2026/05/17 13:55:13 INFO dnd: armed ability fired (turn-based build) user=@sim:fighter-l3-goblin_warrens-55 ability="Second Wind"
2026/05/17 13:55:13 INFO dnd: armed ability fired (turn-based build) user=@sim:fighter-l3-forest_shadows-48 ability="Second Wind"
2026/05/17 13:55:13 INFO dnd: armed ability fired (turn-based build) user=@sim:fighter-l3-manor_blackspire-64 ability="Second Wind"
2026/05/17 13:55:13 INFO dnd: armed ability fired (turn-based build) user=@sim:fighter-l3-goblin_warrens-55 ability="Second Wind"
2026/05/17 13:55:13 INFO database initialized path=/tmp/expedition-sim-2683605679/gogobee.db
2026/05/17 13:55:13 INFO database initialized path=/tmp/expedition-sim-3229695563/gogobee.db
2026/05/17 13:55:13 INFO dnd: armed ability fired (turn-based build) user=@sim:fighter-l12-goblin_warrens-58 ability="Second Wind"
2026/05/17 13:55:13 INFO dnd: armed ability fired (turn-based build) user=@sim:fighter-l7-forest_shadows-49 ability="Second Wind"
2026/05/17 13:55:13 INFO dnd: armed ability fired (turn-based build) user=@sim:fighter-l12-goblin_warrens-58 ability="Second Wind"
2026/05/17 13:55:13 INFO dnd: armed ability fired (turn-based build) user=@sim:fighter-l7-forest_shadows-49 ability="Second Wind"
2026/05/17 13:55:13 INFO dnd: armed ability fired (turn-based build) user=@sim:fighter-l12-goblin_warrens-58 ability="Second Wind"
2026/05/17 13:55:13 INFO dnd: armed ability fired (turn-based build) user=@sim:fighter-l7-forest_shadows-49 ability="Second Wind"
2026/05/17 13:55:13 INFO database initialized path=/tmp/expedition-sim-3019114114/gogobee.db
2026/05/17 13:55:13 INFO dnd: armed ability fired (turn-based build) user=@sim:fighter-l7-dragons_lair-58 ability="Second Wind"
2026/05/17 13:55:13 INFO dnd: armed ability fired (turn-based build) user=@sim:fighter-l7-dragons_lair-58 ability="Second Wind"
2026/05/17 13:55:13 INFO dnd: armed ability fired (turn-based build) user=@sim:fighter-l7-dragons_lair-58 ability="Second Wind"
2026/05/17 13:55:13 INFO database initialized path=/tmp/expedition-sim-3363256645/gogobee.db
2026/05/17 13:55:13 INFO dnd: armed ability fired (turn-based build) user=@sim:fighter-l7-goblin_warrens-57 ability="Second Wind"
2026/05/17 13:55:13 INFO dnd: armed ability fired (turn-based build) user=@sim:fighter-l7-goblin_warrens-57 ability="Second Wind"
2026/05/17 13:55:13 INFO database initialized path=/tmp/expedition-sim-1129119785/gogobee.db
2026/05/17 13:55:13 INFO dnd: armed ability fired (turn-based build) user=@sim:fighter-l7-goblin_warrens-57 ability="Second Wind"
2026/05/17 13:55:13 INFO database initialized path=/tmp/expedition-sim-196261669/gogobee.db
2026/05/17 13:55:13 INFO database initialized path=/tmp/expedition-sim-1816150888/gogobee.db
2026/05/17 13:55:13 INFO dnd: armed ability fired (turn-based build) user=@sim:fighter-l12-manor_blackspire-50 ability="Second Wind"
2026/05/17 13:55:13 INFO dnd: armed ability fired (turn-based build) user=@sim:fighter-l7-underdark-44 ability="Second Wind"
2026/05/17 13:55:13 INFO dnd: armed ability fired (turn-based build) user=@sim:fighter-l12-manor_blackspire-50 ability="Second Wind"
2026/05/17 13:55:13 INFO dnd: armed ability fired (turn-based build) user=@sim:fighter-l7-underdark-44 ability="Second Wind"
2026/05/17 13:55:13 INFO dnd: armed ability fired (turn-based build) user=@sim:fighter-l12-manor_blackspire-50 ability="Second Wind"
2026/05/17 13:55:13 INFO dnd: armed ability fired (turn-based build) user=@sim:fighter-l7-underdark-44 ability="Second Wind"
2026/05/17 13:55:13 INFO database initialized path=/tmp/expedition-sim-3157476464/gogobee.db
2026/05/17 13:55:13 INFO database initialized path=/tmp/expedition-sim-3486162889/gogobee.db
2026/05/17 13:55:13 INFO dnd: armed ability fired (turn-based build) user=@sim:fighter-l3-forest_shadows-49 ability="Second Wind"
2026/05/17 13:55:13 INFO database initialized path=/tmp/expedition-sim-1724133995/gogobee.db
2026/05/17 13:55:13 INFO dnd: armed ability fired (turn-based build) user=@sim:fighter-l3-forest_shadows-49 ability="Second Wind"
2026/05/17 13:55:13 INFO database initialized path=/tmp/expedition-sim-2074473991/gogobee.db
2026/05/17 13:55:13 INFO dnd: armed ability fired (turn-based build) user=@sim:fighter-l7-manor_blackspire-60 ability="Second Wind"
2026/05/17 13:55:13 INFO dnd: armed ability fired (turn-based build) user=@sim:fighter-l12-underdark-52 ability="Second Wind"
2026/05/17 13:55:13 INFO dnd: armed ability fired (turn-based build) user=@sim:fighter-l3-forest_shadows-49 ability="Second Wind"
2026/05/17 13:55:13 INFO dnd: armed ability fired (turn-based build) user=@sim:fighter-l12-underdark-52 ability="Second Wind"
2026/05/17 13:55:13 INFO dnd: armed ability fired (turn-based build) user=@sim:fighter-l7-manor_blackspire-60 ability="Second Wind"
2026/05/17 13:55:13 INFO dnd: armed ability fired (turn-based build) user=@sim:fighter-l12-underdark-52 ability="Second Wind"
2026/05/17 13:55:13 INFO dnd: armed ability fired (turn-based build) user=@sim:fighter-l7-manor_blackspire-60 ability="Second Wind"
2026/05/17 13:55:13 INFO database initialized path=/tmp/expedition-sim-3053982380/gogobee.db
2026/05/17 13:55:13 INFO dnd: armed ability fired (turn-based build) user=@sim:fighter-l3-goblin_warrens-56 ability="Second Wind"
2026/05/17 13:55:13 INFO dnd: armed ability fired (turn-based build) user=@sim:fighter-l3-goblin_warrens-56 ability="Second Wind"
2026/05/17 13:55:13 INFO dnd: armed ability fired (turn-based build) user=@sim:fighter-l3-goblin_warrens-56 ability="Second Wind"
2026/05/17 13:55:13 INFO database initialized path=/tmp/expedition-sim-630156719/gogobee.db
2026/05/17 13:55:13 INFO dnd: armed ability fired (turn-based build) user=@sim:fighter-l7-forest_shadows-50 ability="Second Wind"
2026/05/17 13:55:13 INFO dnd: armed ability fired (turn-based build) user=@sim:fighter-l7-forest_shadows-50 ability="Second Wind"
2026/05/17 13:55:13 INFO dnd: armed ability fired (turn-based build) user=@sim:fighter-l7-forest_shadows-50 ability="Second Wind"
2026/05/17 13:55:14 INFO database initialized path=/tmp/expedition-sim-3387541812/gogobee.db
2026/05/17 13:55:14 INFO database initialized path=/tmp/expedition-sim-795696899/gogobee.db
2026/05/17 13:55:14 INFO dnd: armed ability fired (turn-based build) user=@sim:fighter-l7-dragons_lair-59 ability="Second Wind"
2026/05/17 13:55:14 INFO dnd: armed ability fired (turn-based build) user=@sim:fighter-l7-dragons_lair-59 ability="Second Wind"
2026/05/17 13:55:14 INFO dnd: armed ability fired (turn-based build) user=@sim:fighter-l7-dragons_lair-59 ability="Second Wind"
2026/05/17 13:55:14 INFO database initialized path=/tmp/expedition-sim-2687537879/gogobee.db
2026/05/17 13:55:14 INFO dnd: armed ability fired (turn-based build) user=@sim:fighter-l7-goblin_warrens-58 ability="Second Wind"
2026/05/17 13:55:14 INFO database initialized path=/tmp/expedition-sim-491895347/gogobee.db
2026/05/17 13:55:14 INFO dnd: armed ability fired (turn-based build) user=@sim:fighter-l7-goblin_warrens-58 ability="Second Wind"
2026/05/17 13:55:14 INFO dnd: armed ability fired (turn-based build) user=@sim:fighter-l7-goblin_warrens-58 ability="Second Wind"
2026/05/17 13:55:14 INFO dnd: armed ability fired (turn-based build) user=@sim:fighter-l3-manor_blackspire-65 ability="Second Wind"
2026/05/17 13:55:14 INFO dnd: armed ability fired (turn-based build) user=@sim:fighter-l3-manor_blackspire-65 ability="Second Wind"
2026/05/17 13:55:14 INFO dnd: armed ability fired (turn-based build) user=@sim:fighter-l3-manor_blackspire-65 ability="Second Wind"
2026/05/17 13:55:14 INFO database initialized path=/tmp/expedition-sim-813582048/gogobee.db
2026/05/17 13:55:14 INFO dnd: armed ability fired (turn-based build) user=@sim:fighter-l12-goblin_warrens-59 ability="Second Wind"
2026/05/17 13:55:14 INFO database initialized path=/tmp/expedition-sim-1787851839/gogobee.db
2026/05/17 13:55:14 INFO database initialized path=/tmp/expedition-sim-4141532885/gogobee.db
2026/05/17 13:55:14 INFO dnd: armed ability fired (turn-based build) user=@sim:fighter-l12-goblin_warrens-59 ability="Second Wind"
2026/05/17 13:55:14 INFO database initialized path=/tmp/expedition-sim-1151418443/gogobee.db
2026/05/17 13:55:14 INFO dnd: armed ability fired (turn-based build) user=@sim:fighter-l12-goblin_warrens-59 ability="Second Wind"
2026/05/17 13:55:14 INFO dnd: armed ability fired (turn-based build) user=@sim:fighter-l12-forest_shadows-44 ability="Second Wind"
2026/05/17 13:55:14 INFO dnd: armed ability fired (turn-based build) user=@sim:fighter-l7-underdark-45 ability="Second Wind"
2026/05/17 13:55:14 INFO dnd: armed ability fired (turn-based build) user=@sim:fighter-l7-underdark-45 ability="Second Wind"
2026/05/17 13:55:14 INFO dnd: armed ability fired (turn-based build) user=@sim:fighter-l12-forest_shadows-44 ability="Second Wind"
2026/05/17 13:55:14 INFO dnd: armed ability fired (turn-based build) user=@sim:fighter-l7-underdark-45 ability="Second Wind"
2026/05/17 13:55:14 INFO dnd: armed ability fired (turn-based build) user=@sim:fighter-l12-forest_shadows-44 ability="Second Wind"
2026/05/17 13:55:14 INFO database initialized path=/tmp/expedition-sim-3285724629/gogobee.db
2026/05/17 13:55:14 INFO database initialized path=/tmp/expedition-sim-1916953910/gogobee.db
2026/05/17 13:55:14 INFO dnd: armed ability fired (turn-based build) user=@sim:fighter-l12-manor_blackspire-51 ability="Second Wind"
2026/05/17 13:55:14 INFO dnd: armed ability fired (turn-based build) user=@sim:fighter-l12-manor_blackspire-51 ability="Second Wind"
2026/05/17 13:55:14 INFO dnd: armed ability fired (turn-based build) user=@sim:fighter-l3-forest_shadows-50 ability="Second Wind"
2026/05/17 13:55:14 INFO dnd: armed ability fired (turn-based build) user=@sim:fighter-l12-manor_blackspire-51 ability="Second Wind"
2026/05/17 13:55:14 INFO dnd: armed ability fired (turn-based build) user=@sim:fighter-l3-forest_shadows-50 ability="Second Wind"
2026/05/17 13:55:14 INFO dnd: armed ability fired (turn-based build) user=@sim:fighter-l3-forest_shadows-50 ability="Second Wind"
2026/05/17 13:55:14 INFO database initialized path=/tmp/expedition-sim-3334463849/gogobee.db
2026/05/17 13:55:14 INFO dnd: armed ability fired (turn-based build) user=@sim:fighter-l12-underdark-53 ability="Second Wind"
2026/05/17 13:55:14 INFO dnd: armed ability fired (turn-based build) user=@sim:fighter-l12-underdark-53 ability="Second Wind"
2026/05/17 13:55:14 INFO database initialized path=/tmp/expedition-sim-1037244735/gogobee.db
2026/05/17 13:55:14 INFO dnd: armed ability fired (turn-based build) user=@sim:fighter-l12-underdark-53 ability="Second Wind"
2026/05/17 13:55:14 INFO dnd: armed ability fired (turn-based build) user=@sim:fighter-l7-manor_blackspire-61 ability="Second Wind"
2026/05/17 13:55:14 INFO dnd: armed ability fired (turn-based build) user=@sim:fighter-l7-manor_blackspire-61 ability="Second Wind"
2026/05/17 13:55:14 INFO dnd: armed ability fired (turn-based build) user=@sim:fighter-l7-manor_blackspire-61 ability="Second Wind"
2026/05/17 13:55:14 INFO database initialized path=/tmp/expedition-sim-1151199860/gogobee.db
2026/05/17 13:55:14 INFO dnd: armed ability fired (turn-based build) user=@sim:fighter-l3-goblin_warrens-57 ability="Second Wind"
2026/05/17 13:55:14 INFO dnd: armed ability fired (turn-based build) user=@sim:fighter-l3-goblin_warrens-57 ability="Second Wind"
2026/05/17 13:55:14 INFO dnd: armed ability fired (turn-based build) user=@sim:fighter-l3-goblin_warrens-57 ability="Second Wind"
2026/05/17 13:55:14 INFO database initialized path=/tmp/expedition-sim-1080373727/gogobee.db
2026/05/17 13:55:14 INFO database initialized path=/tmp/expedition-sim-1509182195/gogobee.db
2026/05/17 13:55:14 INFO dnd: armed ability fired (turn-based build) user=@sim:fighter-l7-dragons_lair-60 ability="Second Wind"
2026/05/17 13:55:14 INFO dnd: armed ability fired (turn-based build) user=@sim:fighter-l7-dragons_lair-60 ability="Second Wind"
2026/05/17 13:55:14 INFO dnd: armed ability fired (turn-based build) user=@sim:fighter-l7-dragons_lair-60 ability="Second Wind"
2026/05/17 13:55:14 INFO database initialized path=/tmp/expedition-sim-1487745370/gogobee.db
2026/05/17 13:55:14 INFO database initialized path=/tmp/expedition-sim-2138218849/gogobee.db
2026/05/17 13:55:14 INFO dnd: armed ability fired (turn-based build) user=@sim:fighter-l7-forest_shadows-51 ability="Second Wind"
2026/05/17 13:55:14 INFO dnd: armed ability fired (turn-based build) user=@sim:fighter-l7-goblin_warrens-59 ability="Second Wind"
2026/05/17 13:55:14 INFO dnd: armed ability fired (turn-based build) user=@sim:fighter-l7-forest_shadows-51 ability="Second Wind"
2026/05/17 13:55:14 INFO dnd: armed ability fired (turn-based build) user=@sim:fighter-l7-forest_shadows-51 ability="Second Wind"
2026/05/17 13:55:14 INFO dnd: armed ability fired (turn-based build) user=@sim:fighter-l7-goblin_warrens-59 ability="Second Wind"
2026/05/17 13:55:14 INFO database initialized path=/tmp/expedition-sim-2085018999/gogobee.db
2026/05/17 13:55:14 INFO dnd: armed ability fired (turn-based build) user=@sim:fighter-l7-goblin_warrens-59 ability="Second Wind"
2026/05/17 13:55:14 INFO database initialized path=/tmp/expedition-sim-3388070423/gogobee.db
2026/05/17 13:55:14 INFO dnd: armed ability fired (turn-based build) user=@sim:fighter-l7-underdark-46 ability="Second Wind"
2026/05/17 13:55:14 INFO dnd: armed ability fired (turn-based build) user=@sim:fighter-l7-underdark-46 ability="Second Wind"
2026/05/17 13:55:14 INFO dnd: armed ability fired (turn-based build) user=@sim:fighter-l7-underdark-46 ability="Second Wind"
2026/05/17 13:55:14 INFO database initialized path=/tmp/expedition-sim-1801394987/gogobee.db
2026/05/17 13:55:14 INFO dnd: armed ability fired (turn-based build) user=@sim:fighter-l12-goblin_warrens-60 ability="Second Wind"
2026/05/17 13:55:14 INFO dnd: armed ability fired (turn-based build) user=@sim:fighter-l12-goblin_warrens-60 ability="Second Wind"
2026/05/17 13:55:14 INFO dnd: armed ability fired (turn-based build) user=@sim:fighter-l12-goblin_warrens-60 ability="Second Wind"
2026/05/17 13:55:14 INFO database initialized path=/tmp/expedition-sim-2626842883/gogobee.db
2026/05/17 13:55:14 INFO dnd: armed ability fired (turn-based build) user=@sim:fighter-l3-forest_shadows-51 ability="Second Wind"
2026/05/17 13:55:14 INFO database initialized path=/tmp/expedition-sim-3440694618/gogobee.db
2026/05/17 13:55:14 INFO database initialized path=/tmp/expedition-sim-3697105527/gogobee.db
2026/05/17 13:55:14 INFO dnd: armed ability fired (turn-based build) user=@sim:fighter-l3-forest_shadows-51 ability="Second Wind"
2026/05/17 13:55:14 INFO dnd: armed ability fired (turn-based build) user=@sim:fighter-l3-manor_blackspire-66 ability="Second Wind"
2026/05/17 13:55:14 INFO dnd: armed ability fired (turn-based build) user=@sim:fighter-l12-manor_blackspire-52 ability="Second Wind"
2026/05/17 13:55:14 INFO dnd: armed ability fired (turn-based build) user=@sim:fighter-l12-manor_blackspire-52 ability="Second Wind"
2026/05/17 13:55:14 INFO dnd: armed ability fired (turn-based build) user=@sim:fighter-l3-manor_blackspire-66 ability="Second Wind"
2026/05/17 13:55:14 INFO database initialized path=/tmp/expedition-sim-4007834853/gogobee.db
2026/05/17 13:55:14 INFO dnd: armed ability fired (turn-based build) user=@sim:fighter-l12-manor_blackspire-52 ability="Second Wind"
2026/05/17 13:55:14 INFO dnd: armed ability fired (turn-based build) user=@sim:fighter-l3-forest_shadows-51 ability="Second Wind"
2026/05/17 13:55:14 INFO dnd: armed ability fired (turn-based build) user=@sim:fighter-l3-manor_blackspire-66 ability="Second Wind"
2026/05/17 13:55:14 WARN auto-heal cleanup: short on inventory user=@sim:fighter-l3-manor_blackspire-66 wanted=1 removed=0
2026/05/17 13:55:14 INFO database initialized path=/tmp/expedition-sim-214436516/gogobee.db
2026/05/17 13:55:14 INFO database initialized path=/tmp/expedition-sim-1656456141/gogobee.db
2026/05/17 13:55:14 INFO dnd: armed ability fired (turn-based build) user=@sim:fighter-l3-goblin_warrens-58 ability="Second Wind"
2026/05/17 13:55:14 INFO dnd: armed ability fired (turn-based build) user=@sim:fighter-l3-goblin_warrens-58 ability="Second Wind"
2026/05/17 13:55:14 INFO dnd: armed ability fired (turn-based build) user=@sim:fighter-l12-forest_shadows-45 ability="Second Wind"
2026/05/17 13:55:14 INFO dnd: armed ability fired (turn-based build) user=@sim:fighter-l3-goblin_warrens-58 ability="Second Wind"
2026/05/17 13:55:14 INFO database initialized path=/tmp/expedition-sim-993199008/gogobee.db
2026/05/17 13:55:14 INFO dnd: armed ability fired (turn-based build) user=@sim:fighter-l12-forest_shadows-45 ability="Second Wind"
2026/05/17 13:55:14 INFO dnd: armed ability fired (turn-based build) user=@sim:fighter-l12-forest_shadows-45 ability="Second Wind"
2026/05/17 13:55:14 INFO dnd: armed ability fired (turn-based build) user=@sim:fighter-l12-underdark-54 ability="Second Wind"
2026/05/17 13:55:14 INFO dnd: armed ability fired (turn-based build) user=@sim:fighter-l12-underdark-54 ability="Second Wind"
2026/05/17 13:55:14 INFO database initialized path=/tmp/expedition-sim-1955043691/gogobee.db
2026/05/17 13:55:14 INFO dnd: armed ability fired (turn-based build) user=@sim:fighter-l12-underdark-54 ability="Second Wind"
2026/05/17 13:55:14 INFO dnd: armed ability fired (turn-based build) user=@sim:fighter-l7-manor_blackspire-62 ability="Second Wind"
2026/05/17 13:55:14 INFO dnd: armed ability fired (turn-based build) user=@sim:fighter-l7-manor_blackspire-62 ability="Second Wind"
2026/05/17 13:55:14 INFO dnd: armed ability fired (turn-based build) user=@sim:fighter-l7-manor_blackspire-62 ability="Second Wind"
2026/05/17 13:55:14 INFO database initialized path=/tmp/expedition-sim-357922662/gogobee.db
2026/05/17 13:55:14 INFO database initialized path=/tmp/expedition-sim-2049481487/gogobee.db
2026/05/17 13:55:14 INFO dnd: armed ability fired (turn-based build) user=@sim:fighter-l7-goblin_warrens-60 ability="Second Wind"
2026/05/17 13:55:14 INFO dnd: armed ability fired (turn-based build) user=@sim:fighter-l7-goblin_warrens-60 ability="Second Wind"
2026/05/17 13:55:14 INFO dnd: armed ability fired (turn-based build) user=@sim:fighter-l7-goblin_warrens-60 ability="Second Wind"
2026/05/17 13:55:15 INFO database initialized path=/tmp/expedition-sim-2429492004/gogobee.db
2026/05/17 13:55:15 INFO database initialized path=/tmp/expedition-sim-3159455137/gogobee.db
2026/05/17 13:55:15 INFO dnd: armed ability fired (turn-based build) user=@sim:fighter-l7-dragons_lair-61 ability="Second Wind"
2026/05/17 13:55:15 INFO database initialized path=/tmp/expedition-sim-2969440730/gogobee.db
2026/05/17 13:55:15 INFO dnd: armed ability fired (turn-based build) user=@sim:fighter-l7-dragons_lair-61 ability="Second Wind"
2026/05/17 13:55:15 INFO dnd: armed ability fired (turn-based build) user=@sim:fighter-l7-forest_shadows-52 ability="Second Wind"
2026/05/17 13:55:15 INFO dnd: armed ability fired (turn-based build) user=@sim:fighter-l7-dragons_lair-61 ability="Second Wind"
2026/05/17 13:55:15 INFO dnd: armed ability fired (turn-based build) user=@sim:fighter-l7-forest_shadows-52 ability="Second Wind"
2026/05/17 13:55:15 INFO dnd: armed ability fired (turn-based build) user=@sim:fighter-l12-goblin_warrens-61 ability="Second Wind"
2026/05/17 13:55:15 INFO database initialized path=/tmp/expedition-sim-3694438342/gogobee.db
2026/05/17 13:55:15 INFO dnd: armed ability fired (turn-based build) user=@sim:fighter-l7-forest_shadows-52 ability="Second Wind"
2026/05/17 13:55:15 INFO dnd: armed ability fired (turn-based build) user=@sim:fighter-l12-goblin_warrens-61 ability="Second Wind"
2026/05/17 13:55:15 INFO dnd: armed ability fired (turn-based build) user=@sim:fighter-l12-goblin_warrens-61 ability="Second Wind"
2026/05/17 13:55:15 INFO database initialized path=/tmp/expedition-sim-4161256232/gogobee.db
2026/05/17 13:55:15 INFO dnd: armed ability fired (turn-based build) user=@sim:fighter-l7-underdark-47 ability="Second Wind"
2026/05/17 13:55:15 INFO dnd: armed ability fired (turn-based build) user=@sim:fighter-l7-underdark-47 ability="Second Wind"
2026/05/17 13:55:15 INFO dnd: armed ability fired (turn-based build) user=@sim:fighter-l7-underdark-47 ability="Second Wind"
2026/05/17 13:55:15 WARN auto-heal cleanup: short on inventory user=@sim:fighter-l7-underdark-47 wanted=1 removed=0
2026/05/17 13:55:15 INFO database initialized path=/tmp/expedition-sim-845384835/gogobee.db
2026/05/17 13:55:15 INFO database initialized path=/tmp/expedition-sim-1563545952/gogobee.db
2026/05/17 13:55:15 INFO dnd: armed ability fired (turn-based build) user=@sim:fighter-l3-manor_blackspire-67 ability="Second Wind"
2026/05/17 13:55:15 INFO dnd: armed ability fired (turn-based build) user=@sim:fighter-l3-manor_blackspire-67 ability="Second Wind"
2026/05/17 13:55:15 INFO database initialized path=/tmp/expedition-sim-1196547279/gogobee.db
2026/05/17 13:55:15 INFO dnd: armed ability fired (turn-based build) user=@sim:fighter-l3-manor_blackspire-67 ability="Second Wind"
2026/05/17 13:55:15 INFO database initialized path=/tmp/expedition-sim-2913098195/gogobee.db
2026/05/17 13:55:15 INFO dnd: armed ability fired (turn-based build) user=@sim:fighter-l3-forest_shadows-52 ability="Second Wind"
2026/05/17 13:55:15 INFO dnd: armed ability fired (turn-based build) user=@sim:fighter-l3-goblin_warrens-59 ability="Second Wind"
2026/05/17 13:55:15 INFO dnd: armed ability fired (turn-based build) user=@sim:fighter-l3-forest_shadows-52 ability="Second Wind"
2026/05/17 13:55:15 INFO dnd: armed ability fired (turn-based build) user=@sim:fighter-l3-goblin_warrens-59 ability="Second Wind"
2026/05/17 13:55:15 INFO dnd: armed ability fired (turn-based build) user=@sim:fighter-l3-forest_shadows-52 ability="Second Wind"
2026/05/17 13:55:15 INFO dnd: armed ability fired (turn-based build) user=@sim:fighter-l3-goblin_warrens-59 ability="Second Wind"
2026/05/17 13:55:15 INFO database initialized path=/tmp/expedition-sim-1350538969/gogobee.db
2026/05/17 13:55:15 INFO dnd: armed ability fired (turn-based build) user=@sim:fighter-l12-manor_blackspire-53 ability="Second Wind"
2026/05/17 13:55:15 INFO dnd: armed ability fired (turn-based build) user=@sim:fighter-l12-manor_blackspire-53 ability="Second Wind"
2026/05/17 13:55:15 INFO dnd: armed ability fired (turn-based build) user=@sim:fighter-l12-manor_blackspire-53 ability="Second Wind"
2026/05/17 13:55:15 INFO database initialized path=/tmp/expedition-sim-3614804629/gogobee.db
2026/05/17 13:55:15 INFO dnd: armed ability fired (turn-based build) user=@sim:fighter-l12-underdark-55 ability="Second Wind"
2026/05/17 13:55:15 INFO dnd: armed ability fired (turn-based build) user=@sim:fighter-l12-underdark-55 ability="Second Wind"
2026/05/17 13:55:15 INFO dnd: armed ability fired (turn-based build) user=@sim:fighter-l12-underdark-55 ability="Second Wind"
2026/05/17 13:55:15 INFO database initialized path=/tmp/expedition-sim-3520896888/gogobee.db
2026/05/17 13:55:15 INFO dnd: armed ability fired (turn-based build) user=@sim:fighter-l7-goblin_warrens-61 ability="Second Wind"
2026/05/17 13:55:15 INFO database initialized path=/tmp/expedition-sim-1486575300/gogobee.db
2026/05/17 13:55:15 INFO dnd: armed ability fired (turn-based build) user=@sim:fighter-l7-goblin_warrens-61 ability="Second Wind"
2026/05/17 13:55:15 INFO dnd: armed ability fired (turn-based build) user=@sim:fighter-l7-goblin_warrens-61 ability="Second Wind"
2026/05/17 13:55:15 INFO database initialized path=/tmp/expedition-sim-884150721/gogobee.db
2026/05/17 13:55:15 INFO database initialized path=/tmp/expedition-sim-3897281565/gogobee.db
2026/05/17 13:55:15 INFO dnd: armed ability fired (turn-based build) user=@sim:fighter-l7-manor_blackspire-63 ability="Second Wind"
2026/05/17 13:55:15 INFO dnd: armed ability fired (turn-based build) user=@sim:fighter-l12-forest_shadows-46 ability="Second Wind"
2026/05/17 13:55:15 INFO dnd: armed ability fired (turn-based build) user=@sim:fighter-l7-manor_blackspire-63 ability="Second Wind"
2026/05/17 13:55:15 INFO dnd: armed ability fired (turn-based build) user=@sim:fighter-l12-forest_shadows-46 ability="Second Wind"
2026/05/17 13:55:15 INFO dnd: armed ability fired (turn-based build) user=@sim:fighter-l7-manor_blackspire-63 ability="Second Wind"
2026/05/17 13:55:15 INFO dnd: armed ability fired (turn-based build) user=@sim:fighter-l12-forest_shadows-46 ability="Second Wind"
2026/05/17 13:55:15 INFO database initialized path=/tmp/expedition-sim-1935867998/gogobee.db
2026/05/17 13:55:15 INFO dnd: armed ability fired (turn-based build) user=@sim:fighter-l12-goblin_warrens-62 ability="Second Wind"
2026/05/17 13:55:15 INFO dnd: armed ability fired (turn-based build) user=@sim:fighter-l12-goblin_warrens-62 ability="Second Wind"
2026/05/17 13:55:15 INFO database initialized path=/tmp/expedition-sim-3661321347/gogobee.db
2026/05/17 13:55:15 INFO dnd: armed ability fired (turn-based build) user=@sim:fighter-l12-goblin_warrens-62 ability="Second Wind"
2026/05/17 13:55:15 INFO dnd: armed ability fired (turn-based build) user=@sim:fighter-l7-dragons_lair-62 ability="Second Wind"
2026/05/17 13:55:15 INFO dnd: armed ability fired (turn-based build) user=@sim:fighter-l7-dragons_lair-62 ability="Second Wind"
2026/05/17 13:55:15 INFO dnd: armed ability fired (turn-based build) user=@sim:fighter-l7-dragons_lair-62 ability="Second Wind"
2026/05/17 13:55:15 INFO database initialized path=/tmp/expedition-sim-2562735565/gogobee.db
2026/05/17 13:55:15 INFO database initialized path=/tmp/expedition-sim-3152934799/gogobee.db
2026/05/17 13:55:15 INFO database initialized path=/tmp/expedition-sim-2144309582/gogobee.db
2026/05/17 13:55:15 INFO dnd: armed ability fired (turn-based build) user=@sim:fighter-l7-underdark-48 ability="Second Wind"
2026/05/17 13:55:15 INFO dnd: armed ability fired (turn-based build) user=@sim:fighter-l3-forest_shadows-53 ability="Second Wind"
2026/05/17 13:55:15 INFO dnd: armed ability fired (turn-based build) user=@sim:fighter-l7-underdark-48 ability="Second Wind"
2026/05/17 13:55:15 INFO dnd: armed ability fired (turn-based build) user=@sim:fighter-l3-forest_shadows-53 ability="Second Wind"
2026/05/17 13:55:15 INFO dnd: armed ability fired (turn-based build) user=@sim:fighter-l7-underdark-48 ability="Second Wind"
2026/05/17 13:55:15 INFO dnd: armed ability fired (turn-based build) user=@sim:fighter-l3-forest_shadows-53 ability="Second Wind"
2026/05/17 13:55:15 INFO database initialized path=/tmp/expedition-sim-865888329/gogobee.db
2026/05/17 13:55:15 INFO dnd: armed ability fired (turn-based build) user=@sim:fighter-l3-manor_blackspire-68 ability="Second Wind"
2026/05/17 13:55:15 INFO dnd: armed ability fired (turn-based build) user=@sim:fighter-l3-manor_blackspire-68 ability="Second Wind"
2026/05/17 13:55:15 INFO dnd: armed ability fired (turn-based build) user=@sim:fighter-l3-manor_blackspire-68 ability="Second Wind"
2026/05/17 13:55:15 INFO database initialized path=/tmp/expedition-sim-3889395162/gogobee.db
2026/05/17 13:55:15 INFO database initialized path=/tmp/expedition-sim-2642125509/gogobee.db
2026/05/17 13:55:15 INFO dnd: armed ability fired (turn-based build) user=@sim:fighter-l3-goblin_warrens-60 ability="Second Wind"
2026/05/17 13:55:15 INFO dnd: armed ability fired (turn-based build) user=@sim:fighter-l3-goblin_warrens-60 ability="Second Wind"
2026/05/17 13:55:15 INFO database initialized path=/tmp/expedition-sim-1778138342/gogobee.db
2026/05/17 13:55:15 INFO dnd: armed ability fired (turn-based build) user=@sim:fighter-l3-goblin_warrens-60 ability="Second Wind"
2026/05/17 13:55:15 INFO database initialized path=/tmp/expedition-sim-2591279237/gogobee.db
2026/05/17 13:55:15 INFO database initialized path=/tmp/expedition-sim-1517692705/gogobee.db
2026/05/17 13:55:15 INFO dnd: armed ability fired (turn-based build) user=@sim:fighter-l7-forest_shadows-53 ability="Second Wind"
2026/05/17 13:55:15 INFO dnd: armed ability fired (turn-based build) user=@sim:fighter-l12-manor_blackspire-54 ability="Second Wind"
2026/05/17 13:55:15 INFO dnd: armed ability fired (turn-based build) user=@sim:fighter-l7-forest_shadows-53 ability="Second Wind"
2026/05/17 13:55:15 INFO dnd: armed ability fired (turn-based build) user=@sim:fighter-l12-underdark-56 ability="Second Wind"
2026/05/17 13:55:15 INFO database initialized path=/tmp/expedition-sim-3861106200/gogobee.db
2026/05/17 13:55:15 INFO dnd: armed ability fired (turn-based build) user=@sim:fighter-l12-underdark-56 ability="Second Wind"
2026/05/17 13:55:15 INFO dnd: armed ability fired (turn-based build) user=@sim:fighter-l12-manor_blackspire-54 ability="Second Wind"
2026/05/17 13:55:15 INFO dnd: armed ability fired (turn-based build) user=@sim:fighter-l12-underdark-56 ability="Second Wind"
2026/05/17 13:55:15 INFO dnd: armed ability fired (turn-based build) user=@sim:fighter-l7-goblin_warrens-62 ability="Second Wind"
2026/05/17 13:55:15 INFO dnd: armed ability fired (turn-based build) user=@sim:fighter-l7-forest_shadows-53 ability="Second Wind"
2026/05/17 13:55:15 INFO dnd: armed ability fired (turn-based build) user=@sim:fighter-l12-manor_blackspire-54 ability="Second Wind"
2026/05/17 13:55:15 INFO dnd: armed ability fired (turn-based build) user=@sim:fighter-l7-goblin_warrens-62 ability="Second Wind"
2026/05/17 13:55:15 INFO dnd: armed ability fired (turn-based build) user=@sim:fighter-l7-goblin_warrens-62 ability="Second Wind"
2026/05/17 13:55:15 INFO database initialized path=/tmp/expedition-sim-2964272882/gogobee.db
2026/05/17 13:55:15 INFO database initialized path=/tmp/expedition-sim-1419633797/gogobee.db
2026/05/17 13:55:15 INFO dnd: armed ability fired (turn-based build) user=@sim:fighter-l12-goblin_warrens-63 ability="Second Wind"
2026/05/17 13:55:15 INFO dnd: armed ability fired (turn-based build) user=@sim:fighter-l3-forest_shadows-54 ability="Second Wind"
2026/05/17 13:55:15 INFO dnd: armed ability fired (turn-based build) user=@sim:fighter-l12-goblin_warrens-63 ability="Second Wind"
2026/05/17 13:55:16 INFO database initialized path=/tmp/expedition-sim-1809361899/gogobee.db
2026/05/17 13:55:16 INFO dnd: armed ability fired (turn-based build) user=@sim:fighter-l3-forest_shadows-54 ability="Second Wind"
2026/05/17 13:55:16 INFO dnd: armed ability fired (turn-based build) user=@sim:fighter-l3-forest_shadows-54 ability="Second Wind"
2026/05/17 13:55:16 INFO dnd: armed ability fired (turn-based build) user=@sim:fighter-l12-goblin_warrens-63 ability="Second Wind"
2026/05/17 13:55:16 INFO database initialized path=/tmp/expedition-sim-1590687144/gogobee.db
2026/05/17 13:55:16 INFO dnd: armed ability fired (turn-based build) user=@sim:fighter-l7-manor_blackspire-64 ability="Second Wind"
2026/05/17 13:55:16 INFO dnd: armed ability fired (turn-based build) user=@sim:fighter-l7-manor_blackspire-64 ability="Second Wind"
2026/05/17 13:55:16 INFO database initialized path=/tmp/expedition-sim-3633788248/gogobee.db
2026/05/17 13:55:16 INFO dnd: armed ability fired (turn-based build) user=@sim:fighter-l7-manor_blackspire-64 ability="Second Wind"
2026/05/17 13:55:16 INFO dnd: armed ability fired (turn-based build) user=@sim:fighter-l7-dragons_lair-63 ability="Second Wind"
2026/05/17 13:55:16 INFO database initialized path=/tmp/expedition-sim-3366821256/gogobee.db
2026/05/17 13:55:16 INFO dnd: armed ability fired (turn-based build) user=@sim:fighter-l7-dragons_lair-63 ability="Second Wind"
2026/05/17 13:55:16 INFO dnd: armed ability fired (turn-based build) user=@sim:fighter-l7-dragons_lair-63 ability="Second Wind"
2026/05/17 13:55:16 INFO dnd: armed ability fired (turn-based build) user=@sim:fighter-l12-forest_shadows-47 ability="Second Wind"
2026/05/17 13:55:16 INFO database initialized path=/tmp/expedition-sim-1325685975/gogobee.db
2026/05/17 13:55:16 INFO dnd: armed ability fired (turn-based build) user=@sim:fighter-l12-forest_shadows-47 ability="Second Wind"
2026/05/17 13:55:16 INFO database initialized path=/tmp/expedition-sim-1696635021/gogobee.db
2026/05/17 13:55:16 INFO dnd: armed ability fired (turn-based build) user=@sim:fighter-l12-forest_shadows-47 ability="Second Wind"
2026/05/17 13:55:16 INFO dnd: armed ability fired (turn-based build) user=@sim:fighter-l3-manor_blackspire-69 ability="Second Wind"
2026/05/17 13:55:16 INFO dnd: armed ability fired (turn-based build) user=@sim:fighter-l3-manor_blackspire-69 ability="Second Wind"
2026/05/17 13:55:16 INFO dnd: armed ability fired (turn-based build) user=@sim:fighter-l3-manor_blackspire-69 ability="Second Wind"
2026/05/17 13:55:16 INFO database initialized path=/tmp/expedition-sim-921748737/gogobee.db
2026/05/17 13:55:16 INFO dnd: armed ability fired (turn-based build) user=@sim:fighter-l7-underdark-49 ability="Second Wind"
2026/05/17 13:55:16 INFO database initialized path=/tmp/expedition-sim-3874451132/gogobee.db
2026/05/17 13:55:16 INFO dnd: armed ability fired (turn-based build) user=@sim:fighter-l7-underdark-49 ability="Second Wind"
2026/05/17 13:55:16 INFO dnd: armed ability fired (turn-based build) user=@sim:fighter-l7-goblin_warrens-63 ability="Second Wind"
2026/05/17 13:55:16 INFO dnd: armed ability fired (turn-based build) user=@sim:fighter-l7-goblin_warrens-63 ability="Second Wind"
2026/05/17 13:55:16 INFO dnd: armed ability fired (turn-based build) user=@sim:fighter-l7-underdark-49 ability="Second Wind"
2026/05/17 13:55:16 INFO dnd: armed ability fired (turn-based build) user=@sim:fighter-l7-goblin_warrens-63 ability="Second Wind"
2026/05/17 13:55:16 INFO database initialized path=/tmp/expedition-sim-192393714/gogobee.db
2026/05/17 13:55:16 INFO dnd: armed ability fired (turn-based build) user=@sim:fighter-l3-goblin_warrens-61 ability="Second Wind"
2026/05/17 13:55:16 INFO dnd: armed ability fired (turn-based build) user=@sim:fighter-l3-goblin_warrens-61 ability="Second Wind"
2026/05/17 13:55:16 INFO dnd: armed ability fired (turn-based build) user=@sim:fighter-l3-goblin_warrens-61 ability="Second Wind"
2026/05/17 13:55:16 INFO database initialized path=/tmp/expedition-sim-1903048531/gogobee.db
2026/05/17 13:55:16 INFO dnd: armed ability fired (turn-based build) user=@sim:fighter-l7-forest_shadows-54 ability="Second Wind"
2026/05/17 13:55:16 INFO dnd: armed ability fired (turn-based build) user=@sim:fighter-l7-forest_shadows-54 ability="Second Wind"
2026/05/17 13:55:16 INFO dnd: armed ability fired (turn-based build) user=@sim:fighter-l7-forest_shadows-54 ability="Second Wind"
2026/05/17 13:55:16 INFO database initialized path=/tmp/expedition-sim-1645975372/gogobee.db
2026/05/17 13:55:16 INFO database initialized path=/tmp/expedition-sim-633023124/gogobee.db
2026/05/17 13:55:16 INFO dnd: armed ability fired (turn-based build) user=@sim:fighter-l12-underdark-57 ability="Second Wind"
2026/05/17 13:55:16 INFO database initialized path=/tmp/expedition-sim-924695241/gogobee.db
2026/05/17 13:55:16 INFO dnd: armed ability fired (turn-based build) user=@sim:fighter-l12-manor_blackspire-55 ability="Second Wind"
2026/05/17 13:55:16 INFO dnd: armed ability fired (turn-based build) user=@sim:fighter-l12-underdark-57 ability="Second Wind"
2026/05/17 13:55:16 INFO dnd: armed ability fired (turn-based build) user=@sim:fighter-l12-manor_blackspire-55 ability="Second Wind"
2026/05/17 13:55:16 INFO dnd: armed ability fired (turn-based build) user=@sim:fighter-l12-underdark-57 ability="Second Wind"
2026/05/17 13:55:16 INFO dnd: armed ability fired (turn-based build) user=@sim:fighter-l12-manor_blackspire-55 ability="Second Wind"
2026/05/17 13:55:16 INFO database initialized path=/tmp/expedition-sim-1063861502/gogobee.db
2026/05/17 13:55:16 INFO database initialized path=/tmp/expedition-sim-197494533/gogobee.db
2026/05/17 13:55:16 INFO dnd: armed ability fired (turn-based build) user=@sim:fighter-l12-goblin_warrens-64 ability="Second Wind"
2026/05/17 13:55:16 INFO dnd: armed ability fired (turn-based build) user=@sim:fighter-l12-goblin_warrens-64 ability="Second Wind"
2026/05/17 13:55:16 INFO dnd: armed ability fired (turn-based build) user=@sim:fighter-l12-goblin_warrens-64 ability="Second Wind"
2026/05/17 13:55:16 INFO database initialized path=/tmp/expedition-sim-1098271437/gogobee.db
2026/05/17 13:55:16 INFO dnd: armed ability fired (turn-based build) user=@sim:fighter-l3-forest_shadows-55 ability="Second Wind"
2026/05/17 13:55:16 INFO dnd: armed ability fired (turn-based build) user=@sim:fighter-l3-forest_shadows-55 ability="Second Wind"
2026/05/17 13:55:16 INFO dnd: armed ability fired (turn-based build) user=@sim:fighter-l3-forest_shadows-55 ability="Second Wind"
2026/05/17 13:55:16 INFO database initialized path=/tmp/expedition-sim-295072772/gogobee.db
2026/05/17 13:55:16 INFO dnd: armed ability fired (turn-based build) user=@sim:fighter-l3-manor_blackspire-70 ability="Second Wind"
2026/05/17 13:55:16 INFO database initialized path=/tmp/expedition-sim-228807976/gogobee.db
2026/05/17 13:55:16 INFO dnd: armed ability fired (turn-based build) user=@sim:fighter-l3-manor_blackspire-70 ability="Second Wind"
2026/05/17 13:55:16 INFO database initialized path=/tmp/expedition-sim-2221530413/gogobee.db
2026/05/17 13:55:16 INFO dnd: armed ability fired (turn-based build) user=@sim:fighter-l3-manor_blackspire-70 ability="Second Wind"
2026/05/17 13:55:16 INFO dnd: armed ability fired (turn-based build) user=@sim:fighter-l7-manor_blackspire-65 ability="Second Wind"
2026/05/17 13:55:16 INFO dnd: armed ability fired (turn-based build) user=@sim:fighter-l7-dragons_lair-64 ability="Second Wind"
2026/05/17 13:55:16 INFO dnd: armed ability fired (turn-based build) user=@sim:fighter-l7-manor_blackspire-65 ability="Second Wind"
2026/05/17 13:55:16 INFO dnd: armed ability fired (turn-based build) user=@sim:fighter-l7-dragons_lair-64 ability="Second Wind"
2026/05/17 13:55:16 INFO dnd: armed ability fired (turn-based build) user=@sim:fighter-l7-manor_blackspire-65 ability="Second Wind"
2026/05/17 13:55:16 INFO dnd: armed ability fired (turn-based build) user=@sim:fighter-l7-dragons_lair-64 ability="Second Wind"
2026/05/17 13:55:16 INFO database initialized path=/tmp/expedition-sim-3087500146/gogobee.db
2026/05/17 13:55:16 INFO database initialized path=/tmp/expedition-sim-1283311078/gogobee.db
2026/05/17 13:55:16 INFO dnd: armed ability fired (turn-based build) user=@sim:fighter-l3-goblin_warrens-62 ability="Second Wind"
2026/05/17 13:55:16 INFO dnd: armed ability fired (turn-based build) user=@sim:fighter-l7-goblin_warrens-64 ability="Second Wind"
2026/05/17 13:55:16 INFO dnd: armed ability fired (turn-based build) user=@sim:fighter-l3-goblin_warrens-62 ability="Second Wind"
2026/05/17 13:55:16 INFO dnd: armed ability fired (turn-based build) user=@sim:fighter-l7-goblin_warrens-64 ability="Second Wind"
2026/05/17 13:55:16 INFO dnd: armed ability fired (turn-based build) user=@sim:fighter-l3-goblin_warrens-62 ability="Second Wind"
2026/05/17 13:55:16 INFO dnd: armed ability fired (turn-based build) user=@sim:fighter-l7-goblin_warrens-64 ability="Second Wind"
2026/05/17 13:55:16 INFO database initialized path=/tmp/expedition-sim-3809639039/gogobee.db
2026/05/17 13:55:16 INFO dnd: armed ability fired (turn-based build) user=@sim:fighter-l7-underdark-50 ability="Second Wind"
2026/05/17 13:55:16 INFO database initialized path=/tmp/expedition-sim-48502840/gogobee.db
2026/05/17 13:55:16 INFO dnd: armed ability fired (turn-based build) user=@sim:fighter-l7-underdark-50 ability="Second Wind"
2026/05/17 13:55:16 INFO dnd: armed ability fired (turn-based build) user=@sim:fighter-l7-underdark-50 ability="Second Wind"
2026/05/17 13:55:16 INFO database initialized path=/tmp/expedition-sim-1231400012/gogobee.db
2026/05/17 13:55:16 INFO database initialized path=/tmp/expedition-sim-2722949818/gogobee.db
2026/05/17 13:55:16 INFO database initialized path=/tmp/expedition-sim-3748993771/gogobee.db
2026/05/17 13:55:16 INFO dnd: armed ability fired (turn-based build) user=@sim:fighter-l12-forest_shadows-48 ability="Second Wind"
2026/05/17 13:55:16 INFO dnd: armed ability fired (turn-based build) user=@sim:fighter-l12-underdark-58 ability="Second Wind"
2026/05/17 13:55:16 INFO dnd: armed ability fired (turn-based build) user=@sim:fighter-l12-forest_shadows-48 ability="Second Wind"
2026/05/17 13:55:16 INFO dnd: armed ability fired (turn-based build) user=@sim:fighter-l12-underdark-58 ability="Second Wind"
2026/05/17 13:55:16 INFO dnd: armed ability fired (turn-based build) user=@sim:fighter-l12-forest_shadows-48 ability="Second Wind"
2026/05/17 13:55:16 INFO dnd: armed ability fired (turn-based build) user=@sim:fighter-l12-underdark-58 ability="Second Wind"
2026/05/17 13:55:16 INFO database initialized path=/tmp/expedition-sim-3336538427/gogobee.db
2026/05/17 13:55:16 INFO database initialized path=/tmp/expedition-sim-2969835307/gogobee.db
2026/05/17 13:55:16 INFO dnd: armed ability fired (turn-based build) user=@sim:fighter-l7-forest_shadows-55 ability="Second Wind"
2026/05/17 13:55:16 INFO dnd: armed ability fired (turn-based build) user=@sim:fighter-l12-goblin_warrens-65 ability="Second Wind"
2026/05/17 13:55:16 INFO dnd: armed ability fired (turn-based build) user=@sim:fighter-l7-forest_shadows-55 ability="Second Wind"
2026/05/17 13:55:16 INFO dnd: armed ability fired (turn-based build) user=@sim:fighter-l12-goblin_warrens-65 ability="Second Wind"
2026/05/17 13:55:16 INFO dnd: armed ability fired (turn-based build) user=@sim:fighter-l12-goblin_warrens-65 ability="Second Wind"
2026/05/17 13:55:16 INFO dnd: armed ability fired (turn-based build) user=@sim:fighter-l7-forest_shadows-55 ability="Second Wind"
2026/05/17 13:55:16 INFO database initialized path=/tmp/expedition-sim-1498155275/gogobee.db
2026/05/17 13:55:16 INFO dnd: armed ability fired (turn-based build) user=@sim:fighter-l3-forest_shadows-56 ability="Second Wind"
2026/05/17 13:55:16 INFO dnd: armed ability fired (turn-based build) user=@sim:fighter-l3-forest_shadows-56 ability="Second Wind"
2026/05/17 13:55:16 INFO dnd: armed ability fired (turn-based build) user=@sim:fighter-l3-forest_shadows-56 ability="Second Wind"
2026/05/17 13:55:16 INFO database initialized path=/tmp/expedition-sim-3188096112/gogobee.db
2026/05/17 13:55:16 INFO dnd: armed ability fired (turn-based build) user=@sim:fighter-l3-manor_blackspire-71 ability="Second Wind"
2026/05/17 13:55:16 INFO database initialized path=/tmp/expedition-sim-3763011209/gogobee.db
2026/05/17 13:55:16 INFO dnd: armed ability fired (turn-based build) user=@sim:fighter-l3-manor_blackspire-71 ability="Second Wind"
2026/05/17 13:55:16 INFO database initialized path=/tmp/expedition-sim-4241675341/gogobee.db
2026/05/17 13:55:16 INFO dnd: armed ability fired (turn-based build) user=@sim:fighter-l3-manor_blackspire-71 ability="Second Wind"
2026/05/17 13:55:16 INFO dnd: armed ability fired (turn-based build) user=@sim:fighter-l12-manor_blackspire-56 ability="Second Wind"
2026/05/17 13:55:16 INFO dnd: armed ability fired (turn-based build) user=@sim:fighter-l7-dragons_lair-65 ability="Second Wind"
2026/05/17 13:55:16 INFO dnd: armed ability fired (turn-based build) user=@sim:fighter-l7-dragons_lair-65 ability="Second Wind"
2026/05/17 13:55:16 INFO dnd: armed ability fired (turn-based build) user=@sim:fighter-l12-manor_blackspire-56 ability="Second Wind"
2026/05/17 13:55:16 INFO dnd: armed ability fired (turn-based build) user=@sim:fighter-l7-dragons_lair-65 ability="Second Wind"
2026/05/17 13:55:16 INFO dnd: armed ability fired (turn-based build) user=@sim:fighter-l12-manor_blackspire-56 ability="Second Wind"
2026/05/17 13:55:17 INFO database initialized path=/tmp/expedition-sim-2547687575/gogobee.db
2026/05/17 13:55:17 INFO database initialized path=/tmp/expedition-sim-91997115/gogobee.db
2026/05/17 13:55:17 INFO dnd: armed ability fired (turn-based build) user=@sim:fighter-l7-manor_blackspire-66 ability="Second Wind"
2026/05/17 13:55:17 INFO dnd: armed ability fired (turn-based build) user=@sim:fighter-l7-manor_blackspire-66 ability="Second Wind"
2026/05/17 13:55:17 INFO database initialized path=/tmp/expedition-sim-1856916599/gogobee.db
2026/05/17 13:55:17 INFO dnd: armed ability fired (turn-based build) user=@sim:fighter-l7-manor_blackspire-66 ability="Second Wind"
2026/05/17 13:55:17 INFO dnd: armed ability fired (turn-based build) user=@sim:fighter-l3-goblin_warrens-63 ability="Second Wind"
2026/05/17 13:55:17 INFO dnd: armed ability fired (turn-based build) user=@sim:fighter-l3-goblin_warrens-63 ability="Second Wind"
2026/05/17 13:55:17 INFO dnd: armed ability fired (turn-based build) user=@sim:fighter-l3-goblin_warrens-63 ability="Second Wind"
2026/05/17 13:55:17 INFO database initialized path=/tmp/expedition-sim-3320367499/gogobee.db
2026/05/17 13:55:17 INFO dnd: armed ability fired (turn-based build) user=@sim:fighter-l7-goblin_warrens-65 ability="Second Wind"
2026/05/17 13:55:17 INFO dnd: armed ability fired (turn-based build) user=@sim:fighter-l7-goblin_warrens-65 ability="Second Wind"
2026/05/17 13:55:17 INFO dnd: armed ability fired (turn-based build) user=@sim:fighter-l7-goblin_warrens-65 ability="Second Wind"
2026/05/17 13:55:17 INFO database initialized path=/tmp/expedition-sim-2532688375/gogobee.db
2026/05/17 13:55:17 INFO database initialized path=/tmp/expedition-sim-1268069270/gogobee.db
2026/05/17 13:55:17 INFO database initialized path=/tmp/expedition-sim-1246835890/gogobee.db
2026/05/17 13:55:17 INFO dnd: armed ability fired (turn-based build) user=@sim:fighter-l12-underdark-59 ability="Second Wind"
2026/05/17 13:55:17 INFO dnd: armed ability fired (turn-based build) user=@sim:fighter-l12-goblin_warrens-66 ability="Second Wind"
2026/05/17 13:55:17 INFO dnd: armed ability fired (turn-based build) user=@sim:fighter-l12-goblin_warrens-66 ability="Second Wind"
2026/05/17 13:55:17 INFO database initialized path=/tmp/expedition-sim-2955942603/gogobee.db
2026/05/17 13:55:17 INFO dnd: armed ability fired (turn-based build) user=@sim:fighter-l12-underdark-59 ability="Second Wind"
2026/05/17 13:55:17 INFO dnd: armed ability fired (turn-based build) user=@sim:fighter-l12-goblin_warrens-66 ability="Second Wind"
2026/05/17 13:55:17 INFO dnd: armed ability fired (turn-based build) user=@sim:fighter-l7-underdark-51 ability="Second Wind"
2026/05/17 13:55:17 INFO dnd: armed ability fired (turn-based build) user=@sim:fighter-l12-underdark-59 ability="Second Wind"
2026/05/17 13:55:17 INFO dnd: armed ability fired (turn-based build) user=@sim:fighter-l7-underdark-51 ability="Second Wind"
2026/05/17 13:55:17 INFO database initialized path=/tmp/expedition-sim-619949729/gogobee.db
2026/05/17 13:55:17 INFO dnd: armed ability fired (turn-based build) user=@sim:fighter-l7-underdark-51 ability="Second Wind"
2026/05/17 13:55:17 INFO database initialized path=/tmp/expedition-sim-1151315254/gogobee.db
2026/05/17 13:55:17 INFO dnd: armed ability fired (turn-based build) user=@sim:fighter-l3-forest_shadows-57 ability="Second Wind"
2026/05/17 13:55:17 INFO dnd: armed ability fired (turn-based build) user=@sim:fighter-l3-manor_blackspire-72 ability="Second Wind"
2026/05/17 13:55:17 INFO dnd: armed ability fired (turn-based build) user=@sim:fighter-l3-forest_shadows-57 ability="Second Wind"
2026/05/17 13:55:17 INFO dnd: armed ability fired (turn-based build) user=@sim:fighter-l3-forest_shadows-57 ability="Second Wind"
2026/05/17 13:55:17 INFO database initialized path=/tmp/expedition-sim-2464295115/gogobee.db
2026/05/17 13:55:17 INFO database initialized path=/tmp/expedition-sim-2513162271/gogobee.db
2026/05/17 13:55:17 INFO dnd: armed ability fired (turn-based build) user=@sim:fighter-l12-forest_shadows-49 ability="Second Wind"
2026/05/17 13:55:17 INFO dnd: armed ability fired (turn-based build) user=@sim:fighter-l7-dragons_lair-66 ability="Second Wind"
2026/05/17 13:55:17 INFO dnd: armed ability fired (turn-based build) user=@sim:fighter-l3-manor_blackspire-72 ability="Second Wind"
2026/05/17 13:55:17 INFO dnd: armed ability fired (turn-based build) user=@sim:fighter-l12-forest_shadows-49 ability="Second Wind"
2026/05/17 13:55:17 INFO dnd: armed ability fired (turn-based build) user=@sim:fighter-l7-dragons_lair-66 ability="Second Wind"
2026/05/17 13:55:17 INFO dnd: armed ability fired (turn-based build) user=@sim:fighter-l3-manor_blackspire-72 ability="Second Wind"
2026/05/17 13:55:17 INFO dnd: armed ability fired (turn-based build) user=@sim:fighter-l12-forest_shadows-49 ability="Second Wind"
2026/05/17 13:55:17 INFO dnd: armed ability fired (turn-based build) user=@sim:fighter-l7-dragons_lair-66 ability="Second Wind"
2026/05/17 13:55:17 INFO database initialized path=/tmp/expedition-sim-183220105/gogobee.db
2026/05/17 13:55:17 INFO dnd: armed ability fired (turn-based build) user=@sim:fighter-l7-forest_shadows-56 ability="Second Wind"
2026/05/17 13:55:17 INFO dnd: armed ability fired (turn-based build) user=@sim:fighter-l7-forest_shadows-56 ability="Second Wind"
2026/05/17 13:55:17 INFO database initialized path=/tmp/expedition-sim-1074676544/gogobee.db
2026/05/17 13:55:17 INFO dnd: armed ability fired (turn-based build) user=@sim:fighter-l7-forest_shadows-56 ability="Second Wind"
2026/05/17 13:55:17 INFO dnd: armed ability fired (turn-based build) user=@sim:fighter-l12-manor_blackspire-57 ability="Second Wind"
2026/05/17 13:55:17 INFO dnd: armed ability fired (turn-based build) user=@sim:fighter-l12-manor_blackspire-57 ability="Second Wind"
2026/05/17 13:55:17 INFO dnd: armed ability fired (turn-based build) user=@sim:fighter-l12-manor_blackspire-57 ability="Second Wind"
2026/05/17 13:55:17 INFO database initialized path=/tmp/expedition-sim-3771501901/gogobee.db
2026/05/17 13:55:17 INFO dnd: armed ability fired (turn-based build) user=@sim:fighter-l7-goblin_warrens-66 ability="Second Wind"
2026/05/17 13:55:17 INFO dnd: armed ability fired (turn-based build) user=@sim:fighter-l7-goblin_warrens-66 ability="Second Wind"
2026/05/17 13:55:17 INFO database initialized path=/tmp/expedition-sim-1739674228/gogobee.db
2026/05/17 13:55:17 INFO dnd: armed ability fired (turn-based build) user=@sim:fighter-l7-goblin_warrens-66 ability="Second Wind"
2026/05/17 13:55:17 INFO database initialized path=/tmp/expedition-sim-1267550152/gogobee.db
2026/05/17 13:55:17 INFO dnd: armed ability fired (turn-based build) user=@sim:fighter-l3-goblin_warrens-64 ability="Second Wind"
2026/05/17 13:55:17 INFO dnd: armed ability fired (turn-based build) user=@sim:fighter-l3-goblin_warrens-64 ability="Second Wind"
2026/05/17 13:55:17 INFO dnd: armed ability fired (turn-based build) user=@sim:fighter-l7-manor_blackspire-67 ability="Second Wind"
2026/05/17 13:55:17 INFO dnd: armed ability fired (turn-based build) user=@sim:fighter-l3-goblin_warrens-64 ability="Second Wind"
2026/05/17 13:55:17 INFO dnd: armed ability fired (turn-based build) user=@sim:fighter-l7-manor_blackspire-67 ability="Second Wind"
2026/05/17 13:55:17 INFO dnd: armed ability fired (turn-based build) user=@sim:fighter-l7-manor_blackspire-67 ability="Second Wind"
2026/05/17 13:55:17 INFO database initialized path=/tmp/expedition-sim-2735918890/gogobee.db
2026/05/17 13:55:17 INFO database initialized path=/tmp/expedition-sim-1022149451/gogobee.db
2026/05/17 13:55:17 INFO database initialized path=/tmp/expedition-sim-496320800/gogobee.db
2026/05/17 13:55:17 INFO dnd: armed ability fired (turn-based build) user=@sim:fighter-l7-underdark-52 ability="Second Wind"
2026/05/17 13:55:17 INFO dnd: armed ability fired (turn-based build) user=@sim:fighter-l7-underdark-52 ability="Second Wind"
2026/05/17 13:55:17 INFO dnd: armed ability fired (turn-based build) user=@sim:fighter-l7-underdark-52 ability="Second Wind"
2026/05/17 13:55:17 INFO database initialized path=/tmp/expedition-sim-1375777919/gogobee.db
2026/05/17 13:55:17 INFO dnd: armed ability fired (turn-based build) user=@sim:fighter-l12-goblin_warrens-67 ability="Second Wind"
2026/05/17 13:55:17 INFO database initialized path=/tmp/expedition-sim-958329649/gogobee.db
2026/05/17 13:55:17 INFO dnd: armed ability fired (turn-based build) user=@sim:fighter-l7-dragons_lair-67 ability="Second Wind"
2026/05/17 13:55:17 INFO dnd: armed ability fired (turn-based build) user=@sim:fighter-l12-goblin_warrens-67 ability="Second Wind"
2026/05/17 13:55:17 INFO dnd: armed ability fired (turn-based build) user=@sim:fighter-l7-dragons_lair-67 ability="Second Wind"
2026/05/17 13:55:17 INFO dnd: armed ability fired (turn-based build) user=@sim:fighter-l12-goblin_warrens-67 ability="Second Wind"
2026/05/17 13:55:17 INFO dnd: armed ability fired (turn-based build) user=@sim:fighter-l7-dragons_lair-67 ability="Second Wind"
2026/05/17 13:55:17 INFO database initialized path=/tmp/expedition-sim-3398911416/gogobee.db
2026/05/17 13:55:17 INFO dnd: armed ability fired (turn-based build) user=@sim:fighter-l3-forest_shadows-58 ability="Second Wind"
2026/05/17 13:55:17 INFO database initialized path=/tmp/expedition-sim-1205838822/gogobee.db
2026/05/17 13:55:17 INFO database initialized path=/tmp/expedition-sim-327833437/gogobee.db
2026/05/17 13:55:17 INFO dnd: armed ability fired (turn-based build) user=@sim:fighter-l3-forest_shadows-58 ability="Second Wind"
2026/05/17 13:55:17 INFO dnd: armed ability fired (turn-based build) user=@sim:fighter-l3-manor_blackspire-73 ability="Second Wind"
2026/05/17 13:55:17 INFO dnd: armed ability fired (turn-based build) user=@sim:fighter-l3-forest_shadows-58 ability="Second Wind"
2026/05/17 13:55:17 INFO dnd: armed ability fired (turn-based build) user=@sim:fighter-l3-manor_blackspire-73 ability="Second Wind"
2026/05/17 13:55:17 INFO database initialized path=/tmp/expedition-sim-1366696606/gogobee.db
2026/05/17 13:55:17 INFO dnd: armed ability fired (turn-based build) user=@sim:fighter-l3-manor_blackspire-73 ability="Second Wind"
2026/05/17 13:55:18 INFO dnd: armed ability fired (turn-based build) user=@sim:fighter-l12-underdark-60 ability="Second Wind"
2026/05/17 13:55:18 INFO dnd: armed ability fired (turn-based build) user=@sim:fighter-l12-underdark-60 ability="Second Wind"
2026/05/17 13:55:18 INFO database initialized path=/tmp/expedition-sim-2650284533/gogobee.db
2026/05/17 13:55:18 INFO dnd: armed ability fired (turn-based build) user=@sim:fighter-l12-underdark-60 ability="Second Wind"
2026/05/17 13:55:18 INFO dnd: armed ability fired (turn-based build) user=@sim:fighter-l7-forest_shadows-57 ability="Second Wind"
2026/05/17 13:55:18 INFO database initialized path=/tmp/expedition-sim-3419088501/gogobee.db
2026/05/17 13:55:18 INFO database initialized path=/tmp/expedition-sim-2697121444/gogobee.db
2026/05/17 13:55:18 INFO dnd: armed ability fired (turn-based build) user=@sim:fighter-l7-forest_shadows-57 ability="Second Wind"
2026/05/17 13:55:18 INFO dnd: armed ability fired (turn-based build) user=@sim:fighter-l12-forest_shadows-50 ability="Second Wind"
2026/05/17 13:55:18 INFO dnd: armed ability fired (turn-based build) user=@sim:fighter-l3-goblin_warrens-65 ability="Second Wind"
2026/05/17 13:55:18 INFO dnd: armed ability fired (turn-based build) user=@sim:fighter-l12-forest_shadows-50 ability="Second Wind"
2026/05/17 13:55:18 INFO dnd: armed ability fired (turn-based build) user=@sim:fighter-l7-forest_shadows-57 ability="Second Wind"
2026/05/17 13:55:18 INFO database initialized path=/tmp/expedition-sim-4130735495/gogobee.db
2026/05/17 13:55:18 INFO dnd: armed ability fired (turn-based build) user=@sim:fighter-l12-forest_shadows-50 ability="Second Wind"
2026/05/17 13:55:18 INFO dnd: armed ability fired (turn-based build) user=@sim:fighter-l3-goblin_warrens-65 ability="Second Wind"
2026/05/17 13:55:18 INFO dnd: armed ability fired (turn-based build) user=@sim:fighter-l12-manor_blackspire-58 ability="Second Wind"
2026/05/17 13:55:18 INFO dnd: armed ability fired (turn-based build) user=@sim:fighter-l3-goblin_warrens-65 ability="Second Wind"
2026/05/17 13:55:18 INFO database initialized path=/tmp/expedition-sim-762699444/gogobee.db
2026/05/17 13:55:18 INFO dnd: armed ability fired (turn-based build) user=@sim:fighter-l12-manor_blackspire-58 ability="Second Wind"
2026/05/17 13:55:18 INFO dnd: armed ability fired (turn-based build) user=@sim:fighter-l12-manor_blackspire-58 ability="Second Wind"
2026/05/17 13:55:18 INFO database initialized path=/tmp/expedition-sim-1118635250/gogobee.db
2026/05/17 13:55:18 INFO dnd: armed ability fired (turn-based build) user=@sim:fighter-l7-goblin_warrens-67 ability="Second Wind"
2026/05/17 13:55:18 INFO dnd: armed ability fired (turn-based build) user=@sim:fighter-l7-goblin_warrens-67 ability="Second Wind"
2026/05/17 13:55:18 INFO dnd: armed ability fired (turn-based build) user=@sim:fighter-l7-goblin_warrens-67 ability="Second Wind"
2026/05/17 13:55:18 INFO database initialized path=/tmp/expedition-sim-3319381140/gogobee.db
2026/05/17 13:55:18 INFO dnd: armed ability fired (turn-based build) user=@sim:fighter-l7-manor_blackspire-68 ability="Second Wind"
2026/05/17 13:55:18 INFO dnd: armed ability fired (turn-based build) user=@sim:fighter-l7-manor_blackspire-68 ability="Second Wind"
2026/05/17 13:55:18 INFO dnd: armed ability fired (turn-based build) user=@sim:fighter-l7-manor_blackspire-68 ability="Second Wind"
2026/05/17 13:55:18 INFO database initialized path=/tmp/expedition-sim-27601942/gogobee.db
2026/05/17 13:55:18 INFO dnd: armed ability fired (turn-based build) user=@sim:fighter-l12-goblin_warrens-68 ability="Second Wind"
2026/05/17 13:55:18 INFO database initialized path=/tmp/expedition-sim-975915794/gogobee.db
2026/05/17 13:55:18 INFO dnd: armed ability fired (turn-based build) user=@sim:fighter-l12-goblin_warrens-68 ability="Second Wind"
2026/05/17 13:55:18 INFO database initialized path=/tmp/expedition-sim-1921433611/gogobee.db
2026/05/17 13:55:18 INFO dnd: armed ability fired (turn-based build) user=@sim:fighter-l12-goblin_warrens-68 ability="Second Wind"
2026/05/17 13:55:18 INFO dnd: armed ability fired (turn-based build) user=@sim:fighter-l7-underdark-53 ability="Second Wind"
2026/05/17 13:55:18 INFO dnd: armed ability fired (turn-based build) user=@sim:fighter-l7-underdark-53 ability="Second Wind"
2026/05/17 13:55:18 INFO dnd: armed ability fired (turn-based build) user=@sim:fighter-l7-underdark-53 ability="Second Wind"
2026/05/17 13:55:18 INFO database initialized path=/tmp/expedition-sim-4055081714/gogobee.db
2026/05/17 13:55:18 INFO dnd: armed ability fired (turn-based build) user=@sim:fighter-l7-dragons_lair-68 ability="Second Wind"
2026/05/17 13:55:18 INFO dnd: armed ability fired (turn-based build) user=@sim:fighter-l7-dragons_lair-68 ability="Second Wind"
2026/05/17 13:55:18 INFO database initialized path=/tmp/expedition-sim-1643068619/gogobee.db
2026/05/17 13:55:18 INFO dnd: armed ability fired (turn-based build) user=@sim:fighter-l7-dragons_lair-68 ability="Second Wind"
2026/05/17 13:55:18 INFO database initialized path=/tmp/expedition-sim-965546221/gogobee.db
2026/05/17 13:55:18 INFO dnd: armed ability fired (turn-based build) user=@sim:fighter-l3-forest_shadows-59 ability="Second Wind"
2026/05/17 13:55:18 INFO dnd: armed ability fired (turn-based build) user=@sim:fighter-l3-forest_shadows-59 ability="Second Wind"
2026/05/17 13:55:18 INFO dnd: armed ability fired (turn-based build) user=@sim:fighter-l3-forest_shadows-59 ability="Second Wind"
2026/05/17 13:55:18 INFO database initialized path=/tmp/expedition-sim-3068706640/gogobee.db
2026/05/17 13:55:18 INFO dnd: armed ability fired (turn-based build) user=@sim:fighter-l12-underdark-61 ability="Second Wind"
2026/05/17 13:55:18 INFO dnd: armed ability fired (turn-based build) user=@sim:fighter-l12-underdark-61 ability="Second Wind"
2026/05/17 13:55:18 INFO dnd: armed ability fired (turn-based build) user=@sim:fighter-l12-underdark-61 ability="Second Wind"
2026/05/17 13:55:18 INFO database initialized path=/tmp/expedition-sim-4129483317/gogobee.db
2026/05/17 13:55:18 INFO database initialized path=/tmp/expedition-sim-4111087484/gogobee.db
2026/05/17 13:55:18 INFO dnd: armed ability fired (turn-based build) user=@sim:fighter-l3-manor_blackspire-74 ability="Second Wind"
2026/05/17 13:55:18 INFO dnd: armed ability fired (turn-based build) user=@sim:fighter-l7-goblin_warrens-68 ability="Second Wind"
2026/05/17 13:55:18 INFO dnd: armed ability fired (turn-based build) user=@sim:fighter-l7-goblin_warrens-68 ability="Second Wind"
2026/05/17 13:55:18 INFO dnd: armed ability fired (turn-based build) user=@sim:fighter-l3-manor_blackspire-74 ability="Second Wind"
2026/05/17 13:55:18 INFO dnd: armed ability fired (turn-based build) user=@sim:fighter-l7-goblin_warrens-68 ability="Second Wind"
2026/05/17 13:55:18 INFO database initialized path=/tmp/expedition-sim-2389174269/gogobee.db
2026/05/17 13:55:18 INFO dnd: armed ability fired (turn-based build) user=@sim:fighter-l3-manor_blackspire-74 ability="Second Wind"
2026/05/17 13:55:18 INFO database initialized path=/tmp/expedition-sim-619553496/gogobee.db
2026/05/17 13:55:18 INFO dnd: armed ability fired (turn-based build) user=@sim:fighter-l12-forest_shadows-51 ability="Second Wind"
2026/05/17 13:55:18 INFO dnd: armed ability fired (turn-based build) user=@sim:fighter-l7-manor_blackspire-69 ability="Second Wind"
2026/05/17 13:55:18 INFO dnd: armed ability fired (turn-based build) user=@sim:fighter-l12-forest_shadows-51 ability="Second Wind"
2026/05/17 13:55:18 INFO dnd: armed ability fired (turn-based build) user=@sim:fighter-l7-manor_blackspire-69 ability="Second Wind"
2026/05/17 13:55:18 INFO dnd: armed ability fired (turn-based build) user=@sim:fighter-l12-forest_shadows-51 ability="Second Wind"
2026/05/17 13:55:18 INFO dnd: armed ability fired (turn-based build) user=@sim:fighter-l7-manor_blackspire-69 ability="Second Wind"
2026/05/17 13:55:18 INFO database initialized path=/tmp/expedition-sim-555325445/gogobee.db
2026/05/17 13:55:18 INFO database initialized path=/tmp/expedition-sim-1041108294/gogobee.db
2026/05/17 13:55:18 INFO dnd: armed ability fired (turn-based build) user=@sim:fighter-l12-manor_blackspire-59 ability="Second Wind"
2026/05/17 13:55:18 INFO dnd: armed ability fired (turn-based build) user=@sim:fighter-l12-manor_blackspire-59 ability="Second Wind"
2026/05/17 13:55:18 INFO dnd: armed ability fired (turn-based build) user=@sim:fighter-l12-manor_blackspire-59 ability="Second Wind"
2026/05/17 13:55:18 INFO database initialized path=/tmp/expedition-sim-3998504176/gogobee.db
2026/05/17 13:55:18 INFO dnd: armed ability fired (turn-based build) user=@sim:fighter-l3-goblin_warrens-66 ability="Second Wind"
2026/05/17 13:55:18 INFO database initialized path=/tmp/expedition-sim-1207827518/gogobee.db
2026/05/17 13:55:18 INFO dnd: armed ability fired (turn-based build) user=@sim:fighter-l3-goblin_warrens-66 ability="Second Wind"
2026/05/17 13:55:18 INFO dnd: armed ability fired (turn-based build) user=@sim:fighter-l3-goblin_warrens-66 ability="Second Wind"
2026/05/17 13:55:18 INFO dnd: armed ability fired (turn-based build) user=@sim:fighter-l7-forest_shadows-58 ability="Second Wind"
2026/05/17 13:55:18 INFO database initialized path=/tmp/expedition-sim-1024679771/gogobee.db
2026/05/17 13:55:18 INFO dnd: armed ability fired (turn-based build) user=@sim:fighter-l7-forest_shadows-58 ability="Second Wind"
2026/05/17 13:55:18 INFO dnd: armed ability fired (turn-based build) user=@sim:fighter-l7-forest_shadows-58 ability="Second Wind"
2026/05/17 13:55:18 INFO database initialized path=/tmp/expedition-sim-2980142933/gogobee.db
2026/05/17 13:55:18 INFO dnd: armed ability fired (turn-based build) user=@sim:fighter-l12-goblin_warrens-69 ability="Second Wind"
2026/05/17 13:55:18 INFO database initialized path=/tmp/expedition-sim-3500533595/gogobee.db
2026/05/17 13:55:18 INFO dnd: armed ability fired (turn-based build) user=@sim:fighter-l12-goblin_warrens-69 ability="Second Wind"
2026/05/17 13:55:18 INFO dnd: armed ability fired (turn-based build) user=@sim:fighter-l7-underdark-54 ability="Second Wind"
2026/05/17 13:55:18 INFO dnd: armed ability fired (turn-based build) user=@sim:fighter-l12-goblin_warrens-69 ability="Second Wind"
2026/05/17 13:55:18 INFO dnd: armed ability fired (turn-based build) user=@sim:fighter-l7-underdark-54 ability="Second Wind"
2026/05/17 13:55:18 INFO dnd: armed ability fired (turn-based build) user=@sim:fighter-l7-underdark-54 ability="Second Wind"
2026/05/17 13:55:18 INFO database initialized path=/tmp/expedition-sim-4189768279/gogobee.db
2026/05/17 13:55:19 INFO dnd: armed ability fired (turn-based build) user=@sim:fighter-l3-forest_shadows-60 ability="Second Wind"
2026/05/17 13:55:19 INFO dnd: armed ability fired (turn-based build) user=@sim:fighter-l3-forest_shadows-60 ability="Second Wind"
2026/05/17 13:55:19 INFO dnd: armed ability fired (turn-based build) user=@sim:fighter-l3-forest_shadows-60 ability="Second Wind"
2026/05/17 13:55:19 INFO database initialized path=/tmp/expedition-sim-3374219314/gogobee.db
2026/05/17 13:55:19 INFO dnd: armed ability fired (turn-based build) user=@sim:fighter-l7-dragons_lair-69 ability="Second Wind"
2026/05/17 13:55:19 INFO database initialized path=/tmp/expedition-sim-501053058/gogobee.db
2026/05/17 13:55:19 INFO database initialized path=/tmp/expedition-sim-2247146990/gogobee.db
2026/05/17 13:55:19 INFO dnd: armed ability fired (turn-based build) user=@sim:fighter-l7-dragons_lair-69 ability="Second Wind"
2026/05/17 13:55:19 INFO dnd: armed ability fired (turn-based build) user=@sim:fighter-l7-goblin_warrens-69 ability="Second Wind"
2026/05/17 13:55:19 INFO dnd: armed ability fired (turn-based build) user=@sim:fighter-l7-dragons_lair-69 ability="Second Wind"
2026/05/17 13:55:19 INFO dnd: armed ability fired (turn-based build) user=@sim:fighter-l7-goblin_warrens-69 ability="Second Wind"
2026/05/17 13:55:19 INFO database initialized path=/tmp/expedition-sim-2803914127/gogobee.db
2026/05/17 13:55:19 INFO dnd: armed ability fired (turn-based build) user=@sim:fighter-l7-goblin_warrens-69 ability="Second Wind"
2026/05/17 13:55:19 INFO dnd: armed ability fired (turn-based build) user=@sim:fighter-l7-manor_blackspire-70 ability="Second Wind"
2026/05/17 13:55:19 INFO dnd: armed ability fired (turn-based build) user=@sim:fighter-l7-manor_blackspire-70 ability="Second Wind"
2026/05/17 13:55:19 INFO dnd: armed ability fired (turn-based build) user=@sim:fighter-l7-manor_blackspire-70 ability="Second Wind"
2026/05/17 13:55:19 INFO database initialized path=/tmp/expedition-sim-2765412203/gogobee.db
2026/05/17 13:55:19 INFO database initialized path=/tmp/expedition-sim-3835312848/gogobee.db
2026/05/17 13:55:19 INFO database initialized path=/tmp/expedition-sim-2758307030/gogobee.db
2026/05/17 13:55:19 INFO dnd: armed ability fired (turn-based build) user=@sim:fighter-l3-manor_blackspire-75 ability="Second Wind"
2026/05/17 13:55:19 INFO dnd: armed ability fired (turn-based build) user=@sim:fighter-l3-goblin_warrens-67 ability="Second Wind"
2026/05/17 13:55:19 INFO dnd: armed ability fired (turn-based build) user=@sim:fighter-l3-manor_blackspire-75 ability="Second Wind"
2026/05/17 13:55:19 INFO dnd: armed ability fired (turn-based build) user=@sim:fighter-l3-goblin_warrens-67 ability="Second Wind"
2026/05/17 13:55:19 INFO dnd: armed ability fired (turn-based build) user=@sim:fighter-l3-manor_blackspire-75 ability="Second Wind"
2026/05/17 13:55:19 INFO database initialized path=/tmp/expedition-sim-3411160601/gogobee.db
2026/05/17 13:55:19 INFO database initialized path=/tmp/expedition-sim-2216113081/gogobee.db
2026/05/17 13:55:19 INFO dnd: armed ability fired (turn-based build) user=@sim:fighter-l3-goblin_warrens-67 ability="Second Wind"
2026/05/17 13:55:19 INFO dnd: armed ability fired (turn-based build) user=@sim:fighter-l12-underdark-62 ability="Second Wind"
2026/05/17 13:55:19 INFO dnd: armed ability fired (turn-based build) user=@sim:fighter-l12-forest_shadows-52 ability="Second Wind"
2026/05/17 13:55:19 INFO dnd: armed ability fired (turn-based build) user=@sim:fighter-l12-underdark-62 ability="Second Wind"
2026/05/17 13:55:19 INFO dnd: armed ability fired (turn-based build) user=@sim:fighter-l12-forest_shadows-52 ability="Second Wind"
2026/05/17 13:55:19 INFO dnd: armed ability fired (turn-based build) user=@sim:fighter-l12-underdark-62 ability="Second Wind"
2026/05/17 13:55:19 INFO database initialized path=/tmp/expedition-sim-1878079906/gogobee.db
2026/05/17 13:55:19 INFO dnd: armed ability fired (turn-based build) user=@sim:fighter-l12-manor_blackspire-60 ability="Second Wind"
2026/05/17 13:55:19 INFO dnd: armed ability fired (turn-based build) user=@sim:fighter-l12-forest_shadows-52 ability="Second Wind"
2026/05/17 13:55:19 INFO dnd: armed ability fired (turn-based build) user=@sim:fighter-l12-manor_blackspire-60 ability="Second Wind"
2026/05/17 13:55:19 INFO dnd: armed ability fired (turn-based build) user=@sim:fighter-l12-manor_blackspire-60 ability="Second Wind"
2026/05/17 13:55:19 INFO database initialized path=/tmp/expedition-sim-2214664864/gogobee.db
2026/05/17 13:55:19 INFO dnd: armed ability fired (turn-based build) user=@sim:fighter-l7-underdark-55 ability="Second Wind"
2026/05/17 13:55:19 INFO dnd: armed ability fired (turn-based build) user=@sim:fighter-l7-underdark-55 ability="Second Wind"
2026/05/17 13:55:19 INFO database initialized path=/tmp/expedition-sim-197840153/gogobee.db
2026/05/17 13:55:19 INFO dnd: armed ability fired (turn-based build) user=@sim:fighter-l7-underdark-55 ability="Second Wind"
2026/05/17 13:55:19 INFO database initialized path=/tmp/expedition-sim-198939324/gogobee.db
2026/05/17 13:55:19 INFO dnd: armed ability fired (turn-based build) user=@sim:fighter-l7-forest_shadows-59 ability="Second Wind"
2026/05/17 13:55:19 INFO dnd: armed ability fired (turn-based build) user=@sim:fighter-l7-forest_shadows-59 ability="Second Wind"
2026/05/17 13:55:19 INFO database initialized path=/tmp/expedition-sim-114646780/gogobee.db
2026/05/17 13:55:19 INFO dnd: armed ability fired (turn-based build) user=@sim:fighter-l7-forest_shadows-59 ability="Second Wind"
2026/05/17 13:55:19 INFO database initialized path=/tmp/expedition-sim-138600227/gogobee.db
2026/05/17 13:55:19 INFO dnd: armed ability fired (turn-based build) user=@sim:fighter-l12-goblin_warrens-70 ability="Second Wind"
2026/05/17 13:55:19 INFO dnd: armed ability fired (turn-based build) user=@sim:fighter-l12-goblin_warrens-70 ability="Second Wind"
2026/05/17 13:55:19 INFO dnd: armed ability fired (turn-based build) user=@sim:fighter-l12-goblin_warrens-70 ability="Second Wind"
2026/05/17 13:55:19 INFO database initialized path=/tmp/expedition-sim-3027170258/gogobee.db
2026/05/17 13:55:19 INFO database initialized path=/tmp/expedition-sim-1583039513/gogobee.db
2026/05/17 13:55:19 INFO dnd: armed ability fired (turn-based build) user=@sim:fighter-l7-manor_blackspire-71 ability="Second Wind"
2026/05/17 13:55:19 INFO dnd: armed ability fired (turn-based build) user=@sim:fighter-l7-goblin_warrens-70 ability="Second Wind"
2026/05/17 13:55:19 INFO dnd: armed ability fired (turn-based build) user=@sim:fighter-l7-manor_blackspire-71 ability="Second Wind"
2026/05/17 13:55:19 INFO dnd: armed ability fired (turn-based build) user=@sim:fighter-l7-goblin_warrens-70 ability="Second Wind"
2026/05/17 13:55:19 INFO dnd: armed ability fired (turn-based build) user=@sim:fighter-l7-manor_blackspire-71 ability="Second Wind"
2026/05/17 13:55:19 INFO dnd: armed ability fired (turn-based build) user=@sim:fighter-l7-goblin_warrens-70 ability="Second Wind"
2026/05/17 13:55:19 INFO database initialized path=/tmp/expedition-sim-1447876832/gogobee.db
2026/05/17 13:55:19 INFO database initialized path=/tmp/expedition-sim-483856271/gogobee.db
2026/05/17 13:55:19 INFO dnd: armed ability fired (turn-based build) user=@sim:fighter-l3-manor_blackspire-76 ability="Second Wind"
2026/05/17 13:55:19 INFO dnd: armed ability fired (turn-based build) user=@sim:fighter-l3-manor_blackspire-76 ability="Second Wind"
2026/05/17 13:55:19 INFO dnd: armed ability fired (turn-based build) user=@sim:fighter-l7-dragons_lair-70 ability="Second Wind"
2026/05/17 13:55:19 INFO dnd: armed ability fired (turn-based build) user=@sim:fighter-l7-dragons_lair-70 ability="Second Wind"
2026/05/17 13:55:19 INFO dnd: armed ability fired (turn-based build) user=@sim:fighter-l3-manor_blackspire-76 ability="Second Wind"
2026/05/17 13:55:19 INFO dnd: armed ability fired (turn-based build) user=@sim:fighter-l7-dragons_lair-70 ability="Second Wind"
2026/05/17 13:55:19 INFO database initialized path=/tmp/expedition-sim-4263067087/gogobee.db
2026/05/17 13:55:19 INFO database initialized path=/tmp/expedition-sim-4040307687/gogobee.db
2026/05/17 13:55:19 INFO dnd: armed ability fired (turn-based build) user=@sim:fighter-l12-manor_blackspire-61 ability="Second Wind"
2026/05/17 13:55:19 INFO dnd: armed ability fired (turn-based build) user=@sim:fighter-l12-manor_blackspire-61 ability="Second Wind"
2026/05/17 13:55:19 INFO database initialized path=/tmp/expedition-sim-3090287128/gogobee.db
2026/05/17 13:55:19 INFO dnd: armed ability fired (turn-based build) user=@sim:fighter-l12-manor_blackspire-61 ability="Second Wind"
2026/05/17 13:55:19 INFO dnd: armed ability fired (turn-based build) user=@sim:fighter-l12-underdark-63 ability="Second Wind"
2026/05/17 13:55:19 INFO dnd: armed ability fired (turn-based build) user=@sim:fighter-l12-underdark-63 ability="Second Wind"
2026/05/17 13:55:19 INFO database initialized path=/tmp/expedition-sim-3019069958/gogobee.db
2026/05/17 13:55:19 INFO dnd: armed ability fired (turn-based build) user=@sim:fighter-l12-underdark-63 ability="Second Wind"
2026/05/17 13:55:19 INFO database initialized path=/tmp/expedition-sim-1472805418/gogobee.db
2026/05/17 13:55:19 INFO database initialized path=/tmp/expedition-sim-1555766514/gogobee.db
2026/05/17 13:55:19 INFO dnd: armed ability fired (turn-based build) user=@sim:fighter-l7-underdark-56 ability="Second Wind"
2026/05/17 13:55:19 INFO dnd: armed ability fired (turn-based build) user=@sim:fighter-l3-goblin_warrens-68 ability="Second Wind"
2026/05/17 13:55:19 INFO dnd: armed ability fired (turn-based build) user=@sim:fighter-l7-underdark-56 ability="Second Wind"
2026/05/17 13:55:19 INFO dnd: armed ability fired (turn-based build) user=@sim:fighter-l3-goblin_warrens-68 ability="Second Wind"
2026/05/17 13:55:19 INFO dnd: armed ability fired (turn-based build) user=@sim:fighter-l7-underdark-56 ability="Second Wind"
2026/05/17 13:55:19 INFO dnd: armed ability fired (turn-based build) user=@sim:fighter-l3-goblin_warrens-68 ability="Second Wind"
2026/05/17 13:55:19 INFO database initialized path=/tmp/expedition-sim-3853628641/gogobee.db
2026/05/17 13:55:19 INFO database initialized path=/tmp/expedition-sim-3018747656/gogobee.db
2026/05/17 13:55:19 INFO dnd: armed ability fired (turn-based build) user=@sim:fighter-l7-manor_blackspire-72 ability="Second Wind"
2026/05/17 13:55:19 INFO dnd: armed ability fired (turn-based build) user=@sim:fighter-l7-goblin_warrens-71 ability="Second Wind"
2026/05/17 13:55:20 INFO dnd: armed ability fired (turn-based build) user=@sim:fighter-l7-manor_blackspire-72 ability="Second Wind"
2026/05/17 13:55:20 INFO database initialized path=/tmp/expedition-sim-4143084202/gogobee.db
2026/05/17 13:55:20 INFO dnd: armed ability fired (turn-based build) user=@sim:fighter-l7-goblin_warrens-71 ability="Second Wind"
2026/05/17 13:55:20 INFO dnd: armed ability fired (turn-based build) user=@sim:fighter-l7-manor_blackspire-72 ability="Second Wind"
2026/05/17 13:55:20 INFO database initialized path=/tmp/expedition-sim-2076659436/gogobee.db
2026/05/17 13:55:20 INFO dnd: armed ability fired (turn-based build) user=@sim:fighter-l7-goblin_warrens-71 ability="Second Wind"
2026/05/17 13:55:20 INFO dnd: armed ability fired (turn-based build) user=@sim:fighter-l3-forest_shadows-61 ability="Second Wind"
2026/05/17 13:55:20 INFO dnd: armed ability fired (turn-based build) user=@sim:fighter-l3-manor_blackspire-77 ability="Second Wind"
2026/05/17 13:55:20 INFO dnd: armed ability fired (turn-based build) user=@sim:fighter-l3-manor_blackspire-77 ability="Second Wind"
2026/05/17 13:55:20 INFO database initialized path=/tmp/expedition-sim-1756631268/gogobee.db
2026/05/17 13:55:20 INFO dnd: armed ability fired (turn-based build) user=@sim:fighter-l3-manor_blackspire-77 ability="Second Wind"
2026/05/17 13:55:20 INFO dnd: armed ability fired (turn-based build) user=@sim:fighter-l3-forest_shadows-61 ability="Second Wind"
2026/05/17 13:55:20 INFO dnd: armed ability fired (turn-based build) user=@sim:fighter-l3-forest_shadows-61 ability="Second Wind"
2026/05/17 13:55:20 INFO database initialized path=/tmp/expedition-sim-1665493703/gogobee.db
2026/05/17 13:55:20 INFO database initialized path=/tmp/expedition-sim-4016264918/gogobee.db
2026/05/17 13:55:20 INFO dnd: armed ability fired (turn-based build) user=@sim:fighter-l7-dragons_lair-71 ability="Second Wind"
2026/05/17 13:55:20 INFO dnd: armed ability fired (turn-based build) user=@sim:fighter-l7-forest_shadows-60 ability="Second Wind"
2026/05/17 13:55:20 INFO dnd: armed ability fired (turn-based build) user=@sim:fighter-l7-dragons_lair-71 ability="Second Wind"
2026/05/17 13:55:20 INFO dnd: armed ability fired (turn-based build) user=@sim:fighter-l7-forest_shadows-60 ability="Second Wind"
2026/05/17 13:55:20 INFO dnd: armed ability fired (turn-based build) user=@sim:fighter-l7-dragons_lair-71 ability="Second Wind"
2026/05/17 13:55:20 INFO dnd: armed ability fired (turn-based build) user=@sim:fighter-l7-forest_shadows-60 ability="Second Wind"
2026/05/17 13:55:20 INFO database initialized path=/tmp/expedition-sim-2453704442/gogobee.db
2026/05/17 13:55:20 INFO database initialized path=/tmp/expedition-sim-2026634636/gogobee.db
2026/05/17 13:55:20 INFO dnd: armed ability fired (turn-based build) user=@sim:fighter-l12-goblin_warrens-71 ability="Second Wind"
2026/05/17 13:55:20 INFO dnd: armed ability fired (turn-based build) user=@sim:fighter-l12-goblin_warrens-71 ability="Second Wind"
2026/05/17 13:55:20 INFO dnd: armed ability fired (turn-based build) user=@sim:fighter-l12-goblin_warrens-71 ability="Second Wind"
2026/05/17 13:55:20 INFO database initialized path=/tmp/expedition-sim-358908475/gogobee.db
2026/05/17 13:55:20 INFO database initialized path=/tmp/expedition-sim-1401358895/gogobee.db
2026/05/17 13:55:20 INFO dnd: armed ability fired (turn-based build) user=@sim:fighter-l12-forest_shadows-53 ability="Second Wind"
2026/05/17 13:55:20 INFO dnd: armed ability fired (turn-based build) user=@sim:fighter-l12-manor_blackspire-62 ability="Second Wind"
2026/05/17 13:55:20 INFO dnd: armed ability fired (turn-based build) user=@sim:fighter-l12-forest_shadows-53 ability="Second Wind"
2026/05/17 13:55:20 INFO dnd: armed ability fired (turn-based build) user=@sim:fighter-l12-manor_blackspire-62 ability="Second Wind"
2026/05/17 13:55:20 INFO dnd: armed ability fired (turn-based build) user=@sim:fighter-l12-forest_shadows-53 ability="Second Wind"
2026/05/17 13:55:20 INFO dnd: armed ability fired (turn-based build) user=@sim:fighter-l12-manor_blackspire-62 ability="Second Wind"
2026/05/17 13:55:20 INFO database initialized path=/tmp/expedition-sim-3832041324/gogobee.db
2026/05/17 13:55:20 INFO dnd: armed ability fired (turn-based build) user=@sim:fighter-l7-underdark-57 ability="Second Wind"
2026/05/17 13:55:20 INFO database initialized path=/tmp/expedition-sim-4154036181/gogobee.db
2026/05/17 13:55:20 INFO dnd: armed ability fired (turn-based build) user=@sim:fighter-l7-underdark-57 ability="Second Wind"
2026/05/17 13:55:20 INFO dnd: armed ability fired (turn-based build) user=@sim:fighter-l3-goblin_warrens-69 ability="Second Wind"
2026/05/17 13:55:20 INFO dnd: armed ability fired (turn-based build) user=@sim:fighter-l7-underdark-57 ability="Second Wind"
2026/05/17 13:55:20 INFO dnd: armed ability fired (turn-based build) user=@sim:fighter-l3-goblin_warrens-69 ability="Second Wind"
2026/05/17 13:55:20 INFO database initialized path=/tmp/expedition-sim-2130875147/gogobee.db
2026/05/17 13:55:20 INFO dnd: armed ability fired (turn-based build) user=@sim:fighter-l3-goblin_warrens-69 ability="Second Wind"
2026/05/17 13:55:20 INFO database initialized path=/tmp/expedition-sim-235581657/gogobee.db
2026/05/17 13:55:20 INFO database initialized path=/tmp/expedition-sim-122848537/gogobee.db
2026/05/17 13:55:20 INFO dnd: armed ability fired (turn-based build) user=@sim:fighter-l7-manor_blackspire-73 ability="Second Wind"
2026/05/17 13:55:20 INFO database initialized path=/tmp/expedition-sim-2202982018/gogobee.db
2026/05/17 13:55:20 INFO dnd: armed ability fired (turn-based build) user=@sim:fighter-l12-underdark-64 ability="Second Wind"
2026/05/17 13:55:20 INFO dnd: armed ability fired (turn-based build) user=@sim:fighter-l7-manor_blackspire-73 ability="Second Wind"
2026/05/17 13:55:20 INFO dnd: armed ability fired (turn-based build) user=@sim:fighter-l3-manor_blackspire-78 ability="Second Wind"
2026/05/17 13:55:20 INFO dnd: armed ability fired (turn-based build) user=@sim:fighter-l12-underdark-64 ability="Second Wind"
2026/05/17 13:55:20 INFO dnd: armed ability fired (turn-based build) user=@sim:fighter-l7-manor_blackspire-73 ability="Second Wind"
2026/05/17 13:55:20 INFO dnd: armed ability fired (turn-based build) user=@sim:fighter-l3-manor_blackspire-78 ability="Second Wind"
2026/05/17 13:55:20 INFO dnd: armed ability fired (turn-based build) user=@sim:fighter-l12-underdark-64 ability="Second Wind"
2026/05/17 13:55:20 INFO dnd: armed ability fired (turn-based build) user=@sim:fighter-l3-manor_blackspire-78 ability="Second Wind"
2026/05/17 13:55:20 INFO database initialized path=/tmp/expedition-sim-2806581498/gogobee.db
2026/05/17 13:55:20 INFO database initialized path=/tmp/expedition-sim-2381946918/gogobee.db
2026/05/17 13:55:20 INFO dnd: armed ability fired (turn-based build) user=@sim:fighter-l7-goblin_warrens-72 ability="Second Wind"
2026/05/17 13:55:20 INFO dnd: armed ability fired (turn-based build) user=@sim:fighter-l7-goblin_warrens-72 ability="Second Wind"
2026/05/17 13:55:20 INFO dnd: armed ability fired (turn-based build) user=@sim:fighter-l7-goblin_warrens-72 ability="Second Wind"
2026/05/17 13:55:20 INFO database initialized path=/tmp/expedition-sim-2290746433/gogobee.db
2026/05/17 13:55:20 INFO dnd: armed ability fired (turn-based build) user=@sim:fighter-l7-dragons_lair-72 ability="Second Wind"
2026/05/17 13:55:20 INFO database initialized path=/tmp/expedition-sim-663740838/gogobee.db
2026/05/17 13:55:20 INFO dnd: armed ability fired (turn-based build) user=@sim:fighter-l7-dragons_lair-72 ability="Second Wind"
2026/05/17 13:55:20 INFO dnd: armed ability fired (turn-based build) user=@sim:fighter-l7-dragons_lair-72 ability="Second Wind"
2026/05/17 13:55:20 INFO dnd: armed ability fired (turn-based build) user=@sim:fighter-l12-goblin_warrens-72 ability="Second Wind"
2026/05/17 13:55:20 INFO dnd: armed ability fired (turn-based build) user=@sim:fighter-l12-goblin_warrens-72 ability="Second Wind"
2026/05/17 13:55:20 INFO dnd: armed ability fired (turn-based build) user=@sim:fighter-l12-goblin_warrens-72 ability="Second Wind"
2026/05/17 13:55:20 INFO database initialized path=/tmp/expedition-sim-2271646412/gogobee.db
2026/05/17 13:55:20 INFO dnd: armed ability fired (turn-based build) user=@sim:fighter-l3-forest_shadows-62 ability="Second Wind"
2026/05/17 13:55:20 INFO database initialized path=/tmp/expedition-sim-1076371060/gogobee.db
2026/05/17 13:55:20 INFO dnd: armed ability fired (turn-based build) user=@sim:fighter-l3-forest_shadows-62 ability="Second Wind"
2026/05/17 13:55:20 INFO database initialized path=/tmp/expedition-sim-97731877/gogobee.db
2026/05/17 13:55:20 INFO dnd: armed ability fired (turn-based build) user=@sim:fighter-l3-forest_shadows-62 ability="Second Wind"
2026/05/17 13:55:20 INFO dnd: armed ability fired (turn-based build) user=@sim:fighter-l7-forest_shadows-61 ability="Second Wind"
2026/05/17 13:55:20 INFO dnd: armed ability fired (turn-based build) user=@sim:fighter-l7-forest_shadows-61 ability="Second Wind"
2026/05/17 13:55:20 INFO dnd: armed ability fired (turn-based build) user=@sim:fighter-l7-forest_shadows-61 ability="Second Wind"
2026/05/17 13:55:20 INFO database initialized path=/tmp/expedition-sim-2202324030/gogobee.db
2026/05/17 13:55:20 INFO dnd: armed ability fired (turn-based build) user=@sim:fighter-l3-goblin_warrens-70 ability="Second Wind"
2026/05/17 13:55:20 INFO dnd: armed ability fired (turn-based build) user=@sim:fighter-l3-goblin_warrens-70 ability="Second Wind"
2026/05/17 13:55:20 INFO dnd: armed ability fired (turn-based build) user=@sim:fighter-l3-goblin_warrens-70 ability="Second Wind"
2026/05/17 13:55:20 INFO database initialized path=/tmp/expedition-sim-1056610588/gogobee.db
2026/05/17 13:55:20 INFO dnd: armed ability fired (turn-based build) user=@sim:fighter-l7-underdark-58 ability="Second Wind"
2026/05/17 13:55:20 INFO dnd: armed ability fired (turn-based build) user=@sim:fighter-l7-underdark-58 ability="Second Wind"
2026/05/17 13:55:20 INFO dnd: armed ability fired (turn-based build) user=@sim:fighter-l7-underdark-58 ability="Second Wind"
2026/05/17 13:55:20 INFO database initialized path=/tmp/expedition-sim-1939289499/gogobee.db
2026/05/17 13:55:20 INFO dnd: armed ability fired (turn-based build) user=@sim:fighter-l7-manor_blackspire-74 ability="Second Wind"
2026/05/17 13:55:20 INFO dnd: armed ability fired (turn-based build) user=@sim:fighter-l7-manor_blackspire-74 ability="Second Wind"
2026/05/17 13:55:20 INFO dnd: armed ability fired (turn-based build) user=@sim:fighter-l7-manor_blackspire-74 ability="Second Wind"
2026/05/17 13:55:20 INFO database initialized path=/tmp/expedition-sim-2366732232/gogobee.db
2026/05/17 13:55:20 INFO dnd: armed ability fired (turn-based build) user=@sim:fighter-l3-manor_blackspire-79 ability="Second Wind"
2026/05/17 13:55:20 INFO dnd: armed ability fired (turn-based build) user=@sim:fighter-l3-manor_blackspire-79 ability="Second Wind"
2026/05/17 13:55:20 INFO dnd: armed ability fired (turn-based build) user=@sim:fighter-l3-manor_blackspire-79 ability="Second Wind"
2026/05/17 13:55:20 INFO database initialized path=/tmp/expedition-sim-3886368972/gogobee.db
2026/05/17 13:55:20 INFO database initialized path=/tmp/expedition-sim-3990100430/gogobee.db
2026/05/17 13:55:20 INFO dnd: armed ability fired (turn-based build) user=@sim:fighter-l12-forest_shadows-54 ability="Second Wind"
2026/05/17 13:55:20 INFO dnd: armed ability fired (turn-based build) user=@sim:fighter-l12-forest_shadows-54 ability="Second Wind"
2026/05/17 13:55:20 INFO dnd: armed ability fired (turn-based build) user=@sim:fighter-l12-underdark-65 ability="Second Wind"
2026/05/17 13:55:20 INFO database initialized path=/tmp/expedition-sim-3323395086/gogobee.db
2026/05/17 13:55:20 INFO dnd: armed ability fired (turn-based build) user=@sim:fighter-l12-forest_shadows-54 ability="Second Wind"
2026/05/17 13:55:20 INFO dnd: armed ability fired (turn-based build) user=@sim:fighter-l12-underdark-65 ability="Second Wind"
2026/05/17 13:55:20 INFO dnd: armed ability fired (turn-based build) user=@sim:fighter-l12-underdark-65 ability="Second Wind"
2026/05/17 13:55:20 INFO database initialized path=/tmp/expedition-sim-265336777/gogobee.db
2026/05/17 13:55:20 INFO dnd: armed ability fired (turn-based build) user=@sim:fighter-l12-manor_blackspire-63 ability="Second Wind"
2026/05/17 13:55:20 INFO dnd: armed ability fired (turn-based build) user=@sim:fighter-l12-manor_blackspire-63 ability="Second Wind"
2026/05/17 13:55:21 INFO dnd: armed ability fired (turn-based build) user=@sim:fighter-l12-manor_blackspire-63 ability="Second Wind"
2026/05/17 13:55:21 INFO database initialized path=/tmp/expedition-sim-2730691913/gogobee.db
2026/05/17 13:55:21 INFO database initialized path=/tmp/expedition-sim-3753612999/gogobee.db
2026/05/17 13:55:21 INFO dnd: armed ability fired (turn-based build) user=@sim:fighter-l7-dragons_lair-73 ability="Second Wind"
2026/05/17 13:55:21 INFO dnd: armed ability fired (turn-based build) user=@sim:fighter-l7-dragons_lair-73 ability="Second Wind"
2026/05/17 13:55:21 INFO dnd: armed ability fired (turn-based build) user=@sim:fighter-l7-dragons_lair-73 ability="Second Wind"
2026/05/17 13:55:21 INFO database initialized path=/tmp/expedition-sim-3024066724/gogobee.db
2026/05/17 13:55:21 INFO dnd: armed ability fired (turn-based build) user=@sim:fighter-l7-goblin_warrens-73 ability="Second Wind"
2026/05/17 13:55:21 INFO dnd: armed ability fired (turn-based build) user=@sim:fighter-l7-goblin_warrens-73 ability="Second Wind"
2026/05/17 13:55:21 INFO dnd: armed ability fired (turn-based build) user=@sim:fighter-l7-goblin_warrens-73 ability="Second Wind"
2026/05/17 13:55:21 INFO database initialized path=/tmp/expedition-sim-2402293666/gogobee.db
2026/05/17 13:55:21 INFO dnd: armed ability fired (turn-based build) user=@sim:fighter-l12-goblin_warrens-73 ability="Second Wind"
2026/05/17 13:55:21 INFO dnd: armed ability fired (turn-based build) user=@sim:fighter-l12-goblin_warrens-73 ability="Second Wind"
2026/05/17 13:55:21 INFO dnd: armed ability fired (turn-based build) user=@sim:fighter-l12-goblin_warrens-73 ability="Second Wind"
2026/05/17 13:55:21 INFO database initialized path=/tmp/expedition-sim-1107964478/gogobee.db
2026/05/17 13:55:21 INFO dnd: armed ability fired (turn-based build) user=@sim:fighter-l3-goblin_warrens-71 ability="Second Wind"
2026/05/17 13:55:21 INFO database initialized path=/tmp/expedition-sim-2367545576/gogobee.db
2026/05/17 13:55:21 INFO dnd: armed ability fired (turn-based build) user=@sim:fighter-l3-goblin_warrens-71 ability="Second Wind"
2026/05/17 13:55:21 INFO database initialized path=/tmp/expedition-sim-1096929133/gogobee.db
2026/05/17 13:55:21 INFO dnd: armed ability fired (turn-based build) user=@sim:fighter-l3-goblin_warrens-71 ability="Second Wind"
2026/05/17 13:55:21 INFO database initialized path=/tmp/expedition-sim-2469390233/gogobee.db
2026/05/17 13:55:21 INFO dnd: armed ability fired (turn-based build) user=@sim:fighter-l3-manor_blackspire-80 ability="Second Wind"
2026/05/17 13:55:21 INFO dnd: armed ability fired (turn-based build) user=@sim:fighter-l7-manor_blackspire-75 ability="Second Wind"
2026/05/17 13:55:21 INFO dnd: armed ability fired (turn-based build) user=@sim:fighter-l3-manor_blackspire-80 ability="Second Wind"
2026/05/17 13:55:21 INFO dnd: armed ability fired (turn-based build) user=@sim:fighter-l7-manor_blackspire-75 ability="Second Wind"
2026/05/17 13:55:21 INFO dnd: armed ability fired (turn-based build) user=@sim:fighter-l3-manor_blackspire-80 ability="Second Wind"
2026/05/17 13:55:21 INFO dnd: armed ability fired (turn-based build) user=@sim:fighter-l7-manor_blackspire-75 ability="Second Wind"
2026/05/17 13:55:21 INFO database initialized path=/tmp/expedition-sim-3335347887/gogobee.db
2026/05/17 13:55:21 INFO dnd: armed ability fired (turn-based build) user=@sim:fighter-l7-underdark-59 ability="Second Wind"
2026/05/17 13:55:21 INFO dnd: armed ability fired (turn-based build) user=@sim:fighter-l7-underdark-59 ability="Second Wind"
2026/05/17 13:55:21 INFO dnd: armed ability fired (turn-based build) user=@sim:fighter-l7-underdark-59 ability="Second Wind"
2026/05/17 13:55:21 INFO database initialized path=/tmp/expedition-sim-312998018/gogobee.db
2026/05/17 13:55:21 INFO database initialized path=/tmp/expedition-sim-3179946113/gogobee.db
2026/05/17 13:55:21 INFO dnd: armed ability fired (turn-based build) user=@sim:fighter-l7-forest_shadows-62 ability="Second Wind"
2026/05/17 13:55:21 INFO dnd: armed ability fired (turn-based build) user=@sim:fighter-l7-forest_shadows-62 ability="Second Wind"
2026/05/17 13:55:21 INFO dnd: armed ability fired (turn-based build) user=@sim:fighter-l7-forest_shadows-62 ability="Second Wind"
2026/05/17 13:55:21 INFO database initialized path=/tmp/expedition-sim-75080678/gogobee.db
2026/05/17 13:55:21 INFO dnd: armed ability fired (turn-based build) user=@sim:fighter-l3-forest_shadows-63 ability="Second Wind"
2026/05/17 13:55:21 INFO dnd: armed ability fired (turn-based build) user=@sim:fighter-l3-forest_shadows-63 ability="Second Wind"
2026/05/17 13:55:21 INFO dnd: armed ability fired (turn-based build) user=@sim:fighter-l3-forest_shadows-63 ability="Second Wind"
2026/05/17 13:55:21 INFO database initialized path=/tmp/expedition-sim-286182420/gogobee.db
2026/05/17 13:55:21 INFO dnd: armed ability fired (turn-based build) user=@sim:fighter-l12-underdark-66 ability="Second Wind"
2026/05/17 13:55:21 INFO dnd: armed ability fired (turn-based build) user=@sim:fighter-l12-underdark-66 ability="Second Wind"
2026/05/17 13:55:21 INFO dnd: armed ability fired (turn-based build) user=@sim:fighter-l12-underdark-66 ability="Second Wind"
2026/05/17 13:55:21 INFO database initialized path=/tmp/expedition-sim-3592191218/gogobee.db
2026/05/17 13:55:21 INFO dnd: armed ability fired (turn-based build) user=@sim:fighter-l12-manor_blackspire-64 ability="Second Wind"
2026/05/17 13:55:21 INFO database initialized path=/tmp/expedition-sim-3581028103/gogobee.db
2026/05/17 13:55:21 INFO dnd: armed ability fired (turn-based build) user=@sim:fighter-l12-manor_blackspire-64 ability="Second Wind"
2026/05/17 13:55:21 INFO dnd: armed ability fired (turn-based build) user=@sim:fighter-l12-forest_shadows-55 ability="Second Wind"
2026/05/17 13:55:21 INFO dnd: armed ability fired (turn-based build) user=@sim:fighter-l12-forest_shadows-55 ability="Second Wind"
2026/05/17 13:55:21 INFO dnd: armed ability fired (turn-based build) user=@sim:fighter-l12-manor_blackspire-64 ability="Second Wind"
2026/05/17 13:55:21 INFO dnd: armed ability fired (turn-based build) user=@sim:fighter-l12-forest_shadows-55 ability="Second Wind"
2026/05/17 13:55:21 INFO database initialized path=/tmp/expedition-sim-1573046390/gogobee.db
2026/05/17 13:55:21 INFO database initialized path=/tmp/expedition-sim-3381977375/gogobee.db
2026/05/17 13:55:21 INFO dnd: armed ability fired (turn-based build) user=@sim:fighter-l12-goblin_warrens-74 ability="Second Wind"
2026/05/17 13:55:21 INFO dnd: armed ability fired (turn-based build) user=@sim:fighter-l12-goblin_warrens-74 ability="Second Wind"
2026/05/17 13:55:21 INFO dnd: armed ability fired (turn-based build) user=@sim:fighter-l12-goblin_warrens-74 ability="Second Wind"
2026/05/17 13:55:21 INFO database initialized path=/tmp/expedition-sim-1943561543/gogobee.db
2026/05/17 13:55:21 INFO database initialized path=/tmp/expedition-sim-752033524/gogobee.db
2026/05/17 13:55:21 INFO dnd: armed ability fired (turn-based build) user=@sim:fighter-l3-goblin_warrens-72 ability="Second Wind"
2026/05/17 13:55:21 INFO database initialized path=/tmp/expedition-sim-339009348/gogobee.db
2026/05/17 13:55:21 INFO dnd: armed ability fired (turn-based build) user=@sim:fighter-l7-dragons_lair-74 ability="Second Wind"
2026/05/17 13:55:21 INFO dnd: armed ability fired (turn-based build) user=@sim:fighter-l3-goblin_warrens-72 ability="Second Wind"
2026/05/17 13:55:21 INFO dnd: armed ability fired (turn-based build) user=@sim:fighter-l7-goblin_warrens-74 ability="Second Wind"
2026/05/17 13:55:21 INFO dnd: armed ability fired (turn-based build) user=@sim:fighter-l7-dragons_lair-74 ability="Second Wind"
2026/05/17 13:55:21 INFO dnd: armed ability fired (turn-based build) user=@sim:fighter-l7-goblin_warrens-74 ability="Second Wind"
2026/05/17 13:55:21 INFO dnd: armed ability fired (turn-based build) user=@sim:fighter-l3-goblin_warrens-72 ability="Second Wind"
2026/05/17 13:55:21 INFO dnd: armed ability fired (turn-based build) user=@sim:fighter-l7-dragons_lair-74 ability="Second Wind"
2026/05/17 13:55:21 INFO database initialized path=/tmp/expedition-sim-808087268/gogobee.db
2026/05/17 13:55:21 INFO database initialized path=/tmp/expedition-sim-682499431/gogobee.db
2026/05/17 13:55:21 INFO dnd: armed ability fired (turn-based build) user=@sim:fighter-l7-goblin_warrens-74 ability="Second Wind"
2026/05/17 13:55:21 INFO dnd: armed ability fired (turn-based build) user=@sim:fighter-l3-manor_blackspire-81 ability="Second Wind"
2026/05/17 13:55:21 INFO dnd: armed ability fired (turn-based build) user=@sim:fighter-l3-manor_blackspire-81 ability="Second Wind"
2026/05/17 13:55:21 INFO dnd: armed ability fired (turn-based build) user=@sim:fighter-l3-manor_blackspire-81 ability="Second Wind"
2026/05/17 13:55:21 INFO database initialized path=/tmp/expedition-sim-2093443879/gogobee.db
2026/05/17 13:55:21 INFO dnd: armed ability fired (turn-based build) user=@sim:fighter-l7-manor_blackspire-76 ability="Second Wind"
2026/05/17 13:55:21 INFO dnd: armed ability fired (turn-based build) user=@sim:fighter-l7-manor_blackspire-76 ability="Second Wind"
2026/05/17 13:55:21 INFO dnd: armed ability fired (turn-based build) user=@sim:fighter-l7-manor_blackspire-76 ability="Second Wind"
2026/05/17 13:55:21 INFO database initialized path=/tmp/expedition-sim-1979952862/gogobee.db
2026/05/17 13:55:21 INFO dnd: armed ability fired (turn-based build) user=@sim:fighter-l7-underdark-60 ability="Second Wind"
2026/05/17 13:55:21 INFO dnd: armed ability fired (turn-based build) user=@sim:fighter-l7-underdark-60 ability="Second Wind"
2026/05/17 13:55:21 INFO dnd: armed ability fired (turn-based build) user=@sim:fighter-l7-underdark-60 ability="Second Wind"
2026/05/17 13:55:21 INFO database initialized path=/tmp/expedition-sim-336084299/gogobee.db
2026/05/17 13:55:21 INFO dnd: armed ability fired (turn-based build) user=@sim:fighter-l7-forest_shadows-63 ability="Second Wind"
2026/05/17 13:55:21 INFO database initialized path=/tmp/expedition-sim-266031416/gogobee.db
2026/05/17 13:55:21 INFO dnd: armed ability fired (turn-based build) user=@sim:fighter-l7-forest_shadows-63 ability="Second Wind"
2026/05/17 13:55:21 INFO database initialized path=/tmp/expedition-sim-2895023773/gogobee.db
2026/05/17 13:55:21 INFO dnd: armed ability fired (turn-based build) user=@sim:fighter-l3-forest_shadows-64 ability="Second Wind"
2026/05/17 13:55:21 INFO dnd: armed ability fired (turn-based build) user=@sim:fighter-l7-forest_shadows-63 ability="Second Wind"
2026/05/17 13:55:21 INFO dnd: armed ability fired (turn-based build) user=@sim:fighter-l3-forest_shadows-64 ability="Second Wind"
2026/05/17 13:55:21 INFO dnd: armed ability fired (turn-based build) user=@sim:fighter-l3-forest_shadows-64 ability="Second Wind"
2026/05/17 13:55:21 INFO database initialized path=/tmp/expedition-sim-1050642514/gogobee.db
2026/05/17 13:55:21 INFO dnd: armed ability fired (turn-based build) user=@sim:fighter-l12-goblin_warrens-75 ability="Second Wind"
2026/05/17 13:55:21 INFO dnd: armed ability fired (turn-based build) user=@sim:fighter-l12-goblin_warrens-75 ability="Second Wind"
2026/05/17 13:55:21 INFO dnd: armed ability fired (turn-based build) user=@sim:fighter-l12-goblin_warrens-75 ability="Second Wind"
2026/05/17 13:55:21 INFO database initialized path=/tmp/expedition-sim-575233810/gogobee.db
2026/05/17 13:55:22 INFO database initialized path=/tmp/expedition-sim-1985321898/gogobee.db
2026/05/17 13:55:22 INFO database initialized path=/tmp/expedition-sim-149642412/gogobee.db
2026/05/17 13:55:22 INFO dnd: armed ability fired (turn-based build) user=@sim:fighter-l12-forest_shadows-56 ability="Second Wind"
2026/05/17 13:55:22 INFO dnd: armed ability fired (turn-based build) user=@sim:fighter-l3-goblin_warrens-73 ability="Second Wind"
2026/05/17 13:55:22 INFO dnd: armed ability fired (turn-based build) user=@sim:fighter-l12-manor_blackspire-65 ability="Second Wind"
2026/05/17 13:55:22 INFO dnd: armed ability fired (turn-based build) user=@sim:fighter-l12-manor_blackspire-65 ability="Second Wind"
2026/05/17 13:55:22 INFO dnd: armed ability fired (turn-based build) user=@sim:fighter-l3-goblin_warrens-73 ability="Second Wind"
2026/05/17 13:55:22 INFO dnd: armed ability fired (turn-based build) user=@sim:fighter-l12-forest_shadows-56 ability="Second Wind"
2026/05/17 13:55:22 INFO dnd: armed ability fired (turn-based build) user=@sim:fighter-l12-manor_blackspire-65 ability="Second Wind"
2026/05/17 13:55:22 INFO dnd: armed ability fired (turn-based build) user=@sim:fighter-l3-goblin_warrens-73 ability="Second Wind"
2026/05/17 13:55:22 INFO dnd: armed ability fired (turn-based build) user=@sim:fighter-l12-forest_shadows-56 ability="Second Wind"
2026/05/17 13:55:22 INFO database initialized path=/tmp/expedition-sim-2599368018/gogobee.db
2026/05/17 13:55:22 INFO database initialized path=/tmp/expedition-sim-2792659063/gogobee.db
2026/05/17 13:55:22 INFO dnd: armed ability fired (turn-based build) user=@sim:fighter-l7-goblin_warrens-75 ability="Second Wind"
2026/05/17 13:55:22 INFO dnd: armed ability fired (turn-based build) user=@sim:fighter-l7-goblin_warrens-75 ability="Second Wind"
2026/05/17 13:55:22 INFO dnd: armed ability fired (turn-based build) user=@sim:fighter-l7-goblin_warrens-75 ability="Second Wind"
2026/05/17 13:55:22 INFO database initialized path=/tmp/expedition-sim-3523445844/gogobee.db
2026/05/17 13:55:22 INFO dnd: armed ability fired (turn-based build) user=@sim:fighter-l12-underdark-67 ability="Second Wind"
2026/05/17 13:55:22 INFO database initialized path=/tmp/expedition-sim-2946447401/gogobee.db
2026/05/17 13:55:22 INFO dnd: armed ability fired (turn-based build) user=@sim:fighter-l12-underdark-67 ability="Second Wind"
2026/05/17 13:55:22 INFO dnd: armed ability fired (turn-based build) user=@sim:fighter-l3-manor_blackspire-82 ability="Second Wind"
2026/05/17 13:55:22 INFO dnd: armed ability fired (turn-based build) user=@sim:fighter-l12-underdark-67 ability="Second Wind"
2026/05/17 13:55:22 INFO dnd: armed ability fired (turn-based build) user=@sim:fighter-l3-manor_blackspire-82 ability="Second Wind"
2026/05/17 13:55:22 INFO database initialized path=/tmp/expedition-sim-180247259/gogobee.db
2026/05/17 13:55:22 INFO dnd: armed ability fired (turn-based build) user=@sim:fighter-l3-manor_blackspire-82 ability="Second Wind"
2026/05/17 13:55:22 INFO dnd: armed ability fired (turn-based build) user=@sim:fighter-l7-manor_blackspire-77 ability="Second Wind"
2026/05/17 13:55:22 INFO dnd: armed ability fired (turn-based build) user=@sim:fighter-l7-manor_blackspire-77 ability="Second Wind"
2026/05/17 13:55:22 INFO dnd: armed ability fired (turn-based build) user=@sim:fighter-l7-manor_blackspire-77 ability="Second Wind"
2026/05/17 13:55:22 INFO database initialized path=/tmp/expedition-sim-696822894/gogobee.db
2026/05/17 13:55:22 INFO database initialized path=/tmp/expedition-sim-4250070174/gogobee.db
2026/05/17 13:55:22 INFO dnd: armed ability fired (turn-based build) user=@sim:fighter-l3-forest_shadows-65 ability="Second Wind"
2026/05/17 13:55:22 INFO dnd: armed ability fired (turn-based build) user=@sim:fighter-l3-forest_shadows-65 ability="Second Wind"
2026/05/17 13:55:22 INFO dnd: armed ability fired (turn-based build) user=@sim:fighter-l3-forest_shadows-65 ability="Second Wind"
2026/05/17 13:55:22 INFO database initialized path=/tmp/expedition-sim-1976518008/gogobee.db
2026/05/17 13:55:22 INFO database initialized path=/tmp/expedition-sim-3468310246/gogobee.db
2026/05/17 13:55:22 INFO dnd: armed ability fired (turn-based build) user=@sim:fighter-l7-dragons_lair-75 ability="Second Wind"
2026/05/17 13:55:22 INFO dnd: armed ability fired (turn-based build) user=@sim:fighter-l7-underdark-61 ability="Second Wind"
2026/05/17 13:55:22 INFO dnd: armed ability fired (turn-based build) user=@sim:fighter-l7-dragons_lair-75 ability="Second Wind"
2026/05/17 13:55:22 INFO dnd: armed ability fired (turn-based build) user=@sim:fighter-l7-underdark-61 ability="Second Wind"
2026/05/17 13:55:22 INFO dnd: armed ability fired (turn-based build) user=@sim:fighter-l7-dragons_lair-75 ability="Second Wind"
2026/05/17 13:55:22 INFO dnd: armed ability fired (turn-based build) user=@sim:fighter-l7-underdark-61 ability="Second Wind"
2026/05/17 13:55:22 INFO database initialized path=/tmp/expedition-sim-3503718070/gogobee.db
2026/05/17 13:55:22 INFO database initialized path=/tmp/expedition-sim-641141842/gogobee.db
2026/05/17 13:55:22 INFO dnd: armed ability fired (turn-based build) user=@sim:fighter-l12-goblin_warrens-76 ability="Second Wind"
2026/05/17 13:55:22 INFO database initialized path=/tmp/expedition-sim-4129359892/gogobee.db
2026/05/17 13:55:22 INFO dnd: armed ability fired (turn-based build) user=@sim:fighter-l12-goblin_warrens-76 ability="Second Wind"
2026/05/17 13:55:22 INFO dnd: armed ability fired (turn-based build) user=@sim:fighter-l7-forest_shadows-64 ability="Second Wind"
2026/05/17 13:55:22 INFO dnd: armed ability fired (turn-based build) user=@sim:fighter-l7-forest_shadows-64 ability="Second Wind"
2026/05/17 13:55:22 INFO dnd: armed ability fired (turn-based build) user=@sim:fighter-l12-goblin_warrens-76 ability="Second Wind"
2026/05/17 13:55:22 INFO dnd: armed ability fired (turn-based build) user=@sim:fighter-l7-forest_shadows-64 ability="Second Wind"
2026/05/17 13:55:22 INFO database initialized path=/tmp/expedition-sim-495526427/gogobee.db
2026/05/17 13:55:22 INFO dnd: armed ability fired (turn-based build) user=@sim:fighter-l12-manor_blackspire-66 ability="Second Wind"
2026/05/17 13:55:22 INFO database initialized path=/tmp/expedition-sim-1518560997/gogobee.db
2026/05/17 13:55:22 INFO dnd: armed ability fired (turn-based build) user=@sim:fighter-l12-manor_blackspire-66 ability="Second Wind"
2026/05/17 13:55:22 INFO dnd: armed ability fired (turn-based build) user=@sim:fighter-l7-goblin_warrens-76 ability="Second Wind"
2026/05/17 13:55:22 INFO database initialized path=/tmp/expedition-sim-93854308/gogobee.db
2026/05/17 13:55:22 INFO dnd: armed ability fired (turn-based build) user=@sim:fighter-l7-goblin_warrens-76 ability="Second Wind"
2026/05/17 13:55:22 INFO dnd: armed ability fired (turn-based build) user=@sim:fighter-l12-manor_blackspire-66 ability="Second Wind"
2026/05/17 13:55:22 INFO dnd: armed ability fired (turn-based build) user=@sim:fighter-l3-goblin_warrens-74 ability="Second Wind"
2026/05/17 13:55:22 INFO dnd: armed ability fired (turn-based build) user=@sim:fighter-l7-goblin_warrens-76 ability="Second Wind"
2026/05/17 13:55:22 INFO dnd: armed ability fired (turn-based build) user=@sim:fighter-l3-goblin_warrens-74 ability="Second Wind"
2026/05/17 13:55:22 INFO dnd: armed ability fired (turn-based build) user=@sim:fighter-l3-goblin_warrens-74 ability="Second Wind"
2026/05/17 13:55:22 INFO database initialized path=/tmp/expedition-sim-3062869921/gogobee.db
2026/05/17 13:55:22 INFO database initialized path=/tmp/expedition-sim-2082968901/gogobee.db
2026/05/17 13:55:22 INFO dnd: armed ability fired (turn-based build) user=@sim:fighter-l7-manor_blackspire-78 ability="Second Wind"
2026/05/17 13:55:22 INFO database initialized path=/tmp/expedition-sim-2264944113/gogobee.db
2026/05/17 13:55:22 INFO dnd: armed ability fired (turn-based build) user=@sim:fighter-l12-underdark-68 ability="Second Wind"
2026/05/17 13:55:22 INFO dnd: armed ability fired (turn-based build) user=@sim:fighter-l7-manor_blackspire-78 ability="Second Wind"
2026/05/17 13:55:22 INFO dnd: armed ability fired (turn-based build) user=@sim:fighter-l3-forest_shadows-66 ability="Second Wind"
2026/05/17 13:55:22 INFO dnd: armed ability fired (turn-based build) user=@sim:fighter-l12-underdark-68 ability="Second Wind"
2026/05/17 13:55:22 INFO dnd: armed ability fired (turn-based build) user=@sim:fighter-l7-manor_blackspire-78 ability="Second Wind"
2026/05/17 13:55:22 INFO dnd: armed ability fired (turn-based build) user=@sim:fighter-l3-forest_shadows-66 ability="Second Wind"
2026/05/17 13:55:22 INFO dnd: armed ability fired (turn-based build) user=@sim:fighter-l12-underdark-68 ability="Second Wind"
2026/05/17 13:55:22 INFO dnd: armed ability fired (turn-based build) user=@sim:fighter-l3-forest_shadows-66 ability="Second Wind"
2026/05/17 13:55:22 INFO database initialized path=/tmp/expedition-sim-1271717817/gogobee.db
2026/05/17 13:55:22 INFO dnd: armed ability fired (turn-based build) user=@sim:fighter-l3-manor_blackspire-83 ability="Second Wind"
2026/05/17 13:55:22 INFO dnd: armed ability fired (turn-based build) user=@sim:fighter-l3-manor_blackspire-83 ability="Second Wind"
2026/05/17 13:55:22 INFO dnd: armed ability fired (turn-based build) user=@sim:fighter-l3-manor_blackspire-83 ability="Second Wind"
2026/05/17 13:55:22 INFO database initialized path=/tmp/expedition-sim-3491362998/gogobee.db
2026/05/17 13:55:22 INFO database initialized path=/tmp/expedition-sim-1611724968/gogobee.db
2026/05/17 13:55:22 INFO dnd: armed ability fired (turn-based build) user=@sim:fighter-l12-forest_shadows-57 ability="Second Wind"
2026/05/17 13:55:22 INFO dnd: armed ability fired (turn-based build) user=@sim:fighter-l7-dragons_lair-76 ability="Second Wind"
2026/05/17 13:55:22 INFO dnd: armed ability fired (turn-based build) user=@sim:fighter-l7-dragons_lair-76 ability="Second Wind"
2026/05/17 13:55:22 INFO dnd: armed ability fired (turn-based build) user=@sim:fighter-l12-forest_shadows-57 ability="Second Wind"
2026/05/17 13:55:22 INFO dnd: armed ability fired (turn-based build) user=@sim:fighter-l7-dragons_lair-76 ability="Second Wind"
2026/05/17 13:55:22 INFO dnd: armed ability fired (turn-based build) user=@sim:fighter-l12-forest_shadows-57 ability="Second Wind"
2026/05/17 13:55:22 INFO database initialized path=/tmp/expedition-sim-4042178709/gogobee.db
2026/05/17 13:55:22 INFO database initialized path=/tmp/expedition-sim-2759564786/gogobee.db
2026/05/17 13:55:22 INFO dnd: armed ability fired (turn-based build) user=@sim:fighter-l12-goblin_warrens-77 ability="Second Wind"
2026/05/17 13:55:22 INFO dnd: armed ability fired (turn-based build) user=@sim:fighter-l12-goblin_warrens-77 ability="Second Wind"
2026/05/17 13:55:22 INFO dnd: armed ability fired (turn-based build) user=@sim:fighter-l12-goblin_warrens-77 ability="Second Wind"
2026/05/17 13:55:22 INFO database initialized path=/tmp/expedition-sim-4048127729/gogobee.db
2026/05/17 13:55:22 INFO dnd: armed ability fired (turn-based build) user=@sim:fighter-l7-forest_shadows-65 ability="Second Wind"
2026/05/17 13:55:22 INFO database initialized path=/tmp/expedition-sim-2758828762/gogobee.db
2026/05/17 13:55:22 INFO dnd: armed ability fired (turn-based build) user=@sim:fighter-l7-forest_shadows-65 ability="Second Wind"
2026/05/17 13:55:22 INFO dnd: armed ability fired (turn-based build) user=@sim:fighter-l7-forest_shadows-65 ability="Second Wind"
2026/05/17 13:55:22 INFO database initialized path=/tmp/expedition-sim-2297429912/gogobee.db
2026/05/17 13:55:22 INFO dnd: armed ability fired (turn-based build) user=@sim:fighter-l7-underdark-62 ability="Second Wind"
2026/05/17 13:55:22 INFO dnd: armed ability fired (turn-based build) user=@sim:fighter-l12-manor_blackspire-67 ability="Second Wind"
2026/05/17 13:55:22 INFO database initialized path=/tmp/expedition-sim-585875864/gogobee.db
2026/05/17 13:55:22 INFO database initialized path=/tmp/expedition-sim-4082007167/gogobee.db
2026/05/17 13:55:22 INFO dnd: armed ability fired (turn-based build) user=@sim:fighter-l12-manor_blackspire-67 ability="Second Wind"
2026/05/17 13:55:22 INFO dnd: armed ability fired (turn-based build) user=@sim:fighter-l7-underdark-62 ability="Second Wind"
2026/05/17 13:55:23 INFO dnd: armed ability fired (turn-based build) user=@sim:fighter-l7-goblin_warrens-77 ability="Second Wind"
2026/05/17 13:55:23 INFO dnd: armed ability fired (turn-based build) user=@sim:fighter-l3-goblin_warrens-75 ability="Second Wind"
2026/05/17 13:55:23 INFO dnd: armed ability fired (turn-based build) user=@sim:fighter-l12-manor_blackspire-67 ability="Second Wind"
2026/05/17 13:55:23 INFO dnd: armed ability fired (turn-based build) user=@sim:fighter-l7-underdark-62 ability="Second Wind"
2026/05/17 13:55:23 INFO dnd: armed ability fired (turn-based build) user=@sim:fighter-l3-goblin_warrens-75 ability="Second Wind"
2026/05/17 13:55:23 INFO dnd: armed ability fired (turn-based build) user=@sim:fighter-l7-goblin_warrens-77 ability="Second Wind"
2026/05/17 13:55:23 INFO dnd: armed ability fired (turn-based build) user=@sim:fighter-l3-goblin_warrens-75 ability="Second Wind"
2026/05/17 13:55:23 INFO dnd: armed ability fired (turn-based build) user=@sim:fighter-l7-goblin_warrens-77 ability="Second Wind"
2026/05/17 13:55:23 INFO database initialized path=/tmp/expedition-sim-1410063293/gogobee.db
2026/05/17 13:55:23 INFO database initialized path=/tmp/expedition-sim-471041138/gogobee.db
2026/05/17 13:55:23 INFO dnd: armed ability fired (turn-based build) user=@sim:fighter-l3-forest_shadows-67 ability="Second Wind"
2026/05/17 13:55:23 INFO dnd: armed ability fired (turn-based build) user=@sim:fighter-l7-manor_blackspire-79 ability="Second Wind"
2026/05/17 13:55:23 INFO dnd: armed ability fired (turn-based build) user=@sim:fighter-l3-forest_shadows-67 ability="Second Wind"
2026/05/17 13:55:23 INFO database initialized path=/tmp/expedition-sim-1160071793/gogobee.db
2026/05/17 13:55:23 INFO dnd: armed ability fired (turn-based build) user=@sim:fighter-l3-forest_shadows-67 ability="Second Wind"
2026/05/17 13:55:23 INFO dnd: armed ability fired (turn-based build) user=@sim:fighter-l7-manor_blackspire-79 ability="Second Wind"
2026/05/17 13:55:23 INFO dnd: armed ability fired (turn-based build) user=@sim:fighter-l3-manor_blackspire-84 ability="Second Wind"
2026/05/17 13:55:23 INFO dnd: armed ability fired (turn-based build) user=@sim:fighter-l7-manor_blackspire-79 ability="Second Wind"
2026/05/17 13:55:23 INFO dnd: armed ability fired (turn-based build) user=@sim:fighter-l3-manor_blackspire-84 ability="Second Wind"
2026/05/17 13:55:23 INFO dnd: armed ability fired (turn-based build) user=@sim:fighter-l3-manor_blackspire-84 ability="Second Wind"
2026/05/17 13:55:23 INFO database initialized path=/tmp/expedition-sim-4071396603/gogobee.db
2026/05/17 13:55:23 INFO database initialized path=/tmp/expedition-sim-800769667/gogobee.db
2026/05/17 13:55:23 INFO dnd: armed ability fired (turn-based build) user=@sim:fighter-l12-underdark-69 ability="Second Wind"
2026/05/17 13:55:23 INFO dnd: armed ability fired (turn-based build) user=@sim:fighter-l12-underdark-69 ability="Second Wind"
2026/05/17 13:55:23 INFO dnd: armed ability fired (turn-based build) user=@sim:fighter-l7-dragons_lair-77 ability="Second Wind"
2026/05/17 13:55:23 INFO dnd: armed ability fired (turn-based build) user=@sim:fighter-l12-underdark-69 ability="Second Wind"
2026/05/17 13:55:23 INFO dnd: armed ability fired (turn-based build) user=@sim:fighter-l7-dragons_lair-77 ability="Second Wind"
2026/05/17 13:55:23 INFO dnd: armed ability fired (turn-based build) user=@sim:fighter-l7-dragons_lair-77 ability="Second Wind"
2026/05/17 13:55:23 INFO database initialized path=/tmp/expedition-sim-2615812684/gogobee.db
2026/05/17 13:55:23 INFO database initialized path=/tmp/expedition-sim-4054235705/gogobee.db
2026/05/17 13:55:23 INFO dnd: armed ability fired (turn-based build) user=@sim:fighter-l12-forest_shadows-58 ability="Second Wind"
2026/05/17 13:55:23 INFO database initialized path=/tmp/expedition-sim-730482913/gogobee.db
2026/05/17 13:55:23 INFO dnd: armed ability fired (turn-based build) user=@sim:fighter-l12-forest_shadows-58 ability="Second Wind"
2026/05/17 13:55:23 INFO dnd: armed ability fired (turn-based build) user=@sim:fighter-l12-goblin_warrens-78 ability="Second Wind"
2026/05/17 13:55:23 INFO dnd: armed ability fired (turn-based build) user=@sim:fighter-l12-forest_shadows-58 ability="Second Wind"
2026/05/17 13:55:23 INFO dnd: armed ability fired (turn-based build) user=@sim:fighter-l12-goblin_warrens-78 ability="Second Wind"
2026/05/17 13:55:23 INFO dnd: armed ability fired (turn-based build) user=@sim:fighter-l12-goblin_warrens-78 ability="Second Wind"
2026/05/17 13:55:23 INFO database initialized path=/tmp/expedition-sim-1051401315/gogobee.db
2026/05/17 13:55:23 INFO dnd: armed ability fired (turn-based build) user=@sim:fighter-l12-manor_blackspire-68 ability="Second Wind"
2026/05/17 13:55:23 INFO dnd: armed ability fired (turn-based build) user=@sim:fighter-l12-manor_blackspire-68 ability="Second Wind"
2026/05/17 13:55:23 INFO dnd: armed ability fired (turn-based build) user=@sim:fighter-l12-manor_blackspire-68 ability="Second Wind"
2026/05/17 13:55:23 INFO database initialized path=/tmp/expedition-sim-3199488787/gogobee.db
2026/05/17 13:55:23 INFO dnd: armed ability fired (turn-based build) user=@sim:fighter-l7-forest_shadows-66 ability="Second Wind"
2026/05/17 13:55:23 INFO dnd: armed ability fired (turn-based build) user=@sim:fighter-l7-forest_shadows-66 ability="Second Wind"
2026/05/17 13:55:23 INFO dnd: armed ability fired (turn-based build) user=@sim:fighter-l7-forest_shadows-66 ability="Second Wind"
2026/05/17 13:55:23 INFO database initialized path=/tmp/expedition-sim-9544124/gogobee.db
2026/05/17 13:55:23 INFO database initialized path=/tmp/expedition-sim-926487731/gogobee.db
2026/05/17 13:55:23 INFO database initialized path=/tmp/expedition-sim-421926865/gogobee.db
2026/05/17 13:55:23 INFO dnd: armed ability fired (turn-based build) user=@sim:fighter-l7-manor_blackspire-80 ability="Second Wind"
2026/05/17 13:55:23 INFO database initialized path=/tmp/expedition-sim-2098863928/gogobee.db
2026/05/17 13:55:23 INFO dnd: armed ability fired (turn-based build) user=@sim:fighter-l3-manor_blackspire-85 ability="Second Wind"
2026/05/17 13:55:23 INFO dnd: armed ability fired (turn-based build) user=@sim:fighter-l7-underdark-63 ability="Second Wind"
2026/05/17 13:55:23 INFO dnd: armed ability fired (turn-based build) user=@sim:fighter-l7-manor_blackspire-80 ability="Second Wind"
2026/05/17 13:55:23 INFO database initialized path=/tmp/expedition-sim-1169335254/gogobee.db
2026/05/17 13:55:23 INFO dnd: armed ability fired (turn-based build) user=@sim:fighter-l3-manor_blackspire-85 ability="Second Wind"
2026/05/17 13:55:23 INFO dnd: armed ability fired (turn-based build) user=@sim:fighter-l7-underdark-63 ability="Second Wind"
2026/05/17 13:55:23 INFO dnd: armed ability fired (turn-based build) user=@sim:fighter-l7-manor_blackspire-80 ability="Second Wind"
2026/05/17 13:55:23 INFO dnd: armed ability fired (turn-based build) user=@sim:fighter-l3-manor_blackspire-85 ability="Second Wind"
2026/05/17 13:55:23 INFO dnd: armed ability fired (turn-based build) user=@sim:fighter-l3-forest_shadows-68 ability="Second Wind"
2026/05/17 13:55:23 INFO dnd: armed ability fired (turn-based build) user=@sim:fighter-l7-underdark-63 ability="Second Wind"
2026/05/17 13:55:23 INFO dnd: armed ability fired (turn-based build) user=@sim:fighter-l3-goblin_warrens-76 ability="Second Wind"
2026/05/17 13:55:23 INFO dnd: armed ability fired (turn-based build) user=@sim:fighter-l3-forest_shadows-68 ability="Second Wind"
2026/05/17 13:55:23 INFO dnd: armed ability fired (turn-based build) user=@sim:fighter-l3-goblin_warrens-76 ability="Second Wind"
2026/05/17 13:55:23 INFO dnd: armed ability fired (turn-based build) user=@sim:fighter-l3-forest_shadows-68 ability="Second Wind"
2026/05/17 13:55:23 INFO dnd: armed ability fired (turn-based build) user=@sim:fighter-l3-goblin_warrens-76 ability="Second Wind"
2026/05/17 13:55:23 INFO database initialized path=/tmp/expedition-sim-2746508760/gogobee.db
2026/05/17 13:55:23 INFO dnd: armed ability fired (turn-based build) user=@sim:fighter-l7-goblin_warrens-78 ability="Second Wind"
2026/05/17 13:55:23 INFO dnd: armed ability fired (turn-based build) user=@sim:fighter-l7-goblin_warrens-78 ability="Second Wind"
2026/05/17 13:55:23 INFO dnd: armed ability fired (turn-based build) user=@sim:fighter-l7-goblin_warrens-78 ability="Second Wind"
2026/05/17 13:55:23 INFO database initialized path=/tmp/expedition-sim-1097973258/gogobee.db
2026/05/17 13:55:23 INFO database initialized path=/tmp/expedition-sim-2107590387/gogobee.db
2026/05/17 13:55:23 INFO dnd: armed ability fired (turn-based build) user=@sim:fighter-l12-underdark-70 ability="Second Wind"
2026/05/17 13:55:23 INFO dnd: armed ability fired (turn-based build) user=@sim:fighter-l12-forest_shadows-59 ability="Second Wind"
2026/05/17 13:55:23 INFO dnd: armed ability fired (turn-based build) user=@sim:fighter-l12-forest_shadows-59 ability="Second Wind"
2026/05/17 13:55:23 INFO database initialized path=/tmp/expedition-sim-4003424245/gogobee.db
2026/05/17 13:55:23 INFO dnd: armed ability fired (turn-based build) user=@sim:fighter-l12-forest_shadows-59 ability="Second Wind"
2026/05/17 13:55:23 INFO dnd: armed ability fired (turn-based build) user=@sim:fighter-l12-underdark-70 ability="Second Wind"
2026/05/17 13:55:23 INFO dnd: armed ability fired (turn-based build) user=@sim:fighter-l7-dragons_lair-78 ability="Second Wind"
2026/05/17 13:55:23 INFO dnd: armed ability fired (turn-based build) user=@sim:fighter-l12-underdark-70 ability="Second Wind"
2026/05/17 13:55:23 INFO dnd: armed ability fired (turn-based build) user=@sim:fighter-l7-dragons_lair-78 ability="Second Wind"
2026/05/17 13:55:23 INFO dnd: armed ability fired (turn-based build) user=@sim:fighter-l7-dragons_lair-78 ability="Second Wind"
2026/05/17 13:55:23 INFO database initialized path=/tmp/expedition-sim-173740320/gogobee.db
2026/05/17 13:55:23 INFO dnd: armed ability fired (turn-based build) user=@sim:fighter-l12-goblin_warrens-79 ability="Second Wind"
2026/05/17 13:55:23 INFO dnd: armed ability fired (turn-based build) user=@sim:fighter-l12-goblin_warrens-79 ability="Second Wind"
2026/05/17 13:55:23 INFO dnd: armed ability fired (turn-based build) user=@sim:fighter-l12-goblin_warrens-79 ability="Second Wind"
2026/05/17 13:55:23 INFO database initialized path=/tmp/expedition-sim-624989710/gogobee.db
2026/05/17 13:55:23 INFO dnd: armed ability fired (turn-based build) user=@sim:fighter-l3-forest_shadows-69 ability="Second Wind"
2026/05/17 13:55:23 INFO database initialized path=/tmp/expedition-sim-1987784130/gogobee.db
2026/05/17 13:55:23 INFO dnd: armed ability fired (turn-based build) user=@sim:fighter-l3-forest_shadows-69 ability="Second Wind"
2026/05/17 13:55:23 INFO dnd: armed ability fired (turn-based build) user=@sim:fighter-l3-manor_blackspire-86 ability="Second Wind"
2026/05/17 13:55:23 INFO database initialized path=/tmp/expedition-sim-1226335009/gogobee.db
2026/05/17 13:55:23 INFO dnd: armed ability fired (turn-based build) user=@sim:fighter-l3-manor_blackspire-86 ability="Second Wind"
2026/05/17 13:55:23 INFO dnd: armed ability fired (turn-based build) user=@sim:fighter-l3-forest_shadows-69 ability="Second Wind"
2026/05/17 13:55:23 INFO dnd: armed ability fired (turn-based build) user=@sim:fighter-l7-forest_shadows-67 ability="Second Wind"
2026/05/17 13:55:23 INFO dnd: armed ability fired (turn-based build) user=@sim:fighter-l3-manor_blackspire-86 ability="Second Wind"
2026/05/17 13:55:23 INFO database initialized path=/tmp/expedition-sim-3563310406/gogobee.db
2026/05/17 13:55:23 INFO dnd: armed ability fired (turn-based build) user=@sim:fighter-l7-forest_shadows-67 ability="Second Wind"
2026/05/17 13:55:23 INFO dnd: armed ability fired (turn-based build) user=@sim:fighter-l7-forest_shadows-67 ability="Second Wind"
2026/05/17 13:55:24 INFO dnd: armed ability fired (turn-based build) user=@sim:fighter-l7-manor_blackspire-81 ability="Second Wind"
2026/05/17 13:55:24 INFO dnd: armed ability fired (turn-based build) user=@sim:fighter-l7-manor_blackspire-81 ability="Second Wind"
2026/05/17 13:55:24 INFO dnd: armed ability fired (turn-based build) user=@sim:fighter-l7-manor_blackspire-81 ability="Second Wind"
2026/05/17 13:55:24 INFO database initialized path=/tmp/expedition-sim-3998213278/gogobee.db
2026/05/17 13:55:24 INFO dnd: armed ability fired (turn-based build) user=@sim:fighter-l12-manor_blackspire-69 ability="Second Wind"
2026/05/17 13:55:24 INFO database initialized path=/tmp/expedition-sim-2285467104/gogobee.db
2026/05/17 13:55:24 INFO dnd: armed ability fired (turn-based build) user=@sim:fighter-l12-manor_blackspire-69 ability="Second Wind"
2026/05/17 13:55:24 INFO dnd: armed ability fired (turn-based build) user=@sim:fighter-l3-goblin_warrens-77 ability="Second Wind"
2026/05/17 13:55:24 INFO dnd: armed ability fired (turn-based build) user=@sim:fighter-l12-manor_blackspire-69 ability="Second Wind"
2026/05/17 13:55:24 INFO dnd: armed ability fired (turn-based build) user=@sim:fighter-l3-goblin_warrens-77 ability="Second Wind"
2026/05/17 13:55:24 INFO dnd: armed ability fired (turn-based build) user=@sim:fighter-l3-goblin_warrens-77 ability="Second Wind"
2026/05/17 13:55:24 INFO database initialized path=/tmp/expedition-sim-3216794685/gogobee.db
2026/05/17 13:55:24 INFO dnd: armed ability fired (turn-based build) user=@sim:fighter-l7-goblin_warrens-79 ability="Second Wind"
2026/05/17 13:55:24 INFO dnd: armed ability fired (turn-based build) user=@sim:fighter-l7-goblin_warrens-79 ability="Second Wind"
2026/05/17 13:55:24 INFO dnd: armed ability fired (turn-based build) user=@sim:fighter-l7-goblin_warrens-79 ability="Second Wind"
2026/05/17 13:55:24 INFO database initialized path=/tmp/expedition-sim-1289024016/gogobee.db
2026/05/17 13:55:24 INFO dnd: armed ability fired (turn-based build) user=@sim:fighter-l7-dragons_lair-79 ability="Second Wind"
2026/05/17 13:55:24 INFO dnd: armed ability fired (turn-based build) user=@sim:fighter-l7-dragons_lair-79 ability="Second Wind"
2026/05/17 13:55:24 INFO dnd: armed ability fired (turn-based build) user=@sim:fighter-l7-dragons_lair-79 ability="Second Wind"
2026/05/17 13:55:24 INFO database initialized path=/tmp/expedition-sim-1675586386/gogobee.db
2026/05/17 13:55:24 INFO dnd: armed ability fired (turn-based build) user=@sim:fighter-l12-underdark-71 ability="Second Wind"
2026/05/17 13:55:24 INFO dnd: armed ability fired (turn-based build) user=@sim:fighter-l12-underdark-71 ability="Second Wind"
2026/05/17 13:55:24 INFO dnd: armed ability fired (turn-based build) user=@sim:fighter-l12-underdark-71 ability="Second Wind"
2026/05/17 13:55:24 INFO database initialized path=/tmp/expedition-sim-641048352/gogobee.db
2026/05/17 13:55:24 INFO dnd: armed ability fired (turn-based build) user=@sim:fighter-l12-forest_shadows-60 ability="Second Wind"
2026/05/17 13:55:24 INFO dnd: armed ability fired (turn-based build) user=@sim:fighter-l12-forest_shadows-60 ability="Second Wind"
2026/05/17 13:55:24 INFO database initialized path=/tmp/expedition-sim-2101145692/gogobee.db
2026/05/17 13:55:24 INFO dnd: armed ability fired (turn-based build) user=@sim:fighter-l12-forest_shadows-60 ability="Second Wind"
2026/05/17 13:55:24 INFO dnd: armed ability fired (turn-based build) user=@sim:fighter-l7-underdark-64 ability="Second Wind"
2026/05/17 13:55:24 INFO dnd: armed ability fired (turn-based build) user=@sim:fighter-l7-underdark-64 ability="Second Wind"
2026/05/17 13:55:24 INFO dnd: armed ability fired (turn-based build) user=@sim:fighter-l7-underdark-64 ability="Second Wind"
2026/05/17 13:55:24 WARN auto-heal cleanup: short on inventory user=@sim:fighter-l7-underdark-64 wanted=1 removed=0
2026/05/17 13:55:24 INFO database initialized path=/tmp/expedition-sim-672413123/gogobee.db
2026/05/17 13:55:24 INFO database initialized path=/tmp/expedition-sim-958418698/gogobee.db
2026/05/17 13:55:24 INFO dnd: armed ability fired (turn-based build) user=@sim:fighter-l7-manor_blackspire-82 ability="Second Wind"
2026/05/17 13:55:24 INFO dnd: armed ability fired (turn-based build) user=@sim:fighter-l7-forest_shadows-68 ability="Second Wind"
2026/05/17 13:55:24 INFO dnd: armed ability fired (turn-based build) user=@sim:fighter-l7-manor_blackspire-82 ability="Second Wind"
2026/05/17 13:55:24 INFO dnd: armed ability fired (turn-based build) user=@sim:fighter-l7-forest_shadows-68 ability="Second Wind"
2026/05/17 13:55:24 INFO database initialized path=/tmp/expedition-sim-4036077350/gogobee.db
2026/05/17 13:55:24 INFO dnd: armed ability fired (turn-based build) user=@sim:fighter-l7-forest_shadows-68 ability="Second Wind"
2026/05/17 13:55:24 INFO dnd: armed ability fired (turn-based build) user=@sim:fighter-l7-manor_blackspire-82 ability="Second Wind"
2026/05/17 13:55:24 INFO dnd: armed ability fired (turn-based build) user=@sim:fighter-l3-forest_shadows-70 ability="Second Wind"
2026/05/17 13:55:24 INFO dnd: armed ability fired (turn-based build) user=@sim:fighter-l3-forest_shadows-70 ability="Second Wind"
2026/05/17 13:55:24 INFO dnd: armed ability fired (turn-based build) user=@sim:fighter-l3-forest_shadows-70 ability="Second Wind"
2026/05/17 13:55:24 INFO database initialized path=/tmp/expedition-sim-506438854/gogobee.db
2026/05/17 13:55:24 INFO dnd: armed ability fired (turn-based build) user=@sim:fighter-l7-goblin_warrens-80 ability="Second Wind"
2026/05/17 13:55:24 INFO dnd: armed ability fired (turn-based build) user=@sim:fighter-l7-goblin_warrens-80 ability="Second Wind"
2026/05/17 13:55:24 INFO database initialized path=/tmp/expedition-sim-1898305502/gogobee.db
2026/05/17 13:55:24 INFO database initialized path=/tmp/expedition-sim-3622064257/gogobee.db
2026/05/17 13:55:24 INFO dnd: armed ability fired (turn-based build) user=@sim:fighter-l12-manor_blackspire-70 ability="Second Wind"
2026/05/17 13:55:24 INFO dnd: armed ability fired (turn-based build) user=@sim:fighter-l7-goblin_warrens-80 ability="Second Wind"
2026/05/17 13:55:24 INFO dnd: armed ability fired (turn-based build) user=@sim:fighter-l12-manor_blackspire-70 ability="Second Wind"
2026/05/17 13:55:24 INFO dnd: armed ability fired (turn-based build) user=@sim:fighter-l3-manor_blackspire-87 ability="Second Wind"
2026/05/17 13:55:24 INFO dnd: armed ability fired (turn-based build) user=@sim:fighter-l12-manor_blackspire-70 ability="Second Wind"
2026/05/17 13:55:24 INFO dnd: armed ability fired (turn-based build) user=@sim:fighter-l3-manor_blackspire-87 ability="Second Wind"
2026/05/17 13:55:24 INFO dnd: armed ability fired (turn-based build) user=@sim:fighter-l3-manor_blackspire-87 ability="Second Wind"
2026/05/17 13:55:24 INFO database initialized path=/tmp/expedition-sim-2296977064/gogobee.db
2026/05/17 13:55:24 INFO dnd: armed ability fired (turn-based build) user=@sim:fighter-l3-goblin_warrens-78 ability="Second Wind"
2026/05/17 13:55:24 INFO database initialized path=/tmp/expedition-sim-2903315153/gogobee.db
2026/05/17 13:55:24 INFO database initialized path=/tmp/expedition-sim-856540327/gogobee.db
2026/05/17 13:55:24 INFO dnd: armed ability fired (turn-based build) user=@sim:fighter-l3-goblin_warrens-78 ability="Second Wind"
2026/05/17 13:55:24 INFO dnd: armed ability fired (turn-based build) user=@sim:fighter-l7-dragons_lair-80 ability="Second Wind"
2026/05/17 13:55:24 INFO dnd: armed ability fired (turn-based build) user=@sim:fighter-l7-dragons_lair-80 ability="Second Wind"
2026/05/17 13:55:24 INFO dnd: armed ability fired (turn-based build) user=@sim:fighter-l12-goblin_warrens-80 ability="Second Wind"
2026/05/17 13:55:24 INFO dnd: armed ability fired (turn-based build) user=@sim:fighter-l7-dragons_lair-80 ability="Second Wind"
2026/05/17 13:55:24 INFO dnd: armed ability fired (turn-based build) user=@sim:fighter-l12-goblin_warrens-80 ability="Second Wind"
2026/05/17 13:55:24 INFO dnd: armed ability fired (turn-based build) user=@sim:fighter-l3-goblin_warrens-78 ability="Second Wind"
2026/05/17 13:55:24 INFO dnd: armed ability fired (turn-based build) user=@sim:fighter-l12-goblin_warrens-80 ability="Second Wind"
2026/05/17 13:55:24 INFO database initialized path=/tmp/expedition-sim-1721413795/gogobee.db
2026/05/17 13:55:24 INFO dnd: armed ability fired (turn-based build) user=@sim:fighter-l12-underdark-72 ability="Second Wind"
2026/05/17 13:55:24 INFO dnd: armed ability fired (turn-based build) user=@sim:fighter-l12-underdark-72 ability="Second Wind"
2026/05/17 13:55:24 INFO dnd: armed ability fired (turn-based build) user=@sim:fighter-l12-underdark-72 ability="Second Wind"
2026/05/17 13:55:24 INFO database initialized path=/tmp/expedition-sim-3107347935/gogobee.db
2026/05/17 13:55:24 INFO dnd: armed ability fired (turn-based build) user=@sim:fighter-l7-manor_blackspire-83 ability="Second Wind"
2026/05/17 13:55:24 INFO dnd: armed ability fired (turn-based build) user=@sim:fighter-l7-manor_blackspire-83 ability="Second Wind"
2026/05/17 13:55:24 INFO dnd: armed ability fired (turn-based build) user=@sim:fighter-l7-manor_blackspire-83 ability="Second Wind"
2026/05/17 13:55:24 INFO database initialized path=/tmp/expedition-sim-4010865182/gogobee.db
2026/05/17 13:55:24 INFO dnd: armed ability fired (turn-based build) user=@sim:fighter-l7-underdark-65 ability="Second Wind"
2026/05/17 13:55:24 INFO dnd: armed ability fired (turn-based build) user=@sim:fighter-l7-underdark-65 ability="Second Wind"
2026/05/17 13:55:24 INFO database initialized path=/tmp/expedition-sim-3321041997/gogobee.db
2026/05/17 13:55:24 INFO database initialized path=/tmp/expedition-sim-1031564874/gogobee.db
2026/05/17 13:55:24 INFO database initialized path=/tmp/expedition-sim-4115844396/gogobee.db
2026/05/17 13:55:24 INFO dnd: armed ability fired (turn-based build) user=@sim:fighter-l7-underdark-65 ability="Second Wind"
2026/05/17 13:55:24 INFO dnd: armed ability fired (turn-based build) user=@sim:fighter-l7-goblin_warrens-81 ability="Second Wind"
2026/05/17 13:55:24 INFO dnd: armed ability fired (turn-based build) user=@sim:fighter-l3-forest_shadows-71 ability="Second Wind"
2026/05/17 13:55:24 INFO dnd: armed ability fired (turn-based build) user=@sim:fighter-l7-goblin_warrens-81 ability="Second Wind"
2026/05/17 13:55:24 INFO dnd: armed ability fired (turn-based build) user=@sim:fighter-l3-forest_shadows-71 ability="Second Wind"
2026/05/17 13:55:24 INFO dnd: armed ability fired (turn-based build) user=@sim:fighter-l7-goblin_warrens-81 ability="Second Wind"
2026/05/17 13:55:24 INFO dnd: armed ability fired (turn-based build) user=@sim:fighter-l12-forest_shadows-61 ability="Second Wind"
2026/05/17 13:55:24 INFO dnd: armed ability fired (turn-based build) user=@sim:fighter-l3-forest_shadows-71 ability="Second Wind"
2026/05/17 13:55:25 INFO dnd: armed ability fired (turn-based build) user=@sim:fighter-l12-forest_shadows-61 ability="Second Wind"
2026/05/17 13:55:25 INFO dnd: armed ability fired (turn-based build) user=@sim:fighter-l12-forest_shadows-61 ability="Second Wind"
2026/05/17 13:55:25 INFO database initialized path=/tmp/expedition-sim-3662054490/gogobee.db
2026/05/17 13:55:25 INFO dnd: armed ability fired (turn-based build) user=@sim:fighter-l12-manor_blackspire-71 ability="Second Wind"
2026/05/17 13:55:25 INFO dnd: armed ability fired (turn-based build) user=@sim:fighter-l12-manor_blackspire-71 ability="Second Wind"
2026/05/17 13:55:25 INFO database initialized path=/tmp/expedition-sim-1048469932/gogobee.db
2026/05/17 13:55:25 INFO dnd: armed ability fired (turn-based build) user=@sim:fighter-l12-manor_blackspire-71 ability="Second Wind"
2026/05/17 13:55:25 INFO dnd: armed ability fired (turn-based build) user=@sim:fighter-l7-dragons_lair-81 ability="Second Wind"
2026/05/17 13:55:25 INFO dnd: armed ability fired (turn-based build) user=@sim:fighter-l7-dragons_lair-81 ability="Second Wind"
2026/05/17 13:55:25 INFO dnd: armed ability fired (turn-based build) user=@sim:fighter-l7-dragons_lair-81 ability="Second Wind"
2026/05/17 13:55:25 INFO database initialized path=/tmp/expedition-sim-3827617292/gogobee.db
2026/05/17 13:55:25 INFO dnd: armed ability fired (turn-based build) user=@sim:fighter-l12-goblin_warrens-81 ability="Second Wind"
2026/05/17 13:55:25 INFO dnd: armed ability fired (turn-based build) user=@sim:fighter-l12-goblin_warrens-81 ability="Second Wind"
2026/05/17 13:55:25 INFO dnd: armed ability fired (turn-based build) user=@sim:fighter-l12-goblin_warrens-81 ability="Second Wind"
2026/05/17 13:55:25 INFO database initialized path=/tmp/expedition-sim-2895895020/gogobee.db
2026/05/17 13:55:25 INFO database initialized path=/tmp/expedition-sim-2366275466/gogobee.db
2026/05/17 13:55:25 INFO dnd: armed ability fired (turn-based build) user=@sim:fighter-l3-manor_blackspire-88 ability="Second Wind"
2026/05/17 13:55:25 INFO dnd: armed ability fired (turn-based build) user=@sim:fighter-l7-forest_shadows-69 ability="Second Wind"
2026/05/17 13:55:25 INFO dnd: armed ability fired (turn-based build) user=@sim:fighter-l3-manor_blackspire-88 ability="Second Wind"
2026/05/17 13:55:25 INFO dnd: armed ability fired (turn-based build) user=@sim:fighter-l7-forest_shadows-69 ability="Second Wind"
2026/05/17 13:55:25 INFO dnd: armed ability fired (turn-based build) user=@sim:fighter-l3-manor_blackspire-88 ability="Second Wind"
2026/05/17 13:55:25 INFO dnd: armed ability fired (turn-based build) user=@sim:fighter-l7-forest_shadows-69 ability="Second Wind"
2026/05/17 13:55:25 INFO database initialized path=/tmp/expedition-sim-3754748260/gogobee.db
2026/05/17 13:55:25 INFO dnd: armed ability fired (turn-based build) user=@sim:fighter-l3-goblin_warrens-79 ability="Second Wind"
2026/05/17 13:55:25 INFO database initialized path=/tmp/expedition-sim-108555013/gogobee.db
2026/05/17 13:55:25 INFO dnd: armed ability fired (turn-based build) user=@sim:fighter-l3-goblin_warrens-79 ability="Second Wind"
2026/05/17 13:55:25 INFO dnd: armed ability fired (turn-based build) user=@sim:fighter-l12-underdark-73 ability="Second Wind"
2026/05/17 13:55:25 INFO dnd: armed ability fired (turn-based build) user=@sim:fighter-l12-underdark-73 ability="Second Wind"
2026/05/17 13:55:25 INFO dnd: armed ability fired (turn-based build) user=@sim:fighter-l3-goblin_warrens-79 ability="Second Wind"
2026/05/17 13:55:25 INFO dnd: armed ability fired (turn-based build) user=@sim:fighter-l12-underdark-73 ability="Second Wind"
2026/05/17 13:55:25 INFO database initialized path=/tmp/expedition-sim-350358898/gogobee.db
2026/05/17 13:55:25 INFO database initialized path=/tmp/expedition-sim-1217134751/gogobee.db
2026/05/17 13:55:25 INFO dnd: armed ability fired (turn-based build) user=@sim:fighter-l7-manor_blackspire-84 ability="Second Wind"
2026/05/17 13:55:25 INFO dnd: armed ability fired (turn-based build) user=@sim:fighter-l7-manor_blackspire-84 ability="Second Wind"
2026/05/17 13:55:25 INFO dnd: armed ability fired (turn-based build) user=@sim:fighter-l3-forest_shadows-72 ability="Second Wind"
2026/05/17 13:55:25 INFO dnd: armed ability fired (turn-based build) user=@sim:fighter-l7-manor_blackspire-84 ability="Second Wind"
2026/05/17 13:55:25 INFO database initialized path=/tmp/expedition-sim-4186660627/gogobee.db
2026/05/17 13:55:25 INFO dnd: armed ability fired (turn-based build) user=@sim:fighter-l7-goblin_warrens-82 ability="Second Wind"
2026/05/17 13:55:25 INFO database initialized path=/tmp/expedition-sim-2639663303/gogobee.db
2026/05/17 13:55:25 INFO dnd: armed ability fired (turn-based build) user=@sim:fighter-l3-forest_shadows-72 ability="Second Wind"
2026/05/17 13:55:25 INFO dnd: armed ability fired (turn-based build) user=@sim:fighter-l7-goblin_warrens-82 ability="Second Wind"
2026/05/17 13:55:25 INFO dnd: armed ability fired (turn-based build) user=@sim:fighter-l7-underdark-66 ability="Second Wind"
2026/05/17 13:55:25 INFO dnd: armed ability fired (turn-based build) user=@sim:fighter-l7-goblin_warrens-82 ability="Second Wind"
2026/05/17 13:55:25 INFO dnd: armed ability fired (turn-based build) user=@sim:fighter-l7-underdark-66 ability="Second Wind"
2026/05/17 13:55:25 INFO dnd: armed ability fired (turn-based build) user=@sim:fighter-l3-forest_shadows-72 ability="Second Wind"
2026/05/17 13:55:25 INFO dnd: armed ability fired (turn-based build) user=@sim:fighter-l7-underdark-66 ability="Second Wind"
2026/05/17 13:55:25 INFO database initialized path=/tmp/expedition-sim-793289333/gogobee.db
2026/05/17 13:55:25 INFO dnd: armed ability fired (turn-based build) user=@sim:fighter-l12-goblin_warrens-82 ability="Second Wind"
2026/05/17 13:55:25 INFO dnd: armed ability fired (turn-based build) user=@sim:fighter-l12-goblin_warrens-82 ability="Second Wind"
2026/05/17 13:55:25 INFO database initialized path=/tmp/expedition-sim-1474616720/gogobee.db
2026/05/17 13:55:25 INFO dnd: armed ability fired (turn-based build) user=@sim:fighter-l12-goblin_warrens-82 ability="Second Wind"
2026/05/17 13:55:25 INFO dnd: armed ability fired (turn-based build) user=@sim:fighter-l7-dragons_lair-82 ability="Second Wind"
2026/05/17 13:55:25 INFO dnd: armed ability fired (turn-based build) user=@sim:fighter-l7-dragons_lair-82 ability="Second Wind"
2026/05/17 13:55:25 INFO dnd: armed ability fired (turn-based build) user=@sim:fighter-l7-dragons_lair-82 ability="Second Wind"
2026/05/17 13:55:25 INFO database initialized path=/tmp/expedition-sim-1393670553/gogobee.db
2026/05/17 13:55:25 INFO dnd: armed ability fired (turn-based build) user=@sim:fighter-l12-manor_blackspire-72 ability="Second Wind"
2026/05/17 13:55:25 INFO dnd: armed ability fired (turn-based build) user=@sim:fighter-l12-manor_blackspire-72 ability="Second Wind"
2026/05/17 13:55:25 INFO dnd: armed ability fired (turn-based build) user=@sim:fighter-l12-manor_blackspire-72 ability="Second Wind"
2026/05/17 13:55:25 INFO database initialized path=/tmp/expedition-sim-1524771728/gogobee.db
2026/05/17 13:55:25 INFO dnd: armed ability fired (turn-based build) user=@sim:fighter-l3-manor_blackspire-89 ability="Second Wind"
2026/05/17 13:55:25 INFO database initialized path=/tmp/expedition-sim-864997705/gogobee.db
2026/05/17 13:55:25 INFO dnd: armed ability fired (turn-based build) user=@sim:fighter-l3-manor_blackspire-89 ability="Second Wind"
2026/05/17 13:55:25 INFO dnd: armed ability fired (turn-based build) user=@sim:fighter-l7-forest_shadows-70 ability="Second Wind"
2026/05/17 13:55:25 INFO database initialized path=/tmp/expedition-sim-2179704478/gogobee.db
2026/05/17 13:55:25 INFO dnd: armed ability fired (turn-based build) user=@sim:fighter-l3-manor_blackspire-89 ability="Second Wind"
2026/05/17 13:55:25 INFO dnd: armed ability fired (turn-based build) user=@sim:fighter-l7-forest_shadows-70 ability="Second Wind"
2026/05/17 13:55:25 INFO dnd: armed ability fired (turn-based build) user=@sim:fighter-l7-forest_shadows-70 ability="Second Wind"
2026/05/17 13:55:25 INFO dnd: armed ability fired (turn-based build) user=@sim:fighter-l12-forest_shadows-62 ability="Second Wind"
2026/05/17 13:55:25 INFO dnd: armed ability fired (turn-based build) user=@sim:fighter-l12-forest_shadows-62 ability="Second Wind"
2026/05/17 13:55:25 INFO dnd: armed ability fired (turn-based build) user=@sim:fighter-l12-forest_shadows-62 ability="Second Wind"
2026/05/17 13:55:25 INFO database initialized path=/tmp/expedition-sim-3462567671/gogobee.db
2026/05/17 13:55:25 INFO dnd: armed ability fired (turn-based build) user=@sim:fighter-l3-goblin_warrens-80 ability="Second Wind"
2026/05/17 13:55:25 INFO dnd: armed ability fired (turn-based build) user=@sim:fighter-l3-goblin_warrens-80 ability="Second Wind"
2026/05/17 13:55:25 INFO database initialized path=/tmp/expedition-sim-1798363413/gogobee.db
2026/05/17 13:55:25 INFO dnd: armed ability fired (turn-based build) user=@sim:fighter-l3-goblin_warrens-80 ability="Second Wind"
2026/05/17 13:55:25 INFO dnd: armed ability fired (turn-based build) user=@sim:fighter-l12-underdark-74 ability="Second Wind"
2026/05/17 13:55:25 INFO database initialized path=/tmp/expedition-sim-1600821603/gogobee.db
2026/05/17 13:55:25 INFO dnd: armed ability fired (turn-based build) user=@sim:fighter-l3-forest_shadows-73 ability="Second Wind"
2026/05/17 13:55:25 INFO dnd: armed ability fired (turn-based build) user=@sim:fighter-l12-underdark-74 ability="Second Wind"
2026/05/17 13:55:25 INFO database initialized path=/tmp/expedition-sim-1464124229/gogobee.db
2026/05/17 13:55:25 INFO dnd: armed ability fired (turn-based build) user=@sim:fighter-l3-forest_shadows-73 ability="Second Wind"
2026/05/17 13:55:25 INFO dnd: armed ability fired (turn-based build) user=@sim:fighter-l7-manor_blackspire-85 ability="Second Wind"
2026/05/17 13:55:25 INFO dnd: armed ability fired (turn-based build) user=@sim:fighter-l3-forest_shadows-73 ability="Second Wind"
2026/05/17 13:55:25 INFO dnd: armed ability fired (turn-based build) user=@sim:fighter-l7-manor_blackspire-85 ability="Second Wind"
2026/05/17 13:55:25 INFO dnd: armed ability fired (turn-based build) user=@sim:fighter-l12-underdark-74 ability="Second Wind"
2026/05/17 13:55:25 INFO dnd: armed ability fired (turn-based build) user=@sim:fighter-l7-manor_blackspire-85 ability="Second Wind"
2026/05/17 13:55:25 INFO database initialized path=/tmp/expedition-sim-3206577195/gogobee.db
2026/05/17 13:55:25 INFO database initialized path=/tmp/expedition-sim-3645815270/gogobee.db
2026/05/17 13:55:25 INFO dnd: armed ability fired (turn-based build) user=@sim:fighter-l7-goblin_warrens-83 ability="Second Wind"
2026/05/17 13:55:25 INFO dnd: armed ability fired (turn-based build) user=@sim:fighter-l12-goblin_warrens-83 ability="Second Wind"
2026/05/17 13:55:25 INFO dnd: armed ability fired (turn-based build) user=@sim:fighter-l7-goblin_warrens-83 ability="Second Wind"
2026/05/17 13:55:25 INFO dnd: armed ability fired (turn-based build) user=@sim:fighter-l12-goblin_warrens-83 ability="Second Wind"
2026/05/17 13:55:25 INFO dnd: armed ability fired (turn-based build) user=@sim:fighter-l7-goblin_warrens-83 ability="Second Wind"
2026/05/17 13:55:26 INFO dnd: armed ability fired (turn-based build) user=@sim:fighter-l12-goblin_warrens-83 ability="Second Wind"
2026/05/17 13:55:26 INFO database initialized path=/tmp/expedition-sim-2378447246/gogobee.db
2026/05/17 13:55:26 INFO dnd: armed ability fired (turn-based build) user=@sim:fighter-l7-underdark-67 ability="Second Wind"
2026/05/17 13:55:26 INFO dnd: armed ability fired (turn-based build) user=@sim:fighter-l7-underdark-67 ability="Second Wind"
2026/05/17 13:55:26 INFO dnd: armed ability fired (turn-based build) user=@sim:fighter-l7-underdark-67 ability="Second Wind"
2026/05/17 13:55:26 INFO database initialized path=/tmp/expedition-sim-2856253442/gogobee.db
2026/05/17 13:55:26 INFO dnd: armed ability fired (turn-based build) user=@sim:fighter-l3-manor_blackspire-90 ability="Second Wind"
2026/05/17 13:55:26 INFO dnd: armed ability fired (turn-based build) user=@sim:fighter-l3-manor_blackspire-90 ability="Second Wind"
2026/05/17 13:55:26 INFO database initialized path=/tmp/expedition-sim-2608723185/gogobee.db
2026/05/17 13:55:26 INFO dnd: armed ability fired (turn-based build) user=@sim:fighter-l3-manor_blackspire-90 ability="Second Wind"
2026/05/17 13:55:26 INFO dnd: armed ability fired (turn-based build) user=@sim:fighter-l7-dragons_lair-83 ability="Second Wind"
2026/05/17 13:55:26 INFO dnd: armed ability fired (turn-based build) user=@sim:fighter-l7-dragons_lair-83 ability="Second Wind"
2026/05/17 13:55:26 INFO database initialized path=/tmp/expedition-sim-2140163272/gogobee.db
2026/05/17 13:55:26 INFO dnd: armed ability fired (turn-based build) user=@sim:fighter-l7-dragons_lair-83 ability="Second Wind"
2026/05/17 13:55:26 INFO dnd: armed ability fired (turn-based build) user=@sim:fighter-l3-goblin_warrens-81 ability="Second Wind"
2026/05/17 13:55:26 INFO dnd: armed ability fired (turn-based build) user=@sim:fighter-l3-goblin_warrens-81 ability="Second Wind"
2026/05/17 13:55:26 INFO dnd: armed ability fired (turn-based build) user=@sim:fighter-l3-goblin_warrens-81 ability="Second Wind"
2026/05/17 13:55:26 INFO database initialized path=/tmp/expedition-sim-3804207674/gogobee.db
2026/05/17 13:55:26 INFO dnd: armed ability fired (turn-based build) user=@sim:fighter-l3-forest_shadows-74 ability="Second Wind"
2026/05/17 13:55:26 INFO dnd: armed ability fired (turn-based build) user=@sim:fighter-l3-forest_shadows-74 ability="Second Wind"
2026/05/17 13:55:26 INFO dnd: armed ability fired (turn-based build) user=@sim:fighter-l3-forest_shadows-74 ability="Second Wind"
2026/05/17 13:55:26 INFO database initialized path=/tmp/expedition-sim-189526091/gogobee.db
2026/05/17 13:55:26 INFO dnd: armed ability fired (turn-based build) user=@sim:fighter-l7-manor_blackspire-86 ability="Second Wind"
2026/05/17 13:55:26 INFO dnd: armed ability fired (turn-based build) user=@sim:fighter-l7-manor_blackspire-86 ability="Second Wind"
2026/05/17 13:55:26 INFO dnd: armed ability fired (turn-based build) user=@sim:fighter-l7-manor_blackspire-86 ability="Second Wind"
2026/05/17 13:55:26 INFO database initialized path=/tmp/expedition-sim-26108854/gogobee.db
2026/05/17 13:55:26 INFO dnd: armed ability fired (turn-based build) user=@sim:fighter-l12-manor_blackspire-73 ability="Second Wind"
2026/05/17 13:55:26 INFO database initialized path=/tmp/expedition-sim-3403063217/gogobee.db
2026/05/17 13:55:26 INFO dnd: armed ability fired (turn-based build) user=@sim:fighter-l12-manor_blackspire-73 ability="Second Wind"
2026/05/17 13:55:26 INFO dnd: armed ability fired (turn-based build) user=@sim:fighter-l12-manor_blackspire-73 ability="Second Wind"
2026/05/17 13:55:26 INFO dnd: armed ability fired (turn-based build) user=@sim:fighter-l7-forest_shadows-71 ability="Second Wind"
2026/05/17 13:55:26 INFO dnd: armed ability fired (turn-based build) user=@sim:fighter-l7-forest_shadows-71 ability="Second Wind"
2026/05/17 13:55:26 INFO dnd: armed ability fired (turn-based build) user=@sim:fighter-l7-forest_shadows-71 ability="Second Wind"
2026/05/17 13:55:26 INFO database initialized path=/tmp/expedition-sim-570544895/gogobee.db
2026/05/17 13:55:26 INFO dnd: armed ability fired (turn-based build) user=@sim:fighter-l12-forest_shadows-63 ability="Second Wind"
2026/05/17 13:55:26 INFO database initialized path=/tmp/expedition-sim-69016284/gogobee.db
2026/05/17 13:55:26 INFO dnd: armed ability fired (turn-based build) user=@sim:fighter-l12-forest_shadows-63 ability="Second Wind"
2026/05/17 13:55:26 INFO dnd: armed ability fired (turn-based build) user=@sim:fighter-l12-underdark-75 ability="Second Wind"
2026/05/17 13:55:26 INFO dnd: armed ability fired (turn-based build) user=@sim:fighter-l12-forest_shadows-63 ability="Second Wind"
2026/05/17 13:55:26 INFO dnd: armed ability fired (turn-based build) user=@sim:fighter-l12-underdark-75 ability="Second Wind"
2026/05/17 13:55:26 INFO dnd: armed ability fired (turn-based build) user=@sim:fighter-l12-underdark-75 ability="Second Wind"
2026/05/17 13:55:26 INFO database initialized path=/tmp/expedition-sim-1181122072/gogobee.db
2026/05/17 13:55:26 INFO dnd: armed ability fired (turn-based build) user=@sim:fighter-l7-goblin_warrens-84 ability="Second Wind"
2026/05/17 13:55:26 INFO dnd: armed ability fired (turn-based build) user=@sim:fighter-l7-goblin_warrens-84 ability="Second Wind"
2026/05/17 13:55:26 INFO dnd: armed ability fired (turn-based build) user=@sim:fighter-l7-goblin_warrens-84 ability="Second Wind"
2026/05/17 13:55:26 INFO database initialized path=/tmp/expedition-sim-1871726579/gogobee.db
2026/05/17 13:55:26 INFO database initialized path=/tmp/expedition-sim-1806129476/gogobee.db
2026/05/17 13:55:26 INFO dnd: armed ability fired (turn-based build) user=@sim:fighter-l12-goblin_warrens-84 ability="Second Wind"
2026/05/17 13:55:26 INFO dnd: armed ability fired (turn-based build) user=@sim:fighter-l12-goblin_warrens-84 ability="Second Wind"
2026/05/17 13:55:26 INFO dnd: armed ability fired (turn-based build) user=@sim:fighter-l12-goblin_warrens-84 ability="Second Wind"
2026/05/17 13:55:26 INFO dnd: armed ability fired (turn-based build) user=@sim:fighter-l7-underdark-68 ability="Second Wind"
2026/05/17 13:55:26 INFO dnd: armed ability fired (turn-based build) user=@sim:fighter-l7-underdark-68 ability="Second Wind"
2026/05/17 13:55:26 INFO database initialized path=/tmp/expedition-sim-327361434/gogobee.db
2026/05/17 13:55:26 INFO dnd: armed ability fired (turn-based build) user=@sim:fighter-l7-underdark-68 ability="Second Wind"
2026/05/17 13:55:26 INFO database initialized path=/tmp/expedition-sim-4207096788/gogobee.db
2026/05/17 13:55:26 INFO dnd: armed ability fired (turn-based build) user=@sim:fighter-l3-goblin_warrens-82 ability="Second Wind"
2026/05/17 13:55:26 INFO dnd: armed ability fired (turn-based build) user=@sim:fighter-l3-forest_shadows-75 ability="Second Wind"
2026/05/17 13:55:26 INFO dnd: armed ability fired (turn-based build) user=@sim:fighter-l3-goblin_warrens-82 ability="Second Wind"
2026/05/17 13:55:26 INFO dnd: armed ability fired (turn-based build) user=@sim:fighter-l3-forest_shadows-75 ability="Second Wind"
2026/05/17 13:55:26 INFO dnd: armed ability fired (turn-based build) user=@sim:fighter-l3-goblin_warrens-82 ability="Second Wind"
2026/05/17 13:55:26 INFO dnd: armed ability fired (turn-based build) user=@sim:fighter-l3-forest_shadows-75 ability="Second Wind"
2026/05/17 13:55:26 WARN auto-heal cleanup: short on inventory user=@sim:fighter-l3-forest_shadows-75 wanted=1 removed=0
2026/05/17 13:55:26 INFO database initialized path=/tmp/expedition-sim-3968803944/gogobee.db
2026/05/17 13:55:26 INFO dnd: armed ability fired (turn-based build) user=@sim:fighter-l3-manor_blackspire-91 ability="Second Wind"
2026/05/17 13:55:26 INFO dnd: armed ability fired (turn-based build) user=@sim:fighter-l3-manor_blackspire-91 ability="Second Wind"
2026/05/17 13:55:26 INFO dnd: armed ability fired (turn-based build) user=@sim:fighter-l3-manor_blackspire-91 ability="Second Wind"
2026/05/17 13:55:26 INFO database initialized path=/tmp/expedition-sim-618152255/gogobee.db
2026/05/17 13:55:26 INFO database initialized path=/tmp/expedition-sim-1888465079/gogobee.db
2026/05/17 13:55:26 INFO dnd: armed ability fired (turn-based build) user=@sim:fighter-l7-dragons_lair-84 ability="Second Wind"
2026/05/17 13:55:26 INFO dnd: armed ability fired (turn-based build) user=@sim:fighter-l7-manor_blackspire-87 ability="Second Wind"
2026/05/17 13:55:26 INFO database initialized path=/tmp/expedition-sim-2802884605/gogobee.db
2026/05/17 13:55:26 INFO dnd: armed ability fired (turn-based build) user=@sim:fighter-l7-dragons_lair-84 ability="Second Wind"
2026/05/17 13:55:26 INFO dnd: armed ability fired (turn-based build) user=@sim:fighter-l7-manor_blackspire-87 ability="Second Wind"
2026/05/17 13:55:26 INFO dnd: armed ability fired (turn-based build) user=@sim:fighter-l12-manor_blackspire-74 ability="Second Wind"
2026/05/17 13:55:26 INFO dnd: armed ability fired (turn-based build) user=@sim:fighter-l7-dragons_lair-84 ability="Second Wind"
2026/05/17 13:55:26 INFO dnd: armed ability fired (turn-based build) user=@sim:fighter-l7-manor_blackspire-87 ability="Second Wind"
2026/05/17 13:55:26 INFO dnd: armed ability fired (turn-based build) user=@sim:fighter-l12-manor_blackspire-74 ability="Second Wind"
2026/05/17 13:55:26 INFO dnd: armed ability fired (turn-based build) user=@sim:fighter-l12-manor_blackspire-74 ability="Second Wind"
2026/05/17 13:55:26 INFO database initialized path=/tmp/expedition-sim-1040736248/gogobee.db
2026/05/17 13:55:26 INFO dnd: armed ability fired (turn-based build) user=@sim:fighter-l12-underdark-76 ability="Second Wind"
2026/05/17 13:55:26 INFO database initialized path=/tmp/expedition-sim-797476871/gogobee.db
2026/05/17 13:55:26 INFO dnd: armed ability fired (turn-based build) user=@sim:fighter-l12-underdark-76 ability="Second Wind"
2026/05/17 13:55:26 INFO dnd: armed ability fired (turn-based build) user=@sim:fighter-l12-underdark-76 ability="Second Wind"
2026/05/17 13:55:26 INFO dnd: armed ability fired (turn-based build) user=@sim:fighter-l7-forest_shadows-72 ability="Second Wind"
2026/05/17 13:55:26 INFO dnd: armed ability fired (turn-based build) user=@sim:fighter-l7-forest_shadows-72 ability="Second Wind"
2026/05/17 13:55:26 INFO dnd: armed ability fired (turn-based build) user=@sim:fighter-l7-forest_shadows-72 ability="Second Wind"
2026/05/17 13:55:26 INFO database initialized path=/tmp/expedition-sim-3861760420/gogobee.db
2026/05/17 13:55:26 INFO dnd: armed ability fired (turn-based build) user=@sim:fighter-l7-underdark-69 ability="Second Wind"
2026/05/17 13:55:26 INFO database initialized path=/tmp/expedition-sim-2204886039/gogobee.db
2026/05/17 13:55:26 INFO dnd: armed ability fired (turn-based build) user=@sim:fighter-l7-underdark-69 ability="Second Wind"
2026/05/17 13:55:26 INFO dnd: armed ability fired (turn-based build) user=@sim:fighter-l3-forest_shadows-76 ability="Second Wind"
2026/05/17 13:55:26 INFO dnd: armed ability fired (turn-based build) user=@sim:fighter-l7-underdark-69 ability="Second Wind"
2026/05/17 13:55:26 INFO database initialized path=/tmp/expedition-sim-1173520599/gogobee.db
2026/05/17 13:55:26 INFO dnd: armed ability fired (turn-based build) user=@sim:fighter-l3-forest_shadows-76 ability="Second Wind"
2026/05/17 13:55:26 INFO dnd: armed ability fired (turn-based build) user=@sim:fighter-l7-goblin_warrens-85 ability="Second Wind"
2026/05/17 13:55:26 INFO dnd: armed ability fired (turn-based build) user=@sim:fighter-l7-goblin_warrens-85 ability="Second Wind"
2026/05/17 13:55:26 INFO dnd: armed ability fired (turn-based build) user=@sim:fighter-l3-forest_shadows-76 ability="Second Wind"
2026/05/17 13:55:27 INFO database initialized path=/tmp/expedition-sim-2082926174/gogobee.db
2026/05/17 13:55:27 INFO dnd: armed ability fired (turn-based build) user=@sim:fighter-l7-goblin_warrens-85 ability="Second Wind"
2026/05/17 13:55:27 INFO dnd: armed ability fired (turn-based build) user=@sim:fighter-l12-forest_shadows-64 ability="Second Wind"
2026/05/17 13:55:27 INFO database initialized path=/tmp/expedition-sim-2424061239/gogobee.db
2026/05/17 13:55:27 INFO dnd: armed ability fired (turn-based build) user=@sim:fighter-l12-forest_shadows-64 ability="Second Wind"
2026/05/17 13:55:27 INFO dnd: armed ability fired (turn-based build) user=@sim:fighter-l12-forest_shadows-64 ability="Second Wind"
2026/05/17 13:55:27 INFO dnd: armed ability fired (turn-based build) user=@sim:fighter-l12-goblin_warrens-85 ability="Second Wind"
2026/05/17 13:55:27 INFO dnd: armed ability fired (turn-based build) user=@sim:fighter-l12-goblin_warrens-85 ability="Second Wind"
2026/05/17 13:55:27 INFO dnd: armed ability fired (turn-based build) user=@sim:fighter-l12-goblin_warrens-85 ability="Second Wind"
2026/05/17 13:55:27 INFO database initialized path=/tmp/expedition-sim-2697905233/gogobee.db
2026/05/17 13:55:27 INFO dnd: armed ability fired (turn-based build) user=@sim:fighter-l3-goblin_warrens-83 ability="Second Wind"
2026/05/17 13:55:27 INFO database initialized path=/tmp/expedition-sim-3928191963/gogobee.db
2026/05/17 13:55:27 INFO dnd: armed ability fired (turn-based build) user=@sim:fighter-l3-goblin_warrens-83 ability="Second Wind"
2026/05/17 13:55:27 INFO dnd: armed ability fired (turn-based build) user=@sim:fighter-l7-dragons_lair-85 ability="Second Wind"
2026/05/17 13:55:27 INFO dnd: armed ability fired (turn-based build) user=@sim:fighter-l3-goblin_warrens-83 ability="Second Wind"
2026/05/17 13:55:27 INFO database initialized path=/tmp/expedition-sim-768862038/gogobee.db
2026/05/17 13:55:27 INFO dnd: armed ability fired (turn-based build) user=@sim:fighter-l7-dragons_lair-85 ability="Second Wind"
2026/05/17 13:55:27 INFO database initialized path=/tmp/expedition-sim-880050901/gogobee.db
2026/05/17 13:55:27 INFO dnd: armed ability fired (turn-based build) user=@sim:fighter-l7-manor_blackspire-88 ability="Second Wind"
2026/05/17 13:55:27 INFO dnd: armed ability fired (turn-based build) user=@sim:fighter-l7-dragons_lair-85 ability="Second Wind"
2026/05/17 13:55:27 INFO dnd: armed ability fired (turn-based build) user=@sim:fighter-l7-manor_blackspire-88 ability="Second Wind"
2026/05/17 13:55:27 INFO dnd: armed ability fired (turn-based build) user=@sim:fighter-l3-manor_blackspire-92 ability="Second Wind"
2026/05/17 13:55:27 INFO dnd: armed ability fired (turn-based build) user=@sim:fighter-l7-manor_blackspire-88 ability="Second Wind"
2026/05/17 13:55:27 INFO dnd: armed ability fired (turn-based build) user=@sim:fighter-l3-manor_blackspire-92 ability="Second Wind"
2026/05/17 13:55:27 INFO dnd: armed ability fired (turn-based build) user=@sim:fighter-l3-manor_blackspire-92 ability="Second Wind"
2026/05/17 13:55:27 INFO database initialized path=/tmp/expedition-sim-2441087417/gogobee.db
2026/05/17 13:55:27 INFO dnd: armed ability fired (turn-based build) user=@sim:fighter-l12-manor_blackspire-75 ability="Second Wind"
2026/05/17 13:55:27 INFO dnd: armed ability fired (turn-based build) user=@sim:fighter-l12-manor_blackspire-75 ability="Second Wind"
2026/05/17 13:55:27 INFO database initialized path=/tmp/expedition-sim-1553060438/gogobee.db
2026/05/17 13:55:27 INFO dnd: armed ability fired (turn-based build) user=@sim:fighter-l12-manor_blackspire-75 ability="Second Wind"
2026/05/17 13:55:27 INFO dnd: armed ability fired (turn-based build) user=@sim:fighter-l12-underdark-77 ability="Second Wind"
2026/05/17 13:55:27 INFO dnd: armed ability fired (turn-based build) user=@sim:fighter-l12-underdark-77 ability="Second Wind"
2026/05/17 13:55:27 INFO database initialized path=/tmp/expedition-sim-3531536338/gogobee.db
2026/05/17 13:55:27 INFO dnd: armed ability fired (turn-based build) user=@sim:fighter-l12-underdark-77 ability="Second Wind"
2026/05/17 13:55:27 INFO dnd: armed ability fired (turn-based build) user=@sim:fighter-l7-forest_shadows-73 ability="Second Wind"
2026/05/17 13:55:27 INFO dnd: armed ability fired (turn-based build) user=@sim:fighter-l7-forest_shadows-73 ability="Second Wind"
2026/05/17 13:55:27 INFO dnd: armed ability fired (turn-based build) user=@sim:fighter-l7-forest_shadows-73 ability="Second Wind"
2026/05/17 13:55:27 INFO database initialized path=/tmp/expedition-sim-2357707806/gogobee.db
2026/05/17 13:55:27 INFO dnd: armed ability fired (turn-based build) user=@sim:fighter-l7-underdark-70 ability="Second Wind"
2026/05/17 13:55:27 INFO dnd: armed ability fired (turn-based build) user=@sim:fighter-l7-underdark-70 ability="Second Wind"
2026/05/17 13:55:27 INFO dnd: armed ability fired (turn-based build) user=@sim:fighter-l7-underdark-70 ability="Second Wind"
2026/05/17 13:55:27 INFO database initialized path=/tmp/expedition-sim-3687422971/gogobee.db
2026/05/17 13:55:27 INFO dnd: armed ability fired (turn-based build) user=@sim:fighter-l12-goblin_warrens-86 ability="Second Wind"
2026/05/17 13:55:27 INFO database initialized path=/tmp/expedition-sim-1316017648/gogobee.db
2026/05/17 13:55:27 INFO dnd: armed ability fired (turn-based build) user=@sim:fighter-l12-goblin_warrens-86 ability="Second Wind"
2026/05/17 13:55:27 INFO dnd: armed ability fired (turn-based build) user=@sim:fighter-l12-goblin_warrens-86 ability="Second Wind"
2026/05/17 13:55:27 INFO dnd: armed ability fired (turn-based build) user=@sim:fighter-l3-forest_shadows-77 ability="Second Wind"
2026/05/17 13:55:27 INFO dnd: armed ability fired (turn-based build) user=@sim:fighter-l3-forest_shadows-77 ability="Second Wind"
2026/05/17 13:55:27 INFO dnd: armed ability fired (turn-based build) user=@sim:fighter-l3-forest_shadows-77 ability="Second Wind"
2026/05/17 13:55:27 INFO database initialized path=/tmp/expedition-sim-3705934002/gogobee.db
2026/05/17 13:55:27 INFO dnd: armed ability fired (turn-based build) user=@sim:fighter-l3-goblin_warrens-84 ability="Second Wind"
2026/05/17 13:55:27 INFO dnd: armed ability fired (turn-based build) user=@sim:fighter-l3-goblin_warrens-84 ability="Second Wind"
2026/05/17 13:55:27 INFO dnd: armed ability fired (turn-based build) user=@sim:fighter-l3-goblin_warrens-84 ability="Second Wind"
2026/05/17 13:55:27 INFO database initialized path=/tmp/expedition-sim-73092278/gogobee.db
2026/05/17 13:55:27 INFO dnd: armed ability fired (turn-based build) user=@sim:fighter-l7-goblin_warrens-86 ability="Second Wind"
2026/05/17 13:55:27 INFO dnd: armed ability fired (turn-based build) user=@sim:fighter-l7-goblin_warrens-86 ability="Second Wind"
2026/05/17 13:55:27 INFO dnd: armed ability fired (turn-based build) user=@sim:fighter-l7-goblin_warrens-86 ability="Second Wind"
2026/05/17 13:55:27 INFO database initialized path=/tmp/expedition-sim-11867635/gogobee.db
2026/05/17 13:55:27 INFO database initialized path=/tmp/expedition-sim-4188607348/gogobee.db
2026/05/17 13:55:27 INFO database initialized path=/tmp/expedition-sim-3636117561/gogobee.db
2026/05/17 13:55:27 INFO dnd: armed ability fired (turn-based build) user=@sim:fighter-l7-manor_blackspire-89 ability="Second Wind"
2026/05/17 13:55:27 INFO dnd: armed ability fired (turn-based build) user=@sim:fighter-l3-manor_blackspire-93 ability="Second Wind"
2026/05/17 13:55:27 INFO dnd: armed ability fired (turn-based build) user=@sim:fighter-l7-manor_blackspire-89 ability="Second Wind"
2026/05/17 13:55:27 INFO dnd: armed ability fired (turn-based build) user=@sim:fighter-l7-manor_blackspire-89 ability="Second Wind"
2026/05/17 13:55:27 INFO dnd: armed ability fired (turn-based build) user=@sim:fighter-l3-manor_blackspire-93 ability="Second Wind"
2026/05/17 13:55:27 INFO dnd: armed ability fired (turn-based build) user=@sim:fighter-l7-dragons_lair-86 ability="Second Wind"
2026/05/17 13:55:27 INFO dnd: armed ability fired (turn-based build) user=@sim:fighter-l3-manor_blackspire-93 ability="Second Wind"
2026/05/17 13:55:27 INFO dnd: armed ability fired (turn-based build) user=@sim:fighter-l7-dragons_lair-86 ability="Second Wind"
2026/05/17 13:55:27 INFO dnd: armed ability fired (turn-based build) user=@sim:fighter-l7-dragons_lair-86 ability="Second Wind"
2026/05/17 13:55:27 INFO database initialized path=/tmp/expedition-sim-2414842965/gogobee.db
2026/05/17 13:55:27 INFO dnd: armed ability fired (turn-based build) user=@sim:fighter-l7-forest_shadows-74 ability="Second Wind"
2026/05/17 13:55:27 INFO dnd: armed ability fired (turn-based build) user=@sim:fighter-l7-forest_shadows-74 ability="Second Wind"
2026/05/17 13:55:27 INFO database initialized path=/tmp/expedition-sim-4259751256/gogobee.db
2026/05/17 13:55:27 INFO dnd: armed ability fired (turn-based build) user=@sim:fighter-l7-forest_shadows-74 ability="Second Wind"
2026/05/17 13:55:27 INFO dnd: armed ability fired (turn-based build) user=@sim:fighter-l12-forest_shadows-65 ability="Second Wind"
2026/05/17 13:55:27 INFO dnd: armed ability fired (turn-based build) user=@sim:fighter-l12-forest_shadows-65 ability="Second Wind"
2026/05/17 13:55:27 INFO dnd: armed ability fired (turn-based build) user=@sim:fighter-l12-forest_shadows-65 ability="Second Wind"
2026/05/17 13:55:27 INFO database initialized path=/tmp/expedition-sim-513203538/gogobee.db
2026/05/17 13:55:27 INFO dnd: armed ability fired (turn-based build) user=@sim:fighter-l12-manor_blackspire-76 ability="Second Wind"
2026/05/17 13:55:27 INFO dnd: armed ability fired (turn-based build) user=@sim:fighter-l12-manor_blackspire-76 ability="Second Wind"
2026/05/17 13:55:27 INFO dnd: armed ability fired (turn-based build) user=@sim:fighter-l12-manor_blackspire-76 ability="Second Wind"
2026/05/17 13:55:27 INFO database initialized path=/tmp/expedition-sim-2037965687/gogobee.db
2026/05/17 13:55:27 INFO dnd: armed ability fired (turn-based build) user=@sim:fighter-l12-underdark-78 ability="Second Wind"
2026/05/17 13:55:27 INFO dnd: armed ability fired (turn-based build) user=@sim:fighter-l12-underdark-78 ability="Second Wind"
2026/05/17 13:55:27 INFO database initialized path=/tmp/expedition-sim-2305198689/gogobee.db
2026/05/17 13:55:27 INFO database initialized path=/tmp/expedition-sim-3423725827/gogobee.db
2026/05/17 13:55:27 INFO dnd: armed ability fired (turn-based build) user=@sim:fighter-l12-underdark-78 ability="Second Wind"
2026/05/17 13:55:27 INFO dnd: armed ability fired (turn-based build) user=@sim:fighter-l7-goblin_warrens-87 ability="Second Wind"
2026/05/17 13:55:27 INFO dnd: armed ability fired (turn-based build) user=@sim:fighter-l12-goblin_warrens-87 ability="Second Wind"
2026/05/17 13:55:27 INFO database initialized path=/tmp/expedition-sim-1285147201/gogobee.db
2026/05/17 13:55:27 INFO dnd: armed ability fired (turn-based build) user=@sim:fighter-l12-goblin_warrens-87 ability="Second Wind"
2026/05/17 13:55:27 INFO dnd: armed ability fired (turn-based build) user=@sim:fighter-l7-goblin_warrens-87 ability="Second Wind"
2026/05/17 13:55:27 INFO database initialized path=/tmp/expedition-sim-3195089861/gogobee.db
2026/05/17 13:55:27 INFO dnd: armed ability fired (turn-based build) user=@sim:fighter-l3-goblin_warrens-85 ability="Second Wind"
2026/05/17 13:55:27 INFO dnd: armed ability fired (turn-based build) user=@sim:fighter-l7-goblin_warrens-87 ability="Second Wind"
2026/05/17 13:55:28 INFO dnd: armed ability fired (turn-based build) user=@sim:fighter-l12-goblin_warrens-87 ability="Second Wind"
2026/05/17 13:55:28 INFO dnd: armed ability fired (turn-based build) user=@sim:fighter-l3-goblin_warrens-85 ability="Second Wind"
2026/05/17 13:55:28 INFO dnd: armed ability fired (turn-based build) user=@sim:fighter-l3-goblin_warrens-85 ability="Second Wind"
2026/05/17 13:55:28 INFO dnd: armed ability fired (turn-based build) user=@sim:fighter-l7-underdark-71 ability="Second Wind"
2026/05/17 13:55:28 INFO dnd: armed ability fired (turn-based build) user=@sim:fighter-l7-underdark-71 ability="Second Wind"
2026/05/17 13:55:28 INFO dnd: armed ability fired (turn-based build) user=@sim:fighter-l7-underdark-71 ability="Second Wind"
2026/05/17 13:55:28 INFO database initialized path=/tmp/expedition-sim-2172079867/gogobee.db
2026/05/17 13:55:28 INFO dnd: armed ability fired (turn-based build) user=@sim:fighter-l3-forest_shadows-78 ability="Second Wind"
2026/05/17 13:55:28 INFO database initialized path=/tmp/expedition-sim-2459530859/gogobee.db
2026/05/17 13:55:28 INFO dnd: armed ability fired (turn-based build) user=@sim:fighter-l3-forest_shadows-78 ability="Second Wind"
2026/05/17 13:55:28 INFO dnd: armed ability fired (turn-based build) user=@sim:fighter-l3-manor_blackspire-94 ability="Second Wind"
2026/05/17 13:55:28 INFO dnd: armed ability fired (turn-based build) user=@sim:fighter-l3-manor_blackspire-94 ability="Second Wind"
2026/05/17 13:55:28 INFO dnd: armed ability fired (turn-based build) user=@sim:fighter-l3-forest_shadows-78 ability="Second Wind"
2026/05/17 13:55:28 INFO dnd: armed ability fired (turn-based build) user=@sim:fighter-l3-manor_blackspire-94 ability="Second Wind"
2026/05/17 13:55:28 INFO database initialized path=/tmp/expedition-sim-3469898161/gogobee.db
2026/05/17 13:55:28 INFO dnd: armed ability fired (turn-based build) user=@sim:fighter-l7-dragons_lair-87 ability="Second Wind"
2026/05/17 13:55:28 INFO dnd: armed ability fired (turn-based build) user=@sim:fighter-l7-dragons_lair-87 ability="Second Wind"
2026/05/17 13:55:28 INFO dnd: armed ability fired (turn-based build) user=@sim:fighter-l7-dragons_lair-87 ability="Second Wind"
2026/05/17 13:55:28 INFO database initialized path=/tmp/expedition-sim-2064948154/gogobee.db
2026/05/17 13:55:28 INFO dnd: armed ability fired (turn-based build) user=@sim:fighter-l7-manor_blackspire-90 ability="Second Wind"
2026/05/17 13:55:28 INFO dnd: armed ability fired (turn-based build) user=@sim:fighter-l7-manor_blackspire-90 ability="Second Wind"
2026/05/17 13:55:28 INFO database initialized path=/tmp/expedition-sim-1760398268/gogobee.db
2026/05/17 13:55:28 INFO dnd: armed ability fired (turn-based build) user=@sim:fighter-l7-manor_blackspire-90 ability="Second Wind"
2026/05/17 13:55:28 INFO dnd: armed ability fired (turn-based build) user=@sim:fighter-l7-forest_shadows-75 ability="Second Wind"
2026/05/17 13:55:28 INFO dnd: armed ability fired (turn-based build) user=@sim:fighter-l7-forest_shadows-75 ability="Second Wind"
2026/05/17 13:55:28 INFO dnd: armed ability fired (turn-based build) user=@sim:fighter-l7-forest_shadows-75 ability="Second Wind"
2026/05/17 13:55:28 INFO database initialized path=/tmp/expedition-sim-3085048784/gogobee.db
2026/05/17 13:55:28 INFO dnd: armed ability fired (turn-based build) user=@sim:fighter-l7-goblin_warrens-88 ability="Second Wind"
2026/05/17 13:55:28 INFO dnd: armed ability fired (turn-based build) user=@sim:fighter-l7-goblin_warrens-88 ability="Second Wind"
2026/05/17 13:55:28 INFO dnd: armed ability fired (turn-based build) user=@sim:fighter-l7-goblin_warrens-88 ability="Second Wind"
2026/05/17 13:55:28 INFO database initialized path=/tmp/expedition-sim-3413158868/gogobee.db
2026/05/17 13:55:28 INFO dnd: armed ability fired (turn-based build) user=@sim:fighter-l12-goblin_warrens-88 ability="Second Wind"
2026/05/17 13:55:28 INFO dnd: armed ability fired (turn-based build) user=@sim:fighter-l12-goblin_warrens-88 ability="Second Wind"
2026/05/17 13:55:28 INFO dnd: armed ability fired (turn-based build) user=@sim:fighter-l12-goblin_warrens-88 ability="Second Wind"
2026/05/17 13:55:28 INFO database initialized path=/tmp/expedition-sim-267924735/gogobee.db
2026/05/17 13:55:28 INFO database initialized path=/tmp/expedition-sim-1545382760/gogobee.db
2026/05/17 13:55:28 INFO dnd: armed ability fired (turn-based build) user=@sim:fighter-l3-goblin_warrens-86 ability="Second Wind"
2026/05/17 13:55:28 INFO dnd: armed ability fired (turn-based build) user=@sim:fighter-l12-forest_shadows-66 ability="Second Wind"
2026/05/17 13:55:28 INFO dnd: armed ability fired (turn-based build) user=@sim:fighter-l3-goblin_warrens-86 ability="Second Wind"
2026/05/17 13:55:28 INFO dnd: armed ability fired (turn-based build) user=@sim:fighter-l12-forest_shadows-66 ability="Second Wind"
2026/05/17 13:55:28 INFO database initialized path=/tmp/expedition-sim-918101761/gogobee.db
2026/05/17 13:55:28 INFO dnd: armed ability fired (turn-based build) user=@sim:fighter-l3-goblin_warrens-86 ability="Second Wind"
2026/05/17 13:55:28 INFO dnd: armed ability fired (turn-based build) user=@sim:fighter-l12-forest_shadows-66 ability="Second Wind"
2026/05/17 13:55:28 INFO dnd: armed ability fired (turn-based build) user=@sim:fighter-l3-manor_blackspire-95 ability="Second Wind"
2026/05/17 13:55:28 INFO dnd: armed ability fired (turn-based build) user=@sim:fighter-l3-manor_blackspire-95 ability="Second Wind"
2026/05/17 13:55:28 INFO database initialized path=/tmp/expedition-sim-1950322119/gogobee.db
2026/05/17 13:55:28 INFO dnd: armed ability fired (turn-based build) user=@sim:fighter-l3-manor_blackspire-95 ability="Second Wind"
2026/05/17 13:55:28 INFO dnd: armed ability fired (turn-based build) user=@sim:fighter-l7-dragons_lair-88 ability="Second Wind"
2026/05/17 13:55:28 INFO dnd: armed ability fired (turn-based build) user=@sim:fighter-l7-dragons_lair-88 ability="Second Wind"
2026/05/17 13:55:28 INFO dnd: armed ability fired (turn-based build) user=@sim:fighter-l7-dragons_lair-88 ability="Second Wind"
2026/05/17 13:55:28 INFO database initialized path=/tmp/expedition-sim-1875605213/gogobee.db
2026/05/17 13:55:28 INFO dnd: armed ability fired (turn-based build) user=@sim:fighter-l3-forest_shadows-79 ability="Second Wind"
2026/05/17 13:55:28 INFO dnd: armed ability fired (turn-based build) user=@sim:fighter-l3-forest_shadows-79 ability="Second Wind"
2026/05/17 13:55:28 INFO dnd: armed ability fired (turn-based build) user=@sim:fighter-l3-forest_shadows-79 ability="Second Wind"
2026/05/17 13:55:28 INFO database initialized path=/tmp/expedition-sim-4289889788/gogobee.db
2026/05/17 13:55:28 INFO database initialized path=/tmp/expedition-sim-1037804950/gogobee.db
2026/05/17 13:55:28 INFO dnd: armed ability fired (turn-based build) user=@sim:fighter-l12-manor_blackspire-77 ability="Second Wind"
2026/05/17 13:55:28 INFO dnd: armed ability fired (turn-based build) user=@sim:fighter-l12-manor_blackspire-77 ability="Second Wind"
2026/05/17 13:55:28 INFO dnd: armed ability fired (turn-based build) user=@sim:fighter-l12-manor_blackspire-77 ability="Second Wind"
2026/05/17 13:55:28 INFO dnd: armed ability fired (turn-based build) user=@sim:fighter-l12-underdark-79 ability="Second Wind"
2026/05/17 13:55:28 INFO dnd: armed ability fired (turn-based build) user=@sim:fighter-l12-underdark-79 ability="Second Wind"
2026/05/17 13:55:28 INFO dnd: armed ability fired (turn-based build) user=@sim:fighter-l12-underdark-79 ability="Second Wind"
2026/05/17 13:55:28 INFO database initialized path=/tmp/expedition-sim-2428226788/gogobee.db
2026/05/17 13:55:28 INFO database initialized path=/tmp/expedition-sim-438070553/gogobee.db
2026/05/17 13:55:28 INFO dnd: armed ability fired (turn-based build) user=@sim:fighter-l7-goblin_warrens-89 ability="Second Wind"
2026/05/17 13:55:28 INFO dnd: armed ability fired (turn-based build) user=@sim:fighter-l7-forest_shadows-76 ability="Second Wind"
2026/05/17 13:55:28 INFO dnd: armed ability fired (turn-based build) user=@sim:fighter-l7-goblin_warrens-89 ability="Second Wind"
2026/05/17 13:55:28 INFO dnd: armed ability fired (turn-based build) user=@sim:fighter-l7-goblin_warrens-89 ability="Second Wind"
2026/05/17 13:55:28 INFO dnd: armed ability fired (turn-based build) user=@sim:fighter-l7-forest_shadows-76 ability="Second Wind"
2026/05/17 13:55:28 INFO dnd: armed ability fired (turn-based build) user=@sim:fighter-l7-forest_shadows-76 ability="Second Wind"
2026/05/17 13:55:28 INFO database initialized path=/tmp/expedition-sim-3956993808/gogobee.db
2026/05/17 13:55:28 INFO database initialized path=/tmp/expedition-sim-64514410/gogobee.db
2026/05/17 13:55:28 INFO dnd: armed ability fired (turn-based build) user=@sim:fighter-l7-manor_blackspire-91 ability="Second Wind"
2026/05/17 13:55:28 INFO database initialized path=/tmp/expedition-sim-2684125015/gogobee.db
2026/05/17 13:55:28 INFO dnd: armed ability fired (turn-based build) user=@sim:fighter-l7-manor_blackspire-91 ability="Second Wind"
2026/05/17 13:55:28 INFO dnd: armed ability fired (turn-based build) user=@sim:fighter-l12-goblin_warrens-89 ability="Second Wind"
2026/05/17 13:55:28 INFO dnd: armed ability fired (turn-based build) user=@sim:fighter-l7-underdark-72 ability="Second Wind"
2026/05/17 13:55:28 INFO dnd: armed ability fired (turn-based build) user=@sim:fighter-l12-goblin_warrens-89 ability="Second Wind"
2026/05/17 13:55:28 INFO dnd: armed ability fired (turn-based build) user=@sim:fighter-l7-manor_blackspire-91 ability="Second Wind"
2026/05/17 13:55:28 INFO dnd: armed ability fired (turn-based build) user=@sim:fighter-l12-goblin_warrens-89 ability="Second Wind"
2026/05/17 13:55:28 INFO dnd: armed ability fired (turn-based build) user=@sim:fighter-l7-underdark-72 ability="Second Wind"
2026/05/17 13:55:28 INFO dnd: armed ability fired (turn-based build) user=@sim:fighter-l7-underdark-72 ability="Second Wind"
2026/05/17 13:55:28 INFO database initialized path=/tmp/expedition-sim-1924523276/gogobee.db
2026/05/17 13:55:28 INFO database initialized path=/tmp/expedition-sim-1286963051/gogobee.db
2026/05/17 13:55:28 INFO dnd: armed ability fired (turn-based build) user=@sim:fighter-l3-manor_blackspire-96 ability="Second Wind"
2026/05/17 13:55:28 INFO dnd: armed ability fired (turn-based build) user=@sim:fighter-l3-manor_blackspire-96 ability="Second Wind"
2026/05/17 13:55:28 INFO dnd: armed ability fired (turn-based build) user=@sim:fighter-l3-manor_blackspire-96 ability="Second Wind"
2026/05/17 13:55:28 INFO dnd: armed ability fired (turn-based build) user=@sim:fighter-l3-goblin_warrens-87 ability="Second Wind"
2026/05/17 13:55:28 INFO dnd: armed ability fired (turn-based build) user=@sim:fighter-l3-goblin_warrens-87 ability="Second Wind"
2026/05/17 13:55:28 INFO database initialized path=/tmp/expedition-sim-2251343512/gogobee.db
2026/05/17 13:55:29 INFO dnd: armed ability fired (turn-based build) user=@sim:fighter-l3-goblin_warrens-87 ability="Second Wind"
2026/05/17 13:55:29 INFO dnd: armed ability fired (turn-based build) user=@sim:fighter-l7-dragons_lair-89 ability="Second Wind"
2026/05/17 13:55:29 INFO database initialized path=/tmp/expedition-sim-1992804361/gogobee.db
2026/05/17 13:55:29 INFO dnd: armed ability fired (turn-based build) user=@sim:fighter-l3-forest_shadows-80 ability="Second Wind"
2026/05/17 13:55:29 INFO database initialized path=/tmp/expedition-sim-3053255797/gogobee.db
2026/05/17 13:55:29 INFO dnd: armed ability fired (turn-based build) user=@sim:fighter-l3-forest_shadows-80 ability="Second Wind"
2026/05/17 13:55:29 INFO dnd: armed ability fired (turn-based build) user=@sim:fighter-l12-forest_shadows-67 ability="Second Wind"
2026/05/17 13:55:29 INFO dnd: armed ability fired (turn-based build) user=@sim:fighter-l3-forest_shadows-80 ability="Second Wind"
2026/05/17 13:55:29 INFO dnd: armed ability fired (turn-based build) user=@sim:fighter-l12-forest_shadows-67 ability="Second Wind"
2026/05/17 13:55:29 INFO dnd: armed ability fired (turn-based build) user=@sim:fighter-l12-forest_shadows-67 ability="Second Wind"
2026/05/17 13:55:29 INFO database initialized path=/tmp/expedition-sim-2112176502/gogobee.db
2026/05/17 13:55:29 INFO dnd: armed ability fired (turn-based build) user=@sim:fighter-l12-manor_blackspire-78 ability="Second Wind"
2026/05/17 13:55:29 INFO dnd: armed ability fired (turn-based build) user=@sim:fighter-l12-manor_blackspire-78 ability="Second Wind"
2026/05/17 13:55:29 INFO dnd: armed ability fired (turn-based build) user=@sim:fighter-l12-manor_blackspire-78 ability="Second Wind"
2026/05/17 13:55:29 INFO database initialized path=/tmp/expedition-sim-1414641919/gogobee.db
2026/05/17 13:55:29 INFO dnd: armed ability fired (turn-based build) user=@sim:fighter-l12-goblin_warrens-90 ability="Second Wind"
2026/05/17 13:55:29 INFO dnd: armed ability fired (turn-based build) user=@sim:fighter-l12-goblin_warrens-90 ability="Second Wind"
2026/05/17 13:55:29 INFO database initialized path=/tmp/expedition-sim-330495255/gogobee.db
2026/05/17 13:55:29 INFO dnd: armed ability fired (turn-based build) user=@sim:fighter-l12-goblin_warrens-90 ability="Second Wind"
2026/05/17 13:55:29 INFO database initialized path=/tmp/expedition-sim-3378902313/gogobee.db
2026/05/17 13:55:29 INFO dnd: armed ability fired (turn-based build) user=@sim:fighter-l12-underdark-80 ability="Second Wind"
2026/05/17 13:55:29 INFO database initialized path=/tmp/expedition-sim-1674041233/gogobee.db
2026/05/17 13:55:29 INFO dnd: armed ability fired (turn-based build) user=@sim:fighter-l7-manor_blackspire-92 ability="Second Wind"
2026/05/17 13:55:29 INFO dnd: armed ability fired (turn-based build) user=@sim:fighter-l7-manor_blackspire-92 ability="Second Wind"
2026/05/17 13:55:29 INFO dnd: armed ability fired (turn-based build) user=@sim:fighter-l12-underdark-80 ability="Second Wind"
2026/05/17 13:55:29 INFO database initialized path=/tmp/expedition-sim-3581096968/gogobee.db
2026/05/17 13:55:29 INFO dnd: armed ability fired (turn-based build) user=@sim:fighter-l7-manor_blackspire-92 ability="Second Wind"
2026/05/17 13:55:29 INFO database initialized path=/tmp/expedition-sim-1651578186/gogobee.db
2026/05/17 13:55:29 INFO database initialized path=/tmp/expedition-sim-8792198/gogobee.db
2026/05/17 13:55:29 INFO dnd: armed ability fired (turn-based build) user=@sim:fighter-l3-manor_blackspire-97 ability="Second Wind"
2026/05/17 13:55:29 INFO dnd: armed ability fired (turn-based build) user=@sim:fighter-l7-underdark-73 ability="Second Wind"
2026/05/17 13:55:29 INFO dnd: armed ability fired (turn-based build) user=@sim:fighter-l12-underdark-80 ability="Second Wind"
2026/05/17 13:55:29 INFO dnd: armed ability fired (turn-based build) user=@sim:fighter-l7-forest_shadows-77 ability="Second Wind"
2026/05/17 13:55:29 INFO dnd: armed ability fired (turn-based build) user=@sim:fighter-l7-dragons_lair-90 ability="Second Wind"
2026/05/17 13:55:29 INFO dnd: armed ability fired (turn-based build) user=@sim:fighter-l7-underdark-73 ability="Second Wind"
2026/05/17 13:55:29 INFO dnd: armed ability fired (turn-based build) user=@sim:fighter-l7-forest_shadows-77 ability="Second Wind"
2026/05/17 13:55:29 INFO dnd: armed ability fired (turn-based build) user=@sim:fighter-l7-dragons_lair-90 ability="Second Wind"
2026/05/17 13:55:29 INFO dnd: armed ability fired (turn-based build) user=@sim:fighter-l7-underdark-73 ability="Second Wind"
2026/05/17 13:55:29 INFO dnd: armed ability fired (turn-based build) user=@sim:fighter-l3-manor_blackspire-97 ability="Second Wind"
2026/05/17 13:55:29 INFO dnd: armed ability fired (turn-based build) user=@sim:fighter-l7-forest_shadows-77 ability="Second Wind"
2026/05/17 13:55:29 INFO dnd: armed ability fired (turn-based build) user=@sim:fighter-l7-dragons_lair-90 ability="Second Wind"
2026/05/17 13:55:29 INFO database initialized path=/tmp/expedition-sim-2075047733/gogobee.db
2026/05/17 13:55:29 INFO dnd: armed ability fired (turn-based build) user=@sim:fighter-l3-manor_blackspire-97 ability="Second Wind"
2026/05/17 13:55:29 INFO dnd: armed ability fired (turn-based build) user=@sim:fighter-l7-goblin_warrens-90 ability="Second Wind"
2026/05/17 13:55:29 INFO dnd: armed ability fired (turn-based build) user=@sim:fighter-l7-goblin_warrens-90 ability="Second Wind"
2026/05/17 13:55:29 INFO dnd: armed ability fired (turn-based build) user=@sim:fighter-l7-goblin_warrens-90 ability="Second Wind"
2026/05/17 13:55:29 INFO database initialized path=/tmp/expedition-sim-411579133/gogobee.db
2026/05/17 13:55:29 INFO dnd: armed ability fired (turn-based build) user=@sim:fighter-l3-forest_shadows-81 ability="Second Wind"
2026/05/17 13:55:29 INFO dnd: armed ability fired (turn-based build) user=@sim:fighter-l3-forest_shadows-81 ability="Second Wind"
2026/05/17 13:55:29 INFO database initialized path=/tmp/expedition-sim-3137546154/gogobee.db
2026/05/17 13:55:29 INFO dnd: armed ability fired (turn-based build) user=@sim:fighter-l3-forest_shadows-81 ability="Second Wind"
2026/05/17 13:55:29 WARN auto-heal cleanup: short on inventory user=@sim:fighter-l3-forest_shadows-81 wanted=1 removed=0
2026/05/17 13:55:29 INFO dnd: armed ability fired (turn-based build) user=@sim:fighter-l3-goblin_warrens-88 ability="Second Wind"
2026/05/17 13:55:29 INFO dnd: armed ability fired (turn-based build) user=@sim:fighter-l3-goblin_warrens-88 ability="Second Wind"
2026/05/17 13:55:29 INFO dnd: armed ability fired (turn-based build) user=@sim:fighter-l3-goblin_warrens-88 ability="Second Wind"
2026/05/17 13:55:29 INFO database initialized path=/tmp/expedition-sim-4210616939/gogobee.db
2026/05/17 13:55:29 INFO dnd: armed ability fired (turn-based build) user=@sim:fighter-l12-manor_blackspire-79 ability="Second Wind"
2026/05/17 13:55:29 INFO dnd: armed ability fired (turn-based build) user=@sim:fighter-l12-manor_blackspire-79 ability="Second Wind"
2026/05/17 13:55:29 INFO dnd: armed ability fired (turn-based build) user=@sim:fighter-l12-manor_blackspire-79 ability="Second Wind"
2026/05/17 13:55:29 INFO database initialized path=/tmp/expedition-sim-3660452800/gogobee.db
2026/05/17 13:55:29 INFO dnd: armed ability fired (turn-based build) user=@sim:fighter-l12-forest_shadows-68 ability="Second Wind"
2026/05/17 13:55:29 INFO dnd: armed ability fired (turn-based build) user=@sim:fighter-l12-forest_shadows-68 ability="Second Wind"
2026/05/17 13:55:29 INFO dnd: armed ability fired (turn-based build) user=@sim:fighter-l12-forest_shadows-68 ability="Second Wind"
2026/05/17 13:55:29 INFO database initialized path=/tmp/expedition-sim-2225428562/gogobee.db
2026/05/17 13:55:29 INFO dnd: armed ability fired (turn-based build) user=@sim:fighter-l7-manor_blackspire-93 ability="Second Wind"
2026/05/17 13:55:29 INFO dnd: armed ability fired (turn-based build) user=@sim:fighter-l7-manor_blackspire-93 ability="Second Wind"
2026/05/17 13:55:29 INFO dnd: armed ability fired (turn-based build) user=@sim:fighter-l7-manor_blackspire-93 ability="Second Wind"
2026/05/17 13:55:29 INFO database initialized path=/tmp/expedition-sim-259932012/gogobee.db
2026/05/17 13:55:29 INFO dnd: armed ability fired (turn-based build) user=@sim:fighter-l3-manor_blackspire-98 ability="Second Wind"
2026/05/17 13:55:29 INFO database initialized path=/tmp/expedition-sim-942509769/gogobee.db
2026/05/17 13:55:29 INFO dnd: armed ability fired (turn-based build) user=@sim:fighter-l3-manor_blackspire-98 ability="Second Wind"
2026/05/17 13:55:29 INFO dnd: armed ability fired (turn-based build) user=@sim:fighter-l3-manor_blackspire-98 ability="Second Wind"
2026/05/17 13:55:29 INFO dnd: armed ability fired (turn-based build) user=@sim:fighter-l7-goblin_warrens-91 ability="Second Wind"
2026/05/17 13:55:29 INFO dnd: armed ability fired (turn-based build) user=@sim:fighter-l7-goblin_warrens-91 ability="Second Wind"
2026/05/17 13:55:29 INFO dnd: armed ability fired (turn-based build) user=@sim:fighter-l7-goblin_warrens-91 ability="Second Wind"
2026/05/17 13:55:29 INFO database initialized path=/tmp/expedition-sim-3900231548/gogobee.db
2026/05/17 13:55:29 INFO database initialized path=/tmp/expedition-sim-1607765430/gogobee.db
2026/05/17 13:55:29 INFO dnd: armed ability fired (turn-based build) user=@sim:fighter-l7-underdark-74 ability="Second Wind"
2026/05/17 13:55:29 INFO dnd: armed ability fired (turn-based build) user=@sim:fighter-l7-forest_shadows-78 ability="Second Wind"
2026/05/17 13:55:29 INFO dnd: armed ability fired (turn-based build) user=@sim:fighter-l7-underdark-74 ability="Second Wind"
2026/05/17 13:55:29 INFO dnd: armed ability fired (turn-based build) user=@sim:fighter-l7-forest_shadows-78 ability="Second Wind"
2026/05/17 13:55:29 INFO dnd: armed ability fired (turn-based build) user=@sim:fighter-l7-underdark-74 ability="Second Wind"
2026/05/17 13:55:29 INFO dnd: armed ability fired (turn-based build) user=@sim:fighter-l7-forest_shadows-78 ability="Second Wind"
2026/05/17 13:55:29 INFO database initialized path=/tmp/expedition-sim-1806892712/gogobee.db
2026/05/17 13:55:29 INFO database initialized path=/tmp/expedition-sim-3502969192/gogobee.db
2026/05/17 13:55:29 INFO dnd: armed ability fired (turn-based build) user=@sim:fighter-l7-dragons_lair-91 ability="Second Wind"
2026/05/17 13:55:29 INFO dnd: armed ability fired (turn-based build) user=@sim:fighter-l7-dragons_lair-91 ability="Second Wind"
2026/05/17 13:55:29 INFO dnd: armed ability fired (turn-based build) user=@sim:fighter-l12-goblin_warrens-91 ability="Second Wind"
2026/05/17 13:55:29 INFO dnd: armed ability fired (turn-based build) user=@sim:fighter-l7-dragons_lair-91 ability="Second Wind"
2026/05/17 13:55:29 INFO dnd: armed ability fired (turn-based build) user=@sim:fighter-l12-goblin_warrens-91 ability="Second Wind"
2026/05/17 13:55:29 INFO database initialized path=/tmp/expedition-sim-3100145556/gogobee.db
2026/05/17 13:55:29 INFO dnd: armed ability fired (turn-based build) user=@sim:fighter-l3-forest_shadows-82 ability="Second Wind"
2026/05/17 13:55:29 INFO dnd: armed ability fired (turn-based build) user=@sim:fighter-l12-goblin_warrens-91 ability="Second Wind"
2026/05/17 13:55:29 INFO dnd: armed ability fired (turn-based build) user=@sim:fighter-l3-forest_shadows-82 ability="Second Wind"
2026/05/17 13:55:29 INFO dnd: armed ability fired (turn-based build) user=@sim:fighter-l3-forest_shadows-82 ability="Second Wind"
2026/05/17 13:55:29 INFO database initialized path=/tmp/expedition-sim-3358067512/gogobee.db
2026/05/17 13:55:29 INFO dnd: armed ability fired (turn-based build) user=@sim:fighter-l12-underdark-81 ability="Second Wind"
2026/05/17 13:55:29 INFO dnd: armed ability fired (turn-based build) user=@sim:fighter-l12-underdark-81 ability="Second Wind"
2026/05/17 13:55:29 INFO dnd: armed ability fired (turn-based build) user=@sim:fighter-l12-underdark-81 ability="Second Wind"
2026/05/17 13:55:30 INFO database initialized path=/tmp/expedition-sim-1995650886/gogobee.db
2026/05/17 13:55:30 INFO database initialized path=/tmp/expedition-sim-3274757171/gogobee.db
2026/05/17 13:55:30 INFO dnd: armed ability fired (turn-based build) user=@sim:fighter-l3-goblin_warrens-89 ability="Second Wind"
2026/05/17 13:55:30 INFO dnd: armed ability fired (turn-based build) user=@sim:fighter-l12-manor_blackspire-80 ability="Second Wind"
2026/05/17 13:55:30 INFO dnd: armed ability fired (turn-based build) user=@sim:fighter-l3-goblin_warrens-89 ability="Second Wind"
2026/05/17 13:55:30 INFO dnd: armed ability fired (turn-based build) user=@sim:fighter-l12-manor_blackspire-80 ability="Second Wind"
2026/05/17 13:55:30 INFO dnd: armed ability fired (turn-based build) user=@sim:fighter-l12-manor_blackspire-80 ability="Second Wind"
2026/05/17 13:55:30 INFO dnd: armed ability fired (turn-based build) user=@sim:fighter-l3-goblin_warrens-89 ability="Second Wind"
2026/05/17 13:55:30 INFO database initialized path=/tmp/expedition-sim-1262528901/gogobee.db
2026/05/17 13:55:30 INFO dnd: armed ability fired (turn-based build) user=@sim:fighter-l7-manor_blackspire-94 ability="Second Wind"
2026/05/17 13:55:30 INFO dnd: armed ability fired (turn-based build) user=@sim:fighter-l7-manor_blackspire-94 ability="Second Wind"
2026/05/17 13:55:30 INFO dnd: armed ability fired (turn-based build) user=@sim:fighter-l7-manor_blackspire-94 ability="Second Wind"
2026/05/17 13:55:30 INFO database initialized path=/tmp/expedition-sim-3107047477/gogobee.db
2026/05/17 13:55:30 INFO database initialized path=/tmp/expedition-sim-990463771/gogobee.db
2026/05/17 13:55:30 INFO dnd: armed ability fired (turn-based build) user=@sim:fighter-l7-underdark-75 ability="Second Wind"
2026/05/17 13:55:30 INFO dnd: armed ability fired (turn-based build) user=@sim:fighter-l3-manor_blackspire-99 ability="Second Wind"
2026/05/17 13:55:30 INFO dnd: armed ability fired (turn-based build) user=@sim:fighter-l7-underdark-75 ability="Second Wind"
2026/05/17 13:55:30 INFO dnd: armed ability fired (turn-based build) user=@sim:fighter-l3-manor_blackspire-99 ability="Second Wind"
2026/05/17 13:55:30 INFO database initialized path=/tmp/expedition-sim-4082681336/gogobee.db
2026/05/17 13:55:30 INFO dnd: armed ability fired (turn-based build) user=@sim:fighter-l3-manor_blackspire-99 ability="Second Wind"
2026/05/17 13:55:30 INFO dnd: armed ability fired (turn-based build) user=@sim:fighter-l7-underdark-75 ability="Second Wind"
2026/05/17 13:55:30 INFO database initialized path=/tmp/expedition-sim-1885124483/gogobee.db
2026/05/17 13:55:30 INFO dnd: armed ability fired (turn-based build) user=@sim:fighter-l7-dragons_lair-92 ability="Second Wind"
2026/05/17 13:55:30 INFO dnd: armed ability fired (turn-based build) user=@sim:fighter-l7-dragons_lair-92 ability="Second Wind"
2026/05/17 13:55:30 INFO dnd: armed ability fired (turn-based build) user=@sim:fighter-l7-forest_shadows-79 ability="Second Wind"
2026/05/17 13:55:30 INFO database initialized path=/tmp/expedition-sim-3383225215/gogobee.db
2026/05/17 13:55:30 INFO dnd: armed ability fired (turn-based build) user=@sim:fighter-l7-goblin_warrens-92 ability="Second Wind"
2026/05/17 13:55:30 INFO dnd: armed ability fired (turn-based build) user=@sim:fighter-l7-dragons_lair-92 ability="Second Wind"
2026/05/17 13:55:30 INFO dnd: armed ability fired (turn-based build) user=@sim:fighter-l7-forest_shadows-79 ability="Second Wind"
2026/05/17 13:55:30 INFO dnd: armed ability fired (turn-based build) user=@sim:fighter-l7-goblin_warrens-92 ability="Second Wind"
2026/05/17 13:55:30 INFO dnd: armed ability fired (turn-based build) user=@sim:fighter-l7-forest_shadows-79 ability="Second Wind"
2026/05/17 13:55:30 INFO dnd: armed ability fired (turn-based build) user=@sim:fighter-l7-goblin_warrens-92 ability="Second Wind"
2026/05/17 13:55:30 INFO database initialized path=/tmp/expedition-sim-2182361269/gogobee.db
2026/05/17 13:55:30 INFO dnd: armed ability fired (turn-based build) user=@sim:fighter-l12-forest_shadows-69 ability="Second Wind"
2026/05/17 13:55:30 INFO dnd: armed ability fired (turn-based build) user=@sim:fighter-l12-forest_shadows-69 ability="Second Wind"
2026/05/17 13:55:30 INFO database initialized path=/tmp/expedition-sim-877854957/gogobee.db
2026/05/17 13:55:30 INFO database initialized path=/tmp/expedition-sim-3997318435/gogobee.db
2026/05/17 13:55:30 INFO dnd: armed ability fired (turn-based build) user=@sim:fighter-l12-forest_shadows-69 ability="Second Wind"
2026/05/17 13:55:30 INFO dnd: armed ability fired (turn-based build) user=@sim:fighter-l12-goblin_warrens-92 ability="Second Wind"
2026/05/17 13:55:30 INFO dnd: armed ability fired (turn-based build) user=@sim:fighter-l3-forest_shadows-83 ability="Second Wind"
2026/05/17 13:55:30 INFO dnd: armed ability fired (turn-based build) user=@sim:fighter-l12-goblin_warrens-92 ability="Second Wind"
2026/05/17 13:55:30 INFO dnd: armed ability fired (turn-based build) user=@sim:fighter-l3-forest_shadows-83 ability="Second Wind"
2026/05/17 13:55:30 INFO dnd: armed ability fired (turn-based build) user=@sim:fighter-l12-goblin_warrens-92 ability="Second Wind"
2026/05/17 13:55:30 INFO dnd: armed ability fired (turn-based build) user=@sim:fighter-l3-forest_shadows-83 ability="Second Wind"
2026/05/17 13:55:30 INFO database initialized path=/tmp/expedition-sim-2077857228/gogobee.db
2026/05/17 13:55:30 INFO dnd: armed ability fired (turn-based build) user=@sim:fighter-l12-manor_blackspire-81 ability="Second Wind"
2026/05/17 13:55:30 INFO dnd: armed ability fired (turn-based build) user=@sim:fighter-l12-manor_blackspire-81 ability="Second Wind"
2026/05/17 13:55:30 INFO dnd: armed ability fired (turn-based build) user=@sim:fighter-l12-manor_blackspire-81 ability="Second Wind"
2026/05/17 13:55:30 INFO database initialized path=/tmp/expedition-sim-2997620688/gogobee.db
2026/05/17 13:55:30 INFO dnd: armed ability fired (turn-based build) user=@sim:fighter-l3-goblin_warrens-90 ability="Second Wind"
2026/05/17 13:55:30 INFO database initialized path=/tmp/expedition-sim-2654268335/gogobee.db
2026/05/17 13:55:30 INFO dnd: armed ability fired (turn-based build) user=@sim:fighter-l3-goblin_warrens-90 ability="Second Wind"
2026/05/17 13:55:30 INFO dnd: armed ability fired (turn-based build) user=@sim:fighter-l7-manor_blackspire-95 ability="Second Wind"
2026/05/17 13:55:30 INFO database initialized path=/tmp/expedition-sim-1971795227/gogobee.db
2026/05/17 13:55:30 INFO dnd: armed ability fired (turn-based build) user=@sim:fighter-l7-manor_blackspire-95 ability="Second Wind"
2026/05/17 13:55:30 INFO dnd: armed ability fired (turn-based build) user=@sim:fighter-l3-goblin_warrens-90 ability="Second Wind"
2026/05/17 13:55:30 INFO dnd: armed ability fired (turn-based build) user=@sim:fighter-l7-manor_blackspire-95 ability="Second Wind"
2026/05/17 13:55:30 INFO dnd: armed ability fired (turn-based build) user=@sim:fighter-l12-underdark-82 ability="Second Wind"
2026/05/17 13:55:30 INFO dnd: armed ability fired (turn-based build) user=@sim:fighter-l12-underdark-82 ability="Second Wind"
2026/05/17 13:55:30 INFO dnd: armed ability fired (turn-based build) user=@sim:fighter-l12-underdark-82 ability="Second Wind"
2026/05/17 13:55:30 INFO database initialized path=/tmp/expedition-sim-1867633457/gogobee.db
2026/05/17 13:55:30 INFO dnd: armed ability fired (turn-based build) user=@sim:fighter-l7-underdark-76 ability="Second Wind"
2026/05/17 13:55:30 INFO dnd: armed ability fired (turn-based build) user=@sim:fighter-l7-underdark-76 ability="Second Wind"
2026/05/17 13:55:30 INFO dnd: armed ability fired (turn-based build) user=@sim:fighter-l7-underdark-76 ability="Second Wind"
2026/05/17 13:55:30 INFO database initialized path=/tmp/expedition-sim-1198693637/gogobee.db
2026/05/17 13:55:30 INFO dnd: armed ability fired (turn-based build) user=@sim:fighter-l7-forest_shadows-80 ability="Second Wind"
2026/05/17 13:55:30 INFO dnd: armed ability fired (turn-based build) user=@sim:fighter-l7-forest_shadows-80 ability="Second Wind"
2026/05/17 13:55:30 INFO dnd: armed ability fired (turn-based build) user=@sim:fighter-l7-forest_shadows-80 ability="Second Wind"
2026/05/17 13:55:30 INFO database initialized path=/tmp/expedition-sim-4071641131/gogobee.db
2026/05/17 13:55:30 INFO dnd: armed ability fired (turn-based build) user=@sim:fighter-l7-dragons_lair-93 ability="Second Wind"
2026/05/17 13:55:30 INFO database initialized path=/tmp/expedition-sim-3583829665/gogobee.db
2026/05/17 13:55:30 INFO dnd: armed ability fired (turn-based build) user=@sim:fighter-l7-dragons_lair-93 ability="Second Wind"
2026/05/17 13:55:30 INFO dnd: armed ability fired (turn-based build) user=@sim:fighter-l7-goblin_warrens-93 ability="Second Wind"
2026/05/17 13:55:30 INFO dnd: armed ability fired (turn-based build) user=@sim:fighter-l7-dragons_lair-93 ability="Second Wind"
2026/05/17 13:55:30 INFO dnd: armed ability fired (turn-based build) user=@sim:fighter-l7-goblin_warrens-93 ability="Second Wind"
2026/05/17 13:55:30 INFO dnd: armed ability fired (turn-based build) user=@sim:fighter-l7-goblin_warrens-93 ability="Second Wind"
2026/05/17 13:55:30 INFO database initialized path=/tmp/expedition-sim-1476254395/gogobee.db
2026/05/17 13:55:30 INFO database initialized path=/tmp/expedition-sim-276514366/gogobee.db
2026/05/17 13:55:30 INFO dnd: armed ability fired (turn-based build) user=@sim:fighter-l12-forest_shadows-70 ability="Second Wind"
2026/05/17 13:55:30 INFO dnd: armed ability fired (turn-based build) user=@sim:fighter-l3-forest_shadows-84 ability="Second Wind"
2026/05/17 13:55:30 INFO dnd: armed ability fired (turn-based build) user=@sim:fighter-l12-forest_shadows-70 ability="Second Wind"
2026/05/17 13:55:30 INFO dnd: armed ability fired (turn-based build) user=@sim:fighter-l3-forest_shadows-84 ability="Second Wind"
2026/05/17 13:55:30 INFO database initialized path=/tmp/expedition-sim-3724175083/gogobee.db
2026/05/17 13:55:30 INFO dnd: armed ability fired (turn-based build) user=@sim:fighter-l12-forest_shadows-70 ability="Second Wind"
2026/05/17 13:55:30 INFO dnd: armed ability fired (turn-based build) user=@sim:fighter-l3-forest_shadows-84 ability="Second Wind"
2026/05/17 13:55:30 INFO dnd: armed ability fired (turn-based build) user=@sim:fighter-l12-goblin_warrens-93 ability="Second Wind"
2026/05/17 13:55:30 INFO dnd: armed ability fired (turn-based build) user=@sim:fighter-l12-goblin_warrens-93 ability="Second Wind"
2026/05/17 13:55:30 INFO dnd: armed ability fired (turn-based build) user=@sim:fighter-l12-goblin_warrens-93 ability="Second Wind"
2026/05/17 13:55:30 INFO database initialized path=/tmp/expedition-sim-816054083/gogobee.db
2026/05/17 13:55:31 INFO database initialized path=/tmp/expedition-sim-469364780/gogobee.db
2026/05/17 13:55:31 INFO database initialized path=/tmp/expedition-sim-2682783661/gogobee.db
2026/05/17 13:55:31 INFO dnd: armed ability fired (turn-based build) user=@sim:fighter-l3-goblin_warrens-91 ability="Second Wind"
2026/05/17 13:55:31 INFO dnd: armed ability fired (turn-based build) user=@sim:fighter-l7-manor_blackspire-96 ability="Second Wind"
2026/05/17 13:55:31 INFO dnd: armed ability fired (turn-based build) user=@sim:fighter-l12-manor_blackspire-82 ability="Second Wind"
2026/05/17 13:55:31 INFO dnd: armed ability fired (turn-based build) user=@sim:fighter-l3-goblin_warrens-91 ability="Second Wind"
2026/05/17 13:55:31 INFO dnd: armed ability fired (turn-based build) user=@sim:fighter-l12-manor_blackspire-82 ability="Second Wind"
2026/05/17 13:55:31 INFO dnd: armed ability fired (turn-based build) user=@sim:fighter-l7-manor_blackspire-96 ability="Second Wind"
2026/05/17 13:55:31 INFO dnd: armed ability fired (turn-based build) user=@sim:fighter-l12-manor_blackspire-82 ability="Second Wind"
2026/05/17 13:55:31 INFO dnd: armed ability fired (turn-based build) user=@sim:fighter-l3-goblin_warrens-91 ability="Second Wind"
2026/05/17 13:55:31 INFO dnd: armed ability fired (turn-based build) user=@sim:fighter-l7-manor_blackspire-96 ability="Second Wind"
2026/05/17 13:55:31 INFO database initialized path=/tmp/expedition-sim-1761767680/gogobee.db
2026/05/17 13:55:31 INFO dnd: armed ability fired (turn-based build) user=@sim:fighter-l7-underdark-77 ability="Second Wind"
2026/05/17 13:55:31 INFO database initialized path=/tmp/expedition-sim-760031663/gogobee.db
2026/05/17 13:55:31 INFO dnd: armed ability fired (turn-based build) user=@sim:fighter-l12-underdark-83 ability="Second Wind"
2026/05/17 13:55:31 INFO dnd: armed ability fired (turn-based build) user=@sim:fighter-l7-underdark-77 ability="Second Wind"
2026/05/17 13:55:31 INFO dnd: armed ability fired (turn-based build) user=@sim:fighter-l12-underdark-83 ability="Second Wind"
2026/05/17 13:55:31 INFO dnd: armed ability fired (turn-based build) user=@sim:fighter-l7-underdark-77 ability="Second Wind"
2026/05/17 13:55:31 INFO dnd: armed ability fired (turn-based build) user=@sim:fighter-l12-underdark-83 ability="Second Wind"
2026/05/17 13:55:31 INFO database initialized path=/tmp/expedition-sim-712794846/gogobee.db
2026/05/17 13:55:31 INFO database initialized path=/tmp/expedition-sim-898979700/gogobee.db
2026/05/17 13:55:31 INFO dnd: armed ability fired (turn-based build) user=@sim:fighter-l7-dragons_lair-94 ability="Second Wind"
2026/05/17 13:55:31 INFO dnd: armed ability fired (turn-based build) user=@sim:fighter-l7-forest_shadows-81 ability="Second Wind"
2026/05/17 13:55:31 INFO dnd: armed ability fired (turn-based build) user=@sim:fighter-l7-dragons_lair-94 ability="Second Wind"
2026/05/17 13:55:31 INFO dnd: armed ability fired (turn-based build) user=@sim:fighter-l7-forest_shadows-81 ability="Second Wind"
2026/05/17 13:55:31 INFO dnd: armed ability fired (turn-based build) user=@sim:fighter-l7-forest_shadows-81 ability="Second Wind"
2026/05/17 13:55:31 INFO dnd: armed ability fired (turn-based build) user=@sim:fighter-l7-dragons_lair-94 ability="Second Wind"
2026/05/17 13:55:31 INFO database initialized path=/tmp/expedition-sim-1355445975/gogobee.db
2026/05/17 13:55:31 INFO dnd: armed ability fired (turn-based build) user=@sim:fighter-l7-goblin_warrens-94 ability="Second Wind"
2026/05/17 13:55:31 INFO database initialized path=/tmp/expedition-sim-2633902237/gogobee.db
2026/05/17 13:55:31 INFO dnd: armed ability fired (turn-based build) user=@sim:fighter-l3-forest_shadows-85 ability="Second Wind"
2026/05/17 13:55:31 INFO dnd: armed ability fired (turn-based build) user=@sim:fighter-l7-goblin_warrens-94 ability="Second Wind"
2026/05/17 13:55:31 INFO dnd: armed ability fired (turn-based build) user=@sim:fighter-l7-goblin_warrens-94 ability="Second Wind"
2026/05/17 13:55:31 INFO dnd: armed ability fired (turn-based build) user=@sim:fighter-l3-forest_shadows-85 ability="Second Wind"
2026/05/17 13:55:31 INFO dnd: armed ability fired (turn-based build) user=@sim:fighter-l3-forest_shadows-85 ability="Second Wind"
2026/05/17 13:55:31 INFO database initialized path=/tmp/expedition-sim-1077462683/gogobee.db
2026/05/17 13:55:31 INFO dnd: armed ability fired (turn-based build) user=@sim:fighter-l12-forest_shadows-71 ability="Second Wind"
2026/05/17 13:55:31 INFO dnd: armed ability fired (turn-based build) user=@sim:fighter-l12-forest_shadows-71 ability="Second Wind"
2026/05/17 13:55:31 INFO dnd: armed ability fired (turn-based build) user=@sim:fighter-l12-forest_shadows-71 ability="Second Wind"
2026/05/17 13:55:31 INFO database initialized path=/tmp/expedition-sim-3301980526/gogobee.db
2026/05/17 13:55:31 INFO dnd: armed ability fired (turn-based build) user=@sim:fighter-l12-goblin_warrens-94 ability="Second Wind"
2026/05/17 13:55:31 INFO dnd: armed ability fired (turn-based build) user=@sim:fighter-l12-goblin_warrens-94 ability="Second Wind"
2026/05/17 13:55:31 INFO dnd: armed ability fired (turn-based build) user=@sim:fighter-l12-goblin_warrens-94 ability="Second Wind"
2026/05/17 13:55:31 INFO database initialized path=/tmp/expedition-sim-252789121/gogobee.db
2026/05/17 13:55:31 INFO dnd: armed ability fired (turn-based build) user=@sim:fighter-l7-manor_blackspire-97 ability="Second Wind"
2026/05/17 13:55:31 INFO dnd: armed ability fired (turn-based build) user=@sim:fighter-l7-manor_blackspire-97 ability="Second Wind"
2026/05/17 13:55:31 INFO database initialized path=/tmp/expedition-sim-3934269074/gogobee.db
2026/05/17 13:55:31 INFO database initialized path=/tmp/expedition-sim-2021133213/gogobee.db
2026/05/17 13:55:31 INFO dnd: armed ability fired (turn-based build) user=@sim:fighter-l7-manor_blackspire-97 ability="Second Wind"
2026/05/17 13:55:31 INFO dnd: armed ability fired (turn-based build) user=@sim:fighter-l12-manor_blackspire-83 ability="Second Wind"
2026/05/17 13:55:31 INFO dnd: armed ability fired (turn-based build) user=@sim:fighter-l3-goblin_warrens-92 ability="Second Wind"
2026/05/17 13:55:31 INFO dnd: armed ability fired (turn-based build) user=@sim:fighter-l12-manor_blackspire-83 ability="Second Wind"
2026/05/17 13:55:31 INFO dnd: armed ability fired (turn-based build) user=@sim:fighter-l12-manor_blackspire-83 ability="Second Wind"
2026/05/17 13:55:31 INFO dnd: armed ability fired (turn-based build) user=@sim:fighter-l3-goblin_warrens-92 ability="Second Wind"
2026/05/17 13:55:31 INFO dnd: armed ability fired (turn-based build) user=@sim:fighter-l3-goblin_warrens-92 ability="Second Wind"
2026/05/17 13:55:31 INFO database initialized path=/tmp/expedition-sim-1494077417/gogobee.db
2026/05/17 13:55:31 INFO dnd: armed ability fired (turn-based build) user=@sim:fighter-l7-dragons_lair-95 ability="Second Wind"
2026/05/17 13:55:31 INFO dnd: armed ability fired (turn-based build) user=@sim:fighter-l7-dragons_lair-95 ability="Second Wind"
2026/05/17 13:55:31 INFO dnd: armed ability fired (turn-based build) user=@sim:fighter-l7-dragons_lair-95 ability="Second Wind"
2026/05/17 13:55:31 INFO database initialized path=/tmp/expedition-sim-2728504620/gogobee.db
2026/05/17 13:55:31 INFO database initialized path=/tmp/expedition-sim-159029316/gogobee.db
2026/05/17 13:55:31 INFO dnd: armed ability fired (turn-based build) user=@sim:fighter-l3-forest_shadows-86 ability="Second Wind"
2026/05/17 13:55:31 INFO dnd: armed ability fired (turn-based build) user=@sim:fighter-l3-forest_shadows-86 ability="Second Wind"
2026/05/17 13:55:31 INFO dnd: armed ability fired (turn-based build) user=@sim:fighter-l7-underdark-78 ability="Second Wind"
2026/05/17 13:55:31 INFO database initialized path=/tmp/expedition-sim-1172869861/gogobee.db
2026/05/17 13:55:31 INFO dnd: armed ability fired (turn-based build) user=@sim:fighter-l7-forest_shadows-82 ability="Second Wind"
2026/05/17 13:55:31 INFO dnd: armed ability fired (turn-based build) user=@sim:fighter-l7-underdark-78 ability="Second Wind"
2026/05/17 13:55:31 INFO dnd: armed ability fired (turn-based build) user=@sim:fighter-l7-forest_shadows-82 ability="Second Wind"
2026/05/17 13:55:31 INFO dnd: armed ability fired (turn-based build) user=@sim:fighter-l3-forest_shadows-86 ability="Second Wind"
2026/05/17 13:55:31 INFO dnd: armed ability fired (turn-based build) user=@sim:fighter-l7-forest_shadows-82 ability="Second Wind"
2026/05/17 13:55:31 INFO dnd: armed ability fired (turn-based build) user=@sim:fighter-l7-underdark-78 ability="Second Wind"
2026/05/17 13:55:31 INFO database initialized path=/tmp/expedition-sim-466209130/gogobee.db
2026/05/17 13:55:31 INFO dnd: armed ability fired (turn-based build) user=@sim:fighter-l12-goblin_warrens-95 ability="Second Wind"
2026/05/17 13:55:31 INFO dnd: armed ability fired (turn-based build) user=@sim:fighter-l12-goblin_warrens-95 ability="Second Wind"
2026/05/17 13:55:31 INFO dnd: armed ability fired (turn-based build) user=@sim:fighter-l12-goblin_warrens-95 ability="Second Wind"
2026/05/17 13:55:31 INFO database initialized path=/tmp/expedition-sim-19674484/gogobee.db
2026/05/17 13:55:31 INFO database initialized path=/tmp/expedition-sim-875809978/gogobee.db
2026/05/17 13:55:31 INFO database initialized path=/tmp/expedition-sim-3469219004/gogobee.db
2026/05/17 13:55:31 INFO dnd: armed ability fired (turn-based build) user=@sim:fighter-l7-manor_blackspire-98 ability="Second Wind"
2026/05/17 13:55:31 INFO database initialized path=/tmp/expedition-sim-717677702/gogobee.db
2026/05/17 13:55:31 INFO dnd: armed ability fired (turn-based build) user=@sim:fighter-l7-manor_blackspire-98 ability="Second Wind"
2026/05/17 13:55:31 INFO dnd: armed ability fired (turn-based build) user=@sim:fighter-l7-goblin_warrens-95 ability="Second Wind"
2026/05/17 13:55:31 INFO database initialized path=/tmp/expedition-sim-1958063785/gogobee.db
2026/05/17 13:55:31 INFO dnd: armed ability fired (turn-based build) user=@sim:fighter-l12-forest_shadows-72 ability="Second Wind"
2026/05/17 13:55:31 INFO dnd: armed ability fired (turn-based build) user=@sim:fighter-l12-underdark-84 ability="Second Wind"
2026/05/17 13:55:31 INFO dnd: armed ability fired (turn-based build) user=@sim:fighter-l7-manor_blackspire-98 ability="Second Wind"
2026/05/17 13:55:31 INFO dnd: armed ability fired (turn-based build) user=@sim:fighter-l7-goblin_warrens-95 ability="Second Wind"
2026/05/17 13:55:31 INFO dnd: armed ability fired (turn-based build) user=@sim:fighter-l12-manor_blackspire-84 ability="Second Wind"
2026/05/17 13:55:31 INFO dnd: armed ability fired (turn-based build) user=@sim:fighter-l12-forest_shadows-72 ability="Second Wind"
2026/05/17 13:55:31 INFO dnd: armed ability fired (turn-based build) user=@sim:fighter-l7-goblin_warrens-95 ability="Second Wind"
2026/05/17 13:55:31 INFO dnd: armed ability fired (turn-based build) user=@sim:fighter-l12-manor_blackspire-84 ability="Second Wind"
2026/05/17 13:55:31 INFO dnd: armed ability fired (turn-based build) user=@sim:fighter-l12-forest_shadows-72 ability="Second Wind"
2026/05/17 13:55:31 INFO dnd: armed ability fired (turn-based build) user=@sim:fighter-l12-underdark-84 ability="Second Wind"
2026/05/17 13:55:31 INFO dnd: armed ability fired (turn-based build) user=@sim:fighter-l12-manor_blackspire-84 ability="Second Wind"
2026/05/17 13:55:31 INFO dnd: armed ability fired (turn-based build) user=@sim:fighter-l12-underdark-84 ability="Second Wind"
2026/05/17 13:55:32 INFO database initialized path=/tmp/expedition-sim-2119028607/gogobee.db
2026/05/17 13:55:32 INFO dnd: armed ability fired (turn-based build) user=@sim:fighter-l3-goblin_warrens-93 ability="Second Wind"
2026/05/17 13:55:32 INFO dnd: armed ability fired (turn-based build) user=@sim:fighter-l3-goblin_warrens-93 ability="Second Wind"
2026/05/17 13:55:32 INFO dnd: armed ability fired (turn-based build) user=@sim:fighter-l3-goblin_warrens-93 ability="Second Wind"
2026/05/17 13:55:32 INFO database initialized path=/tmp/expedition-sim-3113539922/gogobee.db
2026/05/17 13:55:32 INFO database initialized path=/tmp/expedition-sim-1113014979/gogobee.db
2026/05/17 13:55:32 INFO dnd: armed ability fired (turn-based build) user=@sim:fighter-l3-forest_shadows-87 ability="Second Wind"
2026/05/17 13:55:32 INFO dnd: armed ability fired (turn-based build) user=@sim:fighter-l7-dragons_lair-96 ability="Second Wind"
2026/05/17 13:55:32 INFO dnd: armed ability fired (turn-based build) user=@sim:fighter-l3-forest_shadows-87 ability="Second Wind"
2026/05/17 13:55:32 INFO dnd: armed ability fired (turn-based build) user=@sim:fighter-l7-dragons_lair-96 ability="Second Wind"
2026/05/17 13:55:32 INFO dnd: armed ability fired (turn-based build) user=@sim:fighter-l7-dragons_lair-96 ability="Second Wind"
2026/05/17 13:55:32 INFO dnd: armed ability fired (turn-based build) user=@sim:fighter-l3-forest_shadows-87 ability="Second Wind"
2026/05/17 13:55:32 INFO database initialized path=/tmp/expedition-sim-3421731949/gogobee.db
2026/05/17 13:55:32 INFO dnd: armed ability fired (turn-based build) user=@sim:fighter-l7-underdark-79 ability="Second Wind"
2026/05/17 13:55:32 INFO dnd: armed ability fired (turn-based build) user=@sim:fighter-l7-underdark-79 ability="Second Wind"
2026/05/17 13:55:32 INFO dnd: armed ability fired (turn-based build) user=@sim:fighter-l7-underdark-79 ability="Second Wind"
2026/05/17 13:55:32 INFO database initialized path=/tmp/expedition-sim-637178783/gogobee.db
2026/05/17 13:55:32 INFO dnd: armed ability fired (turn-based build) user=@sim:fighter-l7-forest_shadows-83 ability="Second Wind"
2026/05/17 13:55:32 INFO dnd: armed ability fired (turn-based build) user=@sim:fighter-l7-forest_shadows-83 ability="Second Wind"
2026/05/17 13:55:32 INFO dnd: armed ability fired (turn-based build) user=@sim:fighter-l7-forest_shadows-83 ability="Second Wind"
2026/05/17 13:55:32 INFO database initialized path=/tmp/expedition-sim-2960291880/gogobee.db
2026/05/17 13:55:32 INFO dnd: armed ability fired (turn-based build) user=@sim:fighter-l12-goblin_warrens-96 ability="Second Wind"
2026/05/17 13:55:32 INFO dnd: armed ability fired (turn-based build) user=@sim:fighter-l12-goblin_warrens-96 ability="Second Wind"
2026/05/17 13:55:32 INFO dnd: armed ability fired (turn-based build) user=@sim:fighter-l12-goblin_warrens-96 ability="Second Wind"
2026/05/17 13:55:32 INFO database initialized path=/tmp/expedition-sim-2355759952/gogobee.db
2026/05/17 13:55:32 INFO database initialized path=/tmp/expedition-sim-1773117776/gogobee.db
2026/05/17 13:55:32 INFO dnd: armed ability fired (turn-based build) user=@sim:fighter-l12-manor_blackspire-85 ability="Second Wind"
2026/05/17 13:55:32 INFO dnd: armed ability fired (turn-based build) user=@sim:fighter-l7-manor_blackspire-99 ability="Second Wind"
2026/05/17 13:55:32 INFO dnd: armed ability fired (turn-based build) user=@sim:fighter-l12-manor_blackspire-85 ability="Second Wind"
2026/05/17 13:55:32 INFO database initialized path=/tmp/expedition-sim-2789853697/gogobee.db
2026/05/17 13:55:32 INFO dnd: armed ability fired (turn-based build) user=@sim:fighter-l7-manor_blackspire-99 ability="Second Wind"
2026/05/17 13:55:32 INFO dnd: armed ability fired (turn-based build) user=@sim:fighter-l7-manor_blackspire-99 ability="Second Wind"
2026/05/17 13:55:32 INFO dnd: armed ability fired (turn-based build) user=@sim:fighter-l7-goblin_warrens-96 ability="Second Wind"
2026/05/17 13:55:32 INFO dnd: armed ability fired (turn-based build) user=@sim:fighter-l12-manor_blackspire-85 ability="Second Wind"
2026/05/17 13:55:32 INFO dnd: armed ability fired (turn-based build) user=@sim:fighter-l7-goblin_warrens-96 ability="Second Wind"
2026/05/17 13:55:32 INFO dnd: armed ability fired (turn-based build) user=@sim:fighter-l7-goblin_warrens-96 ability="Second Wind"
2026/05/17 13:55:32 INFO database initialized path=/tmp/expedition-sim-3082168606/gogobee.db
2026/05/17 13:55:32 INFO dnd: armed ability fired (turn-based build) user=@sim:fighter-l3-forest_shadows-88 ability="Second Wind"
2026/05/17 13:55:32 INFO database initialized path=/tmp/expedition-sim-1894575135/gogobee.db
2026/05/17 13:55:32 INFO dnd: armed ability fired (turn-based build) user=@sim:fighter-l3-forest_shadows-88 ability="Second Wind"
2026/05/17 13:55:32 INFO dnd: armed ability fired (turn-based build) user=@sim:fighter-l3-forest_shadows-88 ability="Second Wind"
2026/05/17 13:55:32 INFO dnd: armed ability fired (turn-based build) user=@sim:fighter-l12-forest_shadows-73 ability="Second Wind"
2026/05/17 13:55:32 INFO dnd: armed ability fired (turn-based build) user=@sim:fighter-l12-forest_shadows-73 ability="Second Wind"
2026/05/17 13:55:32 INFO dnd: armed ability fired (turn-based build) user=@sim:fighter-l12-forest_shadows-73 ability="Second Wind"
2026/05/17 13:55:32 INFO database initialized path=/tmp/expedition-sim-500926417/gogobee.db
2026/05/17 13:55:32 INFO dnd: armed ability fired (turn-based build) user=@sim:fighter-l3-goblin_warrens-94 ability="Second Wind"
2026/05/17 13:55:32 INFO dnd: armed ability fired (turn-based build) user=@sim:fighter-l3-goblin_warrens-94 ability="Second Wind"
2026/05/17 13:55:32 INFO database initialized path=/tmp/expedition-sim-1939607737/gogobee.db
2026/05/17 13:55:32 INFO dnd: armed ability fired (turn-based build) user=@sim:fighter-l3-goblin_warrens-94 ability="Second Wind"
2026/05/17 13:55:32 INFO dnd: armed ability fired (turn-based build) user=@sim:fighter-l12-underdark-85 ability="Second Wind"
2026/05/17 13:55:32 INFO dnd: armed ability fired (turn-based build) user=@sim:fighter-l12-underdark-85 ability="Second Wind"
2026/05/17 13:55:32 INFO dnd: armed ability fired (turn-based build) user=@sim:fighter-l12-underdark-85 ability="Second Wind"
2026/05/17 13:55:32 INFO database initialized path=/tmp/expedition-sim-3886238891/gogobee.db
2026/05/17 13:55:32 INFO dnd: armed ability fired (turn-based build) user=@sim:fighter-l7-forest_shadows-84 ability="Second Wind"
2026/05/17 13:55:32 INFO dnd: armed ability fired (turn-based build) user=@sim:fighter-l7-forest_shadows-84 ability="Second Wind"
2026/05/17 13:55:32 INFO dnd: armed ability fired (turn-based build) user=@sim:fighter-l7-forest_shadows-84 ability="Second Wind"
2026/05/17 13:55:32 INFO database initialized path=/tmp/expedition-sim-1835965910/gogobee.db
2026/05/17 13:55:32 INFO dnd: armed ability fired (turn-based build) user=@sim:fighter-l7-dragons_lair-97 ability="Second Wind"
2026/05/17 13:55:32 INFO dnd: armed ability fired (turn-based build) user=@sim:fighter-l7-dragons_lair-97 ability="Second Wind"
2026/05/17 13:55:32 INFO database initialized path=/tmp/expedition-sim-1925247243/gogobee.db
2026/05/17 13:55:32 INFO dnd: armed ability fired (turn-based build) user=@sim:fighter-l7-dragons_lair-97 ability="Second Wind"
2026/05/17 13:55:32 INFO dnd: armed ability fired (turn-based build) user=@sim:fighter-l7-underdark-80 ability="Second Wind"
2026/05/17 13:55:32 INFO database initialized path=/tmp/expedition-sim-3166209705/gogobee.db
2026/05/17 13:55:32 INFO dnd: armed ability fired (turn-based build) user=@sim:fighter-l12-goblin_warrens-97 ability="Second Wind"
2026/05/17 13:55:32 INFO dnd: armed ability fired (turn-based build) user=@sim:fighter-l7-underdark-80 ability="Second Wind"
2026/05/17 13:55:32 INFO dnd: armed ability fired (turn-based build) user=@sim:fighter-l12-goblin_warrens-97 ability="Second Wind"
2026/05/17 13:55:32 INFO dnd: armed ability fired (turn-based build) user=@sim:fighter-l7-underdark-80 ability="Second Wind"
2026/05/17 13:55:32 INFO dnd: armed ability fired (turn-based build) user=@sim:fighter-l12-goblin_warrens-97 ability="Second Wind"
2026/05/17 13:55:32 INFO database initialized path=/tmp/expedition-sim-3389528106/gogobee.db
2026/05/17 13:55:32 INFO dnd: armed ability fired (turn-based build) user=@sim:fighter-l3-forest_shadows-89 ability="Second Wind"
2026/05/17 13:55:32 INFO dnd: armed ability fired (turn-based build) user=@sim:fighter-l3-forest_shadows-89 ability="Second Wind"
2026/05/17 13:55:32 INFO dnd: armed ability fired (turn-based build) user=@sim:fighter-l3-forest_shadows-89 ability="Second Wind"
2026/05/17 13:55:32 INFO database initialized path=/tmp/expedition-sim-1735838380/gogobee.db
2026/05/17 13:55:32 INFO dnd: armed ability fired (turn-based build) user=@sim:fighter-l7-goblin_warrens-97 ability="Second Wind"
2026/05/17 13:55:32 INFO dnd: armed ability fired (turn-based build) user=@sim:fighter-l7-goblin_warrens-97 ability="Second Wind"
2026/05/17 13:55:32 INFO dnd: armed ability fired (turn-based build) user=@sim:fighter-l7-goblin_warrens-97 ability="Second Wind"
2026/05/17 13:55:33 INFO database initialized path=/tmp/expedition-sim-3060125007/gogobee.db
2026/05/17 13:55:33 INFO dnd: armed ability fired (turn-based build) user=@sim:fighter-l12-forest_shadows-74 ability="Second Wind"
2026/05/17 13:55:33 INFO dnd: armed ability fired (turn-based build) user=@sim:fighter-l12-forest_shadows-74 ability="Second Wind"
2026/05/17 13:55:33 INFO dnd: armed ability fired (turn-based build) user=@sim:fighter-l12-forest_shadows-74 ability="Second Wind"
2026/05/17 13:55:33 INFO database initialized path=/tmp/expedition-sim-3659989931/gogobee.db
2026/05/17 13:55:33 INFO dnd: armed ability fired (turn-based build) user=@sim:fighter-l3-goblin_warrens-95 ability="Second Wind"
2026/05/17 13:55:33 INFO dnd: armed ability fired (turn-based build) user=@sim:fighter-l3-goblin_warrens-95 ability="Second Wind"
2026/05/17 13:55:33 INFO dnd: armed ability fired (turn-based build) user=@sim:fighter-l3-goblin_warrens-95 ability="Second Wind"
2026/05/17 13:55:33 INFO database initialized path=/tmp/expedition-sim-1140097323/gogobee.db
2026/05/17 13:55:33 INFO database initialized path=/tmp/expedition-sim-3206439423/gogobee.db
2026/05/17 13:55:33 INFO dnd: armed ability fired (turn-based build) user=@sim:fighter-l12-manor_blackspire-86 ability="Second Wind"
2026/05/17 13:55:33 INFO dnd: armed ability fired (turn-based build) user=@sim:fighter-l12-manor_blackspire-86 ability="Second Wind"
2026/05/17 13:55:33 INFO dnd: armed ability fired (turn-based build) user=@sim:fighter-l12-underdark-86 ability="Second Wind"
2026/05/17 13:55:33 INFO dnd: armed ability fired (turn-based build) user=@sim:fighter-l12-manor_blackspire-86 ability="Second Wind"
2026/05/17 13:55:33 INFO dnd: armed ability fired (turn-based build) user=@sim:fighter-l12-underdark-86 ability="Second Wind"
2026/05/17 13:55:33 INFO dnd: armed ability fired (turn-based build) user=@sim:fighter-l12-underdark-86 ability="Second Wind"
2026/05/17 13:55:33 INFO database initialized path=/tmp/expedition-sim-2391003759/gogobee.db
2026/05/17 13:55:33 INFO database initialized path=/tmp/expedition-sim-1819327005/gogobee.db
2026/05/17 13:55:33 INFO dnd: armed ability fired (turn-based build) user=@sim:fighter-l7-forest_shadows-85 ability="Second Wind"
2026/05/17 13:55:33 INFO dnd: armed ability fired (turn-based build) user=@sim:fighter-l12-goblin_warrens-98 ability="Second Wind"
2026/05/17 13:55:33 INFO dnd: armed ability fired (turn-based build) user=@sim:fighter-l7-forest_shadows-85 ability="Second Wind"
2026/05/17 13:55:33 INFO dnd: armed ability fired (turn-based build) user=@sim:fighter-l12-goblin_warrens-98 ability="Second Wind"
2026/05/17 13:55:33 INFO dnd: armed ability fired (turn-based build) user=@sim:fighter-l7-forest_shadows-85 ability="Second Wind"
2026/05/17 13:55:33 INFO dnd: armed ability fired (turn-based build) user=@sim:fighter-l12-goblin_warrens-98 ability="Second Wind"
2026/05/17 13:55:33 INFO database initialized path=/tmp/expedition-sim-3465340501/gogobee.db
2026/05/17 13:55:33 INFO dnd: armed ability fired (turn-based build) user=@sim:fighter-l7-underdark-81 ability="Second Wind"
2026/05/17 13:55:33 INFO dnd: armed ability fired (turn-based build) user=@sim:fighter-l7-underdark-81 ability="Second Wind"
2026/05/17 13:55:33 INFO dnd: armed ability fired (turn-based build) user=@sim:fighter-l7-underdark-81 ability="Second Wind"
2026/05/17 13:55:33 INFO database initialized path=/tmp/expedition-sim-879993580/gogobee.db
2026/05/17 13:55:33 INFO dnd: armed ability fired (turn-based build) user=@sim:fighter-l3-forest_shadows-90 ability="Second Wind"
2026/05/17 13:55:33 INFO dnd: armed ability fired (turn-based build) user=@sim:fighter-l3-forest_shadows-90 ability="Second Wind"
2026/05/17 13:55:33 INFO dnd: armed ability fired (turn-based build) user=@sim:fighter-l3-forest_shadows-90 ability="Second Wind"
2026/05/17 13:55:33 INFO database initialized path=/tmp/expedition-sim-1619041471/gogobee.db
2026/05/17 13:55:33 INFO dnd: armed ability fired (turn-based build) user=@sim:fighter-l7-dragons_lair-98 ability="Second Wind"
2026/05/17 13:55:33 INFO dnd: armed ability fired (turn-based build) user=@sim:fighter-l7-dragons_lair-98 ability="Second Wind"
2026/05/17 13:55:33 WARN auto-heal cleanup: short on inventory user=@sim:fighter-l7-dragons_lair-98 wanted=1 removed=0
2026/05/17 13:55:33 INFO dnd: armed ability fired (turn-based build) user=@sim:fighter-l7-dragons_lair-98 ability="Second Wind"
2026/05/17 13:55:33 WARN auto-heal cleanup: short on inventory user=@sim:fighter-l7-dragons_lair-98 wanted=1 removed=0
2026/05/17 13:55:33 INFO database initialized path=/tmp/expedition-sim-124922549/gogobee.db
2026/05/17 13:55:33 INFO dnd: armed ability fired (turn-based build) user=@sim:fighter-l7-goblin_warrens-98 ability="Second Wind"
2026/05/17 13:55:33 INFO dnd: armed ability fired (turn-based build) user=@sim:fighter-l7-goblin_warrens-98 ability="Second Wind"
2026/05/17 13:55:33 INFO dnd: armed ability fired (turn-based build) user=@sim:fighter-l7-goblin_warrens-98 ability="Second Wind"
2026/05/17 13:55:33 INFO database initialized path=/tmp/expedition-sim-3740743126/gogobee.db
2026/05/17 13:55:33 INFO dnd: armed ability fired (turn-based build) user=@sim:fighter-l3-goblin_warrens-96 ability="Second Wind"
2026/05/17 13:55:33 INFO dnd: armed ability fired (turn-based build) user=@sim:fighter-l3-goblin_warrens-96 ability="Second Wind"
2026/05/17 13:55:33 INFO dnd: armed ability fired (turn-based build) user=@sim:fighter-l3-goblin_warrens-96 ability="Second Wind"
2026/05/17 13:55:33 INFO database initialized path=/tmp/expedition-sim-3462139146/gogobee.db
2026/05/17 13:55:33 INFO database initialized path=/tmp/expedition-sim-3616578747/gogobee.db
2026/05/17 13:55:33 INFO database initialized path=/tmp/expedition-sim-1484903450/gogobee.db
2026/05/17 13:55:33 INFO database initialized path=/tmp/expedition-sim-1525146622/gogobee.db
2026/05/17 13:55:33 INFO dnd: armed ability fired (turn-based build) user=@sim:fighter-l12-forest_shadows-75 ability="Second Wind"
2026/05/17 13:55:33 INFO database initialized path=/tmp/expedition-sim-2895700695/gogobee.db
2026/05/17 13:55:33 INFO dnd: armed ability fired (turn-based build) user=@sim:fighter-l7-underdark-82 ability="Second Wind"
2026/05/17 13:55:33 INFO dnd: armed ability fired (turn-based build) user=@sim:fighter-l12-manor_blackspire-87 ability="Second Wind"
2026/05/17 13:55:33 INFO dnd: armed ability fired (turn-based build) user=@sim:fighter-l12-goblin_warrens-99 ability="Second Wind"
2026/05/17 13:55:33 INFO dnd: armed ability fired (turn-based build) user=@sim:fighter-l7-underdark-82 ability="Second Wind"
2026/05/17 13:55:33 INFO dnd: armed ability fired (turn-based build) user=@sim:fighter-l12-underdark-87 ability="Second Wind"
2026/05/17 13:55:33 INFO dnd: armed ability fired (turn-based build) user=@sim:fighter-l12-forest_shadows-75 ability="Second Wind"
2026/05/17 13:55:33 INFO dnd: armed ability fired (turn-based build) user=@sim:fighter-l12-goblin_warrens-99 ability="Second Wind"
2026/05/17 13:55:33 INFO dnd: armed ability fired (turn-based build) user=@sim:fighter-l7-underdark-82 ability="Second Wind"
2026/05/17 13:55:33 INFO dnd: armed ability fired (turn-based build) user=@sim:fighter-l12-manor_blackspire-87 ability="Second Wind"
2026/05/17 13:55:33 INFO dnd: armed ability fired (turn-based build) user=@sim:fighter-l12-underdark-87 ability="Second Wind"
2026/05/17 13:55:33 INFO dnd: armed ability fired (turn-based build) user=@sim:fighter-l12-manor_blackspire-87 ability="Second Wind"
2026/05/17 13:55:33 INFO dnd: armed ability fired (turn-based build) user=@sim:fighter-l12-forest_shadows-75 ability="Second Wind"
2026/05/17 13:55:33 INFO dnd: armed ability fired (turn-based build) user=@sim:fighter-l12-goblin_warrens-99 ability="Second Wind"
2026/05/17 13:55:33 INFO dnd: armed ability fired (turn-based build) user=@sim:fighter-l12-underdark-87 ability="Second Wind"
2026/05/17 13:55:33 INFO database initialized path=/tmp/expedition-sim-3341383405/gogobee.db
2026/05/17 13:55:33 INFO dnd: armed ability fired (turn-based build) user=@sim:fighter-l3-forest_shadows-91 ability="Second Wind"
2026/05/17 13:55:33 INFO dnd: armed ability fired (turn-based build) user=@sim:fighter-l3-forest_shadows-91 ability="Second Wind"
2026/05/17 13:55:33 INFO dnd: armed ability fired (turn-based build) user=@sim:fighter-l3-forest_shadows-91 ability="Second Wind"
2026/05/17 13:55:33 INFO database initialized path=/tmp/expedition-sim-1948381358/gogobee.db
2026/05/17 13:55:33 INFO dnd: armed ability fired (turn-based build) user=@sim:fighter-l12-dragons_lair-0 ability="Second Wind"
2026/05/17 13:55:33 INFO dnd: armed ability fired (turn-based build) user=@sim:fighter-l12-dragons_lair-0 ability="Second Wind"
2026/05/17 13:55:33 INFO database initialized path=/tmp/expedition-sim-702021965/gogobee.db
2026/05/17 13:55:33 INFO dnd: armed ability fired (turn-based build) user=@sim:fighter-l12-dragons_lair-0 ability="Second Wind"
2026/05/17 13:55:33 INFO dnd: armed ability fired (turn-based build) user=@sim:fighter-l7-forest_shadows-86 ability="Second Wind"
2026/05/17 13:55:33 INFO dnd: armed ability fired (turn-based build) user=@sim:fighter-l7-forest_shadows-86 ability="Second Wind"
2026/05/17 13:55:33 INFO dnd: armed ability fired (turn-based build) user=@sim:fighter-l7-forest_shadows-86 ability="Second Wind"
2026/05/17 13:55:33 INFO database initialized path=/tmp/expedition-sim-2035026065/gogobee.db
2026/05/17 13:55:33 INFO dnd: armed ability fired (turn-based build) user=@sim:fighter-l7-dragons_lair-99 ability="Second Wind"
2026/05/17 13:55:33 INFO dnd: armed ability fired (turn-based build) user=@sim:fighter-l7-dragons_lair-99 ability="Second Wind"
2026/05/17 13:55:33 INFO dnd: armed ability fired (turn-based build) user=@sim:fighter-l7-dragons_lair-99 ability="Second Wind"
2026/05/17 13:55:33 INFO database initialized path=/tmp/expedition-sim-830942773/gogobee.db
2026/05/17 13:55:33 INFO dnd: armed ability fired (turn-based build) user=@sim:fighter-l3-goblin_warrens-97 ability="Second Wind"
2026/05/17 13:55:33 INFO dnd: armed ability fired (turn-based build) user=@sim:fighter-l3-goblin_warrens-97 ability="Second Wind"
2026/05/17 13:55:33 INFO database initialized path=/tmp/expedition-sim-227029875/gogobee.db
2026/05/17 13:55:33 INFO dnd: armed ability fired (turn-based build) user=@sim:fighter-l3-goblin_warrens-97 ability="Second Wind"
2026/05/17 13:55:33 INFO dnd: armed ability fired (turn-based build) user=@sim:fighter-l7-goblin_warrens-99 ability="Second Wind"
2026/05/17 13:55:33 INFO dnd: armed ability fired (turn-based build) user=@sim:fighter-l7-goblin_warrens-99 ability="Second Wind"
2026/05/17 13:55:33 INFO dnd: armed ability fired (turn-based build) user=@sim:fighter-l7-goblin_warrens-99 ability="Second Wind"
2026/05/17 13:55:34 INFO database initialized path=/tmp/expedition-sim-603167054/gogobee.db
2026/05/17 13:55:34 INFO database initialized path=/tmp/expedition-sim-3120718727/gogobee.db
2026/05/17 13:55:34 INFO dnd: armed ability fired (turn-based build) user=@sim:fighter-l3-forest_shadows-92 ability="Second Wind"
2026/05/17 13:55:34 INFO dnd: armed ability fired (turn-based build) user=@sim:fighter-l7-underdark-83 ability="Second Wind"
2026/05/17 13:55:34 INFO dnd: armed ability fired (turn-based build) user=@sim:fighter-l3-forest_shadows-92 ability="Second Wind"
2026/05/17 13:55:34 INFO dnd: armed ability fired (turn-based build) user=@sim:fighter-l7-underdark-83 ability="Second Wind"
2026/05/17 13:55:34 INFO dnd: armed ability fired (turn-based build) user=@sim:fighter-l3-forest_shadows-92 ability="Second Wind"
2026/05/17 13:55:34 INFO dnd: armed ability fired (turn-based build) user=@sim:fighter-l7-underdark-83 ability="Second Wind"
2026/05/17 13:55:34 INFO database initialized path=/tmp/expedition-sim-1184484042/gogobee.db
2026/05/17 13:55:34 INFO dnd: armed ability fired (turn-based build) user=@sim:fighter-l12-forest_shadows-76 ability="Second Wind"
2026/05/17 13:55:34 INFO database initialized path=/tmp/expedition-sim-244884565/gogobee.db
2026/05/17 13:55:34 INFO dnd: armed ability fired (turn-based build) user=@sim:fighter-l12-forest_shadows-76 ability="Second Wind"
2026/05/17 13:55:34 INFO database initialized path=/tmp/expedition-sim-552191524/gogobee.db
2026/05/17 13:55:34 INFO dnd: armed ability fired (turn-based build) user=@sim:fighter-l12-underdark-88 ability="Second Wind"
2026/05/17 13:55:34 INFO dnd: armed ability fired (turn-based build) user=@sim:fighter-l12-forest_shadows-76 ability="Second Wind"
2026/05/17 13:55:34 INFO dnd: armed ability fired (turn-based build) user=@sim:fighter-l12-underdark-88 ability="Second Wind"
2026/05/17 13:55:34 INFO dnd: armed ability fired (turn-based build) user=@sim:fighter-l12-manor_blackspire-88 ability="Second Wind"
2026/05/17 13:55:34 INFO dnd: armed ability fired (turn-based build) user=@sim:fighter-l12-underdark-88 ability="Second Wind"
2026/05/17 13:55:34 INFO dnd: armed ability fired (turn-based build) user=@sim:fighter-l12-manor_blackspire-88 ability="Second Wind"
2026/05/17 13:55:34 INFO dnd: armed ability fired (turn-based build) user=@sim:fighter-l12-manor_blackspire-88 ability="Second Wind"
2026/05/17 13:55:34 INFO database initialized path=/tmp/expedition-sim-1671125013/gogobee.db
2026/05/17 13:55:34 INFO database initialized path=/tmp/expedition-sim-4119728811/gogobee.db
2026/05/17 13:55:34 INFO dnd: armed ability fired (turn-based build) user=@sim:fighter-l7-forest_shadows-87 ability="Second Wind"
2026/05/17 13:55:34 INFO dnd: armed ability fired (turn-based build) user=@sim:fighter-l12-dragons_lair-1 ability="Second Wind"
2026/05/17 13:55:34 INFO dnd: armed ability fired (turn-based build) user=@sim:fighter-l12-dragons_lair-1 ability="Second Wind"
2026/05/17 13:55:34 INFO dnd: armed ability fired (turn-based build) user=@sim:fighter-l7-forest_shadows-87 ability="Second Wind"
2026/05/17 13:55:34 INFO dnd: armed ability fired (turn-based build) user=@sim:fighter-l12-dragons_lair-1 ability="Second Wind"
2026/05/17 13:55:34 INFO dnd: armed ability fired (turn-based build) user=@sim:fighter-l7-forest_shadows-87 ability="Second Wind"
2026/05/17 13:55:34 INFO database initialized path=/tmp/expedition-sim-552089674/gogobee.db
2026/05/17 13:55:34 INFO dnd: armed ability fired (turn-based build) user=@sim:fighter-l3-goblin_warrens-98 ability="Second Wind"
2026/05/17 13:55:34 INFO dnd: armed ability fired (turn-based build) user=@sim:fighter-l3-goblin_warrens-98 ability="Second Wind"
2026/05/17 13:55:34 INFO database initialized path=/tmp/expedition-sim-2206077992/gogobee.db
2026/05/17 13:55:34 INFO dnd: armed ability fired (turn-based build) user=@sim:fighter-l3-forest_shadows-93 ability="Second Wind"
2026/05/17 13:55:34 INFO dnd: armed ability fired (turn-based build) user=@sim:fighter-l3-goblin_warrens-98 ability="Second Wind"
2026/05/17 13:55:34 INFO dnd: armed ability fired (turn-based build) user=@sim:fighter-l3-forest_shadows-93 ability="Second Wind"
2026/05/17 13:55:34 INFO dnd: armed ability fired (turn-based build) user=@sim:fighter-l3-forest_shadows-93 ability="Second Wind"
2026/05/17 13:55:34 INFO database initialized path=/tmp/expedition-sim-2860357075/gogobee.db
2026/05/17 13:55:34 INFO database initialized path=/tmp/expedition-sim-858545962/gogobee.db
2026/05/17 13:55:34 INFO dnd: armed ability fired (turn-based build) user=@sim:fighter-l12-manor_blackspire-89 ability="Second Wind"
2026/05/17 13:55:34 INFO dnd: armed ability fired (turn-based build) user=@sim:fighter-l12-manor_blackspire-89 ability="Second Wind"
2026/05/17 13:55:34 INFO database initialized path=/tmp/expedition-sim-2468123134/gogobee.db
2026/05/17 13:55:34 INFO dnd: armed ability fired (turn-based build) user=@sim:fighter-l7-underdark-84 ability="Second Wind"
2026/05/17 13:55:34 INFO dnd: armed ability fired (turn-based build) user=@sim:fighter-l12-manor_blackspire-89 ability="Second Wind"
2026/05/17 13:55:34 INFO dnd: armed ability fired (turn-based build) user=@sim:fighter-l7-underdark-84 ability="Second Wind"
2026/05/17 13:55:34 INFO dnd: armed ability fired (turn-based build) user=@sim:fighter-l12-forest_shadows-77 ability="Second Wind"
2026/05/17 13:55:34 INFO dnd: armed ability fired (turn-based build) user=@sim:fighter-l7-underdark-84 ability="Second Wind"
2026/05/17 13:55:34 INFO dnd: armed ability fired (turn-based build) user=@sim:fighter-l12-forest_shadows-77 ability="Second Wind"
2026/05/17 13:55:34 INFO dnd: armed ability fired (turn-based build) user=@sim:fighter-l12-forest_shadows-77 ability="Second Wind"
2026/05/17 13:55:34 INFO database initialized path=/tmp/expedition-sim-735707721/gogobee.db
2026/05/17 13:55:34 INFO dnd: armed ability fired (turn-based build) user=@sim:fighter-l7-forest_shadows-88 ability="Second Wind"
2026/05/17 13:55:34 INFO dnd: armed ability fired (turn-based build) user=@sim:fighter-l7-forest_shadows-88 ability="Second Wind"
2026/05/17 13:55:34 INFO dnd: armed ability fired (turn-based build) user=@sim:fighter-l7-forest_shadows-88 ability="Second Wind"
2026/05/17 13:55:34 INFO database initialized path=/tmp/expedition-sim-609880703/gogobee.db
2026/05/17 13:55:34 INFO database initialized path=/tmp/expedition-sim-2569009861/gogobee.db
2026/05/17 13:55:34 INFO dnd: armed ability fired (turn-based build) user=@sim:fighter-l3-forest_shadows-94 ability="Second Wind"
2026/05/17 13:55:34 INFO dnd: armed ability fired (turn-based build) user=@sim:fighter-l12-underdark-89 ability="Second Wind"
2026/05/17 13:55:34 INFO dnd: armed ability fired (turn-based build) user=@sim:fighter-l3-forest_shadows-94 ability="Second Wind"
2026/05/17 13:55:34 INFO dnd: armed ability fired (turn-based build) user=@sim:fighter-l12-underdark-89 ability="Second Wind"
2026/05/17 13:55:34 INFO dnd: armed ability fired (turn-based build) user=@sim:fighter-l12-underdark-89 ability="Second Wind"
2026/05/17 13:55:34 INFO dnd: armed ability fired (turn-based build) user=@sim:fighter-l3-forest_shadows-94 ability="Second Wind"
2026/05/17 13:55:34 INFO database initialized path=/tmp/expedition-sim-4212637534/gogobee.db
2026/05/17 13:55:34 INFO dnd: armed ability fired (turn-based build) user=@sim:fighter-l3-goblin_warrens-99 ability="Second Wind"
2026/05/17 13:55:34 INFO dnd: armed ability fired (turn-based build) user=@sim:fighter-l3-goblin_warrens-99 ability="Second Wind"
2026/05/17 13:55:34 INFO database initialized path=/tmp/expedition-sim-171790098/gogobee.db
2026/05/17 13:55:34 INFO dnd: armed ability fired (turn-based build) user=@sim:fighter-l3-goblin_warrens-99 ability="Second Wind"
2026/05/17 13:55:34 INFO dnd: armed ability fired (turn-based build) user=@sim:fighter-l12-dragons_lair-2 ability="Second Wind"
2026/05/17 13:55:34 INFO dnd: armed ability fired (turn-based build) user=@sim:fighter-l12-dragons_lair-2 ability="Second Wind"
2026/05/17 13:55:34 INFO dnd: armed ability fired (turn-based build) user=@sim:fighter-l12-dragons_lair-2 ability="Second Wind"
2026/05/17 13:55:35 INFO database initialized path=/tmp/expedition-sim-3030594297/gogobee.db
2026/05/17 13:55:35 INFO dnd: armed ability fired (turn-based build) user=@sim:fighter-l12-manor_blackspire-90 ability="Second Wind"
2026/05/17 13:55:35 INFO dnd: armed ability fired (turn-based build) user=@sim:fighter-l12-manor_blackspire-90 ability="Second Wind"
2026/05/17 13:55:35 INFO dnd: armed ability fired (turn-based build) user=@sim:fighter-l12-manor_blackspire-90 ability="Second Wind"
2026/05/17 13:55:35 INFO database initialized path=/tmp/expedition-sim-3797117912/gogobee.db
2026/05/17 13:55:35 INFO dnd: armed ability fired (turn-based build) user=@sim:fighter-l7-underdark-85 ability="Second Wind"
2026/05/17 13:55:35 INFO dnd: armed ability fired (turn-based build) user=@sim:fighter-l7-underdark-85 ability="Second Wind"
2026/05/17 13:55:35 INFO dnd: armed ability fired (turn-based build) user=@sim:fighter-l7-underdark-85 ability="Second Wind"
2026/05/17 13:55:35 INFO database initialized path=/tmp/expedition-sim-1654170388/gogobee.db
2026/05/17 13:55:35 INFO dnd: armed ability fired (turn-based build) user=@sim:fighter-l3-forest_shadows-95 ability="Second Wind"
2026/05/17 13:55:35 INFO database initialized path=/tmp/expedition-sim-1834602364/gogobee.db
2026/05/17 13:55:35 INFO dnd: armed ability fired (turn-based build) user=@sim:fighter-l3-forest_shadows-95 ability="Second Wind"
2026/05/17 13:55:35 INFO dnd: armed ability fired (turn-based build) user=@sim:fighter-l12-forest_shadows-78 ability="Second Wind"
2026/05/17 13:55:35 INFO dnd: armed ability fired (turn-based build) user=@sim:fighter-l3-forest_shadows-95 ability="Second Wind"
2026/05/17 13:55:35 INFO dnd: armed ability fired (turn-based build) user=@sim:fighter-l12-forest_shadows-78 ability="Second Wind"
2026/05/17 13:55:35 INFO dnd: armed ability fired (turn-based build) user=@sim:fighter-l12-forest_shadows-78 ability="Second Wind"
2026/05/17 13:55:35 INFO database initialized path=/tmp/expedition-sim-3055718847/gogobee.db
2026/05/17 13:55:35 INFO dnd: armed ability fired (turn-based build) user=@sim:fighter-l12-underdark-90 ability="Second Wind"
2026/05/17 13:55:35 INFO database initialized path=/tmp/expedition-sim-3310321348/gogobee.db
2026/05/17 13:55:35 INFO dnd: armed ability fired (turn-based build) user=@sim:fighter-l12-underdark-90 ability="Second Wind"
2026/05/17 13:55:35 INFO dnd: armed ability fired (turn-based build) user=@sim:fighter-l12-underdark-90 ability="Second Wind"
2026/05/17 13:55:35 INFO dnd: armed ability fired (turn-based build) user=@sim:fighter-l7-forest_shadows-89 ability="Second Wind"
2026/05/17 13:55:35 INFO dnd: armed ability fired (turn-based build) user=@sim:fighter-l7-forest_shadows-89 ability="Second Wind"
2026/05/17 13:55:35 INFO dnd: armed ability fired (turn-based build) user=@sim:fighter-l7-forest_shadows-89 ability="Second Wind"
2026/05/17 13:55:35 INFO database initialized path=/tmp/expedition-sim-2152158535/gogobee.db
2026/05/17 13:55:35 INFO dnd: armed ability fired (turn-based build) user=@sim:fighter-l12-dragons_lair-3 ability="Second Wind"
2026/05/17 13:55:35 INFO dnd: armed ability fired (turn-based build) user=@sim:fighter-l12-dragons_lair-3 ability="Second Wind"
2026/05/17 13:55:35 INFO database initialized path=/tmp/expedition-sim-695393135/gogobee.db
2026/05/17 13:55:35 INFO dnd: armed ability fired (turn-based build) user=@sim:fighter-l12-dragons_lair-3 ability="Second Wind"
2026/05/17 13:55:35 INFO dnd: armed ability fired (turn-based build) user=@sim:fighter-l7-underdark-86 ability="Second Wind"
2026/05/17 13:55:35 INFO dnd: armed ability fired (turn-based build) user=@sim:fighter-l7-underdark-86 ability="Second Wind"
2026/05/17 13:55:35 INFO dnd: armed ability fired (turn-based build) user=@sim:fighter-l7-underdark-86 ability="Second Wind"
2026/05/17 13:55:35 INFO database initialized path=/tmp/expedition-sim-46717805/gogobee.db
2026/05/17 13:55:35 INFO dnd: armed ability fired (turn-based build) user=@sim:fighter-l12-manor_blackspire-91 ability="Second Wind"
2026/05/17 13:55:35 INFO dnd: armed ability fired (turn-based build) user=@sim:fighter-l12-manor_blackspire-91 ability="Second Wind"
2026/05/17 13:55:35 INFO database initialized path=/tmp/expedition-sim-1388990103/gogobee.db
2026/05/17 13:55:35 INFO dnd: armed ability fired (turn-based build) user=@sim:fighter-l12-manor_blackspire-91 ability="Second Wind"
2026/05/17 13:55:35 INFO dnd: armed ability fired (turn-based build) user=@sim:fighter-l12-underdark-91 ability="Second Wind"
2026/05/17 13:55:35 INFO database initialized path=/tmp/expedition-sim-3140077089/gogobee.db
2026/05/17 13:55:35 INFO dnd: armed ability fired (turn-based build) user=@sim:fighter-l12-underdark-91 ability="Second Wind"
2026/05/17 13:55:35 INFO dnd: armed ability fired (turn-based build) user=@sim:fighter-l12-forest_shadows-79 ability="Second Wind"
2026/05/17 13:55:35 INFO dnd: armed ability fired (turn-based build) user=@sim:fighter-l12-underdark-91 ability="Second Wind"
2026/05/17 13:55:35 INFO database initialized path=/tmp/expedition-sim-3063421567/gogobee.db
2026/05/17 13:55:35 INFO dnd: armed ability fired (turn-based build) user=@sim:fighter-l12-forest_shadows-79 ability="Second Wind"
2026/05/17 13:55:35 INFO dnd: armed ability fired (turn-based build) user=@sim:fighter-l3-forest_shadows-96 ability="Second Wind"
2026/05/17 13:55:35 INFO database initialized path=/tmp/expedition-sim-3863005744/gogobee.db
2026/05/17 13:55:35 INFO dnd: armed ability fired (turn-based build) user=@sim:fighter-l3-forest_shadows-96 ability="Second Wind"
2026/05/17 13:55:35 INFO dnd: armed ability fired (turn-based build) user=@sim:fighter-l7-forest_shadows-90 ability="Second Wind"
2026/05/17 13:55:35 INFO dnd: armed ability fired (turn-based build) user=@sim:fighter-l7-forest_shadows-90 ability="Second Wind"
2026/05/17 13:55:35 INFO dnd: armed ability fired (turn-based build) user=@sim:fighter-l3-forest_shadows-96 ability="Second Wind"
2026/05/17 13:55:35 WARN auto-heal cleanup: short on inventory user=@sim:fighter-l3-forest_shadows-96 wanted=1 removed=0
2026/05/17 13:55:35 INFO dnd: armed ability fired (turn-based build) user=@sim:fighter-l7-forest_shadows-90 ability="Second Wind"
2026/05/17 13:55:35 INFO dnd: armed ability fired (turn-based build) user=@sim:fighter-l12-forest_shadows-79 ability="Second Wind"
2026/05/17 13:55:35 INFO database initialized path=/tmp/expedition-sim-3351583268/gogobee.db
2026/05/17 13:55:35 INFO database initialized path=/tmp/expedition-sim-1640368706/gogobee.db
2026/05/17 13:55:35 INFO dnd: armed ability fired (turn-based build) user=@sim:fighter-l7-underdark-87 ability="Second Wind"
2026/05/17 13:55:35 INFO dnd: armed ability fired (turn-based build) user=@sim:fighter-l7-underdark-87 ability="Second Wind"
2026/05/17 13:55:35 INFO dnd: armed ability fired (turn-based build) user=@sim:fighter-l7-underdark-87 ability="Second Wind"
2026/05/17 13:55:35 INFO database initialized path=/tmp/expedition-sim-578095595/gogobee.db
2026/05/17 13:55:36 INFO dnd: armed ability fired (turn-based build) user=@sim:fighter-l12-dragons_lair-4 ability="Second Wind"
2026/05/17 13:55:36 INFO dnd: armed ability fired (turn-based build) user=@sim:fighter-l12-dragons_lair-4 ability="Second Wind"
2026/05/17 13:55:36 INFO dnd: armed ability fired (turn-based build) user=@sim:fighter-l12-dragons_lair-4 ability="Second Wind"
2026/05/17 13:55:36 INFO database initialized path=/tmp/expedition-sim-2872303366/gogobee.db
2026/05/17 13:55:36 INFO database initialized path=/tmp/expedition-sim-3318555965/gogobee.db
2026/05/17 13:55:36 INFO dnd: armed ability fired (turn-based build) user=@sim:fighter-l12-underdark-92 ability="Second Wind"
2026/05/17 13:55:36 INFO dnd: armed ability fired (turn-based build) user=@sim:fighter-l7-forest_shadows-91 ability="Second Wind"
2026/05/17 13:55:36 INFO dnd: armed ability fired (turn-based build) user=@sim:fighter-l12-underdark-92 ability="Second Wind"
2026/05/17 13:55:36 INFO dnd: armed ability fired (turn-based build) user=@sim:fighter-l12-underdark-92 ability="Second Wind"
2026/05/17 13:55:36 INFO dnd: armed ability fired (turn-based build) user=@sim:fighter-l7-forest_shadows-91 ability="Second Wind"
2026/05/17 13:55:36 INFO dnd: armed ability fired (turn-based build) user=@sim:fighter-l7-forest_shadows-91 ability="Second Wind"
2026/05/17 13:55:36 INFO database initialized path=/tmp/expedition-sim-3851871211/gogobee.db
2026/05/17 13:55:36 INFO database initialized path=/tmp/expedition-sim-464362486/gogobee.db
2026/05/17 13:55:36 INFO dnd: armed ability fired (turn-based build) user=@sim:fighter-l7-underdark-88 ability="Second Wind"
2026/05/17 13:55:36 INFO dnd: armed ability fired (turn-based build) user=@sim:fighter-l7-underdark-88 ability="Second Wind"
2026/05/17 13:55:36 INFO dnd: armed ability fired (turn-based build) user=@sim:fighter-l3-forest_shadows-97 ability="Second Wind"
2026/05/17 13:55:36 INFO database initialized path=/tmp/expedition-sim-1504355841/gogobee.db
2026/05/17 13:55:36 INFO dnd: armed ability fired (turn-based build) user=@sim:fighter-l7-underdark-88 ability="Second Wind"
2026/05/17 13:55:36 INFO dnd: armed ability fired (turn-based build) user=@sim:fighter-l3-forest_shadows-97 ability="Second Wind"
2026/05/17 13:55:36 INFO dnd: armed ability fired (turn-based build) user=@sim:fighter-l12-dragons_lair-5 ability="Second Wind"
2026/05/17 13:55:36 INFO dnd: armed ability fired (turn-based build) user=@sim:fighter-l12-dragons_lair-5 ability="Second Wind"
2026/05/17 13:55:36 INFO dnd: armed ability fired (turn-based build) user=@sim:fighter-l12-dragons_lair-5 ability="Second Wind"
2026/05/17 13:55:36 INFO dnd: armed ability fired (turn-based build) user=@sim:fighter-l3-forest_shadows-97 ability="Second Wind"
2026/05/17 13:55:36 INFO database initialized path=/tmp/expedition-sim-3613348493/gogobee.db
2026/05/17 13:55:36 INFO database initialized path=/tmp/expedition-sim-536957169/gogobee.db
2026/05/17 13:55:36 INFO dnd: armed ability fired (turn-based build) user=@sim:fighter-l12-manor_blackspire-92 ability="Second Wind"
2026/05/17 13:55:36 INFO dnd: armed ability fired (turn-based build) user=@sim:fighter-l12-manor_blackspire-92 ability="Second Wind"
2026/05/17 13:55:36 INFO dnd: armed ability fired (turn-based build) user=@sim:fighter-l12-manor_blackspire-92 ability="Second Wind"
2026/05/17 13:55:36 INFO database initialized path=/tmp/expedition-sim-477791030/gogobee.db
2026/05/17 13:55:36 INFO dnd: armed ability fired (turn-based build) user=@sim:fighter-l7-forest_shadows-92 ability="Second Wind"
2026/05/17 13:55:36 INFO dnd: armed ability fired (turn-based build) user=@sim:fighter-l7-forest_shadows-92 ability="Second Wind"
2026/05/17 13:55:36 INFO dnd: armed ability fired (turn-based build) user=@sim:fighter-l7-forest_shadows-92 ability="Second Wind"
2026/05/17 13:55:36 INFO database initialized path=/tmp/expedition-sim-149390714/gogobee.db
2026/05/17 13:55:36 INFO dnd: armed ability fired (turn-based build) user=@sim:fighter-l12-forest_shadows-80 ability="Second Wind"
2026/05/17 13:55:36 INFO database initialized path=/tmp/expedition-sim-1846759858/gogobee.db
2026/05/17 13:55:36 INFO dnd: armed ability fired (turn-based build) user=@sim:fighter-l12-forest_shadows-80 ability="Second Wind"
2026/05/17 13:55:36 INFO dnd: armed ability fired (turn-based build) user=@sim:fighter-l12-underdark-93 ability="Second Wind"
2026/05/17 13:55:36 INFO dnd: armed ability fired (turn-based build) user=@sim:fighter-l12-forest_shadows-80 ability="Second Wind"
2026/05/17 13:55:36 INFO dnd: armed ability fired (turn-based build) user=@sim:fighter-l12-underdark-93 ability="Second Wind"
2026/05/17 13:55:36 INFO dnd: armed ability fired (turn-based build) user=@sim:fighter-l12-underdark-93 ability="Second Wind"
2026/05/17 13:55:36 INFO database initialized path=/tmp/expedition-sim-1068493204/gogobee.db
2026/05/17 13:55:36 INFO database initialized path=/tmp/expedition-sim-972644014/gogobee.db
2026/05/17 13:55:36 INFO dnd: armed ability fired (turn-based build) user=@sim:fighter-l7-underdark-89 ability="Second Wind"
2026/05/17 13:55:36 INFO dnd: armed ability fired (turn-based build) user=@sim:fighter-l12-manor_blackspire-93 ability="Second Wind"
2026/05/17 13:55:36 INFO dnd: armed ability fired (turn-based build) user=@sim:fighter-l7-underdark-89 ability="Second Wind"
2026/05/17 13:55:36 INFO dnd: armed ability fired (turn-based build) user=@sim:fighter-l12-manor_blackspire-93 ability="Second Wind"
2026/05/17 13:55:36 INFO dnd: armed ability fired (turn-based build) user=@sim:fighter-l7-underdark-89 ability="Second Wind"
2026/05/17 13:55:36 INFO dnd: armed ability fired (turn-based build) user=@sim:fighter-l12-manor_blackspire-93 ability="Second Wind"
2026/05/17 13:55:37 INFO database initialized path=/tmp/expedition-sim-3012497808/gogobee.db
2026/05/17 13:55:37 INFO dnd: armed ability fired (turn-based build) user=@sim:fighter-l12-dragons_lair-6 ability="Second Wind"
2026/05/17 13:55:37 INFO database initialized path=/tmp/expedition-sim-336206949/gogobee.db
2026/05/17 13:55:37 INFO dnd: armed ability fired (turn-based build) user=@sim:fighter-l12-dragons_lair-6 ability="Second Wind"
2026/05/17 13:55:37 INFO dnd: armed ability fired (turn-based build) user=@sim:fighter-l3-forest_shadows-98 ability="Second Wind"
2026/05/17 13:55:37 INFO dnd: armed ability fired (turn-based build) user=@sim:fighter-l12-dragons_lair-6 ability="Second Wind"
2026/05/17 13:55:37 INFO dnd: armed ability fired (turn-based build) user=@sim:fighter-l3-forest_shadows-98 ability="Second Wind"
2026/05/17 13:55:37 INFO dnd: armed ability fired (turn-based build) user=@sim:fighter-l3-forest_shadows-98 ability="Second Wind"
2026/05/17 13:55:37 INFO database initialized path=/tmp/expedition-sim-238749372/gogobee.db
2026/05/17 13:55:37 INFO database initialized path=/tmp/expedition-sim-461550018/gogobee.db
2026/05/17 13:55:37 INFO dnd: armed ability fired (turn-based build) user=@sim:fighter-l7-forest_shadows-93 ability="Second Wind"
2026/05/17 13:55:37 INFO dnd: armed ability fired (turn-based build) user=@sim:fighter-l7-forest_shadows-93 ability="Second Wind"
2026/05/17 13:55:37 INFO dnd: armed ability fired (turn-based build) user=@sim:fighter-l7-forest_shadows-93 ability="Second Wind"
2026/05/17 13:55:37 INFO database initialized path=/tmp/expedition-sim-3723383769/gogobee.db
2026/05/17 13:55:37 INFO dnd: armed ability fired (turn-based build) user=@sim:fighter-l7-underdark-90 ability="Second Wind"
2026/05/17 13:55:37 INFO dnd: armed ability fired (turn-based build) user=@sim:fighter-l7-underdark-90 ability="Second Wind"
2026/05/17 13:55:37 INFO dnd: armed ability fired (turn-based build) user=@sim:fighter-l7-underdark-90 ability="Second Wind"
2026/05/17 13:55:37 INFO database initialized path=/tmp/expedition-sim-1251237503/gogobee.db
2026/05/17 13:55:37 INFO dnd: armed ability fired (turn-based build) user=@sim:fighter-l12-underdark-94 ability="Second Wind"
2026/05/17 13:55:37 INFO dnd: armed ability fired (turn-based build) user=@sim:fighter-l12-underdark-94 ability="Second Wind"
2026/05/17 13:55:37 INFO dnd: armed ability fired (turn-based build) user=@sim:fighter-l12-underdark-94 ability="Second Wind"
2026/05/17 13:55:37 INFO database initialized path=/tmp/expedition-sim-517433913/gogobee.db
2026/05/17 13:55:37 INFO database initialized path=/tmp/expedition-sim-1478813208/gogobee.db
2026/05/17 13:55:37 INFO dnd: armed ability fired (turn-based build) user=@sim:fighter-l3-forest_shadows-99 ability="Second Wind"
2026/05/17 13:55:37 INFO dnd: armed ability fired (turn-based build) user=@sim:fighter-l12-dragons_lair-7 ability="Second Wind"
2026/05/17 13:55:37 INFO dnd: armed ability fired (turn-based build) user=@sim:fighter-l3-forest_shadows-99 ability="Second Wind"
2026/05/17 13:55:37 INFO dnd: armed ability fired (turn-based build) user=@sim:fighter-l3-forest_shadows-99 ability="Second Wind"
2026/05/17 13:55:37 INFO dnd: armed ability fired (turn-based build) user=@sim:fighter-l12-dragons_lair-7 ability="Second Wind"
2026/05/17 13:55:37 INFO dnd: armed ability fired (turn-based build) user=@sim:fighter-l12-dragons_lair-7 ability="Second Wind"
2026/05/17 13:55:37 INFO database initialized path=/tmp/expedition-sim-4138224578/gogobee.db
2026/05/17 13:55:37 INFO dnd: armed ability fired (turn-based build) user=@sim:fighter-l12-manor_blackspire-94 ability="Second Wind"
2026/05/17 13:55:37 INFO dnd: armed ability fired (turn-based build) user=@sim:fighter-l12-manor_blackspire-94 ability="Second Wind"
2026/05/17 13:55:37 INFO database initialized path=/tmp/expedition-sim-401660492/gogobee.db
2026/05/17 13:55:37 INFO dnd: armed ability fired (turn-based build) user=@sim:fighter-l12-manor_blackspire-94 ability="Second Wind"
2026/05/17 13:55:37 INFO database initialized path=/tmp/expedition-sim-1174167533/gogobee.db
2026/05/17 13:55:37 INFO dnd: armed ability fired (turn-based build) user=@sim:fighter-l12-forest_shadows-81 ability="Second Wind"
2026/05/17 13:55:37 INFO dnd: armed ability fired (turn-based build) user=@sim:fighter-l12-forest_shadows-81 ability="Second Wind"
2026/05/17 13:55:37 INFO database initialized path=/tmp/expedition-sim-3187370225/gogobee.db
2026/05/17 13:55:37 INFO dnd: armed ability fired (turn-based build) user=@sim:fighter-l12-forest_shadows-81 ability="Second Wind"
2026/05/17 13:55:37 INFO dnd: armed ability fired (turn-based build) user=@sim:fighter-l7-forest_shadows-94 ability="Second Wind"
2026/05/17 13:55:37 INFO dnd: armed ability fired (turn-based build) user=@sim:fighter-l7-forest_shadows-94 ability="Second Wind"
2026/05/17 13:55:37 INFO dnd: armed ability fired (turn-based build) user=@sim:fighter-l7-forest_shadows-94 ability="Second Wind"
2026/05/17 13:55:37 INFO database initialized path=/tmp/expedition-sim-2950871952/gogobee.db
2026/05/17 13:55:37 INFO dnd: armed ability fired (turn-based build) user=@sim:fighter-l7-underdark-91 ability="Second Wind"
2026/05/17 13:55:37 INFO dnd: armed ability fired (turn-based build) user=@sim:fighter-l7-underdark-91 ability="Second Wind"
2026/05/17 13:55:37 INFO dnd: armed ability fired (turn-based build) user=@sim:fighter-l7-underdark-91 ability="Second Wind"
2026/05/17 13:55:37 INFO database initialized path=/tmp/expedition-sim-688251021/gogobee.db
2026/05/17 13:55:37 INFO database initialized path=/tmp/expedition-sim-3704105872/gogobee.db
2026/05/17 13:55:37 INFO dnd: armed ability fired (turn-based build) user=@sim:fighter-l12-underdark-95 ability="Second Wind"
2026/05/17 13:55:37 INFO database initialized path=/tmp/expedition-sim-3401481172/gogobee.db
2026/05/17 13:55:37 INFO dnd: armed ability fired (turn-based build) user=@sim:fighter-l12-manor_blackspire-95 ability="Second Wind"
2026/05/17 13:55:37 INFO dnd: armed ability fired (turn-based build) user=@sim:fighter-l12-manor_blackspire-95 ability="Second Wind"
2026/05/17 13:55:37 INFO dnd: armed ability fired (turn-based build) user=@sim:fighter-l12-manor_blackspire-95 ability="Second Wind"
2026/05/17 13:55:37 INFO dnd: armed ability fired (turn-based build) user=@sim:fighter-l12-underdark-95 ability="Second Wind"
2026/05/17 13:55:38 INFO dnd: armed ability fired (turn-based build) user=@sim:fighter-l12-underdark-95 ability="Second Wind"
2026/05/17 13:55:38 INFO database initialized path=/tmp/expedition-sim-3071101132/gogobee.db
2026/05/17 13:55:38 INFO dnd: armed ability fired (turn-based build) user=@sim:fighter-l12-dragons_lair-8 ability="Second Wind"
2026/05/17 13:55:38 INFO dnd: armed ability fired (turn-based build) user=@sim:fighter-l12-dragons_lair-8 ability="Second Wind"
2026/05/17 13:55:38 INFO dnd: armed ability fired (turn-based build) user=@sim:fighter-l12-dragons_lair-8 ability="Second Wind"
2026/05/17 13:55:38 INFO database initialized path=/tmp/expedition-sim-3349057476/gogobee.db
2026/05/17 13:55:38 INFO dnd: armed ability fired (turn-based build) user=@sim:fighter-l7-underdark-92 ability="Second Wind"
2026/05/17 13:55:38 INFO dnd: armed ability fired (turn-based build) user=@sim:fighter-l7-underdark-92 ability="Second Wind"
2026/05/17 13:55:38 INFO dnd: armed ability fired (turn-based build) user=@sim:fighter-l7-underdark-92 ability="Second Wind"
2026/05/17 13:55:38 INFO database initialized path=/tmp/expedition-sim-3175499060/gogobee.db
2026/05/17 13:55:38 INFO dnd: armed ability fired (turn-based build) user=@sim:fighter-l7-forest_shadows-95 ability="Second Wind"
2026/05/17 13:55:38 INFO dnd: armed ability fired (turn-based build) user=@sim:fighter-l7-forest_shadows-95 ability="Second Wind"
2026/05/17 13:55:38 INFO dnd: armed ability fired (turn-based build) user=@sim:fighter-l7-forest_shadows-95 ability="Second Wind"
2026/05/17 13:55:38 INFO database initialized path=/tmp/expedition-sim-1218406206/gogobee.db
2026/05/17 13:55:38 INFO dnd: armed ability fired (turn-based build) user=@sim:fighter-l12-forest_shadows-82 ability="Second Wind"
2026/05/17 13:55:38 INFO dnd: armed ability fired (turn-based build) user=@sim:fighter-l12-forest_shadows-82 ability="Second Wind"
2026/05/17 13:55:38 INFO dnd: armed ability fired (turn-based build) user=@sim:fighter-l12-forest_shadows-82 ability="Second Wind"
2026/05/17 13:55:38 INFO database initialized path=/tmp/expedition-sim-872065320/gogobee.db
2026/05/17 13:55:38 INFO database initialized path=/tmp/expedition-sim-3767671779/gogobee.db
2026/05/17 13:55:38 INFO dnd: armed ability fired (turn-based build) user=@sim:fighter-l12-manor_blackspire-96 ability="Second Wind"
2026/05/17 13:55:38 INFO dnd: armed ability fired (turn-based build) user=@sim:fighter-l12-manor_blackspire-96 ability="Second Wind"
2026/05/17 13:55:38 INFO dnd: armed ability fired (turn-based build) user=@sim:fighter-l12-manor_blackspire-96 ability="Second Wind"
2026/05/17 13:55:38 INFO database initialized path=/tmp/expedition-sim-2811677374/gogobee.db
2026/05/17 13:55:38 INFO dnd: armed ability fired (turn-based build) user=@sim:fighter-l12-underdark-96 ability="Second Wind"
2026/05/17 13:55:38 INFO dnd: armed ability fired (turn-based build) user=@sim:fighter-l12-underdark-96 ability="Second Wind"
2026/05/17 13:55:38 INFO dnd: armed ability fired (turn-based build) user=@sim:fighter-l12-underdark-96 ability="Second Wind"
2026/05/17 13:55:38 INFO database initialized path=/tmp/expedition-sim-974112062/gogobee.db
2026/05/17 13:55:38 INFO dnd: armed ability fired (turn-based build) user=@sim:fighter-l12-dragons_lair-9 ability="Second Wind"
2026/05/17 13:55:38 INFO dnd: armed ability fired (turn-based build) user=@sim:fighter-l12-dragons_lair-9 ability="Second Wind"
2026/05/17 13:55:38 INFO dnd: armed ability fired (turn-based build) user=@sim:fighter-l12-dragons_lair-9 ability="Second Wind"
2026/05/17 13:55:38 INFO database initialized path=/tmp/expedition-sim-334901183/gogobee.db
2026/05/17 13:55:38 INFO dnd: armed ability fired (turn-based build) user=@sim:fighter-l7-underdark-93 ability="Second Wind"
2026/05/17 13:55:38 INFO dnd: armed ability fired (turn-based build) user=@sim:fighter-l7-underdark-93 ability="Second Wind"
2026/05/17 13:55:38 INFO dnd: armed ability fired (turn-based build) user=@sim:fighter-l7-underdark-93 ability="Second Wind"
2026/05/17 13:55:38 INFO database initialized path=/tmp/expedition-sim-2036739148/gogobee.db
2026/05/17 13:55:38 INFO database initialized path=/tmp/expedition-sim-1364578763/gogobee.db
2026/05/17 13:55:38 INFO dnd: armed ability fired (turn-based build) user=@sim:fighter-l12-forest_shadows-83 ability="Second Wind"
2026/05/17 13:55:38 INFO dnd: armed ability fired (turn-based build) user=@sim:fighter-l12-forest_shadows-83 ability="Second Wind"
2026/05/17 13:55:38 INFO dnd: armed ability fired (turn-based build) user=@sim:fighter-l12-forest_shadows-83 ability="Second Wind"
2026/05/17 13:55:38 INFO database initialized path=/tmp/expedition-sim-1877641421/gogobee.db
2026/05/17 13:55:38 INFO dnd: armed ability fired (turn-based build) user=@sim:fighter-l7-forest_shadows-96 ability="Second Wind"
2026/05/17 13:55:38 INFO dnd: armed ability fired (turn-based build) user=@sim:fighter-l7-forest_shadows-96 ability="Second Wind"
2026/05/17 13:55:38 INFO dnd: armed ability fired (turn-based build) user=@sim:fighter-l7-forest_shadows-96 ability="Second Wind"
2026/05/17 13:55:39 INFO database initialized path=/tmp/expedition-sim-119516785/gogobee.db
2026/05/17 13:55:39 INFO dnd: armed ability fired (turn-based build) user=@sim:fighter-l12-underdark-97 ability="Second Wind"
2026/05/17 13:55:39 INFO dnd: armed ability fired (turn-based build) user=@sim:fighter-l12-underdark-97 ability="Second Wind"
2026/05/17 13:55:39 INFO database initialized path=/tmp/expedition-sim-3426567081/gogobee.db
2026/05/17 13:55:39 INFO dnd: armed ability fired (turn-based build) user=@sim:fighter-l12-underdark-97 ability="Second Wind"
2026/05/17 13:55:39 INFO dnd: armed ability fired (turn-based build) user=@sim:fighter-l12-manor_blackspire-97 ability="Second Wind"
2026/05/17 13:55:39 INFO dnd: armed ability fired (turn-based build) user=@sim:fighter-l12-manor_blackspire-97 ability="Second Wind"
2026/05/17 13:55:39 INFO dnd: armed ability fired (turn-based build) user=@sim:fighter-l12-manor_blackspire-97 ability="Second Wind"
2026/05/17 13:55:39 INFO database initialized path=/tmp/expedition-sim-2994888974/gogobee.db
2026/05/17 13:55:39 INFO dnd: armed ability fired (turn-based build) user=@sim:fighter-l7-underdark-94 ability="Second Wind"
2026/05/17 13:55:39 INFO database initialized path=/tmp/expedition-sim-2162164417/gogobee.db
2026/05/17 13:55:39 INFO dnd: armed ability fired (turn-based build) user=@sim:fighter-l7-underdark-94 ability="Second Wind"
2026/05/17 13:55:39 INFO dnd: armed ability fired (turn-based build) user=@sim:fighter-l12-dragons_lair-10 ability="Second Wind"
2026/05/17 13:55:39 INFO dnd: armed ability fired (turn-based build) user=@sim:fighter-l7-underdark-94 ability="Second Wind"
2026/05/17 13:55:39 INFO dnd: armed ability fired (turn-based build) user=@sim:fighter-l12-dragons_lair-10 ability="Second Wind"
2026/05/17 13:55:39 INFO dnd: armed ability fired (turn-based build) user=@sim:fighter-l12-dragons_lair-10 ability="Second Wind"
2026/05/17 13:55:39 INFO database initialized path=/tmp/expedition-sim-3734839354/gogobee.db
2026/05/17 13:55:39 INFO database initialized path=/tmp/expedition-sim-2349816395/gogobee.db
2026/05/17 13:55:39 INFO dnd: armed ability fired (turn-based build) user=@sim:fighter-l12-underdark-98 ability="Second Wind"
2026/05/17 13:55:39 INFO dnd: armed ability fired (turn-based build) user=@sim:fighter-l12-underdark-98 ability="Second Wind"
2026/05/17 13:55:39 INFO database initialized path=/tmp/expedition-sim-4048954804/gogobee.db
2026/05/17 13:55:39 INFO dnd: armed ability fired (turn-based build) user=@sim:fighter-l12-underdark-98 ability="Second Wind"
2026/05/17 13:55:39 INFO dnd: armed ability fired (turn-based build) user=@sim:fighter-l12-forest_shadows-84 ability="Second Wind"
2026/05/17 13:55:39 INFO dnd: armed ability fired (turn-based build) user=@sim:fighter-l12-forest_shadows-84 ability="Second Wind"
2026/05/17 13:55:39 INFO dnd: armed ability fired (turn-based build) user=@sim:fighter-l12-forest_shadows-84 ability="Second Wind"
2026/05/17 13:55:39 INFO database initialized path=/tmp/expedition-sim-1745713116/gogobee.db
2026/05/17 13:55:39 INFO dnd: armed ability fired (turn-based build) user=@sim:fighter-l7-underdark-95 ability="Second Wind"
2026/05/17 13:55:39 INFO dnd: armed ability fired (turn-based build) user=@sim:fighter-l7-underdark-95 ability="Second Wind"
2026/05/17 13:55:39 INFO dnd: armed ability fired (turn-based build) user=@sim:fighter-l7-underdark-95 ability="Second Wind"
2026/05/17 13:55:39 INFO database initialized path=/tmp/expedition-sim-3202816930/gogobee.db
2026/05/17 13:55:39 INFO database initialized path=/tmp/expedition-sim-3159779175/gogobee.db
2026/05/17 13:55:39 INFO database initialized path=/tmp/expedition-sim-1983262125/gogobee.db
2026/05/17 13:55:39 INFO database initialized path=/tmp/expedition-sim-3673634686/gogobee.db
2026/05/17 13:55:39 INFO dnd: armed ability fired (turn-based build) user=@sim:fighter-l7-forest_shadows-97 ability="Second Wind"
2026/05/17 13:55:39 INFO dnd: armed ability fired (turn-based build) user=@sim:fighter-l12-dragons_lair-11 ability="Second Wind"
2026/05/17 13:55:39 INFO dnd: armed ability fired (turn-based build) user=@sim:fighter-l12-manor_blackspire-98 ability="Second Wind"
2026/05/17 13:55:39 INFO dnd: armed ability fired (turn-based build) user=@sim:fighter-l7-forest_shadows-97 ability="Second Wind"
2026/05/17 13:55:39 INFO dnd: armed ability fired (turn-based build) user=@sim:fighter-l12-dragons_lair-11 ability="Second Wind"
2026/05/17 13:55:39 INFO dnd: armed ability fired (turn-based build) user=@sim:fighter-l7-forest_shadows-97 ability="Second Wind"
2026/05/17 13:55:39 INFO dnd: armed ability fired (turn-based build) user=@sim:fighter-l12-dragons_lair-11 ability="Second Wind"
2026/05/17 13:55:39 INFO dnd: armed ability fired (turn-based build) user=@sim:fighter-l12-manor_blackspire-98 ability="Second Wind"
2026/05/17 13:55:39 INFO dnd: armed ability fired (turn-based build) user=@sim:fighter-l12-manor_blackspire-98 ability="Second Wind"
2026/05/17 13:55:39 INFO database initialized path=/tmp/expedition-sim-2239913674/gogobee.db
2026/05/17 13:55:39 INFO dnd: armed ability fired (turn-based build) user=@sim:fighter-l12-underdark-99 ability="Second Wind"
2026/05/17 13:55:39 INFO dnd: armed ability fired (turn-based build) user=@sim:fighter-l12-underdark-99 ability="Second Wind"
2026/05/17 13:55:39 INFO dnd: armed ability fired (turn-based build) user=@sim:fighter-l12-underdark-99 ability="Second Wind"
2026/05/17 13:55:39 INFO database initialized path=/tmp/expedition-sim-3992207590/gogobee.db
2026/05/17 13:55:39 INFO dnd: armed ability fired (turn-based build) user=@sim:fighter-l7-underdark-96 ability="Second Wind"
2026/05/17 13:55:39 INFO dnd: armed ability fired (turn-based build) user=@sim:fighter-l7-underdark-96 ability="Second Wind"
2026/05/17 13:55:39 INFO dnd: armed ability fired (turn-based build) user=@sim:fighter-l7-underdark-96 ability="Second Wind"
2026/05/17 13:55:39 INFO database initialized path=/tmp/expedition-sim-3865766487/gogobee.db
2026/05/17 13:55:40 INFO database initialized path=/tmp/expedition-sim-3277291193/gogobee.db
2026/05/17 13:55:40 INFO dnd: armed ability fired (turn-based build) user=@sim:fighter-l7-forest_shadows-98 ability="Second Wind"
2026/05/17 13:55:40 INFO dnd: armed ability fired (turn-based build) user=@sim:fighter-l7-forest_shadows-98 ability="Second Wind"
2026/05/17 13:55:40 INFO dnd: armed ability fired (turn-based build) user=@sim:fighter-l7-forest_shadows-98 ability="Second Wind"
2026/05/17 13:55:40 INFO database initialized path=/tmp/expedition-sim-1728464284/gogobee.db
2026/05/17 13:55:40 INFO dnd: armed ability fired (turn-based build) user=@sim:fighter-l12-manor_blackspire-99 ability="Second Wind"
2026/05/17 13:55:40 INFO dnd: armed ability fired (turn-based build) user=@sim:fighter-l12-manor_blackspire-99 ability="Second Wind"
2026/05/17 13:55:40 INFO dnd: armed ability fired (turn-based build) user=@sim:fighter-l12-manor_blackspire-99 ability="Second Wind"
2026/05/17 13:55:40 INFO database initialized path=/tmp/expedition-sim-1075419575/gogobee.db
2026/05/17 13:55:40 INFO dnd: armed ability fired (turn-based build) user=@sim:fighter-l12-forest_shadows-85 ability="Second Wind"
2026/05/17 13:55:40 INFO dnd: armed ability fired (turn-based build) user=@sim:fighter-l12-forest_shadows-85 ability="Second Wind"
2026/05/17 13:55:40 INFO dnd: armed ability fired (turn-based build) user=@sim:fighter-l12-forest_shadows-85 ability="Second Wind"
2026/05/17 13:55:40 INFO database initialized path=/tmp/expedition-sim-1575693698/gogobee.db
2026/05/17 13:55:40 INFO dnd: armed ability fired (turn-based build) user=@sim:fighter-l7-underdark-97 ability="Second Wind"
2026/05/17 13:55:40 INFO dnd: armed ability fired (turn-based build) user=@sim:fighter-l7-underdark-97 ability="Second Wind"
2026/05/17 13:55:40 INFO dnd: armed ability fired (turn-based build) user=@sim:fighter-l7-underdark-97 ability="Second Wind"
2026/05/17 13:55:40 INFO database initialized path=/tmp/expedition-sim-1663584898/gogobee.db
2026/05/17 13:55:40 INFO dnd: armed ability fired (turn-based build) user=@sim:fighter-l12-dragons_lair-12 ability="Second Wind"
2026/05/17 13:55:40 INFO dnd: armed ability fired (turn-based build) user=@sim:fighter-l12-dragons_lair-12 ability="Second Wind"
2026/05/17 13:55:40 INFO dnd: armed ability fired (turn-based build) user=@sim:fighter-l12-dragons_lair-12 ability="Second Wind"
2026/05/17 13:55:40 INFO database initialized path=/tmp/expedition-sim-1968674180/gogobee.db
2026/05/17 13:55:40 INFO database initialized path=/tmp/expedition-sim-4097718559/gogobee.db
2026/05/17 13:55:40 INFO dnd: armed ability fired (turn-based build) user=@sim:fighter-l7-forest_shadows-99 ability="Second Wind"
2026/05/17 13:55:40 INFO dnd: armed ability fired (turn-based build) user=@sim:fighter-l7-forest_shadows-99 ability="Second Wind"
2026/05/17 13:55:40 INFO dnd: armed ability fired (turn-based build) user=@sim:fighter-l7-forest_shadows-99 ability="Second Wind"
2026/05/17 13:55:41 INFO database initialized path=/tmp/expedition-sim-4280978834/gogobee.db
2026/05/17 13:55:41 INFO database initialized path=/tmp/expedition-sim-2358734484/gogobee.db
2026/05/17 13:55:41 INFO database initialized path=/tmp/expedition-sim-3304579998/gogobee.db
2026/05/17 13:55:41 INFO dnd: armed ability fired (turn-based build) user=@sim:fighter-l7-underdark-98 ability="Second Wind"
2026/05/17 13:55:41 INFO dnd: armed ability fired (turn-based build) user=@sim:fighter-l7-underdark-98 ability="Second Wind"
2026/05/17 13:55:41 INFO dnd: armed ability fired (turn-based build) user=@sim:fighter-l12-dragons_lair-13 ability="Second Wind"
2026/05/17 13:55:41 INFO dnd: armed ability fired (turn-based build) user=@sim:fighter-l7-underdark-98 ability="Second Wind"
2026/05/17 13:55:41 INFO dnd: armed ability fired (turn-based build) user=@sim:fighter-l12-dragons_lair-13 ability="Second Wind"
2026/05/17 13:55:41 INFO dnd: armed ability fired (turn-based build) user=@sim:fighter-l12-dragons_lair-13 ability="Second Wind"
2026/05/17 13:55:41 INFO database initialized path=/tmp/expedition-sim-2374811745/gogobee.db
2026/05/17 13:55:41 INFO database initialized path=/tmp/expedition-sim-1317909989/gogobee.db
2026/05/17 13:55:41 INFO dnd: armed ability fired (turn-based build) user=@sim:fighter-l12-forest_shadows-86 ability="Second Wind"
2026/05/17 13:55:41 INFO dnd: armed ability fired (turn-based build) user=@sim:fighter-l12-forest_shadows-86 ability="Second Wind"
2026/05/17 13:55:41 INFO dnd: armed ability fired (turn-based build) user=@sim:fighter-l12-forest_shadows-86 ability="Second Wind"
2026/05/17 13:55:41 INFO database initialized path=/tmp/expedition-sim-1189240032/gogobee.db
2026/05/17 13:55:41 INFO database initialized path=/tmp/expedition-sim-3617166697/gogobee.db
2026/05/17 13:55:41 INFO dnd: armed ability fired (turn-based build) user=@sim:fighter-l7-underdark-99 ability="Second Wind"
2026/05/17 13:55:41 INFO dnd: armed ability fired (turn-based build) user=@sim:fighter-l7-underdark-99 ability="Second Wind"
2026/05/17 13:55:41 INFO dnd: armed ability fired (turn-based build) user=@sim:fighter-l7-underdark-99 ability="Second Wind"
2026/05/17 13:55:41 INFO database initialized path=/tmp/expedition-sim-3710336662/gogobee.db
2026/05/17 13:55:41 INFO database initialized path=/tmp/expedition-sim-2261471050/gogobee.db
2026/05/17 13:55:41 INFO dnd: armed ability fired (turn-based build) user=@sim:fighter-l12-dragons_lair-14 ability="Second Wind"
2026/05/17 13:55:41 INFO dnd: armed ability fired (turn-based build) user=@sim:fighter-l12-dragons_lair-14 ability="Second Wind"
2026/05/17 13:55:41 INFO dnd: armed ability fired (turn-based build) user=@sim:fighter-l12-dragons_lair-14 ability="Second Wind"
2026/05/17 13:55:41 INFO database initialized path=/tmp/expedition-sim-367340074/gogobee.db
2026/05/17 13:55:41 INFO database initialized path=/tmp/expedition-sim-2534094340/gogobee.db
2026/05/17 13:55:42 INFO database initialized path=/tmp/expedition-sim-2332564521/gogobee.db
2026/05/17 13:55:42 INFO database initialized path=/tmp/expedition-sim-894372735/gogobee.db
2026/05/17 13:55:42 INFO dnd: armed ability fired (turn-based build) user=@sim:fighter-l12-forest_shadows-87 ability="Second Wind"
2026/05/17 13:55:42 INFO dnd: armed ability fired (turn-based build) user=@sim:fighter-l12-forest_shadows-87 ability="Second Wind"
2026/05/17 13:55:42 INFO dnd: armed ability fired (turn-based build) user=@sim:fighter-l12-forest_shadows-87 ability="Second Wind"
2026/05/17 13:55:42 INFO database initialized path=/tmp/expedition-sim-1692112152/gogobee.db
2026/05/17 13:55:42 INFO database initialized path=/tmp/expedition-sim-933279015/gogobee.db
2026/05/17 13:55:42 INFO dnd: armed ability fired (turn-based build) user=@sim:fighter-l12-dragons_lair-15 ability="Second Wind"
2026/05/17 13:55:42 INFO dnd: armed ability fired (turn-based build) user=@sim:fighter-l12-dragons_lair-15 ability="Second Wind"
2026/05/17 13:55:42 INFO dnd: armed ability fired (turn-based build) user=@sim:fighter-l12-dragons_lair-15 ability="Second Wind"
2026/05/17 13:55:42 INFO database initialized path=/tmp/expedition-sim-613140605/gogobee.db
2026/05/17 13:55:42 INFO database initialized path=/tmp/expedition-sim-371020777/gogobee.db
2026/05/17 13:55:42 INFO database initialized path=/tmp/expedition-sim-3079685201/gogobee.db
2026/05/17 13:55:42 INFO dnd: armed ability fired (turn-based build) user=@sim:fighter-l12-forest_shadows-88 ability="Second Wind"
2026/05/17 13:55:42 INFO dnd: armed ability fired (turn-based build) user=@sim:fighter-l12-forest_shadows-88 ability="Second Wind"
2026/05/17 13:55:42 INFO dnd: armed ability fired (turn-based build) user=@sim:fighter-l12-forest_shadows-88 ability="Second Wind"
2026/05/17 13:55:42 INFO database initialized path=/tmp/expedition-sim-426775590/gogobee.db
2026/05/17 13:55:42 INFO database initialized path=/tmp/expedition-sim-1544358803/gogobee.db
2026/05/17 13:55:43 INFO database initialized path=/tmp/expedition-sim-1592332399/gogobee.db
2026/05/17 13:55:43 INFO database initialized path=/tmp/expedition-sim-2650329339/gogobee.db
2026/05/17 13:55:43 INFO dnd: armed ability fired (turn-based build) user=@sim:fighter-l12-dragons_lair-16 ability="Second Wind"
2026/05/17 13:55:43 INFO dnd: armed ability fired (turn-based build) user=@sim:fighter-l12-dragons_lair-16 ability="Second Wind"
2026/05/17 13:55:43 INFO dnd: armed ability fired (turn-based build) user=@sim:fighter-l12-dragons_lair-16 ability="Second Wind"
2026/05/17 13:55:43 INFO database initialized path=/tmp/expedition-sim-606410386/gogobee.db
2026/05/17 13:55:43 INFO database initialized path=/tmp/expedition-sim-2584691125/gogobee.db
2026/05/17 13:55:43 INFO database initialized path=/tmp/expedition-sim-2619192496/gogobee.db
2026/05/17 13:55:43 INFO database initialized path=/tmp/expedition-sim-1857972408/gogobee.db
2026/05/17 13:55:43 INFO dnd: armed ability fired (turn-based build) user=@sim:fighter-l12-forest_shadows-89 ability="Second Wind"
2026/05/17 13:55:43 INFO dnd: armed ability fired (turn-based build) user=@sim:fighter-l12-forest_shadows-89 ability="Second Wind"
2026/05/17 13:55:43 INFO dnd: armed ability fired (turn-based build) user=@sim:fighter-l12-forest_shadows-89 ability="Second Wind"
2026/05/17 13:55:43 INFO database initialized path=/tmp/expedition-sim-2628966229/gogobee.db
2026/05/17 13:55:43 INFO database initialized path=/tmp/expedition-sim-279008720/gogobee.db
2026/05/17 13:55:43 INFO dnd: armed ability fired (turn-based build) user=@sim:fighter-l12-dragons_lair-17 ability="Second Wind"
2026/05/17 13:55:43 INFO dnd: armed ability fired (turn-based build) user=@sim:fighter-l12-dragons_lair-17 ability="Second Wind"
2026/05/17 13:55:43 INFO dnd: armed ability fired (turn-based build) user=@sim:fighter-l12-dragons_lair-17 ability="Second Wind"
2026/05/17 13:55:43 INFO database initialized path=/tmp/expedition-sim-1002802120/gogobee.db
2026/05/17 13:55:44 INFO database initialized path=/tmp/expedition-sim-2469193023/gogobee.db
2026/05/17 13:55:44 INFO database initialized path=/tmp/expedition-sim-1322254460/gogobee.db
2026/05/17 13:55:44 INFO database initialized path=/tmp/expedition-sim-3930887985/gogobee.db
2026/05/17 13:55:44 INFO dnd: armed ability fired (turn-based build) user=@sim:fighter-l12-dragons_lair-18 ability="Second Wind"
2026/05/17 13:55:44 INFO dnd: armed ability fired (turn-based build) user=@sim:fighter-l12-dragons_lair-18 ability="Second Wind"
2026/05/17 13:55:44 INFO dnd: armed ability fired (turn-based build) user=@sim:fighter-l12-dragons_lair-18 ability="Second Wind"
2026/05/17 13:55:44 INFO database initialized path=/tmp/expedition-sim-281713281/gogobee.db
2026/05/17 13:55:44 INFO database initialized path=/tmp/expedition-sim-4207827367/gogobee.db
2026/05/17 13:55:44 INFO database initialized path=/tmp/expedition-sim-3477981819/gogobee.db
2026/05/17 13:55:44 INFO database initialized path=/tmp/expedition-sim-2962303191/gogobee.db
2026/05/17 13:55:44 INFO database initialized path=/tmp/expedition-sim-2475509346/gogobee.db
2026/05/17 13:55:44 INFO database initialized path=/tmp/expedition-sim-337464332/gogobee.db
2026/05/17 13:55:44 INFO dnd: armed ability fired (turn-based build) user=@sim:fighter-l12-forest_shadows-90 ability="Second Wind"
2026/05/17 13:55:44 INFO dnd: armed ability fired (turn-based build) user=@sim:fighter-l12-forest_shadows-90 ability="Second Wind"
2026/05/17 13:55:44 INFO dnd: armed ability fired (turn-based build) user=@sim:fighter-l12-forest_shadows-90 ability="Second Wind"
2026/05/17 13:55:44 INFO database initialized path=/tmp/expedition-sim-3475991912/gogobee.db
2026/05/17 13:55:44 INFO database initialized path=/tmp/expedition-sim-1024640858/gogobee.db
2026/05/17 13:55:44 INFO database initialized path=/tmp/expedition-sim-631142332/gogobee.db
2026/05/17 13:55:44 INFO dnd: armed ability fired (turn-based build) user=@sim:fighter-l12-dragons_lair-19 ability="Second Wind"
2026/05/17 13:55:44 INFO dnd: armed ability fired (turn-based build) user=@sim:fighter-l12-dragons_lair-19 ability="Second Wind"
2026/05/17 13:55:44 INFO dnd: armed ability fired (turn-based build) user=@sim:fighter-l12-dragons_lair-19 ability="Second Wind"
2026/05/17 13:55:44 INFO database initialized path=/tmp/expedition-sim-3865564803/gogobee.db
2026/05/17 13:55:45 INFO database initialized path=/tmp/expedition-sim-1743693715/gogobee.db
2026/05/17 13:55:45 INFO database initialized path=/tmp/expedition-sim-462784811/gogobee.db
2026/05/17 13:55:45 INFO database initialized path=/tmp/expedition-sim-960232706/gogobee.db
2026/05/17 13:55:45 INFO database initialized path=/tmp/expedition-sim-3375819352/gogobee.db
2026/05/17 13:55:45 INFO database initialized path=/tmp/expedition-sim-2234623186/gogobee.db
2026/05/17 13:55:45 INFO database initialized path=/tmp/expedition-sim-3104583580/gogobee.db
2026/05/17 13:55:45 INFO dnd: armed ability fired (turn-based build) user=@sim:fighter-l12-dragons_lair-20 ability="Second Wind"
2026/05/17 13:55:45 INFO dnd: armed ability fired (turn-based build) user=@sim:fighter-l12-dragons_lair-20 ability="Second Wind"
2026/05/17 13:55:45 INFO dnd: armed ability fired (turn-based build) user=@sim:fighter-l12-dragons_lair-20 ability="Second Wind"
2026/05/17 13:55:45 INFO database initialized path=/tmp/expedition-sim-4013019905/gogobee.db
2026/05/17 13:55:45 INFO database initialized path=/tmp/expedition-sim-4255083153/gogobee.db
2026/05/17 13:55:45 INFO database initialized path=/tmp/expedition-sim-810106201/gogobee.db
2026/05/17 13:55:45 INFO database initialized path=/tmp/expedition-sim-1403200742/gogobee.db
2026/05/17 13:55:45 INFO database initialized path=/tmp/expedition-sim-4259443743/gogobee.db
2026/05/17 13:55:45 INFO dnd: armed ability fired (turn-based build) user=@sim:fighter-l12-forest_shadows-91 ability="Second Wind"
2026/05/17 13:55:45 INFO database initialized path=/tmp/expedition-sim-2985711702/gogobee.db
2026/05/17 13:55:45 INFO dnd: armed ability fired (turn-based build) user=@sim:fighter-l12-forest_shadows-91 ability="Second Wind"
2026/05/17 13:55:45 INFO dnd: armed ability fired (turn-based build) user=@sim:fighter-l12-forest_shadows-91 ability="Second Wind"
2026/05/17 13:55:45 INFO database initialized path=/tmp/expedition-sim-1822236026/gogobee.db
2026/05/17 13:55:45 INFO database initialized path=/tmp/expedition-sim-3647568814/gogobee.db
2026/05/17 13:55:45 INFO database initialized path=/tmp/expedition-sim-2981886471/gogobee.db
2026/05/17 13:55:45 INFO dnd: armed ability fired (turn-based build) user=@sim:fighter-l12-dragons_lair-21 ability="Second Wind"
2026/05/17 13:55:45 INFO dnd: armed ability fired (turn-based build) user=@sim:fighter-l12-dragons_lair-21 ability="Second Wind"
2026/05/17 13:55:45 INFO dnd: armed ability fired (turn-based build) user=@sim:fighter-l12-dragons_lair-21 ability="Second Wind"
2026/05/17 13:55:45 INFO database initialized path=/tmp/expedition-sim-1314473741/gogobee.db
2026/05/17 13:55:45 INFO database initialized path=/tmp/expedition-sim-3125872599/gogobee.db
2026/05/17 13:55:46 INFO database initialized path=/tmp/expedition-sim-1088055033/gogobee.db
2026/05/17 13:55:46 INFO database initialized path=/tmp/expedition-sim-1555292655/gogobee.db
2026/05/17 13:55:46 INFO database initialized path=/tmp/expedition-sim-3256821320/gogobee.db
2026/05/17 13:55:46 INFO database initialized path=/tmp/expedition-sim-1105009916/gogobee.db
2026/05/17 13:55:46 INFO database initialized path=/tmp/expedition-sim-2128768967/gogobee.db
2026/05/17 13:55:46 INFO database initialized path=/tmp/expedition-sim-2390514529/gogobee.db
2026/05/17 13:55:46 INFO dnd: armed ability fired (turn-based build) user=@sim:fighter-l12-dragons_lair-22 ability="Second Wind"
2026/05/17 13:55:46 INFO dnd: armed ability fired (turn-based build) user=@sim:fighter-l12-dragons_lair-22 ability="Second Wind"
2026/05/17 13:55:46 INFO dnd: armed ability fired (turn-based build) user=@sim:fighter-l12-dragons_lair-22 ability="Second Wind"
2026/05/17 13:55:46 INFO database initialized path=/tmp/expedition-sim-641245500/gogobee.db
2026/05/17 13:55:46 INFO database initialized path=/tmp/expedition-sim-1641846841/gogobee.db
2026/05/17 13:55:46 INFO database initialized path=/tmp/expedition-sim-2235742699/gogobee.db
2026/05/17 13:55:46 INFO database initialized path=/tmp/expedition-sim-775725014/gogobee.db
2026/05/17 13:55:46 INFO dnd: armed ability fired (turn-based build) user=@sim:fighter-l12-forest_shadows-92 ability="Second Wind"
2026/05/17 13:55:46 INFO dnd: armed ability fired (turn-based build) user=@sim:fighter-l12-forest_shadows-92 ability="Second Wind"
2026/05/17 13:55:46 INFO database initialized path=/tmp/expedition-sim-3325421448/gogobee.db
2026/05/17 13:55:46 INFO dnd: armed ability fired (turn-based build) user=@sim:fighter-l12-forest_shadows-92 ability="Second Wind"
2026/05/17 13:55:46 INFO database initialized path=/tmp/expedition-sim-2082777668/gogobee.db
2026/05/17 13:55:46 INFO database initialized path=/tmp/expedition-sim-3118126750/gogobee.db
2026/05/17 13:55:46 INFO database initialized path=/tmp/expedition-sim-221555168/gogobee.db
2026/05/17 13:55:46 INFO database initialized path=/tmp/expedition-sim-1712527870/gogobee.db
2026/05/17 13:55:46 INFO dnd: armed ability fired (turn-based build) user=@sim:fighter-l12-dragons_lair-23 ability="Second Wind"
2026/05/17 13:55:46 INFO dnd: armed ability fired (turn-based build) user=@sim:fighter-l12-dragons_lair-23 ability="Second Wind"
2026/05/17 13:55:46 INFO dnd: armed ability fired (turn-based build) user=@sim:fighter-l12-dragons_lair-23 ability="Second Wind"
2026/05/17 13:55:46 INFO database initialized path=/tmp/expedition-sim-1148724762/gogobee.db
2026/05/17 13:55:46 INFO database initialized path=/tmp/expedition-sim-1197846098/gogobee.db
2026/05/17 13:55:46 INFO database initialized path=/tmp/expedition-sim-776272191/gogobee.db
2026/05/17 13:55:47 INFO database initialized path=/tmp/expedition-sim-3618824433/gogobee.db
2026/05/17 13:55:47 INFO database initialized path=/tmp/expedition-sim-2203596973/gogobee.db
2026/05/17 13:55:47 INFO database initialized path=/tmp/expedition-sim-3752932418/gogobee.db
2026/05/17 13:55:47 INFO database initialized path=/tmp/expedition-sim-434732096/gogobee.db
2026/05/17 13:55:47 INFO dnd: armed ability fired (turn-based build) user=@sim:fighter-l12-dragons_lair-24 ability="Second Wind"
2026/05/17 13:55:47 INFO dnd: armed ability fired (turn-based build) user=@sim:fighter-l12-dragons_lair-24 ability="Second Wind"
2026/05/17 13:55:47 INFO dnd: armed ability fired (turn-based build) user=@sim:fighter-l12-dragons_lair-24 ability="Second Wind"
2026/05/17 13:55:47 INFO database initialized path=/tmp/expedition-sim-2841104521/gogobee.db
2026/05/17 13:55:47 INFO database initialized path=/tmp/expedition-sim-3382803940/gogobee.db
2026/05/17 13:55:47 INFO database initialized path=/tmp/expedition-sim-3657967331/gogobee.db
2026/05/17 13:55:47 INFO database initialized path=/tmp/expedition-sim-483986506/gogobee.db
2026/05/17 13:55:47 INFO database initialized path=/tmp/expedition-sim-3675938347/gogobee.db
2026/05/17 13:55:47 INFO dnd: armed ability fired (turn-based build) user=@sim:fighter-l12-forest_shadows-93 ability="Second Wind"
2026/05/17 13:55:47 INFO dnd: armed ability fired (turn-based build) user=@sim:fighter-l12-forest_shadows-93 ability="Second Wind"
2026/05/17 13:55:47 INFO database initialized path=/tmp/expedition-sim-1768365047/gogobee.db
2026/05/17 13:55:47 INFO dnd: armed ability fired (turn-based build) user=@sim:fighter-l12-forest_shadows-93 ability="Second Wind"
2026/05/17 13:55:47 INFO database initialized path=/tmp/expedition-sim-108938972/gogobee.db
2026/05/17 13:55:47 INFO database initialized path=/tmp/expedition-sim-227966104/gogobee.db
2026/05/17 13:55:47 INFO database initialized path=/tmp/expedition-sim-3812192953/gogobee.db
2026/05/17 13:55:47 INFO database initialized path=/tmp/expedition-sim-2513828144/gogobee.db
2026/05/17 13:55:47 INFO database initialized path=/tmp/expedition-sim-3494298963/gogobee.db
2026/05/17 13:55:47 INFO dnd: armed ability fired (turn-based build) user=@sim:fighter-l12-dragons_lair-25 ability="Second Wind"
2026/05/17 13:55:47 INFO dnd: armed ability fired (turn-based build) user=@sim:fighter-l12-dragons_lair-25 ability="Second Wind"
2026/05/17 13:55:47 INFO dnd: armed ability fired (turn-based build) user=@sim:fighter-l12-dragons_lair-25 ability="Second Wind"
2026/05/17 13:55:47 INFO database initialized path=/tmp/expedition-sim-2633939130/gogobee.db
2026/05/17 13:55:47 INFO database initialized path=/tmp/expedition-sim-2084543366/gogobee.db
2026/05/17 13:55:47 INFO database initialized path=/tmp/expedition-sim-1740556897/gogobee.db
2026/05/17 13:55:47 INFO database initialized path=/tmp/expedition-sim-4123411021/gogobee.db
2026/05/17 13:55:47 INFO database initialized path=/tmp/expedition-sim-4154409700/gogobee.db
2026/05/17 13:55:47 INFO database initialized path=/tmp/expedition-sim-667391632/gogobee.db
2026/05/17 13:55:48 INFO database initialized path=/tmp/expedition-sim-2518524325/gogobee.db
2026/05/17 13:55:48 INFO database initialized path=/tmp/expedition-sim-569732346/gogobee.db
2026/05/17 13:55:48 INFO database initialized path=/tmp/expedition-sim-3926545589/gogobee.db
2026/05/17 13:55:48 INFO dnd: armed ability fired (turn-based build) user=@sim:fighter-l12-forest_shadows-94 ability="Second Wind"
2026/05/17 13:55:48 INFO database initialized path=/tmp/expedition-sim-3463663552/gogobee.db
2026/05/17 13:55:48 INFO dnd: armed ability fired (turn-based build) user=@sim:fighter-l12-forest_shadows-94 ability="Second Wind"
2026/05/17 13:55:48 INFO dnd: armed ability fired (turn-based build) user=@sim:fighter-l12-forest_shadows-94 ability="Second Wind"
2026/05/17 13:55:48 INFO database initialized path=/tmp/expedition-sim-3099091461/gogobee.db
2026/05/17 13:55:48 INFO database initialized path=/tmp/expedition-sim-879625296/gogobee.db
2026/05/17 13:55:48 INFO database initialized path=/tmp/expedition-sim-2455807480/gogobee.db
2026/05/17 13:55:48 INFO database initialized path=/tmp/expedition-sim-990471596/gogobee.db
2026/05/17 13:55:48 INFO dnd: armed ability fired (turn-based build) user=@sim:fighter-l12-dragons_lair-26 ability="Second Wind"
2026/05/17 13:55:48 INFO dnd: armed ability fired (turn-based build) user=@sim:fighter-l12-dragons_lair-26 ability="Second Wind"
2026/05/17 13:55:48 INFO dnd: armed ability fired (turn-based build) user=@sim:fighter-l12-dragons_lair-26 ability="Second Wind"
2026/05/17 13:55:48 INFO database initialized path=/tmp/expedition-sim-2693007520/gogobee.db
2026/05/17 13:55:48 INFO database initialized path=/tmp/expedition-sim-1364161682/gogobee.db
2026/05/17 13:55:48 INFO database initialized path=/tmp/expedition-sim-995406753/gogobee.db
2026/05/17 13:55:48 INFO database initialized path=/tmp/expedition-sim-2357279700/gogobee.db
2026/05/17 13:55:48 INFO database initialized path=/tmp/expedition-sim-2775785806/gogobee.db
2026/05/17 13:55:48 INFO database initialized path=/tmp/expedition-sim-1815710236/gogobee.db
2026/05/17 13:55:48 INFO database initialized path=/tmp/expedition-sim-2056538089/gogobee.db
2026/05/17 13:55:48 INFO dnd: armed ability fired (turn-based build) user=@sim:fighter-l12-forest_shadows-95 ability="Second Wind"
2026/05/17 13:55:48 INFO dnd: armed ability fired (turn-based build) user=@sim:fighter-l12-forest_shadows-95 ability="Second Wind"
2026/05/17 13:55:48 INFO dnd: armed ability fired (turn-based build) user=@sim:fighter-l12-forest_shadows-95 ability="Second Wind"
2026/05/17 13:55:48 INFO database initialized path=/tmp/expedition-sim-3696906593/gogobee.db
2026/05/17 13:55:48 INFO database initialized path=/tmp/expedition-sim-342594797/gogobee.db
2026/05/17 13:55:48 INFO database initialized path=/tmp/expedition-sim-1716399418/gogobee.db
2026/05/17 13:55:49 INFO database initialized path=/tmp/expedition-sim-760766635/gogobee.db
2026/05/17 13:55:49 INFO database initialized path=/tmp/expedition-sim-2265320076/gogobee.db
2026/05/17 13:55:49 INFO database initialized path=/tmp/expedition-sim-2795228343/gogobee.db
2026/05/17 13:55:49 INFO database initialized path=/tmp/expedition-sim-3876494432/gogobee.db
2026/05/17 13:55:49 INFO database initialized path=/tmp/expedition-sim-3088515679/gogobee.db
2026/05/17 13:55:49 INFO database initialized path=/tmp/expedition-sim-3641425370/gogobee.db
2026/05/17 13:55:49 INFO database initialized path=/tmp/expedition-sim-1199195284/gogobee.db
2026/05/17 13:55:49 INFO dnd: armed ability fired (turn-based build) user=@sim:fighter-l12-dragons_lair-27 ability="Second Wind"
2026/05/17 13:55:49 INFO dnd: armed ability fired (turn-based build) user=@sim:fighter-l12-dragons_lair-27 ability="Second Wind"
2026/05/17 13:55:49 INFO dnd: armed ability fired (turn-based build) user=@sim:fighter-l12-dragons_lair-27 ability="Second Wind"
2026/05/17 13:55:49 INFO database initialized path=/tmp/expedition-sim-1150119729/gogobee.db
2026/05/17 13:55:49 INFO database initialized path=/tmp/expedition-sim-4258715876/gogobee.db
2026/05/17 13:55:49 INFO database initialized path=/tmp/expedition-sim-234038551/gogobee.db
2026/05/17 13:55:49 INFO dnd: armed ability fired (turn-based build) user=@sim:fighter-l12-forest_shadows-96 ability="Second Wind"
2026/05/17 13:55:49 INFO dnd: armed ability fired (turn-based build) user=@sim:fighter-l12-forest_shadows-96 ability="Second Wind"
2026/05/17 13:55:49 INFO dnd: armed ability fired (turn-based build) user=@sim:fighter-l12-forest_shadows-96 ability="Second Wind"
2026/05/17 13:55:49 INFO database initialized path=/tmp/expedition-sim-1783631531/gogobee.db
2026/05/17 13:55:49 INFO database initialized path=/tmp/expedition-sim-942537341/gogobee.db
2026/05/17 13:55:49 INFO database initialized path=/tmp/expedition-sim-137975928/gogobee.db
2026/05/17 13:55:49 INFO database initialized path=/tmp/expedition-sim-2770691789/gogobee.db
2026/05/17 13:55:49 INFO database initialized path=/tmp/expedition-sim-394304186/gogobee.db
2026/05/17 13:55:49 INFO database initialized path=/tmp/expedition-sim-2629469661/gogobee.db
2026/05/17 13:55:49 INFO database initialized path=/tmp/expedition-sim-4049798124/gogobee.db
2026/05/17 13:55:49 INFO database initialized path=/tmp/expedition-sim-175244670/gogobee.db
2026/05/17 13:55:49 INFO database initialized path=/tmp/expedition-sim-2427122438/gogobee.db
2026/05/17 13:55:49 INFO database initialized path=/tmp/expedition-sim-3775273378/gogobee.db
2026/05/17 13:55:49 INFO dnd: armed ability fired (turn-based build) user=@sim:fighter-l12-dragons_lair-28 ability="Second Wind"
2026/05/17 13:55:49 INFO dnd: armed ability fired (turn-based build) user=@sim:fighter-l12-dragons_lair-28 ability="Second Wind"
2026/05/17 13:55:49 INFO dnd: armed ability fired (turn-based build) user=@sim:fighter-l12-dragons_lair-28 ability="Second Wind"
2026/05/17 13:55:50 INFO database initialized path=/tmp/expedition-sim-2180466229/gogobee.db
2026/05/17 13:55:50 INFO database initialized path=/tmp/expedition-sim-3022898372/gogobee.db
2026/05/17 13:55:50 INFO database initialized path=/tmp/expedition-sim-3727663680/gogobee.db
2026/05/17 13:55:50 INFO database initialized path=/tmp/expedition-sim-1509416254/gogobee.db
2026/05/17 13:55:50 INFO dnd: armed ability fired (turn-based build) user=@sim:fighter-l12-forest_shadows-97 ability="Second Wind"
2026/05/17 13:55:50 INFO dnd: armed ability fired (turn-based build) user=@sim:fighter-l12-forest_shadows-97 ability="Second Wind"
2026/05/17 13:55:50 INFO dnd: armed ability fired (turn-based build) user=@sim:fighter-l12-forest_shadows-97 ability="Second Wind"
2026/05/17 13:55:50 INFO database initialized path=/tmp/expedition-sim-568966774/gogobee.db
2026/05/17 13:55:50 INFO database initialized path=/tmp/expedition-sim-3930109263/gogobee.db
2026/05/17 13:55:50 INFO database initialized path=/tmp/expedition-sim-853564222/gogobee.db
2026/05/17 13:55:50 INFO database initialized path=/tmp/expedition-sim-1702499193/gogobee.db
2026/05/17 13:55:50 INFO database initialized path=/tmp/expedition-sim-1477752885/gogobee.db
2026/05/17 13:55:50 INFO database initialized path=/tmp/expedition-sim-4278278912/gogobee.db
2026/05/17 13:55:50 INFO database initialized path=/tmp/expedition-sim-1905389763/gogobee.db
2026/05/17 13:55:50 INFO database initialized path=/tmp/expedition-sim-1237509192/gogobee.db
2026/05/17 13:55:50 INFO database initialized path=/tmp/expedition-sim-1020236651/gogobee.db
2026/05/17 13:55:50 INFO database initialized path=/tmp/expedition-sim-3048159160/gogobee.db
2026/05/17 13:55:50 INFO database initialized path=/tmp/expedition-sim-3884350893/gogobee.db
2026/05/17 13:55:50 INFO database initialized path=/tmp/expedition-sim-2382546844/gogobee.db
2026/05/17 13:55:50 INFO database initialized path=/tmp/expedition-sim-3720279436/gogobee.db
2026/05/17 13:55:50 INFO database initialized path=/tmp/expedition-sim-3009404015/gogobee.db
2026/05/17 13:55:50 INFO database initialized path=/tmp/expedition-sim-3714823745/gogobee.db
2026/05/17 13:55:50 INFO dnd: armed ability fired (turn-based build) user=@sim:fighter-l12-dragons_lair-29 ability="Second Wind"
2026/05/17 13:55:50 INFO dnd: armed ability fired (turn-based build) user=@sim:fighter-l12-forest_shadows-98 ability="Second Wind"
2026/05/17 13:55:50 INFO dnd: armed ability fired (turn-based build) user=@sim:fighter-l12-dragons_lair-29 ability="Second Wind"
2026/05/17 13:55:50 INFO dnd: armed ability fired (turn-based build) user=@sim:fighter-l12-forest_shadows-98 ability="Second Wind"
2026/05/17 13:55:50 INFO dnd: armed ability fired (turn-based build) user=@sim:fighter-l12-forest_shadows-98 ability="Second Wind"
2026/05/17 13:55:50 INFO dnd: armed ability fired (turn-based build) user=@sim:fighter-l12-dragons_lair-29 ability="Second Wind"
2026/05/17 13:55:50 INFO database initialized path=/tmp/expedition-sim-3548695423/gogobee.db
2026/05/17 13:55:50 INFO database initialized path=/tmp/expedition-sim-2954716064/gogobee.db
2026/05/17 13:55:50 INFO database initialized path=/tmp/expedition-sim-1828418917/gogobee.db
2026/05/17 13:55:50 INFO database initialized path=/tmp/expedition-sim-511562697/gogobee.db
2026/05/17 13:55:50 INFO database initialized path=/tmp/expedition-sim-945821492/gogobee.db
2026/05/17 13:55:51 INFO database initialized path=/tmp/expedition-sim-2502932684/gogobee.db
2026/05/17 13:55:51 INFO database initialized path=/tmp/expedition-sim-3986780097/gogobee.db
2026/05/17 13:55:51 INFO database initialized path=/tmp/expedition-sim-4082707683/gogobee.db
2026/05/17 13:55:51 INFO database initialized path=/tmp/expedition-sim-1006130720/gogobee.db
2026/05/17 13:55:51 INFO database initialized path=/tmp/expedition-sim-3197913204/gogobee.db
2026/05/17 13:55:51 INFO database initialized path=/tmp/expedition-sim-319503569/gogobee.db
2026/05/17 13:55:51 INFO dnd: armed ability fired (turn-based build) user=@sim:fighter-l12-forest_shadows-99 ability="Second Wind"
2026/05/17 13:55:51 INFO dnd: armed ability fired (turn-based build) user=@sim:fighter-l12-forest_shadows-99 ability="Second Wind"
2026/05/17 13:55:51 INFO dnd: armed ability fired (turn-based build) user=@sim:fighter-l12-forest_shadows-99 ability="Second Wind"
2026/05/17 13:55:51 INFO database initialized path=/tmp/expedition-sim-2247701386/gogobee.db
2026/05/17 13:55:51 INFO dnd: armed ability fired (turn-based build) user=@sim:fighter-l12-dragons_lair-30 ability="Second Wind"
2026/05/17 13:55:51 INFO dnd: armed ability fired (turn-based build) user=@sim:fighter-l12-dragons_lair-30 ability="Second Wind"
2026/05/17 13:55:51 INFO dnd: armed ability fired (turn-based build) user=@sim:fighter-l12-dragons_lair-30 ability="Second Wind"
2026/05/17 13:55:51 INFO database initialized path=/tmp/expedition-sim-923147759/gogobee.db
2026/05/17 13:55:51 INFO database initialized path=/tmp/expedition-sim-2459188936/gogobee.db
2026/05/17 13:55:51 INFO database initialized path=/tmp/expedition-sim-445925224/gogobee.db
2026/05/17 13:55:51 INFO database initialized path=/tmp/expedition-sim-4129293401/gogobee.db
2026/05/17 13:55:51 INFO database initialized path=/tmp/expedition-sim-1607527964/gogobee.db
2026/05/17 13:55:51 INFO database initialized path=/tmp/expedition-sim-40843592/gogobee.db
2026/05/17 13:55:51 INFO database initialized path=/tmp/expedition-sim-3736715413/gogobee.db
2026/05/17 13:55:51 INFO database initialized path=/tmp/expedition-sim-1383801052/gogobee.db
2026/05/17 13:55:51 INFO database initialized path=/tmp/expedition-sim-3444748655/gogobee.db
2026/05/17 13:55:51 INFO database initialized path=/tmp/expedition-sim-1807010083/gogobee.db
2026/05/17 13:55:51 INFO database initialized path=/tmp/expedition-sim-2670778442/gogobee.db
2026/05/17 13:55:51 INFO database initialized path=/tmp/expedition-sim-1583263840/gogobee.db
2026/05/17 13:55:51 INFO database initialized path=/tmp/expedition-sim-2573922445/gogobee.db
2026/05/17 13:55:51 INFO database initialized path=/tmp/expedition-sim-2957203510/gogobee.db
2026/05/17 13:55:51 INFO database initialized path=/tmp/expedition-sim-2348699830/gogobee.db
2026/05/17 13:55:51 INFO database initialized path=/tmp/expedition-sim-2108956169/gogobee.db
2026/05/17 13:55:51 INFO database initialized path=/tmp/expedition-sim-3869739202/gogobee.db
2026/05/17 13:55:51 INFO dnd: armed ability fired (turn-based build) user=@sim:fighter-l12-dragons_lair-31 ability="Second Wind"
2026/05/17 13:55:52 INFO dnd: armed ability fired (turn-based build) user=@sim:fighter-l12-dragons_lair-31 ability="Second Wind"
2026/05/17 13:55:52 INFO dnd: armed ability fired (turn-based build) user=@sim:fighter-l12-dragons_lair-31 ability="Second Wind"
2026/05/17 13:55:52 INFO database initialized path=/tmp/expedition-sim-2212509307/gogobee.db
2026/05/17 13:55:52 INFO database initialized path=/tmp/expedition-sim-734821231/gogobee.db
2026/05/17 13:55:52 INFO database initialized path=/tmp/expedition-sim-2889936663/gogobee.db
2026/05/17 13:55:52 INFO database initialized path=/tmp/expedition-sim-4290292046/gogobee.db
2026/05/17 13:55:52 INFO database initialized path=/tmp/expedition-sim-1852387061/gogobee.db
2026/05/17 13:55:52 INFO database initialized path=/tmp/expedition-sim-2906419971/gogobee.db
2026/05/17 13:55:52 INFO database initialized path=/tmp/expedition-sim-4182309144/gogobee.db
2026/05/17 13:55:52 INFO database initialized path=/tmp/expedition-sim-55524718/gogobee.db
2026/05/17 13:55:52 INFO database initialized path=/tmp/expedition-sim-1244724752/gogobee.db
2026/05/17 13:55:52 INFO database initialized path=/tmp/expedition-sim-1112251056/gogobee.db
2026/05/17 13:55:52 INFO database initialized path=/tmp/expedition-sim-2554936567/gogobee.db
2026/05/17 13:55:52 INFO database initialized path=/tmp/expedition-sim-3423317981/gogobee.db
2026/05/17 13:55:52 INFO database initialized path=/tmp/expedition-sim-1525423207/gogobee.db
2026/05/17 13:55:52 INFO dnd: armed ability fired (turn-based build) user=@sim:fighter-l12-dragons_lair-32 ability="Second Wind"
2026/05/17 13:55:52 INFO database initialized path=/tmp/expedition-sim-2788792997/gogobee.db
2026/05/17 13:55:52 INFO dnd: armed ability fired (turn-based build) user=@sim:fighter-l12-dragons_lair-32 ability="Second Wind"
2026/05/17 13:55:52 INFO database initialized path=/tmp/expedition-sim-6179057/gogobee.db
2026/05/17 13:55:52 INFO dnd: armed ability fired (turn-based build) user=@sim:fighter-l12-dragons_lair-32 ability="Second Wind"
2026/05/17 13:55:52 INFO database initialized path=/tmp/expedition-sim-2304887412/gogobee.db
2026/05/17 13:55:52 INFO database initialized path=/tmp/expedition-sim-3507856986/gogobee.db
2026/05/17 13:55:52 INFO database initialized path=/tmp/expedition-sim-2224127548/gogobee.db
2026/05/17 13:55:52 INFO database initialized path=/tmp/expedition-sim-2031557976/gogobee.db
2026/05/17 13:55:52 INFO database initialized path=/tmp/expedition-sim-2203627643/gogobee.db
2026/05/17 13:55:52 INFO database initialized path=/tmp/expedition-sim-168891614/gogobee.db
2026/05/17 13:55:52 INFO database initialized path=/tmp/expedition-sim-2610257861/gogobee.db
2026/05/17 13:55:53 INFO database initialized path=/tmp/expedition-sim-1763613233/gogobee.db
2026/05/17 13:55:53 INFO database initialized path=/tmp/expedition-sim-1795112116/gogobee.db
2026/05/17 13:55:53 INFO database initialized path=/tmp/expedition-sim-850101033/gogobee.db
2026/05/17 13:55:53 INFO database initialized path=/tmp/expedition-sim-342072083/gogobee.db
2026/05/17 13:55:53 INFO database initialized path=/tmp/expedition-sim-181373574/gogobee.db
2026/05/17 13:55:53 INFO database initialized path=/tmp/expedition-sim-2857853332/gogobee.db
2026/05/17 13:55:53 INFO database initialized path=/tmp/expedition-sim-1343915608/gogobee.db
2026/05/17 13:55:53 INFO dnd: armed ability fired (turn-based build) user=@sim:fighter-l12-dragons_lair-33 ability="Second Wind"
2026/05/17 13:55:53 INFO dnd: armed ability fired (turn-based build) user=@sim:fighter-l12-dragons_lair-33 ability="Second Wind"
2026/05/17 13:55:53 INFO dnd: armed ability fired (turn-based build) user=@sim:fighter-l12-dragons_lair-33 ability="Second Wind"
2026/05/17 13:55:53 INFO database initialized path=/tmp/expedition-sim-453432884/gogobee.db
2026/05/17 13:55:53 INFO database initialized path=/tmp/expedition-sim-3232003985/gogobee.db
2026/05/17 13:55:53 INFO database initialized path=/tmp/expedition-sim-4290620407/gogobee.db
2026/05/17 13:55:53 INFO database initialized path=/tmp/expedition-sim-814477721/gogobee.db
2026/05/17 13:55:53 INFO database initialized path=/tmp/expedition-sim-3490720156/gogobee.db
2026/05/17 13:55:53 INFO database initialized path=/tmp/expedition-sim-2995974038/gogobee.db
2026/05/17 13:55:53 INFO database initialized path=/tmp/expedition-sim-1811974659/gogobee.db
2026/05/17 13:55:53 INFO database initialized path=/tmp/expedition-sim-211722022/gogobee.db
2026/05/17 13:55:53 INFO database initialized path=/tmp/expedition-sim-2475144832/gogobee.db
2026/05/17 13:55:53 INFO database initialized path=/tmp/expedition-sim-205007346/gogobee.db
2026/05/17 13:55:53 INFO database initialized path=/tmp/expedition-sim-1236734069/gogobee.db
2026/05/17 13:55:53 INFO dnd: armed ability fired (turn-based build) user=@sim:fighter-l12-dragons_lair-34 ability="Second Wind"
2026/05/17 13:55:53 INFO dnd: armed ability fired (turn-based build) user=@sim:fighter-l12-dragons_lair-34 ability="Second Wind"
2026/05/17 13:55:53 INFO dnd: armed ability fired (turn-based build) user=@sim:fighter-l12-dragons_lair-34 ability="Second Wind"
2026/05/17 13:55:53 INFO database initialized path=/tmp/expedition-sim-3270522017/gogobee.db
2026/05/17 13:55:53 INFO database initialized path=/tmp/expedition-sim-2606835358/gogobee.db
2026/05/17 13:55:53 INFO database initialized path=/tmp/expedition-sim-2970979529/gogobee.db
2026/05/17 13:55:53 INFO database initialized path=/tmp/expedition-sim-710548838/gogobee.db
2026/05/17 13:55:53 INFO database initialized path=/tmp/expedition-sim-2600321487/gogobee.db
2026/05/17 13:55:53 INFO database initialized path=/tmp/expedition-sim-1586344231/gogobee.db
2026/05/17 13:55:54 INFO database initialized path=/tmp/expedition-sim-4173640809/gogobee.db
2026/05/17 13:55:54 INFO database initialized path=/tmp/expedition-sim-2679567972/gogobee.db
2026/05/17 13:55:54 INFO database initialized path=/tmp/expedition-sim-1926317111/gogobee.db
2026/05/17 13:55:54 INFO database initialized path=/tmp/expedition-sim-3384748535/gogobee.db
2026/05/17 13:55:54 INFO database initialized path=/tmp/expedition-sim-1717284799/gogobee.db
2026/05/17 13:55:54 INFO dnd: armed ability fired (turn-based build) user=@sim:fighter-l12-dragons_lair-35 ability="Second Wind"
2026/05/17 13:55:54 INFO database initialized path=/tmp/expedition-sim-2561212421/gogobee.db
2026/05/17 13:55:54 INFO dnd: armed ability fired (turn-based build) user=@sim:fighter-l12-dragons_lair-35 ability="Second Wind"
2026/05/17 13:55:54 INFO dnd: armed ability fired (turn-based build) user=@sim:fighter-l12-dragons_lair-35 ability="Second Wind"
2026/05/17 13:55:54 INFO database initialized path=/tmp/expedition-sim-3135725848/gogobee.db
2026/05/17 13:55:54 INFO database initialized path=/tmp/expedition-sim-2654369639/gogobee.db
2026/05/17 13:55:54 INFO database initialized path=/tmp/expedition-sim-2155345525/gogobee.db
2026/05/17 13:55:54 INFO database initialized path=/tmp/expedition-sim-988228080/gogobee.db
2026/05/17 13:55:54 INFO database initialized path=/tmp/expedition-sim-3060738438/gogobee.db
2026/05/17 13:55:54 INFO database initialized path=/tmp/expedition-sim-3054886828/gogobee.db
2026/05/17 13:55:54 INFO database initialized path=/tmp/expedition-sim-218765721/gogobee.db
2026/05/17 13:55:54 INFO database initialized path=/tmp/expedition-sim-4103223588/gogobee.db
2026/05/17 13:55:54 INFO database initialized path=/tmp/expedition-sim-3579199115/gogobee.db
2026/05/17 13:55:54 INFO database initialized path=/tmp/expedition-sim-2590795271/gogobee.db
2026/05/17 13:55:54 INFO database initialized path=/tmp/expedition-sim-3110212303/gogobee.db
2026/05/17 13:55:54 INFO database initialized path=/tmp/expedition-sim-163700369/gogobee.db
2026/05/17 13:55:54 INFO database initialized path=/tmp/expedition-sim-2394238368/gogobee.db
2026/05/17 13:55:54 INFO database initialized path=/tmp/expedition-sim-2723168573/gogobee.db
2026/05/17 13:55:54 INFO database initialized path=/tmp/expedition-sim-2646750910/gogobee.db
2026/05/17 13:55:54 INFO database initialized path=/tmp/expedition-sim-3806731689/gogobee.db
2026/05/17 13:55:54 INFO dnd: armed ability fired (turn-based build) user=@sim:fighter-l12-dragons_lair-36 ability="Second Wind"
2026/05/17 13:55:54 INFO dnd: armed ability fired (turn-based build) user=@sim:fighter-l12-dragons_lair-36 ability="Second Wind"
2026/05/17 13:55:54 INFO database initialized path=/tmp/expedition-sim-218463342/gogobee.db
2026/05/17 13:55:54 INFO dnd: armed ability fired (turn-based build) user=@sim:fighter-l12-dragons_lair-36 ability="Second Wind"
2026/05/17 13:55:54 INFO database initialized path=/tmp/expedition-sim-2200238743/gogobee.db
2026/05/17 13:55:54 INFO database initialized path=/tmp/expedition-sim-3609152412/gogobee.db
2026/05/17 13:55:55 INFO database initialized path=/tmp/expedition-sim-639794460/gogobee.db
2026/05/17 13:55:55 INFO database initialized path=/tmp/expedition-sim-3867885303/gogobee.db
2026/05/17 13:55:55 INFO database initialized path=/tmp/expedition-sim-3986646857/gogobee.db
2026/05/17 13:55:55 INFO database initialized path=/tmp/expedition-sim-344527004/gogobee.db
2026/05/17 13:55:55 INFO database initialized path=/tmp/expedition-sim-566555906/gogobee.db
2026/05/17 13:55:55 INFO database initialized path=/tmp/expedition-sim-1363236254/gogobee.db
2026/05/17 13:55:55 INFO database initialized path=/tmp/expedition-sim-2264948607/gogobee.db
2026/05/17 13:55:55 INFO database initialized path=/tmp/expedition-sim-2421897663/gogobee.db
2026/05/17 13:55:55 INFO database initialized path=/tmp/expedition-sim-4263770890/gogobee.db
2026/05/17 13:55:55 INFO database initialized path=/tmp/expedition-sim-1550411162/gogobee.db
2026/05/17 13:55:55 INFO database initialized path=/tmp/expedition-sim-2472621377/gogobee.db
2026/05/17 13:55:55 INFO database initialized path=/tmp/expedition-sim-1008843230/gogobee.db
2026/05/17 13:55:55 INFO database initialized path=/tmp/expedition-sim-1885046611/gogobee.db
2026/05/17 13:55:55 INFO database initialized path=/tmp/expedition-sim-1107467833/gogobee.db
2026/05/17 13:55:55 INFO database initialized path=/tmp/expedition-sim-687300712/gogobee.db
2026/05/17 13:55:55 INFO dnd: armed ability fired (turn-based build) user=@sim:fighter-l12-dragons_lair-37 ability="Second Wind"
2026/05/17 13:55:55 INFO database initialized path=/tmp/expedition-sim-3925249918/gogobee.db
2026/05/17 13:55:55 INFO dnd: armed ability fired (turn-based build) user=@sim:fighter-l12-dragons_lair-37 ability="Second Wind"
2026/05/17 13:55:55 INFO dnd: armed ability fired (turn-based build) user=@sim:fighter-l12-dragons_lair-37 ability="Second Wind"
2026/05/17 13:55:55 INFO database initialized path=/tmp/expedition-sim-527455184/gogobee.db
2026/05/17 13:55:55 INFO database initialized path=/tmp/expedition-sim-206314917/gogobee.db
2026/05/17 13:55:55 INFO database initialized path=/tmp/expedition-sim-326960173/gogobee.db
2026/05/17 13:55:55 INFO database initialized path=/tmp/expedition-sim-1140916313/gogobee.db
2026/05/17 13:55:55 INFO database initialized path=/tmp/expedition-sim-2773370224/gogobee.db
2026/05/17 13:55:55 INFO database initialized path=/tmp/expedition-sim-3149361242/gogobee.db
2026/05/17 13:55:55 INFO database initialized path=/tmp/expedition-sim-1559120307/gogobee.db
2026/05/17 13:55:55 INFO database initialized path=/tmp/expedition-sim-3403232442/gogobee.db
2026/05/17 13:55:55 INFO database initialized path=/tmp/expedition-sim-3245851992/gogobee.db
2026/05/17 13:55:55 INFO database initialized path=/tmp/expedition-sim-207387676/gogobee.db
2026/05/17 13:55:55 INFO database initialized path=/tmp/expedition-sim-2155383028/gogobee.db
2026/05/17 13:55:55 INFO database initialized path=/tmp/expedition-sim-3561688751/gogobee.db
2026/05/17 13:55:56 INFO database initialized path=/tmp/expedition-sim-2839045010/gogobee.db
2026/05/17 13:55:56 INFO dnd: armed ability fired (turn-based build) user=@sim:fighter-l12-dragons_lair-38 ability="Second Wind"
2026/05/17 13:55:56 INFO dnd: armed ability fired (turn-based build) user=@sim:fighter-l12-dragons_lair-38 ability="Second Wind"
2026/05/17 13:55:56 INFO dnd: armed ability fired (turn-based build) user=@sim:fighter-l12-dragons_lair-38 ability="Second Wind"
2026/05/17 13:55:56 INFO database initialized path=/tmp/expedition-sim-3240076891/gogobee.db
2026/05/17 13:55:56 INFO database initialized path=/tmp/expedition-sim-333032526/gogobee.db
2026/05/17 13:55:56 INFO database initialized path=/tmp/expedition-sim-2109150397/gogobee.db
2026/05/17 13:55:56 INFO database initialized path=/tmp/expedition-sim-3228676258/gogobee.db
2026/05/17 13:55:56 INFO database initialized path=/tmp/expedition-sim-1400449884/gogobee.db
2026/05/17 13:55:56 INFO database initialized path=/tmp/expedition-sim-2533561112/gogobee.db
2026/05/17 13:55:56 INFO database initialized path=/tmp/expedition-sim-4118775404/gogobee.db
2026/05/17 13:55:56 INFO database initialized path=/tmp/expedition-sim-1394622069/gogobee.db
2026/05/17 13:55:56 INFO database initialized path=/tmp/expedition-sim-2385512238/gogobee.db
2026/05/17 13:55:56 INFO database initialized path=/tmp/expedition-sim-2027188596/gogobee.db
2026/05/17 13:55:56 INFO database initialized path=/tmp/expedition-sim-3628891743/gogobee.db
2026/05/17 13:55:56 INFO database initialized path=/tmp/expedition-sim-3382673744/gogobee.db
2026/05/17 13:55:56 INFO database initialized path=/tmp/expedition-sim-893487579/gogobee.db
2026/05/17 13:55:56 INFO database initialized path=/tmp/expedition-sim-2384537262/gogobee.db
2026/05/17 13:55:56 INFO database initialized path=/tmp/expedition-sim-1902985498/gogobee.db
2026/05/17 13:55:56 INFO database initialized path=/tmp/expedition-sim-1960926081/gogobee.db
2026/05/17 13:55:56 INFO dnd: armed ability fired (turn-based build) user=@sim:fighter-l12-dragons_lair-39 ability="Second Wind"
2026/05/17 13:55:56 INFO database initialized path=/tmp/expedition-sim-3937415725/gogobee.db
2026/05/17 13:55:56 INFO dnd: armed ability fired (turn-based build) user=@sim:fighter-l12-dragons_lair-39 ability="Second Wind"
2026/05/17 13:55:56 INFO dnd: armed ability fired (turn-based build) user=@sim:fighter-l12-dragons_lair-39 ability="Second Wind"
2026/05/17 13:55:56 INFO database initialized path=/tmp/expedition-sim-918058924/gogobee.db
2026/05/17 13:55:56 INFO database initialized path=/tmp/expedition-sim-3901760488/gogobee.db
2026/05/17 13:55:56 INFO database initialized path=/tmp/expedition-sim-2526780992/gogobee.db
2026/05/17 13:55:56 INFO database initialized path=/tmp/expedition-sim-382439620/gogobee.db
2026/05/17 13:55:56 INFO database initialized path=/tmp/expedition-sim-668943745/gogobee.db
2026/05/17 13:55:56 INFO database initialized path=/tmp/expedition-sim-2975551777/gogobee.db
2026/05/17 13:55:56 INFO database initialized path=/tmp/expedition-sim-397502119/gogobee.db
2026/05/17 13:55:57 INFO database initialized path=/tmp/expedition-sim-3810607825/gogobee.db
2026/05/17 13:55:57 INFO database initialized path=/tmp/expedition-sim-900754183/gogobee.db
2026/05/17 13:55:57 INFO database initialized path=/tmp/expedition-sim-3308682945/gogobee.db
2026/05/17 13:55:57 INFO database initialized path=/tmp/expedition-sim-2803838902/gogobee.db
2026/05/17 13:55:57 INFO database initialized path=/tmp/expedition-sim-597839639/gogobee.db
2026/05/17 13:55:57 INFO dnd: armed ability fired (turn-based build) user=@sim:fighter-l12-dragons_lair-40 ability="Second Wind"
2026/05/17 13:55:57 INFO dnd: armed ability fired (turn-based build) user=@sim:fighter-l12-dragons_lair-40 ability="Second Wind"
2026/05/17 13:55:57 INFO dnd: armed ability fired (turn-based build) user=@sim:fighter-l12-dragons_lair-40 ability="Second Wind"
2026/05/17 13:55:57 INFO database initialized path=/tmp/expedition-sim-3280152032/gogobee.db
2026/05/17 13:55:57 INFO database initialized path=/tmp/expedition-sim-611626924/gogobee.db
2026/05/17 13:55:57 INFO database initialized path=/tmp/expedition-sim-4173102426/gogobee.db
2026/05/17 13:55:57 INFO database initialized path=/tmp/expedition-sim-114964745/gogobee.db
2026/05/17 13:55:57 INFO database initialized path=/tmp/expedition-sim-1175439994/gogobee.db
2026/05/17 13:55:57 INFO database initialized path=/tmp/expedition-sim-2764910961/gogobee.db
2026/05/17 13:55:57 INFO database initialized path=/tmp/expedition-sim-738783572/gogobee.db
2026/05/17 13:55:57 INFO database initialized path=/tmp/expedition-sim-681045919/gogobee.db
2026/05/17 13:55:57 INFO database initialized path=/tmp/expedition-sim-2890631589/gogobee.db
2026/05/17 13:55:57 INFO database initialized path=/tmp/expedition-sim-2339478794/gogobee.db
2026/05/17 13:55:57 INFO database initialized path=/tmp/expedition-sim-358090702/gogobee.db
2026/05/17 13:55:57 INFO database initialized path=/tmp/expedition-sim-3542251521/gogobee.db
2026/05/17 13:55:57 INFO database initialized path=/tmp/expedition-sim-3959422834/gogobee.db
2026/05/17 13:55:57 INFO dnd: armed ability fired (turn-based build) user=@sim:fighter-l12-dragons_lair-41 ability="Second Wind"
2026/05/17 13:55:57 INFO database initialized path=/tmp/expedition-sim-1329613856/gogobee.db
2026/05/17 13:55:57 INFO dnd: armed ability fired (turn-based build) user=@sim:fighter-l12-dragons_lair-41 ability="Second Wind"
2026/05/17 13:55:57 INFO dnd: armed ability fired (turn-based build) user=@sim:fighter-l12-dragons_lair-41 ability="Second Wind"
2026/05/17 13:55:57 INFO database initialized path=/tmp/expedition-sim-1942427661/gogobee.db
2026/05/17 13:55:57 INFO database initialized path=/tmp/expedition-sim-235991554/gogobee.db
2026/05/17 13:55:57 INFO database initialized path=/tmp/expedition-sim-3307798488/gogobee.db
2026/05/17 13:55:57 INFO database initialized path=/tmp/expedition-sim-1377775526/gogobee.db
2026/05/17 13:55:57 INFO database initialized path=/tmp/expedition-sim-66904401/gogobee.db
2026/05/17 13:55:57 INFO database initialized path=/tmp/expedition-sim-4091617558/gogobee.db
2026/05/17 13:55:57 INFO database initialized path=/tmp/expedition-sim-1907504680/gogobee.db
2026/05/17 13:55:57 INFO database initialized path=/tmp/expedition-sim-2852153247/gogobee.db
2026/05/17 13:55:57 INFO database initialized path=/tmp/expedition-sim-4085151701/gogobee.db
2026/05/17 13:55:57 INFO database initialized path=/tmp/expedition-sim-1812154612/gogobee.db
2026/05/17 13:55:58 INFO database initialized path=/tmp/expedition-sim-1830735036/gogobee.db
2026/05/17 13:55:58 INFO database initialized path=/tmp/expedition-sim-2622394004/gogobee.db
2026/05/17 13:55:58 INFO database initialized path=/tmp/expedition-sim-119639280/gogobee.db
2026/05/17 13:55:58 INFO dnd: armed ability fired (turn-based build) user=@sim:fighter-l12-dragons_lair-42 ability="Second Wind"
2026/05/17 13:55:58 INFO dnd: armed ability fired (turn-based build) user=@sim:fighter-l12-dragons_lair-42 ability="Second Wind"
2026/05/17 13:55:58 INFO dnd: armed ability fired (turn-based build) user=@sim:fighter-l12-dragons_lair-42 ability="Second Wind"
2026/05/17 13:55:58 INFO database initialized path=/tmp/expedition-sim-2204983748/gogobee.db
2026/05/17 13:55:58 INFO database initialized path=/tmp/expedition-sim-2680866205/gogobee.db
2026/05/17 13:55:58 INFO database initialized path=/tmp/expedition-sim-2102224555/gogobee.db
2026/05/17 13:55:58 INFO database initialized path=/tmp/expedition-sim-3454362168/gogobee.db
2026/05/17 13:55:58 INFO database initialized path=/tmp/expedition-sim-2129582127/gogobee.db
2026/05/17 13:55:58 INFO database initialized path=/tmp/expedition-sim-1270148357/gogobee.db
2026/05/17 13:55:58 INFO database initialized path=/tmp/expedition-sim-2134322296/gogobee.db
2026/05/17 13:55:58 INFO database initialized path=/tmp/expedition-sim-2434647669/gogobee.db
2026/05/17 13:55:58 INFO database initialized path=/tmp/expedition-sim-2247063454/gogobee.db
2026/05/17 13:55:58 INFO database initialized path=/tmp/expedition-sim-1765632000/gogobee.db
2026/05/17 13:55:58 INFO database initialized path=/tmp/expedition-sim-689922/gogobee.db
2026/05/17 13:55:58 INFO database initialized path=/tmp/expedition-sim-330586148/gogobee.db
2026/05/17 13:55:58 INFO database initialized path=/tmp/expedition-sim-2229260899/gogobee.db
2026/05/17 13:55:58 INFO database initialized path=/tmp/expedition-sim-1079526510/gogobee.db
2026/05/17 13:55:58 INFO dnd: armed ability fired (turn-based build) user=@sim:fighter-l12-dragons_lair-43 ability="Second Wind"
2026/05/17 13:55:58 INFO database initialized path=/tmp/expedition-sim-4210502559/gogobee.db
2026/05/17 13:55:58 INFO database initialized path=/tmp/expedition-sim-524544062/gogobee.db
2026/05/17 13:55:58 INFO dnd: armed ability fired (turn-based build) user=@sim:fighter-l12-dragons_lair-43 ability="Second Wind"
2026/05/17 13:55:58 INFO dnd: armed ability fired (turn-based build) user=@sim:fighter-l12-dragons_lair-43 ability="Second Wind"
2026/05/17 13:55:58 INFO database initialized path=/tmp/expedition-sim-1168310986/gogobee.db
2026/05/17 13:55:58 INFO database initialized path=/tmp/expedition-sim-543696368/gogobee.db
2026/05/17 13:55:58 INFO database initialized path=/tmp/expedition-sim-3395115031/gogobee.db
2026/05/17 13:55:58 INFO database initialized path=/tmp/expedition-sim-98225502/gogobee.db
2026/05/17 13:55:58 INFO database initialized path=/tmp/expedition-sim-1608242499/gogobee.db
2026/05/17 13:55:58 INFO database initialized path=/tmp/expedition-sim-2621187441/gogobee.db
2026/05/17 13:55:58 INFO database initialized path=/tmp/expedition-sim-2612561305/gogobee.db
2026/05/17 13:55:58 INFO database initialized path=/tmp/expedition-sim-1535699994/gogobee.db
2026/05/17 13:55:58 INFO database initialized path=/tmp/expedition-sim-2648182984/gogobee.db
2026/05/17 13:55:59 INFO database initialized path=/tmp/expedition-sim-2371758747/gogobee.db
2026/05/17 13:55:59 INFO database initialized path=/tmp/expedition-sim-1459348809/gogobee.db
2026/05/17 13:55:59 INFO database initialized path=/tmp/expedition-sim-772460707/gogobee.db
2026/05/17 13:55:59 INFO database initialized path=/tmp/expedition-sim-90938744/gogobee.db
2026/05/17 13:55:59 INFO dnd: armed ability fired (turn-based build) user=@sim:fighter-l12-dragons_lair-44 ability="Second Wind"
2026/05/17 13:55:59 INFO dnd: armed ability fired (turn-based build) user=@sim:fighter-l12-dragons_lair-44 ability="Second Wind"
2026/05/17 13:55:59 INFO dnd: armed ability fired (turn-based build) user=@sim:fighter-l12-dragons_lair-44 ability="Second Wind"
2026/05/17 13:55:59 INFO database initialized path=/tmp/expedition-sim-3356927274/gogobee.db
2026/05/17 13:55:59 INFO database initialized path=/tmp/expedition-sim-2495335346/gogobee.db
2026/05/17 13:55:59 INFO database initialized path=/tmp/expedition-sim-1345739718/gogobee.db
2026/05/17 13:55:59 INFO database initialized path=/tmp/expedition-sim-2183057663/gogobee.db
2026/05/17 13:55:59 INFO database initialized path=/tmp/expedition-sim-4012651424/gogobee.db
2026/05/17 13:55:59 INFO database initialized path=/tmp/expedition-sim-1578708615/gogobee.db
2026/05/17 13:55:59 INFO database initialized path=/tmp/expedition-sim-3310981535/gogobee.db
2026/05/17 13:55:59 INFO database initialized path=/tmp/expedition-sim-2839701953/gogobee.db
2026/05/17 13:55:59 INFO database initialized path=/tmp/expedition-sim-3794677731/gogobee.db
2026/05/17 13:55:59 INFO database initialized path=/tmp/expedition-sim-1813010756/gogobee.db
2026/05/17 13:55:59 INFO database initialized path=/tmp/expedition-sim-1091636740/gogobee.db
2026/05/17 13:55:59 INFO database initialized path=/tmp/expedition-sim-3292246278/gogobee.db
2026/05/17 13:55:59 INFO dnd: armed ability fired (turn-based build) user=@sim:fighter-l12-dragons_lair-45 ability="Second Wind"
2026/05/17 13:55:59 INFO dnd: armed ability fired (turn-based build) user=@sim:fighter-l12-dragons_lair-45 ability="Second Wind"
2026/05/17 13:55:59 INFO dnd: armed ability fired (turn-based build) user=@sim:fighter-l12-dragons_lair-45 ability="Second Wind"
2026/05/17 13:55:59 INFO database initialized path=/tmp/expedition-sim-1423307759/gogobee.db
2026/05/17 13:55:59 INFO database initialized path=/tmp/expedition-sim-2937648408/gogobee.db
2026/05/17 13:55:59 INFO database initialized path=/tmp/expedition-sim-2764183601/gogobee.db
2026/05/17 13:55:59 INFO database initialized path=/tmp/expedition-sim-3306594065/gogobee.db
2026/05/17 13:55:59 INFO database initialized path=/tmp/expedition-sim-1929978350/gogobee.db
2026/05/17 13:55:59 INFO database initialized path=/tmp/expedition-sim-2478428957/gogobee.db
2026/05/17 13:55:59 INFO database initialized path=/tmp/expedition-sim-4075413899/gogobee.db
2026/05/17 13:55:59 INFO database initialized path=/tmp/expedition-sim-1269176023/gogobee.db
2026/05/17 13:55:59 INFO database initialized path=/tmp/expedition-sim-1426451005/gogobee.db
2026/05/17 13:55:59 INFO database initialized path=/tmp/expedition-sim-1451485184/gogobee.db
2026/05/17 13:55:59 INFO database initialized path=/tmp/expedition-sim-1005861792/gogobee.db
2026/05/17 13:55:59 INFO database initialized path=/tmp/expedition-sim-1477921251/gogobee.db
2026/05/17 13:55:59 INFO database initialized path=/tmp/expedition-sim-708930497/gogobee.db
2026/05/17 13:56:00 INFO database initialized path=/tmp/expedition-sim-1173610016/gogobee.db
2026/05/17 13:56:00 INFO database initialized path=/tmp/expedition-sim-1015124104/gogobee.db
2026/05/17 13:56:00 INFO dnd: armed ability fired (turn-based build) user=@sim:fighter-l12-dragons_lair-46 ability="Second Wind"
2026/05/17 13:56:00 INFO database initialized path=/tmp/expedition-sim-1970956695/gogobee.db
2026/05/17 13:56:00 INFO dnd: armed ability fired (turn-based build) user=@sim:fighter-l12-dragons_lair-46 ability="Second Wind"
2026/05/17 13:56:00 INFO dnd: armed ability fired (turn-based build) user=@sim:fighter-l12-dragons_lair-46 ability="Second Wind"
2026/05/17 13:56:00 INFO database initialized path=/tmp/expedition-sim-730590309/gogobee.db
2026/05/17 13:56:00 INFO database initialized path=/tmp/expedition-sim-2549563955/gogobee.db
2026/05/17 13:56:00 INFO database initialized path=/tmp/expedition-sim-4148885269/gogobee.db
2026/05/17 13:56:00 INFO database initialized path=/tmp/expedition-sim-965045065/gogobee.db
2026/05/17 13:56:00 INFO database initialized path=/tmp/expedition-sim-2708034653/gogobee.db
2026/05/17 13:56:00 INFO database initialized path=/tmp/expedition-sim-3815892393/gogobee.db
2026/05/17 13:56:00 INFO database initialized path=/tmp/expedition-sim-95051300/gogobee.db
2026/05/17 13:56:00 INFO database initialized path=/tmp/expedition-sim-2289696983/gogobee.db
2026/05/17 13:56:00 INFO database initialized path=/tmp/expedition-sim-399314444/gogobee.db
2026/05/17 13:56:00 INFO database initialized path=/tmp/expedition-sim-2391385332/gogobee.db
2026/05/17 13:56:00 INFO database initialized path=/tmp/expedition-sim-3195627705/gogobee.db
2026/05/17 13:56:00 INFO database initialized path=/tmp/expedition-sim-3922517108/gogobee.db
2026/05/17 13:56:00 INFO database initialized path=/tmp/expedition-sim-95720043/gogobee.db
2026/05/17 13:56:00 INFO dnd: armed ability fired (turn-based build) user=@sim:fighter-l12-dragons_lair-47 ability="Second Wind"
2026/05/17 13:56:00 INFO dnd: armed ability fired (turn-based build) user=@sim:fighter-l12-dragons_lair-47 ability="Second Wind"
2026/05/17 13:56:00 INFO dnd: armed ability fired (turn-based build) user=@sim:fighter-l12-dragons_lair-47 ability="Second Wind"
2026/05/17 13:56:00 INFO database initialized path=/tmp/expedition-sim-3033699536/gogobee.db
2026/05/17 13:56:00 INFO database initialized path=/tmp/expedition-sim-3836208502/gogobee.db
2026/05/17 13:56:00 INFO database initialized path=/tmp/expedition-sim-1009042909/gogobee.db
2026/05/17 13:56:00 INFO database initialized path=/tmp/expedition-sim-923002887/gogobee.db
2026/05/17 13:56:00 INFO database initialized path=/tmp/expedition-sim-2001143491/gogobee.db
2026/05/17 13:56:00 INFO database initialized path=/tmp/expedition-sim-3191672670/gogobee.db
2026/05/17 13:56:00 INFO database initialized path=/tmp/expedition-sim-2843315962/gogobee.db
2026/05/17 13:56:00 INFO database initialized path=/tmp/expedition-sim-114035792/gogobee.db
2026/05/17 13:56:00 INFO database initialized path=/tmp/expedition-sim-2360949727/gogobee.db
2026/05/17 13:56:00 INFO database initialized path=/tmp/expedition-sim-3071111650/gogobee.db
2026/05/17 13:56:01 INFO database initialized path=/tmp/expedition-sim-3872544346/gogobee.db
2026/05/17 13:56:01 INFO dnd: armed ability fired (turn-based build) user=@sim:fighter-l12-dragons_lair-48 ability="Second Wind"
2026/05/17 13:56:01 INFO database initialized path=/tmp/expedition-sim-39050166/gogobee.db
2026/05/17 13:56:01 INFO dnd: armed ability fired (turn-based build) user=@sim:fighter-l12-dragons_lair-48 ability="Second Wind"
2026/05/17 13:56:01 INFO dnd: armed ability fired (turn-based build) user=@sim:fighter-l12-dragons_lair-48 ability="Second Wind"
2026/05/17 13:56:01 INFO database initialized path=/tmp/expedition-sim-2226428499/gogobee.db
2026/05/17 13:56:01 INFO database initialized path=/tmp/expedition-sim-3008721463/gogobee.db
2026/05/17 13:56:01 INFO database initialized path=/tmp/expedition-sim-1921369011/gogobee.db
2026/05/17 13:56:01 INFO database initialized path=/tmp/expedition-sim-1578161426/gogobee.db
2026/05/17 13:56:01 INFO database initialized path=/tmp/expedition-sim-453427712/gogobee.db
2026/05/17 13:56:01 INFO database initialized path=/tmp/expedition-sim-1117754819/gogobee.db
2026/05/17 13:56:01 INFO database initialized path=/tmp/expedition-sim-24293032/gogobee.db
2026/05/17 13:56:01 INFO database initialized path=/tmp/expedition-sim-1951826819/gogobee.db
2026/05/17 13:56:01 INFO database initialized path=/tmp/expedition-sim-3727829084/gogobee.db
2026/05/17 13:56:01 INFO database initialized path=/tmp/expedition-sim-3230102166/gogobee.db
2026/05/17 13:56:01 INFO database initialized path=/tmp/expedition-sim-2631917741/gogobee.db
2026/05/17 13:56:01 INFO database initialized path=/tmp/expedition-sim-309434237/gogobee.db
2026/05/17 13:56:01 INFO database initialized path=/tmp/expedition-sim-1416933661/gogobee.db
2026/05/17 13:56:01 INFO database initialized path=/tmp/expedition-sim-1987492362/gogobee.db
2026/05/17 13:56:01 INFO database initialized path=/tmp/expedition-sim-3128820700/gogobee.db
2026/05/17 13:56:01 INFO database initialized path=/tmp/expedition-sim-2669131971/gogobee.db
2026/05/17 13:56:01 INFO database initialized path=/tmp/expedition-sim-2716803389/gogobee.db
2026/05/17 13:56:01 INFO dnd: armed ability fired (turn-based build) user=@sim:fighter-l12-dragons_lair-49 ability="Second Wind"
2026/05/17 13:56:01 INFO dnd: armed ability fired (turn-based build) user=@sim:fighter-l12-dragons_lair-49 ability="Second Wind"
2026/05/17 13:56:01 INFO dnd: armed ability fired (turn-based build) user=@sim:fighter-l12-dragons_lair-49 ability="Second Wind"
2026/05/17 13:56:01 INFO database initialized path=/tmp/expedition-sim-3038697957/gogobee.db
2026/05/17 13:56:01 INFO database initialized path=/tmp/expedition-sim-3101998080/gogobee.db
2026/05/17 13:56:01 INFO database initialized path=/tmp/expedition-sim-2760975194/gogobee.db
2026/05/17 13:56:01 INFO database initialized path=/tmp/expedition-sim-2977624060/gogobee.db
2026/05/17 13:56:01 INFO database initialized path=/tmp/expedition-sim-825090453/gogobee.db
2026/05/17 13:56:01 INFO database initialized path=/tmp/expedition-sim-99032343/gogobee.db
2026/05/17 13:56:01 INFO database initialized path=/tmp/expedition-sim-1985645619/gogobee.db
2026/05/17 13:56:01 INFO database initialized path=/tmp/expedition-sim-2135869215/gogobee.db
2026/05/17 13:56:01 INFO database initialized path=/tmp/expedition-sim-719277625/gogobee.db
2026/05/17 13:56:01 INFO database initialized path=/tmp/expedition-sim-712372197/gogobee.db
2026/05/17 13:56:02 INFO database initialized path=/tmp/expedition-sim-1162140947/gogobee.db
2026/05/17 13:56:02 INFO dnd: armed ability fired (turn-based build) user=@sim:fighter-l12-dragons_lair-50 ability="Second Wind"
2026/05/17 13:56:02 INFO dnd: armed ability fired (turn-based build) user=@sim:fighter-l12-dragons_lair-50 ability="Second Wind"
2026/05/17 13:56:02 INFO dnd: armed ability fired (turn-based build) user=@sim:fighter-l12-dragons_lair-50 ability="Second Wind"
2026/05/17 13:56:02 INFO database initialized path=/tmp/expedition-sim-1273019396/gogobee.db
2026/05/17 13:56:02 INFO database initialized path=/tmp/expedition-sim-359171329/gogobee.db
2026/05/17 13:56:02 INFO database initialized path=/tmp/expedition-sim-4126330746/gogobee.db
2026/05/17 13:56:02 INFO database initialized path=/tmp/expedition-sim-3373156680/gogobee.db
2026/05/17 13:56:02 INFO database initialized path=/tmp/expedition-sim-2839547253/gogobee.db
2026/05/17 13:56:02 INFO database initialized path=/tmp/expedition-sim-2879315224/gogobee.db
2026/05/17 13:56:02 INFO database initialized path=/tmp/expedition-sim-3142437170/gogobee.db
2026/05/17 13:56:02 INFO database initialized path=/tmp/expedition-sim-2796535534/gogobee.db
2026/05/17 13:56:02 INFO database initialized path=/tmp/expedition-sim-3852221659/gogobee.db
2026/05/17 13:56:02 INFO database initialized path=/tmp/expedition-sim-923331618/gogobee.db
2026/05/17 13:56:02 INFO database initialized path=/tmp/expedition-sim-3282386429/gogobee.db
2026/05/17 13:56:02 INFO database initialized path=/tmp/expedition-sim-3972572559/gogobee.db
2026/05/17 13:56:02 INFO database initialized path=/tmp/expedition-sim-107404782/gogobee.db
2026/05/17 13:56:02 INFO dnd: armed ability fired (turn-based build) user=@sim:fighter-l12-dragons_lair-51 ability="Second Wind"
2026/05/17 13:56:02 INFO dnd: armed ability fired (turn-based build) user=@sim:fighter-l12-dragons_lair-51 ability="Second Wind"
2026/05/17 13:56:02 INFO dnd: armed ability fired (turn-based build) user=@sim:fighter-l12-dragons_lair-51 ability="Second Wind"
2026/05/17 13:56:02 INFO database initialized path=/tmp/expedition-sim-4046796069/gogobee.db
2026/05/17 13:56:02 INFO database initialized path=/tmp/expedition-sim-3284750883/gogobee.db
2026/05/17 13:56:02 INFO database initialized path=/tmp/expedition-sim-2329597493/gogobee.db
2026/05/17 13:56:02 INFO database initialized path=/tmp/expedition-sim-814019846/gogobee.db
2026/05/17 13:56:02 INFO database initialized path=/tmp/expedition-sim-2306079741/gogobee.db
2026/05/17 13:56:02 INFO database initialized path=/tmp/expedition-sim-3785359806/gogobee.db
2026/05/17 13:56:02 INFO database initialized path=/tmp/expedition-sim-2775994219/gogobee.db
2026/05/17 13:56:02 INFO database initialized path=/tmp/expedition-sim-1480075459/gogobee.db
2026/05/17 13:56:02 INFO database initialized path=/tmp/expedition-sim-3467528329/gogobee.db
2026/05/17 13:56:02 INFO database initialized path=/tmp/expedition-sim-1432014849/gogobee.db
2026/05/17 13:56:02 INFO database initialized path=/tmp/expedition-sim-3468779666/gogobee.db
2026/05/17 13:56:02 INFO database initialized path=/tmp/expedition-sim-809157442/gogobee.db
2026/05/17 13:56:02 INFO database initialized path=/tmp/expedition-sim-793534502/gogobee.db
2026/05/17 13:56:02 INFO dnd: armed ability fired (turn-based build) user=@sim:fighter-l12-dragons_lair-52 ability="Second Wind"
2026/05/17 13:56:02 INFO dnd: armed ability fired (turn-based build) user=@sim:fighter-l12-dragons_lair-52 ability="Second Wind"
2026/05/17 13:56:02 INFO dnd: armed ability fired (turn-based build) user=@sim:fighter-l12-dragons_lair-52 ability="Second Wind"
2026/05/17 13:56:02 INFO database initialized path=/tmp/expedition-sim-2100363922/gogobee.db
2026/05/17 13:56:02 INFO database initialized path=/tmp/expedition-sim-2677051198/gogobee.db
2026/05/17 13:56:03 INFO database initialized path=/tmp/expedition-sim-1362855233/gogobee.db
2026/05/17 13:56:03 INFO database initialized path=/tmp/expedition-sim-2653645651/gogobee.db
2026/05/17 13:56:03 INFO database initialized path=/tmp/expedition-sim-2290827533/gogobee.db
2026/05/17 13:56:03 INFO database initialized path=/tmp/expedition-sim-4030576352/gogobee.db
2026/05/17 13:56:03 INFO database initialized path=/tmp/expedition-sim-2097011868/gogobee.db
2026/05/17 13:56:03 INFO database initialized path=/tmp/expedition-sim-417916599/gogobee.db
2026/05/17 13:56:03 INFO database initialized path=/tmp/expedition-sim-2514757972/gogobee.db
2026/05/17 13:56:03 INFO database initialized path=/tmp/expedition-sim-660505423/gogobee.db
2026/05/17 13:56:03 INFO database initialized path=/tmp/expedition-sim-3049878002/gogobee.db
2026/05/17 13:56:03 INFO database initialized path=/tmp/expedition-sim-437302909/gogobee.db
2026/05/17 13:56:03 INFO database initialized path=/tmp/expedition-sim-2644040618/gogobee.db
2026/05/17 13:56:03 INFO database initialized path=/tmp/expedition-sim-2246743165/gogobee.db
2026/05/17 13:56:03 INFO database initialized path=/tmp/expedition-sim-3383090704/gogobee.db
2026/05/17 13:56:03 INFO database initialized path=/tmp/expedition-sim-2738377285/gogobee.db
2026/05/17 13:56:03 INFO database initialized path=/tmp/expedition-sim-1713190605/gogobee.db
2026/05/17 13:56:03 INFO database initialized path=/tmp/expedition-sim-562983561/gogobee.db
2026/05/17 13:56:03 INFO database initialized path=/tmp/expedition-sim-598784273/gogobee.db
2026/05/17 13:56:03 INFO database initialized path=/tmp/expedition-sim-2959222333/gogobee.db
2026/05/17 13:56:03 INFO database initialized path=/tmp/expedition-sim-2426140764/gogobee.db
2026/05/17 13:56:03 INFO dnd: armed ability fired (turn-based build) user=@sim:fighter-l12-dragons_lair-53 ability="Second Wind"
2026/05/17 13:56:03 INFO dnd: armed ability fired (turn-based build) user=@sim:fighter-l12-dragons_lair-53 ability="Second Wind"
2026/05/17 13:56:03 INFO database initialized path=/tmp/expedition-sim-281057758/gogobee.db
2026/05/17 13:56:03 INFO dnd: armed ability fired (turn-based build) user=@sim:fighter-l12-dragons_lair-53 ability="Second Wind"
2026/05/17 13:56:03 INFO database initialized path=/tmp/expedition-sim-4291921339/gogobee.db
2026/05/17 13:56:03 INFO database initialized path=/tmp/expedition-sim-1028393853/gogobee.db
2026/05/17 13:56:03 INFO database initialized path=/tmp/expedition-sim-3200557519/gogobee.db
2026/05/17 13:56:03 INFO database initialized path=/tmp/expedition-sim-1723389259/gogobee.db
2026/05/17 13:56:03 INFO database initialized path=/tmp/expedition-sim-1161884581/gogobee.db
2026/05/17 13:56:03 INFO database initialized path=/tmp/expedition-sim-709026108/gogobee.db
2026/05/17 13:56:03 INFO database initialized path=/tmp/expedition-sim-1476898076/gogobee.db
2026/05/17 13:56:03 INFO database initialized path=/tmp/expedition-sim-2880832221/gogobee.db
2026/05/17 13:56:03 INFO database initialized path=/tmp/expedition-sim-2422772764/gogobee.db
2026/05/17 13:56:03 INFO database initialized path=/tmp/expedition-sim-1400960488/gogobee.db
2026/05/17 13:56:03 INFO database initialized path=/tmp/expedition-sim-3270855353/gogobee.db
2026/05/17 13:56:04 INFO database initialized path=/tmp/expedition-sim-1265708078/gogobee.db
2026/05/17 13:56:04 INFO database initialized path=/tmp/expedition-sim-1781991159/gogobee.db
2026/05/17 13:56:04 INFO database initialized path=/tmp/expedition-sim-1830415764/gogobee.db
2026/05/17 13:56:04 INFO database initialized path=/tmp/expedition-sim-539985903/gogobee.db
2026/05/17 13:56:04 INFO database initialized path=/tmp/expedition-sim-2915023221/gogobee.db
2026/05/17 13:56:04 INFO database initialized path=/tmp/expedition-sim-1379022733/gogobee.db
2026/05/17 13:56:04 INFO database initialized path=/tmp/expedition-sim-3133398152/gogobee.db
2026/05/17 13:56:04 INFO database initialized path=/tmp/expedition-sim-2782216219/gogobee.db
2026/05/17 13:56:04 INFO database initialized path=/tmp/expedition-sim-261060116/gogobee.db
2026/05/17 13:56:04 INFO dnd: armed ability fired (turn-based build) user=@sim:fighter-l12-dragons_lair-54 ability="Second Wind"
2026/05/17 13:56:04 INFO dnd: armed ability fired (turn-based build) user=@sim:fighter-l12-dragons_lair-54 ability="Second Wind"
2026/05/17 13:56:04 INFO dnd: armed ability fired (turn-based build) user=@sim:fighter-l12-dragons_lair-54 ability="Second Wind"
2026/05/17 13:56:04 INFO database initialized path=/tmp/expedition-sim-1011025599/gogobee.db
2026/05/17 13:56:04 INFO database initialized path=/tmp/expedition-sim-1240818351/gogobee.db
2026/05/17 13:56:04 INFO database initialized path=/tmp/expedition-sim-4123896737/gogobee.db
2026/05/17 13:56:04 INFO database initialized path=/tmp/expedition-sim-3167780058/gogobee.db
2026/05/17 13:56:04 INFO database initialized path=/tmp/expedition-sim-827674649/gogobee.db
2026/05/17 13:56:04 INFO database initialized path=/tmp/expedition-sim-2894234036/gogobee.db
2026/05/17 13:56:04 INFO database initialized path=/tmp/expedition-sim-973154570/gogobee.db
2026/05/17 13:56:04 INFO database initialized path=/tmp/expedition-sim-3404989572/gogobee.db
2026/05/17 13:56:04 INFO database initialized path=/tmp/expedition-sim-2655735932/gogobee.db
2026/05/17 13:56:04 INFO database initialized path=/tmp/expedition-sim-358695344/gogobee.db
2026/05/17 13:56:04 INFO database initialized path=/tmp/expedition-sim-3039465740/gogobee.db
2026/05/17 13:56:04 INFO database initialized path=/tmp/expedition-sim-3304589403/gogobee.db
2026/05/17 13:56:04 INFO database initialized path=/tmp/expedition-sim-4217434847/gogobee.db
2026/05/17 13:56:04 INFO database initialized path=/tmp/expedition-sim-2193735907/gogobee.db
2026/05/17 13:56:04 INFO database initialized path=/tmp/expedition-sim-1225778129/gogobee.db
2026/05/17 13:56:04 INFO database initialized path=/tmp/expedition-sim-72895944/gogobee.db
2026/05/17 13:56:04 INFO database initialized path=/tmp/expedition-sim-186409444/gogobee.db
2026/05/17 13:56:04 INFO database initialized path=/tmp/expedition-sim-2180900548/gogobee.db
2026/05/17 13:56:04 INFO database initialized path=/tmp/expedition-sim-938156135/gogobee.db
2026/05/17 13:56:04 INFO database initialized path=/tmp/expedition-sim-957411075/gogobee.db
2026/05/17 13:56:04 INFO database initialized path=/tmp/expedition-sim-790451375/gogobee.db
2026/05/17 13:56:05 INFO database initialized path=/tmp/expedition-sim-159507863/gogobee.db
2026/05/17 13:56:05 INFO database initialized path=/tmp/expedition-sim-2974653530/gogobee.db
2026/05/17 13:56:05 INFO dnd: armed ability fired (turn-based build) user=@sim:fighter-l12-dragons_lair-55 ability="Second Wind"
2026/05/17 13:56:05 INFO database initialized path=/tmp/expedition-sim-392030126/gogobee.db
2026/05/17 13:56:05 INFO dnd: armed ability fired (turn-based build) user=@sim:fighter-l12-dragons_lair-55 ability="Second Wind"
2026/05/17 13:56:05 INFO dnd: armed ability fired (turn-based build) user=@sim:fighter-l12-dragons_lair-55 ability="Second Wind"
2026/05/17 13:56:05 INFO database initialized path=/tmp/expedition-sim-871816721/gogobee.db
2026/05/17 13:56:05 INFO database initialized path=/tmp/expedition-sim-2333085421/gogobee.db
2026/05/17 13:56:05 INFO database initialized path=/tmp/expedition-sim-2197892276/gogobee.db
2026/05/17 13:56:05 INFO database initialized path=/tmp/expedition-sim-1740395753/gogobee.db
2026/05/17 13:56:05 INFO database initialized path=/tmp/expedition-sim-2593165437/gogobee.db
2026/05/17 13:56:05 INFO database initialized path=/tmp/expedition-sim-2263439900/gogobee.db
2026/05/17 13:56:05 INFO database initialized path=/tmp/expedition-sim-3589861898/gogobee.db
2026/05/17 13:56:05 INFO database initialized path=/tmp/expedition-sim-1397716844/gogobee.db
2026/05/17 13:56:05 INFO database initialized path=/tmp/expedition-sim-375360776/gogobee.db
2026/05/17 13:56:05 INFO database initialized path=/tmp/expedition-sim-2772579113/gogobee.db
2026/05/17 13:56:05 INFO database initialized path=/tmp/expedition-sim-1774419080/gogobee.db
2026/05/17 13:56:05 INFO database initialized path=/tmp/expedition-sim-2968753706/gogobee.db
2026/05/17 13:56:05 INFO database initialized path=/tmp/expedition-sim-2590179834/gogobee.db
2026/05/17 13:56:05 INFO database initialized path=/tmp/expedition-sim-901672186/gogobee.db
2026/05/17 13:56:05 INFO database initialized path=/tmp/expedition-sim-2997963155/gogobee.db
2026/05/17 13:56:05 INFO database initialized path=/tmp/expedition-sim-3569184919/gogobee.db
2026/05/17 13:56:05 INFO database initialized path=/tmp/expedition-sim-3258162952/gogobee.db
2026/05/17 13:56:05 INFO database initialized path=/tmp/expedition-sim-1078341419/gogobee.db
2026/05/17 13:56:05 INFO database initialized path=/tmp/expedition-sim-581806659/gogobee.db
2026/05/17 13:56:05 INFO database initialized path=/tmp/expedition-sim-3744620714/gogobee.db
2026/05/17 13:56:05 INFO dnd: armed ability fired (turn-based build) user=@sim:fighter-l12-dragons_lair-56 ability="Second Wind"
2026/05/17 13:56:05 INFO database initialized path=/tmp/expedition-sim-1808657738/gogobee.db
2026/05/17 13:56:05 INFO dnd: armed ability fired (turn-based build) user=@sim:fighter-l12-dragons_lair-56 ability="Second Wind"
2026/05/17 13:56:05 INFO dnd: armed ability fired (turn-based build) user=@sim:fighter-l12-dragons_lair-56 ability="Second Wind"
2026/05/17 13:56:05 INFO database initialized path=/tmp/expedition-sim-1294624111/gogobee.db
2026/05/17 13:56:05 INFO database initialized path=/tmp/expedition-sim-2590427840/gogobee.db
2026/05/17 13:56:05 INFO database initialized path=/tmp/expedition-sim-3107482366/gogobee.db
2026/05/17 13:56:05 INFO database initialized path=/tmp/expedition-sim-3379631134/gogobee.db
2026/05/17 13:56:05 INFO database initialized path=/tmp/expedition-sim-1338849512/gogobee.db
2026/05/17 13:56:05 INFO database initialized path=/tmp/expedition-sim-2628359647/gogobee.db
2026/05/17 13:56:05 INFO database initialized path=/tmp/expedition-sim-2549962061/gogobee.db
2026/05/17 13:56:06 INFO database initialized path=/tmp/expedition-sim-688857533/gogobee.db
2026/05/17 13:56:06 INFO database initialized path=/tmp/expedition-sim-1078903252/gogobee.db
2026/05/17 13:56:06 INFO database initialized path=/tmp/expedition-sim-3187787112/gogobee.db
2026/05/17 13:56:06 INFO database initialized path=/tmp/expedition-sim-3641191501/gogobee.db
2026/05/17 13:56:06 INFO database initialized path=/tmp/expedition-sim-3417199584/gogobee.db
2026/05/17 13:56:06 INFO database initialized path=/tmp/expedition-sim-60281761/gogobee.db
2026/05/17 13:56:06 INFO database initialized path=/tmp/expedition-sim-2521355476/gogobee.db
2026/05/17 13:56:06 INFO database initialized path=/tmp/expedition-sim-3933042920/gogobee.db
2026/05/17 13:56:06 INFO database initialized path=/tmp/expedition-sim-1429819341/gogobee.db
2026/05/17 13:56:06 INFO database initialized path=/tmp/expedition-sim-859649393/gogobee.db
2026/05/17 13:56:06 INFO dnd: armed ability fired (turn-based build) user=@sim:fighter-l12-dragons_lair-57 ability="Second Wind"
2026/05/17 13:56:06 INFO dnd: armed ability fired (turn-based build) user=@sim:fighter-l12-dragons_lair-57 ability="Second Wind"
2026/05/17 13:56:06 INFO dnd: armed ability fired (turn-based build) user=@sim:fighter-l12-dragons_lair-57 ability="Second Wind"
2026/05/17 13:56:06 INFO database initialized path=/tmp/expedition-sim-1070193900/gogobee.db
2026/05/17 13:56:06 INFO database initialized path=/tmp/expedition-sim-2650186810/gogobee.db
2026/05/17 13:56:06 INFO database initialized path=/tmp/expedition-sim-3771119288/gogobee.db
2026/05/17 13:56:06 INFO database initialized path=/tmp/expedition-sim-1632397276/gogobee.db
2026/05/17 13:56:06 INFO database initialized path=/tmp/expedition-sim-3953727379/gogobee.db
2026/05/17 13:56:06 INFO database initialized path=/tmp/expedition-sim-3256615655/gogobee.db
2026/05/17 13:56:06 INFO database initialized path=/tmp/expedition-sim-1980506109/gogobee.db
2026/05/17 13:56:06 INFO database initialized path=/tmp/expedition-sim-2745777761/gogobee.db
2026/05/17 13:56:06 INFO database initialized path=/tmp/expedition-sim-25259858/gogobee.db
2026/05/17 13:56:06 INFO database initialized path=/tmp/expedition-sim-3642893864/gogobee.db
2026/05/17 13:56:06 INFO database initialized path=/tmp/expedition-sim-2090478536/gogobee.db
2026/05/17 13:56:06 INFO database initialized path=/tmp/expedition-sim-1676989553/gogobee.db
2026/05/17 13:56:06 INFO database initialized path=/tmp/expedition-sim-1740502689/gogobee.db
2026/05/17 13:56:06 INFO database initialized path=/tmp/expedition-sim-2022981251/gogobee.db
2026/05/17 13:56:06 INFO database initialized path=/tmp/expedition-sim-3788686464/gogobee.db
2026/05/17 13:56:06 INFO dnd: armed ability fired (turn-based build) user=@sim:fighter-l12-dragons_lair-58 ability="Second Wind"
2026/05/17 13:56:06 INFO dnd: armed ability fired (turn-based build) user=@sim:fighter-l12-dragons_lair-58 ability="Second Wind"
2026/05/17 13:56:06 INFO database initialized path=/tmp/expedition-sim-2026525999/gogobee.db
2026/05/17 13:56:06 INFO dnd: armed ability fired (turn-based build) user=@sim:fighter-l12-dragons_lair-58 ability="Second Wind"
2026/05/17 13:56:06 INFO database initialized path=/tmp/expedition-sim-1988336156/gogobee.db
2026/05/17 13:56:06 INFO database initialized path=/tmp/expedition-sim-4213334725/gogobee.db
2026/05/17 13:56:06 INFO database initialized path=/tmp/expedition-sim-4009329889/gogobee.db
2026/05/17 13:56:06 INFO database initialized path=/tmp/expedition-sim-2919568899/gogobee.db
2026/05/17 13:56:06 INFO database initialized path=/tmp/expedition-sim-3664847371/gogobee.db
2026/05/17 13:56:07 INFO database initialized path=/tmp/expedition-sim-3682737134/gogobee.db
2026/05/17 13:56:07 INFO database initialized path=/tmp/expedition-sim-4163743517/gogobee.db
2026/05/17 13:56:07 INFO database initialized path=/tmp/expedition-sim-1635013512/gogobee.db
2026/05/17 13:56:07 INFO database initialized path=/tmp/expedition-sim-3089112795/gogobee.db
2026/05/17 13:56:07 INFO database initialized path=/tmp/expedition-sim-3932295688/gogobee.db
2026/05/17 13:56:07 INFO database initialized path=/tmp/expedition-sim-2521731653/gogobee.db
2026/05/17 13:56:07 INFO database initialized path=/tmp/expedition-sim-1578801622/gogobee.db
2026/05/17 13:56:07 INFO database initialized path=/tmp/expedition-sim-223847784/gogobee.db
2026/05/17 13:56:07 INFO database initialized path=/tmp/expedition-sim-37843984/gogobee.db
2026/05/17 13:56:07 INFO database initialized path=/tmp/expedition-sim-1652594469/gogobee.db
2026/05/17 13:56:07 INFO dnd: armed ability fired (turn-based build) user=@sim:fighter-l12-dragons_lair-59 ability="Second Wind"
2026/05/17 13:56:07 INFO dnd: armed ability fired (turn-based build) user=@sim:fighter-l12-dragons_lair-59 ability="Second Wind"
2026/05/17 13:56:07 INFO dnd: armed ability fired (turn-based build) user=@sim:fighter-l12-dragons_lair-59 ability="Second Wind"
2026/05/17 13:56:07 INFO database initialized path=/tmp/expedition-sim-3875929968/gogobee.db
2026/05/17 13:56:07 INFO database initialized path=/tmp/expedition-sim-4184928839/gogobee.db
2026/05/17 13:56:07 INFO database initialized path=/tmp/expedition-sim-3887215008/gogobee.db
2026/05/17 13:56:07 INFO database initialized path=/tmp/expedition-sim-4016622538/gogobee.db
2026/05/17 13:56:07 INFO database initialized path=/tmp/expedition-sim-3878608577/gogobee.db
2026/05/17 13:56:07 INFO database initialized path=/tmp/expedition-sim-2948156299/gogobee.db
2026/05/17 13:56:07 INFO database initialized path=/tmp/expedition-sim-3149226885/gogobee.db
2026/05/17 13:56:07 INFO database initialized path=/tmp/expedition-sim-312225492/gogobee.db
2026/05/17 13:56:07 INFO database initialized path=/tmp/expedition-sim-2220421022/gogobee.db
2026/05/17 13:56:07 INFO database initialized path=/tmp/expedition-sim-2592757678/gogobee.db
2026/05/17 13:56:07 INFO database initialized path=/tmp/expedition-sim-4050121827/gogobee.db
2026/05/17 13:56:07 INFO database initialized path=/tmp/expedition-sim-1095565326/gogobee.db
2026/05/17 13:56:07 INFO dnd: armed ability fired (turn-based build) user=@sim:fighter-l12-dragons_lair-60 ability="Second Wind"
2026/05/17 13:56:07 INFO dnd: armed ability fired (turn-based build) user=@sim:fighter-l12-dragons_lair-60 ability="Second Wind"
2026/05/17 13:56:07 INFO dnd: armed ability fired (turn-based build) user=@sim:fighter-l12-dragons_lair-60 ability="Second Wind"
2026/05/17 13:56:07 INFO database initialized path=/tmp/expedition-sim-750667181/gogobee.db
2026/05/17 13:56:07 INFO database initialized path=/tmp/expedition-sim-4042247315/gogobee.db
2026/05/17 13:56:07 INFO database initialized path=/tmp/expedition-sim-837542313/gogobee.db
2026/05/17 13:56:07 INFO database initialized path=/tmp/expedition-sim-3370394519/gogobee.db
2026/05/17 13:56:07 INFO database initialized path=/tmp/expedition-sim-1721013642/gogobee.db
2026/05/17 13:56:07 INFO database initialized path=/tmp/expedition-sim-2304782991/gogobee.db
2026/05/17 13:56:07 INFO database initialized path=/tmp/expedition-sim-4063791409/gogobee.db
2026/05/17 13:56:07 INFO database initialized path=/tmp/expedition-sim-2120212519/gogobee.db
2026/05/17 13:56:07 INFO database initialized path=/tmp/expedition-sim-5599772/gogobee.db
2026/05/17 13:56:07 INFO database initialized path=/tmp/expedition-sim-2844699167/gogobee.db
2026/05/17 13:56:08 INFO database initialized path=/tmp/expedition-sim-1759566540/gogobee.db
2026/05/17 13:56:08 INFO database initialized path=/tmp/expedition-sim-149777699/gogobee.db
2026/05/17 13:56:08 INFO database initialized path=/tmp/expedition-sim-4054102504/gogobee.db
2026/05/17 13:56:08 INFO database initialized path=/tmp/expedition-sim-3888504414/gogobee.db
2026/05/17 13:56:08 INFO database initialized path=/tmp/expedition-sim-1629234242/gogobee.db
2026/05/17 13:56:08 INFO database initialized path=/tmp/expedition-sim-1762901840/gogobee.db
2026/05/17 13:56:08 INFO dnd: armed ability fired (turn-based build) user=@sim:fighter-l12-dragons_lair-61 ability="Second Wind"
2026/05/17 13:56:08 INFO dnd: armed ability fired (turn-based build) user=@sim:fighter-l12-dragons_lair-61 ability="Second Wind"
2026/05/17 13:56:08 INFO database initialized path=/tmp/expedition-sim-2217510936/gogobee.db
2026/05/17 13:56:08 INFO dnd: armed ability fired (turn-based build) user=@sim:fighter-l12-dragons_lair-61 ability="Second Wind"
2026/05/17 13:56:08 INFO database initialized path=/tmp/expedition-sim-2628297293/gogobee.db
2026/05/17 13:56:08 INFO database initialized path=/tmp/expedition-sim-3806911894/gogobee.db
2026/05/17 13:56:08 INFO database initialized path=/tmp/expedition-sim-2969177770/gogobee.db
2026/05/17 13:56:08 INFO database initialized path=/tmp/expedition-sim-3697294469/gogobee.db
2026/05/17 13:56:08 INFO database initialized path=/tmp/expedition-sim-2760372634/gogobee.db
2026/05/17 13:56:08 INFO database initialized path=/tmp/expedition-sim-3438769779/gogobee.db
2026/05/17 13:56:08 INFO database initialized path=/tmp/expedition-sim-2542341303/gogobee.db
2026/05/17 13:56:08 INFO database initialized path=/tmp/expedition-sim-3858592799/gogobee.db
2026/05/17 13:56:08 INFO database initialized path=/tmp/expedition-sim-3299300640/gogobee.db
2026/05/17 13:56:08 INFO database initialized path=/tmp/expedition-sim-3697218106/gogobee.db
2026/05/17 13:56:08 INFO database initialized path=/tmp/expedition-sim-387217411/gogobee.db
2026/05/17 13:56:08 INFO database initialized path=/tmp/expedition-sim-1591772657/gogobee.db
2026/05/17 13:56:08 INFO database initialized path=/tmp/expedition-sim-4224302583/gogobee.db
2026/05/17 13:56:08 INFO dnd: armed ability fired (turn-based build) user=@sim:fighter-l12-dragons_lair-62 ability="Second Wind"
2026/05/17 13:56:08 INFO dnd: armed ability fired (turn-based build) user=@sim:fighter-l12-dragons_lair-62 ability="Second Wind"
2026/05/17 13:56:08 INFO database initialized path=/tmp/expedition-sim-1733148952/gogobee.db
2026/05/17 13:56:08 INFO dnd: armed ability fired (turn-based build) user=@sim:fighter-l12-dragons_lair-62 ability="Second Wind"
2026/05/17 13:56:08 INFO database initialized path=/tmp/expedition-sim-894177973/gogobee.db
2026/05/17 13:56:08 INFO database initialized path=/tmp/expedition-sim-1897005326/gogobee.db
2026/05/17 13:56:08 INFO database initialized path=/tmp/expedition-sim-1065713998/gogobee.db
2026/05/17 13:56:08 INFO database initialized path=/tmp/expedition-sim-2496281989/gogobee.db
2026/05/17 13:56:08 INFO database initialized path=/tmp/expedition-sim-3675217091/gogobee.db
2026/05/17 13:56:08 INFO database initialized path=/tmp/expedition-sim-325384988/gogobee.db
2026/05/17 13:56:08 INFO database initialized path=/tmp/expedition-sim-2768439487/gogobee.db
2026/05/17 13:56:08 INFO database initialized path=/tmp/expedition-sim-3031181637/gogobee.db
2026/05/17 13:56:08 INFO database initialized path=/tmp/expedition-sim-1606491923/gogobee.db
2026/05/17 13:56:08 INFO database initialized path=/tmp/expedition-sim-333126605/gogobee.db
2026/05/17 13:56:08 INFO database initialized path=/tmp/expedition-sim-3325036559/gogobee.db
2026/05/17 13:56:08 INFO database initialized path=/tmp/expedition-sim-2723291898/gogobee.db
2026/05/17 13:56:09 INFO database initialized path=/tmp/expedition-sim-2876098427/gogobee.db
2026/05/17 13:56:09 INFO database initialized path=/tmp/expedition-sim-1066963128/gogobee.db
2026/05/17 13:56:09 INFO database initialized path=/tmp/expedition-sim-3758723452/gogobee.db
2026/05/17 13:56:09 INFO database initialized path=/tmp/expedition-sim-2185793006/gogobee.db
2026/05/17 13:56:09 INFO database initialized path=/tmp/expedition-sim-2649419857/gogobee.db
2026/05/17 13:56:09 INFO database initialized path=/tmp/expedition-sim-760003013/gogobee.db
2026/05/17 13:56:09 INFO dnd: armed ability fired (turn-based build) user=@sim:fighter-l12-dragons_lair-63 ability="Second Wind"
2026/05/17 13:56:09 INFO dnd: armed ability fired (turn-based build) user=@sim:fighter-l12-dragons_lair-63 ability="Second Wind"
2026/05/17 13:56:09 INFO dnd: armed ability fired (turn-based build) user=@sim:fighter-l12-dragons_lair-63 ability="Second Wind"
2026/05/17 13:56:09 INFO database initialized path=/tmp/expedition-sim-1889665420/gogobee.db
2026/05/17 13:56:09 INFO database initialized path=/tmp/expedition-sim-1379626277/gogobee.db
2026/05/17 13:56:09 INFO database initialized path=/tmp/expedition-sim-2027351265/gogobee.db
2026/05/17 13:56:09 INFO database initialized path=/tmp/expedition-sim-2788737476/gogobee.db
2026/05/17 13:56:09 INFO database initialized path=/tmp/expedition-sim-1145164955/gogobee.db
2026/05/17 13:56:09 INFO database initialized path=/tmp/expedition-sim-2205351057/gogobee.db
2026/05/17 13:56:09 INFO database initialized path=/tmp/expedition-sim-2452461113/gogobee.db
2026/05/17 13:56:09 INFO database initialized path=/tmp/expedition-sim-2452418901/gogobee.db
2026/05/17 13:56:09 INFO database initialized path=/tmp/expedition-sim-238266363/gogobee.db
2026/05/17 13:56:09 INFO database initialized path=/tmp/expedition-sim-1390921367/gogobee.db
2026/05/17 13:56:09 INFO database initialized path=/tmp/expedition-sim-1218340140/gogobee.db
2026/05/17 13:56:09 INFO database initialized path=/tmp/expedition-sim-496981768/gogobee.db
2026/05/17 13:56:09 INFO database initialized path=/tmp/expedition-sim-2194266635/gogobee.db
2026/05/17 13:56:09 INFO database initialized path=/tmp/expedition-sim-2407769035/gogobee.db
2026/05/17 13:56:09 INFO database initialized path=/tmp/expedition-sim-2928834378/gogobee.db
2026/05/17 13:56:09 INFO database initialized path=/tmp/expedition-sim-1633170503/gogobee.db
2026/05/17 13:56:09 INFO dnd: armed ability fired (turn-based build) user=@sim:fighter-l12-dragons_lair-64 ability="Second Wind"
2026/05/17 13:56:09 INFO dnd: armed ability fired (turn-based build) user=@sim:fighter-l12-dragons_lair-64 ability="Second Wind"
2026/05/17 13:56:09 INFO dnd: armed ability fired (turn-based build) user=@sim:fighter-l12-dragons_lair-64 ability="Second Wind"
2026/05/17 13:56:09 INFO database initialized path=/tmp/expedition-sim-1619786386/gogobee.db
2026/05/17 13:56:09 INFO database initialized path=/tmp/expedition-sim-3465382176/gogobee.db
2026/05/17 13:56:09 INFO database initialized path=/tmp/expedition-sim-1720883408/gogobee.db
2026/05/17 13:56:09 INFO database initialized path=/tmp/expedition-sim-1990568526/gogobee.db
2026/05/17 13:56:09 INFO database initialized path=/tmp/expedition-sim-4182616687/gogobee.db
2026/05/17 13:56:09 INFO database initialized path=/tmp/expedition-sim-720878140/gogobee.db
2026/05/17 13:56:09 INFO database initialized path=/tmp/expedition-sim-2147489618/gogobee.db
2026/05/17 13:56:10 INFO database initialized path=/tmp/expedition-sim-3759841267/gogobee.db
2026/05/17 13:56:10 INFO database initialized path=/tmp/expedition-sim-624149779/gogobee.db
2026/05/17 13:56:10 INFO database initialized path=/tmp/expedition-sim-3962098782/gogobee.db
2026/05/17 13:56:10 INFO database initialized path=/tmp/expedition-sim-305558594/gogobee.db
2026/05/17 13:56:10 INFO database initialized path=/tmp/expedition-sim-2764039256/gogobee.db
2026/05/17 13:56:10 INFO database initialized path=/tmp/expedition-sim-3413539293/gogobee.db
2026/05/17 13:56:10 INFO database initialized path=/tmp/expedition-sim-4198772719/gogobee.db
2026/05/17 13:56:10 INFO database initialized path=/tmp/expedition-sim-26767705/gogobee.db
2026/05/17 13:56:10 INFO database initialized path=/tmp/expedition-sim-1340702971/gogobee.db
2026/05/17 13:56:10 INFO database initialized path=/tmp/expedition-sim-1597897137/gogobee.db
2026/05/17 13:56:10 INFO database initialized path=/tmp/expedition-sim-2419979935/gogobee.db
2026/05/17 13:56:10 INFO dnd: armed ability fired (turn-based build) user=@sim:fighter-l12-dragons_lair-65 ability="Second Wind"
2026/05/17 13:56:10 INFO dnd: armed ability fired (turn-based build) user=@sim:fighter-l12-dragons_lair-65 ability="Second Wind"
2026/05/17 13:56:10 INFO dnd: armed ability fired (turn-based build) user=@sim:fighter-l12-dragons_lair-65 ability="Second Wind"
2026/05/17 13:56:10 INFO database initialized path=/tmp/expedition-sim-773274297/gogobee.db
2026/05/17 13:56:10 INFO database initialized path=/tmp/expedition-sim-3733379263/gogobee.db
2026/05/17 13:56:10 INFO database initialized path=/tmp/expedition-sim-3680831977/gogobee.db
2026/05/17 13:56:10 INFO database initialized path=/tmp/expedition-sim-1381594374/gogobee.db
2026/05/17 13:56:10 INFO database initialized path=/tmp/expedition-sim-1859307492/gogobee.db
2026/05/17 13:56:10 INFO database initialized path=/tmp/expedition-sim-2161752853/gogobee.db
2026/05/17 13:56:10 INFO database initialized path=/tmp/expedition-sim-705840054/gogobee.db
2026/05/17 13:56:10 INFO database initialized path=/tmp/expedition-sim-3852074338/gogobee.db
2026/05/17 13:56:10 INFO database initialized path=/tmp/expedition-sim-3308293670/gogobee.db
2026/05/17 13:56:10 INFO database initialized path=/tmp/expedition-sim-104683631/gogobee.db
2026/05/17 13:56:10 INFO database initialized path=/tmp/expedition-sim-1601409950/gogobee.db
2026/05/17 13:56:10 INFO database initialized path=/tmp/expedition-sim-2092825160/gogobee.db
2026/05/17 13:56:10 INFO database initialized path=/tmp/expedition-sim-2920638953/gogobee.db
2026/05/17 13:56:10 INFO database initialized path=/tmp/expedition-sim-464464119/gogobee.db
2026/05/17 13:56:10 INFO database initialized path=/tmp/expedition-sim-2521183860/gogobee.db
2026/05/17 13:56:10 INFO database initialized path=/tmp/expedition-sim-2774467707/gogobee.db
2026/05/17 13:56:10 INFO database initialized path=/tmp/expedition-sim-1592616099/gogobee.db
2026/05/17 13:56:10 INFO database initialized path=/tmp/expedition-sim-2565911907/gogobee.db
2026/05/17 13:56:10 INFO database initialized path=/tmp/expedition-sim-2594716370/gogobee.db
2026/05/17 13:56:10 INFO database initialized path=/tmp/expedition-sim-169123435/gogobee.db
2026/05/17 13:56:10 INFO dnd: armed ability fired (turn-based build) user=@sim:fighter-l12-dragons_lair-66 ability="Second Wind"
2026/05/17 13:56:10 INFO database initialized path=/tmp/expedition-sim-2666709657/gogobee.db
2026/05/17 13:56:10 INFO dnd: armed ability fired (turn-based build) user=@sim:fighter-l12-dragons_lair-66 ability="Second Wind"
2026/05/17 13:56:10 INFO dnd: armed ability fired (turn-based build) user=@sim:fighter-l12-dragons_lair-66 ability="Second Wind"
2026/05/17 13:56:10 INFO database initialized path=/tmp/expedition-sim-2194402458/gogobee.db
2026/05/17 13:56:11 INFO database initialized path=/tmp/expedition-sim-2808177709/gogobee.db
2026/05/17 13:56:11 INFO database initialized path=/tmp/expedition-sim-1224622677/gogobee.db
2026/05/17 13:56:11 INFO database initialized path=/tmp/expedition-sim-555672364/gogobee.db
2026/05/17 13:56:11 INFO database initialized path=/tmp/expedition-sim-713274759/gogobee.db
2026/05/17 13:56:11 INFO database initialized path=/tmp/expedition-sim-623367822/gogobee.db
2026/05/17 13:56:11 INFO database initialized path=/tmp/expedition-sim-1844410674/gogobee.db
2026/05/17 13:56:11 INFO database initialized path=/tmp/expedition-sim-137947561/gogobee.db
2026/05/17 13:56:11 INFO database initialized path=/tmp/expedition-sim-3873522148/gogobee.db
2026/05/17 13:56:11 INFO database initialized path=/tmp/expedition-sim-3895725025/gogobee.db
2026/05/17 13:56:11 INFO database initialized path=/tmp/expedition-sim-1430470922/gogobee.db
2026/05/17 13:56:11 INFO database initialized path=/tmp/expedition-sim-820519098/gogobee.db
2026/05/17 13:56:11 INFO dnd: armed ability fired (turn-based build) user=@sim:fighter-l12-dragons_lair-67 ability="Second Wind"
2026/05/17 13:56:11 INFO dnd: armed ability fired (turn-based build) user=@sim:fighter-l12-dragons_lair-67 ability="Second Wind"
2026/05/17 13:56:11 INFO dnd: armed ability fired (turn-based build) user=@sim:fighter-l12-dragons_lair-67 ability="Second Wind"
2026/05/17 13:56:11 INFO database initialized path=/tmp/expedition-sim-3149611551/gogobee.db
2026/05/17 13:56:11 INFO database initialized path=/tmp/expedition-sim-2367449772/gogobee.db
2026/05/17 13:56:11 INFO database initialized path=/tmp/expedition-sim-2981282291/gogobee.db
2026/05/17 13:56:11 INFO database initialized path=/tmp/expedition-sim-3370603198/gogobee.db
2026/05/17 13:56:11 INFO database initialized path=/tmp/expedition-sim-2239343020/gogobee.db
2026/05/17 13:56:11 INFO database initialized path=/tmp/expedition-sim-269650899/gogobee.db
2026/05/17 13:56:11 INFO database initialized path=/tmp/expedition-sim-1408666350/gogobee.db
2026/05/17 13:56:11 INFO database initialized path=/tmp/expedition-sim-998816920/gogobee.db
2026/05/17 13:56:11 INFO database initialized path=/tmp/expedition-sim-1281250741/gogobee.db
2026/05/17 13:56:11 INFO database initialized path=/tmp/expedition-sim-3820699172/gogobee.db
2026/05/17 13:56:11 INFO database initialized path=/tmp/expedition-sim-3112924779/gogobee.db
2026/05/17 13:56:11 INFO database initialized path=/tmp/expedition-sim-3403511343/gogobee.db
2026/05/17 13:56:11 INFO database initialized path=/tmp/expedition-sim-788693278/gogobee.db
2026/05/17 13:56:11 INFO database initialized path=/tmp/expedition-sim-1115095262/gogobee.db
2026/05/17 13:56:11 INFO database initialized path=/tmp/expedition-sim-3869181197/gogobee.db
2026/05/17 13:56:11 INFO database initialized path=/tmp/expedition-sim-523822054/gogobee.db
2026/05/17 13:56:11 INFO database initialized path=/tmp/expedition-sim-3862900950/gogobee.db
2026/05/17 13:56:11 INFO database initialized path=/tmp/expedition-sim-1573031030/gogobee.db
2026/05/17 13:56:11 INFO database initialized path=/tmp/expedition-sim-1890517043/gogobee.db
2026/05/17 13:56:11 INFO database initialized path=/tmp/expedition-sim-3042688673/gogobee.db
2026/05/17 13:56:12 INFO dnd: armed ability fired (turn-based build) user=@sim:fighter-l12-dragons_lair-68 ability="Second Wind"
2026/05/17 13:56:12 INFO database initialized path=/tmp/expedition-sim-2640261114/gogobee.db
2026/05/17 13:56:12 INFO dnd: armed ability fired (turn-based build) user=@sim:fighter-l12-dragons_lair-68 ability="Second Wind"
2026/05/17 13:56:12 INFO dnd: armed ability fired (turn-based build) user=@sim:fighter-l12-dragons_lair-68 ability="Second Wind"
2026/05/17 13:56:12 INFO database initialized path=/tmp/expedition-sim-1375730096/gogobee.db
2026/05/17 13:56:12 INFO database initialized path=/tmp/expedition-sim-549614336/gogobee.db
2026/05/17 13:56:12 INFO database initialized path=/tmp/expedition-sim-3093437652/gogobee.db
2026/05/17 13:56:12 INFO database initialized path=/tmp/expedition-sim-3160307785/gogobee.db
2026/05/17 13:56:12 INFO database initialized path=/tmp/expedition-sim-4100871663/gogobee.db
2026/05/17 13:56:12 INFO database initialized path=/tmp/expedition-sim-1104446504/gogobee.db
2026/05/17 13:56:12 INFO database initialized path=/tmp/expedition-sim-3133938476/gogobee.db
2026/05/17 13:56:12 INFO database initialized path=/tmp/expedition-sim-2331189274/gogobee.db
2026/05/17 13:56:12 INFO database initialized path=/tmp/expedition-sim-685110556/gogobee.db
2026/05/17 13:56:12 INFO database initialized path=/tmp/expedition-sim-748422826/gogobee.db
2026/05/17 13:56:12 INFO database initialized path=/tmp/expedition-sim-3048681731/gogobee.db
2026/05/17 13:56:12 INFO database initialized path=/tmp/expedition-sim-2878562665/gogobee.db
2026/05/17 13:56:12 INFO database initialized path=/tmp/expedition-sim-2592615751/gogobee.db
2026/05/17 13:56:12 INFO database initialized path=/tmp/expedition-sim-2883665556/gogobee.db
2026/05/17 13:56:12 INFO database initialized path=/tmp/expedition-sim-106273295/gogobee.db
2026/05/17 13:56:12 INFO database initialized path=/tmp/expedition-sim-1575013132/gogobee.db
2026/05/17 13:56:12 INFO database initialized path=/tmp/expedition-sim-63602275/gogobee.db
2026/05/17 13:56:12 INFO database initialized path=/tmp/expedition-sim-3960477605/gogobee.db
2026/05/17 13:56:12 INFO dnd: armed ability fired (turn-based build) user=@sim:fighter-l12-dragons_lair-69 ability="Second Wind"
2026/05/17 13:56:12 INFO dnd: armed ability fired (turn-based build) user=@sim:fighter-l12-dragons_lair-69 ability="Second Wind"
2026/05/17 13:56:12 INFO dnd: armed ability fired (turn-based build) user=@sim:fighter-l12-dragons_lair-69 ability="Second Wind"
2026/05/17 13:56:12 INFO database initialized path=/tmp/expedition-sim-2086983060/gogobee.db
2026/05/17 13:56:12 INFO database initialized path=/tmp/expedition-sim-3532202304/gogobee.db
2026/05/17 13:56:12 INFO database initialized path=/tmp/expedition-sim-518984617/gogobee.db
2026/05/17 13:56:12 INFO database initialized path=/tmp/expedition-sim-3117267294/gogobee.db
2026/05/17 13:56:12 INFO database initialized path=/tmp/expedition-sim-4184249498/gogobee.db
2026/05/17 13:56:12 INFO database initialized path=/tmp/expedition-sim-2892798134/gogobee.db
2026/05/17 13:56:12 INFO database initialized path=/tmp/expedition-sim-349729970/gogobee.db
2026/05/17 13:56:12 INFO database initialized path=/tmp/expedition-sim-887420226/gogobee.db
2026/05/17 13:56:12 INFO database initialized path=/tmp/expedition-sim-4114492857/gogobee.db
2026/05/17 13:56:12 INFO database initialized path=/tmp/expedition-sim-688950488/gogobee.db
2026/05/17 13:56:12 INFO database initialized path=/tmp/expedition-sim-493162955/gogobee.db
2026/05/17 13:56:13 INFO database initialized path=/tmp/expedition-sim-1901829623/gogobee.db
2026/05/17 13:56:13 INFO database initialized path=/tmp/expedition-sim-1499213261/gogobee.db
2026/05/17 13:56:13 INFO database initialized path=/tmp/expedition-sim-1942973106/gogobee.db
2026/05/17 13:56:13 INFO database initialized path=/tmp/expedition-sim-2931068122/gogobee.db
2026/05/17 13:56:13 INFO database initialized path=/tmp/expedition-sim-1582770278/gogobee.db
2026/05/17 13:56:13 INFO database initialized path=/tmp/expedition-sim-2286139207/gogobee.db
2026/05/17 13:56:13 INFO dnd: armed ability fired (turn-based build) user=@sim:fighter-l12-dragons_lair-70 ability="Second Wind"
2026/05/17 13:56:13 INFO dnd: armed ability fired (turn-based build) user=@sim:fighter-l12-dragons_lair-70 ability="Second Wind"
2026/05/17 13:56:13 INFO dnd: armed ability fired (turn-based build) user=@sim:fighter-l12-dragons_lair-70 ability="Second Wind"
2026/05/17 13:56:13 INFO database initialized path=/tmp/expedition-sim-3968582474/gogobee.db
2026/05/17 13:56:13 INFO database initialized path=/tmp/expedition-sim-1061680307/gogobee.db
2026/05/17 13:56:13 INFO database initialized path=/tmp/expedition-sim-3532493679/gogobee.db
2026/05/17 13:56:13 INFO database initialized path=/tmp/expedition-sim-3220665414/gogobee.db
2026/05/17 13:56:13 INFO database initialized path=/tmp/expedition-sim-3427075708/gogobee.db
2026/05/17 13:56:13 INFO database initialized path=/tmp/expedition-sim-1651427090/gogobee.db
2026/05/17 13:56:13 INFO database initialized path=/tmp/expedition-sim-3516416048/gogobee.db
2026/05/17 13:56:13 INFO database initialized path=/tmp/expedition-sim-2445395475/gogobee.db
2026/05/17 13:56:13 INFO database initialized path=/tmp/expedition-sim-506607530/gogobee.db
2026/05/17 13:56:13 INFO database initialized path=/tmp/expedition-sim-3436604670/gogobee.db
2026/05/17 13:56:13 INFO database initialized path=/tmp/expedition-sim-166715183/gogobee.db
2026/05/17 13:56:13 INFO database initialized path=/tmp/expedition-sim-3622011534/gogobee.db
2026/05/17 13:56:13 INFO dnd: armed ability fired (turn-based build) user=@sim:fighter-l12-dragons_lair-71 ability="Second Wind"
2026/05/17 13:56:13 INFO dnd: armed ability fired (turn-based build) user=@sim:fighter-l12-dragons_lair-71 ability="Second Wind"
2026/05/17 13:56:13 INFO dnd: armed ability fired (turn-based build) user=@sim:fighter-l12-dragons_lair-71 ability="Second Wind"
2026/05/17 13:56:13 INFO database initialized path=/tmp/expedition-sim-999790029/gogobee.db
2026/05/17 13:56:13 INFO database initialized path=/tmp/expedition-sim-2682579261/gogobee.db
2026/05/17 13:56:13 INFO database initialized path=/tmp/expedition-sim-4000604468/gogobee.db
2026/05/17 13:56:13 INFO database initialized path=/tmp/expedition-sim-1875318754/gogobee.db
2026/05/17 13:56:13 INFO database initialized path=/tmp/expedition-sim-1268033512/gogobee.db
2026/05/17 13:56:13 INFO database initialized path=/tmp/expedition-sim-368765293/gogobee.db
2026/05/17 13:56:13 INFO database initialized path=/tmp/expedition-sim-4032441541/gogobee.db
2026/05/17 13:56:13 INFO database initialized path=/tmp/expedition-sim-444581532/gogobee.db
2026/05/17 13:56:13 INFO database initialized path=/tmp/expedition-sim-3042076528/gogobee.db
2026/05/17 13:56:13 INFO database initialized path=/tmp/expedition-sim-1375635747/gogobee.db
2026/05/17 13:56:13 INFO database initialized path=/tmp/expedition-sim-2940186193/gogobee.db
2026/05/17 13:56:13 INFO database initialized path=/tmp/expedition-sim-1644745615/gogobee.db
2026/05/17 13:56:13 INFO database initialized path=/tmp/expedition-sim-656536354/gogobee.db
2026/05/17 13:56:13 INFO database initialized path=/tmp/expedition-sim-1774386804/gogobee.db
2026/05/17 13:56:13 INFO dnd: armed ability fired (turn-based build) user=@sim:fighter-l12-dragons_lair-72 ability="Second Wind"
2026/05/17 13:56:13 INFO database initialized path=/tmp/expedition-sim-3696875759/gogobee.db
2026/05/17 13:56:14 INFO dnd: armed ability fired (turn-based build) user=@sim:fighter-l12-dragons_lair-72 ability="Second Wind"
2026/05/17 13:56:14 INFO database initialized path=/tmp/expedition-sim-1076193426/gogobee.db
2026/05/17 13:56:14 INFO database initialized path=/tmp/expedition-sim-2654611008/gogobee.db
2026/05/17 13:56:14 INFO dnd: armed ability fired (turn-based build) user=@sim:fighter-l12-dragons_lair-72 ability="Second Wind"
2026/05/17 13:56:14 INFO database initialized path=/tmp/expedition-sim-590120653/gogobee.db
2026/05/17 13:56:14 INFO database initialized path=/tmp/expedition-sim-1210869108/gogobee.db
2026/05/17 13:56:14 INFO database initialized path=/tmp/expedition-sim-4240184662/gogobee.db
2026/05/17 13:56:14 INFO database initialized path=/tmp/expedition-sim-1723927442/gogobee.db
2026/05/17 13:56:14 INFO database initialized path=/tmp/expedition-sim-2357238093/gogobee.db
2026/05/17 13:56:14 INFO database initialized path=/tmp/expedition-sim-1048079982/gogobee.db
2026/05/17 13:56:14 INFO database initialized path=/tmp/expedition-sim-2959998558/gogobee.db
2026/05/17 13:56:14 INFO database initialized path=/tmp/expedition-sim-2059544214/gogobee.db
2026/05/17 13:56:14 INFO database initialized path=/tmp/expedition-sim-842055226/gogobee.db
2026/05/17 13:56:14 INFO database initialized path=/tmp/expedition-sim-3682518947/gogobee.db
2026/05/17 13:56:14 INFO database initialized path=/tmp/expedition-sim-1793360640/gogobee.db
2026/05/17 13:56:14 INFO database initialized path=/tmp/expedition-sim-1530498148/gogobee.db
2026/05/17 13:56:14 INFO database initialized path=/tmp/expedition-sim-3366037193/gogobee.db
2026/05/17 13:56:14 INFO dnd: armed ability fired (turn-based build) user=@sim:fighter-l12-dragons_lair-73 ability="Second Wind"
2026/05/17 13:56:14 INFO dnd: armed ability fired (turn-based build) user=@sim:fighter-l12-dragons_lair-73 ability="Second Wind"
2026/05/17 13:56:14 INFO dnd: armed ability fired (turn-based build) user=@sim:fighter-l12-dragons_lair-73 ability="Second Wind"
2026/05/17 13:56:14 INFO database initialized path=/tmp/expedition-sim-1716265812/gogobee.db
2026/05/17 13:56:14 INFO database initialized path=/tmp/expedition-sim-2902140790/gogobee.db
2026/05/17 13:56:14 INFO database initialized path=/tmp/expedition-sim-2043355461/gogobee.db
2026/05/17 13:56:14 INFO database initialized path=/tmp/expedition-sim-272547089/gogobee.db
2026/05/17 13:56:14 INFO database initialized path=/tmp/expedition-sim-884704847/gogobee.db
2026/05/17 13:56:14 INFO database initialized path=/tmp/expedition-sim-546361737/gogobee.db
2026/05/17 13:56:14 INFO database initialized path=/tmp/expedition-sim-1841751515/gogobee.db
2026/05/17 13:56:14 INFO database initialized path=/tmp/expedition-sim-1471939737/gogobee.db
2026/05/17 13:56:14 INFO database initialized path=/tmp/expedition-sim-1029933280/gogobee.db
2026/05/17 13:56:14 INFO database initialized path=/tmp/expedition-sim-1018114353/gogobee.db
2026/05/17 13:56:14 INFO database initialized path=/tmp/expedition-sim-449555046/gogobee.db
2026/05/17 13:56:14 INFO database initialized path=/tmp/expedition-sim-3854681843/gogobee.db
2026/05/17 13:56:14 INFO database initialized path=/tmp/expedition-sim-2050752042/gogobee.db
2026/05/17 13:56:14 INFO database initialized path=/tmp/expedition-sim-3894293248/gogobee.db
2026/05/17 13:56:14 INFO database initialized path=/tmp/expedition-sim-3419548245/gogobee.db
2026/05/17 13:56:14 INFO database initialized path=/tmp/expedition-sim-2423995064/gogobee.db
2026/05/17 13:56:14 INFO database initialized path=/tmp/expedition-sim-4079939323/gogobee.db
2026/05/17 13:56:14 INFO dnd: armed ability fired (turn-based build) user=@sim:fighter-l12-dragons_lair-74 ability="Second Wind"
2026/05/17 13:56:14 INFO dnd: armed ability fired (turn-based build) user=@sim:fighter-l12-dragons_lair-74 ability="Second Wind"
2026/05/17 13:56:14 INFO dnd: armed ability fired (turn-based build) user=@sim:fighter-l12-dragons_lair-74 ability="Second Wind"
2026/05/17 13:56:14 INFO database initialized path=/tmp/expedition-sim-1459808926/gogobee.db
2026/05/17 13:56:15 INFO database initialized path=/tmp/expedition-sim-2805792851/gogobee.db
2026/05/17 13:56:15 INFO database initialized path=/tmp/expedition-sim-1493999550/gogobee.db
2026/05/17 13:56:15 INFO database initialized path=/tmp/expedition-sim-1532981053/gogobee.db
2026/05/17 13:56:15 INFO database initialized path=/tmp/expedition-sim-2947692943/gogobee.db
2026/05/17 13:56:15 INFO database initialized path=/tmp/expedition-sim-927107834/gogobee.db
2026/05/17 13:56:15 INFO database initialized path=/tmp/expedition-sim-185435598/gogobee.db
2026/05/17 13:56:15 INFO database initialized path=/tmp/expedition-sim-2174271230/gogobee.db
2026/05/17 13:56:15 INFO database initialized path=/tmp/expedition-sim-2087390548/gogobee.db
2026/05/17 13:56:15 INFO database initialized path=/tmp/expedition-sim-125671411/gogobee.db
2026/05/17 13:56:15 INFO database initialized path=/tmp/expedition-sim-2788144736/gogobee.db
2026/05/17 13:56:15 INFO database initialized path=/tmp/expedition-sim-951841479/gogobee.db
2026/05/17 13:56:15 INFO database initialized path=/tmp/expedition-sim-4200600693/gogobee.db
2026/05/17 13:56:15 INFO database initialized path=/tmp/expedition-sim-3871891332/gogobee.db
2026/05/17 13:56:15 INFO database initialized path=/tmp/expedition-sim-916683215/gogobee.db
2026/05/17 13:56:15 INFO database initialized path=/tmp/expedition-sim-4175093717/gogobee.db
2026/05/17 13:56:15 INFO database initialized path=/tmp/expedition-sim-2148587593/gogobee.db
2026/05/17 13:56:15 INFO database initialized path=/tmp/expedition-sim-1278509337/gogobee.db
2026/05/17 13:56:15 INFO database initialized path=/tmp/expedition-sim-2622950399/gogobee.db
2026/05/17 13:56:15 INFO database initialized path=/tmp/expedition-sim-1007220339/gogobee.db
2026/05/17 13:56:15 INFO database initialized path=/tmp/expedition-sim-2960587347/gogobee.db
2026/05/17 13:56:15 INFO dnd: armed ability fired (turn-based build) user=@sim:fighter-l12-dragons_lair-75 ability="Second Wind"
2026/05/17 13:56:15 INFO dnd: armed ability fired (turn-based build) user=@sim:fighter-l12-dragons_lair-75 ability="Second Wind"
2026/05/17 13:56:15 INFO database initialized path=/tmp/expedition-sim-239155028/gogobee.db
2026/05/17 13:56:15 INFO database initialized path=/tmp/expedition-sim-967176638/gogobee.db
2026/05/17 13:56:15 INFO dnd: armed ability fired (turn-based build) user=@sim:fighter-l12-dragons_lair-75 ability="Second Wind"
2026/05/17 13:56:15 INFO database initialized path=/tmp/expedition-sim-86157702/gogobee.db
2026/05/17 13:56:15 INFO database initialized path=/tmp/expedition-sim-2314655370/gogobee.db
2026/05/17 13:56:15 INFO database initialized path=/tmp/expedition-sim-811641042/gogobee.db
2026/05/17 13:56:15 INFO database initialized path=/tmp/expedition-sim-3136274815/gogobee.db
2026/05/17 13:56:15 INFO database initialized path=/tmp/expedition-sim-1238132197/gogobee.db
2026/05/17 13:56:15 INFO database initialized path=/tmp/expedition-sim-4177731891/gogobee.db
2026/05/17 13:56:15 INFO database initialized path=/tmp/expedition-sim-112381110/gogobee.db
2026/05/17 13:56:15 INFO database initialized path=/tmp/expedition-sim-3891876902/gogobee.db
2026/05/17 13:56:15 INFO database initialized path=/tmp/expedition-sim-3537529943/gogobee.db
2026/05/17 13:56:16 INFO database initialized path=/tmp/expedition-sim-932425637/gogobee.db
2026/05/17 13:56:16 INFO database initialized path=/tmp/expedition-sim-4179068930/gogobee.db
2026/05/17 13:56:16 INFO database initialized path=/tmp/expedition-sim-1311111101/gogobee.db
2026/05/17 13:56:16 INFO database initialized path=/tmp/expedition-sim-2145530118/gogobee.db
2026/05/17 13:56:16 INFO database initialized path=/tmp/expedition-sim-2941929723/gogobee.db
2026/05/17 13:56:16 INFO database initialized path=/tmp/expedition-sim-3134355043/gogobee.db
2026/05/17 13:56:16 INFO database initialized path=/tmp/expedition-sim-1565329990/gogobee.db
2026/05/17 13:56:16 INFO database initialized path=/tmp/expedition-sim-68033935/gogobee.db
2026/05/17 13:56:16 INFO database initialized path=/tmp/expedition-sim-2953600901/gogobee.db
2026/05/17 13:56:16 INFO database initialized path=/tmp/expedition-sim-3496615925/gogobee.db
2026/05/17 13:56:16 INFO dnd: armed ability fired (turn-based build) user=@sim:fighter-l12-dragons_lair-76 ability="Second Wind"
2026/05/17 13:56:16 INFO dnd: armed ability fired (turn-based build) user=@sim:fighter-l12-dragons_lair-76 ability="Second Wind"
2026/05/17 13:56:16 INFO dnd: armed ability fired (turn-based build) user=@sim:fighter-l12-dragons_lair-76 ability="Second Wind"
2026/05/17 13:56:16 INFO database initialized path=/tmp/expedition-sim-909346944/gogobee.db
2026/05/17 13:56:16 INFO database initialized path=/tmp/expedition-sim-2041067445/gogobee.db
2026/05/17 13:56:16 INFO database initialized path=/tmp/expedition-sim-430693517/gogobee.db
2026/05/17 13:56:16 INFO database initialized path=/tmp/expedition-sim-3164731503/gogobee.db
2026/05/17 13:56:16 INFO database initialized path=/tmp/expedition-sim-3193525978/gogobee.db
2026/05/17 13:56:16 INFO database initialized path=/tmp/expedition-sim-2034270007/gogobee.db
2026/05/17 13:56:16 INFO database initialized path=/tmp/expedition-sim-2149862954/gogobee.db
2026/05/17 13:56:16 INFO database initialized path=/tmp/expedition-sim-2480828153/gogobee.db
2026/05/17 13:56:16 INFO database initialized path=/tmp/expedition-sim-3092531068/gogobee.db
2026/05/17 13:56:16 INFO database initialized path=/tmp/expedition-sim-256516490/gogobee.db
2026/05/17 13:56:16 INFO database initialized path=/tmp/expedition-sim-2647114865/gogobee.db
2026/05/17 13:56:16 INFO database initialized path=/tmp/expedition-sim-1020400448/gogobee.db
2026/05/17 13:56:16 INFO database initialized path=/tmp/expedition-sim-1996146099/gogobee.db
2026/05/17 13:56:16 INFO database initialized path=/tmp/expedition-sim-1709220717/gogobee.db
2026/05/17 13:56:16 INFO database initialized path=/tmp/expedition-sim-2920234173/gogobee.db
2026/05/17 13:56:16 INFO database initialized path=/tmp/expedition-sim-38541920/gogobee.db
2026/05/17 13:56:16 INFO dnd: armed ability fired (turn-based build) user=@sim:fighter-l12-dragons_lair-77 ability="Second Wind"
2026/05/17 13:56:16 INFO dnd: armed ability fired (turn-based build) user=@sim:fighter-l12-dragons_lair-77 ability="Second Wind"
2026/05/17 13:56:16 INFO database initialized path=/tmp/expedition-sim-1847215628/gogobee.db
2026/05/17 13:56:16 INFO dnd: armed ability fired (turn-based build) user=@sim:fighter-l12-dragons_lair-77 ability="Second Wind"
2026/05/17 13:56:16 INFO database initialized path=/tmp/expedition-sim-800296164/gogobee.db
2026/05/17 13:56:16 INFO database initialized path=/tmp/expedition-sim-958516490/gogobee.db
2026/05/17 13:56:16 INFO database initialized path=/tmp/expedition-sim-1652834066/gogobee.db
2026/05/17 13:56:16 INFO database initialized path=/tmp/expedition-sim-3045138034/gogobee.db
2026/05/17 13:56:17 INFO database initialized path=/tmp/expedition-sim-2454236466/gogobee.db
2026/05/17 13:56:17 INFO database initialized path=/tmp/expedition-sim-1049381131/gogobee.db
2026/05/17 13:56:17 INFO database initialized path=/tmp/expedition-sim-1627460966/gogobee.db
2026/05/17 13:56:17 INFO database initialized path=/tmp/expedition-sim-3130351683/gogobee.db
2026/05/17 13:56:17 INFO database initialized path=/tmp/expedition-sim-3040277149/gogobee.db
2026/05/17 13:56:17 INFO database initialized path=/tmp/expedition-sim-546569479/gogobee.db
2026/05/17 13:56:17 INFO database initialized path=/tmp/expedition-sim-1109498977/gogobee.db
2026/05/17 13:56:17 INFO database initialized path=/tmp/expedition-sim-768258438/gogobee.db
2026/05/17 13:56:17 INFO database initialized path=/tmp/expedition-sim-2178526758/gogobee.db
2026/05/17 13:56:17 INFO database initialized path=/tmp/expedition-sim-3179986403/gogobee.db
2026/05/17 13:56:17 INFO database initialized path=/tmp/expedition-sim-393985930/gogobee.db
2026/05/17 13:56:17 INFO database initialized path=/tmp/expedition-sim-1121356445/gogobee.db
2026/05/17 13:56:17 INFO database initialized path=/tmp/expedition-sim-697531771/gogobee.db
2026/05/17 13:56:17 INFO database initialized path=/tmp/expedition-sim-2163411264/gogobee.db
2026/05/17 13:56:17 INFO dnd: armed ability fired (turn-based build) user=@sim:fighter-l12-dragons_lair-78 ability="Second Wind"
2026/05/17 13:56:17 INFO dnd: armed ability fired (turn-based build) user=@sim:fighter-l12-dragons_lair-78 ability="Second Wind"
2026/05/17 13:56:17 INFO dnd: armed ability fired (turn-based build) user=@sim:fighter-l12-dragons_lair-78 ability="Second Wind"
2026/05/17 13:56:17 INFO database initialized path=/tmp/expedition-sim-4030459613/gogobee.db
2026/05/17 13:56:17 INFO database initialized path=/tmp/expedition-sim-3144919049/gogobee.db
2026/05/17 13:56:17 INFO database initialized path=/tmp/expedition-sim-2329902848/gogobee.db
2026/05/17 13:56:17 INFO database initialized path=/tmp/expedition-sim-1256757078/gogobee.db
2026/05/17 13:56:17 INFO database initialized path=/tmp/expedition-sim-2044289243/gogobee.db
2026/05/17 13:56:17 INFO database initialized path=/tmp/expedition-sim-1657226495/gogobee.db
2026/05/17 13:56:17 INFO database initialized path=/tmp/expedition-sim-3587405715/gogobee.db
2026/05/17 13:56:17 INFO database initialized path=/tmp/expedition-sim-3144929715/gogobee.db
2026/05/17 13:56:17 INFO database initialized path=/tmp/expedition-sim-2632490961/gogobee.db
2026/05/17 13:56:17 INFO database initialized path=/tmp/expedition-sim-489985526/gogobee.db
2026/05/17 13:56:17 INFO database initialized path=/tmp/expedition-sim-2958001958/gogobee.db
2026/05/17 13:56:17 INFO database initialized path=/tmp/expedition-sim-1439101083/gogobee.db
2026/05/17 13:56:17 INFO database initialized path=/tmp/expedition-sim-1050981582/gogobee.db
2026/05/17 13:56:17 INFO database initialized path=/tmp/expedition-sim-1651246331/gogobee.db
2026/05/17 13:56:18 INFO database initialized path=/tmp/expedition-sim-163092149/gogobee.db
2026/05/17 13:56:18 INFO database initialized path=/tmp/expedition-sim-3698334482/gogobee.db
2026/05/17 13:56:18 INFO database initialized path=/tmp/expedition-sim-679435155/gogobee.db
2026/05/17 13:56:18 INFO dnd: armed ability fired (turn-based build) user=@sim:fighter-l12-dragons_lair-79 ability="Second Wind"
2026/05/17 13:56:18 INFO dnd: armed ability fired (turn-based build) user=@sim:fighter-l12-dragons_lair-79 ability="Second Wind"
2026/05/17 13:56:18 INFO dnd: armed ability fired (turn-based build) user=@sim:fighter-l12-dragons_lair-79 ability="Second Wind"
2026/05/17 13:56:18 INFO database initialized path=/tmp/expedition-sim-2996939104/gogobee.db
2026/05/17 13:56:18 INFO database initialized path=/tmp/expedition-sim-2179151981/gogobee.db
2026/05/17 13:56:18 INFO database initialized path=/tmp/expedition-sim-2430911151/gogobee.db
2026/05/17 13:56:18 INFO database initialized path=/tmp/expedition-sim-1969397025/gogobee.db
2026/05/17 13:56:18 INFO database initialized path=/tmp/expedition-sim-1452253519/gogobee.db
2026/05/17 13:56:18 INFO database initialized path=/tmp/expedition-sim-1349826464/gogobee.db
2026/05/17 13:56:18 INFO database initialized path=/tmp/expedition-sim-2280826605/gogobee.db
2026/05/17 13:56:18 INFO database initialized path=/tmp/expedition-sim-155366348/gogobee.db
2026/05/17 13:56:18 INFO database initialized path=/tmp/expedition-sim-713212516/gogobee.db
2026/05/17 13:56:18 INFO database initialized path=/tmp/expedition-sim-3413322137/gogobee.db
2026/05/17 13:56:18 INFO database initialized path=/tmp/expedition-sim-2614074271/gogobee.db
2026/05/17 13:56:18 INFO database initialized path=/tmp/expedition-sim-1907577630/gogobee.db
2026/05/17 13:56:18 INFO database initialized path=/tmp/expedition-sim-3930670415/gogobee.db
2026/05/17 13:56:18 INFO database initialized path=/tmp/expedition-sim-2207281366/gogobee.db
2026/05/17 13:56:18 INFO database initialized path=/tmp/expedition-sim-635790155/gogobee.db
2026/05/17 13:56:18 INFO dnd: armed ability fired (turn-based build) user=@sim:fighter-l12-dragons_lair-80 ability="Second Wind"
2026/05/17 13:56:18 INFO dnd: armed ability fired (turn-based build) user=@sim:fighter-l12-dragons_lair-80 ability="Second Wind"
2026/05/17 13:56:18 INFO dnd: armed ability fired (turn-based build) user=@sim:fighter-l12-dragons_lair-80 ability="Second Wind"
2026/05/17 13:56:18 INFO database initialized path=/tmp/expedition-sim-1314587243/gogobee.db
2026/05/17 13:56:18 INFO database initialized path=/tmp/expedition-sim-218606983/gogobee.db
2026/05/17 13:56:18 INFO database initialized path=/tmp/expedition-sim-1279173298/gogobee.db
2026/05/17 13:56:18 INFO database initialized path=/tmp/expedition-sim-1979428462/gogobee.db
2026/05/17 13:56:18 INFO database initialized path=/tmp/expedition-sim-3488371079/gogobee.db
2026/05/17 13:56:18 INFO database initialized path=/tmp/expedition-sim-1250190490/gogobee.db
2026/05/17 13:56:18 INFO database initialized path=/tmp/expedition-sim-2776464262/gogobee.db
2026/05/17 13:56:18 INFO database initialized path=/tmp/expedition-sim-1499583274/gogobee.db
2026/05/17 13:56:18 INFO database initialized path=/tmp/expedition-sim-3392613320/gogobee.db
2026/05/17 13:56:19 INFO database initialized path=/tmp/expedition-sim-411292131/gogobee.db
2026/05/17 13:56:19 INFO database initialized path=/tmp/expedition-sim-1356782134/gogobee.db
2026/05/17 13:56:19 INFO database initialized path=/tmp/expedition-sim-4042309144/gogobee.db
2026/05/17 13:56:19 INFO database initialized path=/tmp/expedition-sim-4189063679/gogobee.db
2026/05/17 13:56:19 INFO database initialized path=/tmp/expedition-sim-4084979826/gogobee.db
2026/05/17 13:56:19 INFO database initialized path=/tmp/expedition-sim-1656794687/gogobee.db
2026/05/17 13:56:19 INFO database initialized path=/tmp/expedition-sim-289875895/gogobee.db
2026/05/17 13:56:19 INFO database initialized path=/tmp/expedition-sim-3867579555/gogobee.db
2026/05/17 13:56:19 INFO database initialized path=/tmp/expedition-sim-339499805/gogobee.db
2026/05/17 13:56:19 INFO database initialized path=/tmp/expedition-sim-1900337948/gogobee.db
2026/05/17 13:56:19 INFO database initialized path=/tmp/expedition-sim-2272513550/gogobee.db
2026/05/17 13:56:19 INFO dnd: armed ability fired (turn-based build) user=@sim:fighter-l12-dragons_lair-81 ability="Second Wind"
2026/05/17 13:56:19 INFO dnd: armed ability fired (turn-based build) user=@sim:fighter-l12-dragons_lair-81 ability="Second Wind"
2026/05/17 13:56:19 INFO dnd: armed ability fired (turn-based build) user=@sim:fighter-l12-dragons_lair-81 ability="Second Wind"
2026/05/17 13:56:19 INFO database initialized path=/tmp/expedition-sim-559340018/gogobee.db
2026/05/17 13:56:19 INFO database initialized path=/tmp/expedition-sim-595108148/gogobee.db
2026/05/17 13:56:19 INFO database initialized path=/tmp/expedition-sim-3620841684/gogobee.db
2026/05/17 13:56:19 INFO database initialized path=/tmp/expedition-sim-3340158919/gogobee.db
2026/05/17 13:56:19 INFO database initialized path=/tmp/expedition-sim-1663106943/gogobee.db
2026/05/17 13:56:19 INFO database initialized path=/tmp/expedition-sim-1719951675/gogobee.db
2026/05/17 13:56:19 INFO database initialized path=/tmp/expedition-sim-520090189/gogobee.db
2026/05/17 13:56:19 INFO database initialized path=/tmp/expedition-sim-1251631965/gogobee.db
2026/05/17 13:56:19 INFO database initialized path=/tmp/expedition-sim-477062316/gogobee.db
2026/05/17 13:56:19 INFO database initialized path=/tmp/expedition-sim-42091527/gogobee.db
2026/05/17 13:56:19 INFO database initialized path=/tmp/expedition-sim-2539561936/gogobee.db
2026/05/17 13:56:19 INFO database initialized path=/tmp/expedition-sim-4248113199/gogobee.db
2026/05/17 13:56:19 INFO database initialized path=/tmp/expedition-sim-4247145357/gogobee.db
2026/05/17 13:56:19 INFO database initialized path=/tmp/expedition-sim-3444100009/gogobee.db
2026/05/17 13:56:19 INFO database initialized path=/tmp/expedition-sim-2137432135/gogobee.db
2026/05/17 13:56:19 INFO dnd: armed ability fired (turn-based build) user=@sim:fighter-l12-dragons_lair-82 ability="Second Wind"
2026/05/17 13:56:19 INFO dnd: armed ability fired (turn-based build) user=@sim:fighter-l12-dragons_lair-82 ability="Second Wind"
2026/05/17 13:56:19 INFO dnd: armed ability fired (turn-based build) user=@sim:fighter-l12-dragons_lair-82 ability="Second Wind"
2026/05/17 13:56:20 INFO database initialized path=/tmp/expedition-sim-2412177053/gogobee.db
2026/05/17 13:56:20 INFO database initialized path=/tmp/expedition-sim-2300675822/gogobee.db
2026/05/17 13:56:20 INFO database initialized path=/tmp/expedition-sim-1334441851/gogobee.db
2026/05/17 13:56:20 INFO database initialized path=/tmp/expedition-sim-2873704795/gogobee.db
2026/05/17 13:56:20 INFO database initialized path=/tmp/expedition-sim-2614490702/gogobee.db
2026/05/17 13:56:20 INFO database initialized path=/tmp/expedition-sim-1739338052/gogobee.db
2026/05/17 13:56:20 INFO database initialized path=/tmp/expedition-sim-469458002/gogobee.db
2026/05/17 13:56:20 INFO database initialized path=/tmp/expedition-sim-2763614194/gogobee.db
2026/05/17 13:56:20 INFO database initialized path=/tmp/expedition-sim-3363266072/gogobee.db
2026/05/17 13:56:20 INFO database initialized path=/tmp/expedition-sim-3773511948/gogobee.db
2026/05/17 13:56:20 INFO database initialized path=/tmp/expedition-sim-3617023723/gogobee.db
2026/05/17 13:56:20 INFO database initialized path=/tmp/expedition-sim-569149230/gogobee.db
2026/05/17 13:56:20 INFO database initialized path=/tmp/expedition-sim-2624649262/gogobee.db
2026/05/17 13:56:20 INFO database initialized path=/tmp/expedition-sim-2035275706/gogobee.db
2026/05/17 13:56:20 INFO database initialized path=/tmp/expedition-sim-3559308471/gogobee.db
2026/05/17 13:56:20 INFO dnd: armed ability fired (turn-based build) user=@sim:fighter-l12-dragons_lair-83 ability="Second Wind"
2026/05/17 13:56:20 INFO dnd: armed ability fired (turn-based build) user=@sim:fighter-l12-dragons_lair-83 ability="Second Wind"
2026/05/17 13:56:20 INFO database initialized path=/tmp/expedition-sim-1609355406/gogobee.db
2026/05/17 13:56:20 INFO dnd: armed ability fired (turn-based build) user=@sim:fighter-l12-dragons_lair-83 ability="Second Wind"
2026/05/17 13:56:20 INFO database initialized path=/tmp/expedition-sim-1028085072/gogobee.db
2026/05/17 13:56:20 INFO database initialized path=/tmp/expedition-sim-486429950/gogobee.db
2026/05/17 13:56:20 INFO database initialized path=/tmp/expedition-sim-399147724/gogobee.db
2026/05/17 13:56:20 INFO database initialized path=/tmp/expedition-sim-297912565/gogobee.db
2026/05/17 13:56:20 INFO database initialized path=/tmp/expedition-sim-2534133681/gogobee.db
2026/05/17 13:56:20 INFO database initialized path=/tmp/expedition-sim-904623428/gogobee.db
2026/05/17 13:56:20 INFO database initialized path=/tmp/expedition-sim-3063655954/gogobee.db
2026/05/17 13:56:20 INFO database initialized path=/tmp/expedition-sim-2667788455/gogobee.db
2026/05/17 13:56:21 INFO database initialized path=/tmp/expedition-sim-464593656/gogobee.db
2026/05/17 13:56:21 INFO database initialized path=/tmp/expedition-sim-441141331/gogobee.db
2026/05/17 13:56:21 INFO database initialized path=/tmp/expedition-sim-3331471533/gogobee.db
2026/05/17 13:56:21 INFO dnd: armed ability fired (turn-based build) user=@sim:fighter-l12-dragons_lair-84 ability="Second Wind"
2026/05/17 13:56:21 INFO dnd: armed ability fired (turn-based build) user=@sim:fighter-l12-dragons_lair-84 ability="Second Wind"
2026/05/17 13:56:21 INFO dnd: armed ability fired (turn-based build) user=@sim:fighter-l12-dragons_lair-84 ability="Second Wind"
2026/05/17 13:56:21 INFO database initialized path=/tmp/expedition-sim-1406243817/gogobee.db
2026/05/17 13:56:21 INFO database initialized path=/tmp/expedition-sim-3702911311/gogobee.db
2026/05/17 13:56:21 INFO database initialized path=/tmp/expedition-sim-95380589/gogobee.db
2026/05/17 13:56:21 INFO database initialized path=/tmp/expedition-sim-697676971/gogobee.db
2026/05/17 13:56:21 INFO database initialized path=/tmp/expedition-sim-3546953459/gogobee.db
2026/05/17 13:56:21 INFO database initialized path=/tmp/expedition-sim-2205479400/gogobee.db
2026/05/17 13:56:21 INFO database initialized path=/tmp/expedition-sim-2445131805/gogobee.db
2026/05/17 13:56:21 INFO database initialized path=/tmp/expedition-sim-459427292/gogobee.db
2026/05/17 13:56:21 INFO database initialized path=/tmp/expedition-sim-3792748735/gogobee.db
2026/05/17 13:56:21 INFO database initialized path=/tmp/expedition-sim-1142790709/gogobee.db
2026/05/17 13:56:21 INFO database initialized path=/tmp/expedition-sim-3013400087/gogobee.db
2026/05/17 13:56:21 INFO database initialized path=/tmp/expedition-sim-4000941280/gogobee.db
2026/05/17 13:56:21 INFO dnd: armed ability fired (turn-based build) user=@sim:fighter-l12-dragons_lair-85 ability="Second Wind"
2026/05/17 13:56:21 INFO dnd: armed ability fired (turn-based build) user=@sim:fighter-l12-dragons_lair-85 ability="Second Wind"
2026/05/17 13:56:21 INFO dnd: armed ability fired (turn-based build) user=@sim:fighter-l12-dragons_lair-85 ability="Second Wind"
2026/05/17 13:56:21 INFO database initialized path=/tmp/expedition-sim-250579598/gogobee.db
2026/05/17 13:56:21 INFO database initialized path=/tmp/expedition-sim-2889140289/gogobee.db
2026/05/17 13:56:21 INFO database initialized path=/tmp/expedition-sim-2300284618/gogobee.db
2026/05/17 13:56:21 INFO database initialized path=/tmp/expedition-sim-1873867545/gogobee.db
2026/05/17 13:56:21 INFO database initialized path=/tmp/expedition-sim-2916862362/gogobee.db
2026/05/17 13:56:21 INFO database initialized path=/tmp/expedition-sim-1870655196/gogobee.db
2026/05/17 13:56:21 INFO database initialized path=/tmp/expedition-sim-2413908400/gogobee.db
2026/05/17 13:56:21 INFO database initialized path=/tmp/expedition-sim-3973845902/gogobee.db
2026/05/17 13:56:21 INFO database initialized path=/tmp/expedition-sim-3945038271/gogobee.db
2026/05/17 13:56:22 INFO database initialized path=/tmp/expedition-sim-4180078327/gogobee.db
2026/05/17 13:56:22 INFO database initialized path=/tmp/expedition-sim-2110888234/gogobee.db
2026/05/17 13:56:22 INFO database initialized path=/tmp/expedition-sim-2957684950/gogobee.db
2026/05/17 13:56:22 INFO database initialized path=/tmp/expedition-sim-1013400886/gogobee.db
2026/05/17 13:56:22 INFO dnd: armed ability fired (turn-based build) user=@sim:fighter-l12-dragons_lair-86 ability="Second Wind"
2026/05/17 13:56:22 INFO dnd: armed ability fired (turn-based build) user=@sim:fighter-l12-dragons_lair-86 ability="Second Wind"
2026/05/17 13:56:22 INFO dnd: armed ability fired (turn-based build) user=@sim:fighter-l12-dragons_lair-86 ability="Second Wind"
2026/05/17 13:56:22 INFO database initialized path=/tmp/expedition-sim-354268150/gogobee.db
2026/05/17 13:56:22 INFO database initialized path=/tmp/expedition-sim-1724306280/gogobee.db
2026/05/17 13:56:22 INFO database initialized path=/tmp/expedition-sim-1383154321/gogobee.db
2026/05/17 13:56:22 INFO database initialized path=/tmp/expedition-sim-1292386318/gogobee.db
2026/05/17 13:56:22 INFO database initialized path=/tmp/expedition-sim-2818831697/gogobee.db
2026/05/17 13:56:22 INFO database initialized path=/tmp/expedition-sim-624090998/gogobee.db
2026/05/17 13:56:22 INFO database initialized path=/tmp/expedition-sim-191278211/gogobee.db
2026/05/17 13:56:22 INFO database initialized path=/tmp/expedition-sim-2126141117/gogobee.db
2026/05/17 13:56:22 INFO database initialized path=/tmp/expedition-sim-3864071494/gogobee.db
2026/05/17 13:56:22 INFO dnd: armed ability fired (turn-based build) user=@sim:fighter-l12-dragons_lair-87 ability="Second Wind"
2026/05/17 13:56:22 INFO dnd: armed ability fired (turn-based build) user=@sim:fighter-l12-dragons_lair-87 ability="Second Wind"
2026/05/17 13:56:22 INFO dnd: armed ability fired (turn-based build) user=@sim:fighter-l12-dragons_lair-87 ability="Second Wind"
2026/05/17 13:56:22 INFO database initialized path=/tmp/expedition-sim-110784638/gogobee.db
2026/05/17 13:56:22 INFO database initialized path=/tmp/expedition-sim-1212339138/gogobee.db
2026/05/17 13:56:22 INFO database initialized path=/tmp/expedition-sim-1764229668/gogobee.db
2026/05/17 13:56:22 INFO database initialized path=/tmp/expedition-sim-4093469120/gogobee.db
2026/05/17 13:56:22 INFO database initialized path=/tmp/expedition-sim-1769874054/gogobee.db
2026/05/17 13:56:22 INFO database initialized path=/tmp/expedition-sim-105727004/gogobee.db
2026/05/17 13:56:22 INFO database initialized path=/tmp/expedition-sim-4291441432/gogobee.db
2026/05/17 13:56:22 INFO database initialized path=/tmp/expedition-sim-3572470102/gogobee.db
2026/05/17 13:56:22 INFO database initialized path=/tmp/expedition-sim-1358467914/gogobee.db
2026/05/17 13:56:23 INFO database initialized path=/tmp/expedition-sim-3897549978/gogobee.db
2026/05/17 13:56:23 INFO database initialized path=/tmp/expedition-sim-3300625763/gogobee.db
2026/05/17 13:56:23 INFO database initialized path=/tmp/expedition-sim-3255334116/gogobee.db
2026/05/17 13:56:23 INFO database initialized path=/tmp/expedition-sim-4033049335/gogobee.db
2026/05/17 13:56:23 INFO database initialized path=/tmp/expedition-sim-2944379188/gogobee.db
2026/05/17 13:56:23 INFO dnd: armed ability fired (turn-based build) user=@sim:fighter-l12-dragons_lair-88 ability="Second Wind"
2026/05/17 13:56:23 INFO dnd: armed ability fired (turn-based build) user=@sim:fighter-l12-dragons_lair-88 ability="Second Wind"
2026/05/17 13:56:23 INFO dnd: armed ability fired (turn-based build) user=@sim:fighter-l12-dragons_lair-88 ability="Second Wind"
2026/05/17 13:56:23 INFO database initialized path=/tmp/expedition-sim-1330566731/gogobee.db
2026/05/17 13:56:23 INFO database initialized path=/tmp/expedition-sim-3336783595/gogobee.db
2026/05/17 13:56:23 INFO database initialized path=/tmp/expedition-sim-2187141127/gogobee.db
2026/05/17 13:56:23 INFO database initialized path=/tmp/expedition-sim-715024007/gogobee.db
2026/05/17 13:56:23 INFO database initialized path=/tmp/expedition-sim-75838936/gogobee.db
2026/05/17 13:56:23 INFO database initialized path=/tmp/expedition-sim-3596908584/gogobee.db
2026/05/17 13:56:23 INFO database initialized path=/tmp/expedition-sim-2257627240/gogobee.db
2026/05/17 13:56:23 INFO database initialized path=/tmp/expedition-sim-1735898436/gogobee.db
2026/05/17 13:56:23 INFO database initialized path=/tmp/expedition-sim-2712981381/gogobee.db
2026/05/17 13:56:23 INFO database initialized path=/tmp/expedition-sim-2606738456/gogobee.db
2026/05/17 13:56:23 INFO database initialized path=/tmp/expedition-sim-142362575/gogobee.db
2026/05/17 13:56:23 INFO database initialized path=/tmp/expedition-sim-2736353200/gogobee.db
2026/05/17 13:56:23 INFO database initialized path=/tmp/expedition-sim-1948826072/gogobee.db
2026/05/17 13:56:23 INFO database initialized path=/tmp/expedition-sim-269297901/gogobee.db
2026/05/17 13:56:23 INFO dnd: armed ability fired (turn-based build) user=@sim:fighter-l12-dragons_lair-89 ability="Second Wind"
2026/05/17 13:56:23 INFO dnd: armed ability fired (turn-based build) user=@sim:fighter-l12-dragons_lair-89 ability="Second Wind"
2026/05/17 13:56:23 INFO database initialized path=/tmp/expedition-sim-3234252411/gogobee.db
2026/05/17 13:56:23 INFO dnd: armed ability fired (turn-based build) user=@sim:fighter-l12-dragons_lair-89 ability="Second Wind"
2026/05/17 13:56:23 INFO database initialized path=/tmp/expedition-sim-4059261190/gogobee.db
2026/05/17 13:56:23 INFO database initialized path=/tmp/expedition-sim-1858391238/gogobee.db
2026/05/17 13:56:23 INFO database initialized path=/tmp/expedition-sim-1570148050/gogobee.db
2026/05/17 13:56:23 INFO database initialized path=/tmp/expedition-sim-2729798539/gogobee.db
2026/05/17 13:56:23 INFO database initialized path=/tmp/expedition-sim-3534256526/gogobee.db
2026/05/17 13:56:23 INFO database initialized path=/tmp/expedition-sim-62425946/gogobee.db
2026/05/17 13:56:24 INFO database initialized path=/tmp/expedition-sim-3881414649/gogobee.db
2026/05/17 13:56:24 INFO database initialized path=/tmp/expedition-sim-2768641380/gogobee.db
2026/05/17 13:56:24 INFO database initialized path=/tmp/expedition-sim-1236086028/gogobee.db
2026/05/17 13:56:24 INFO database initialized path=/tmp/expedition-sim-1151793445/gogobee.db
2026/05/17 13:56:24 INFO database initialized path=/tmp/expedition-sim-4180428342/gogobee.db
2026/05/17 13:56:24 INFO database initialized path=/tmp/expedition-sim-2018218404/gogobee.db
2026/05/17 13:56:24 INFO database initialized path=/tmp/expedition-sim-4139889169/gogobee.db
2026/05/17 13:56:24 INFO database initialized path=/tmp/expedition-sim-2219869048/gogobee.db
2026/05/17 13:56:24 INFO database initialized path=/tmp/expedition-sim-2922787239/gogobee.db
2026/05/17 13:56:24 INFO database initialized path=/tmp/expedition-sim-2359196019/gogobee.db
2026/05/17 13:56:24 INFO database initialized path=/tmp/expedition-sim-3931929739/gogobee.db
2026/05/17 13:56:24 INFO dnd: armed ability fired (turn-based build) user=@sim:fighter-l12-dragons_lair-90 ability="Second Wind"
2026/05/17 13:56:24 INFO dnd: armed ability fired (turn-based build) user=@sim:fighter-l12-dragons_lair-90 ability="Second Wind"
2026/05/17 13:56:24 INFO database initialized path=/tmp/expedition-sim-3979017419/gogobee.db
2026/05/17 13:56:24 INFO dnd: armed ability fired (turn-based build) user=@sim:fighter-l12-dragons_lair-90 ability="Second Wind"
2026/05/17 13:56:24 INFO database initialized path=/tmp/expedition-sim-2788936104/gogobee.db
2026/05/17 13:56:24 INFO database initialized path=/tmp/expedition-sim-4131071927/gogobee.db
2026/05/17 13:56:24 INFO database initialized path=/tmp/expedition-sim-483614547/gogobee.db
2026/05/17 13:56:24 INFO database initialized path=/tmp/expedition-sim-1342347256/gogobee.db
2026/05/17 13:56:24 INFO database initialized path=/tmp/expedition-sim-542062875/gogobee.db
2026/05/17 13:56:24 INFO database initialized path=/tmp/expedition-sim-3838429905/gogobee.db
2026/05/17 13:56:24 INFO database initialized path=/tmp/expedition-sim-919174787/gogobee.db
2026/05/17 13:56:24 INFO database initialized path=/tmp/expedition-sim-1285976265/gogobee.db
2026/05/17 13:56:24 INFO database initialized path=/tmp/expedition-sim-2513611329/gogobee.db
2026/05/17 13:56:24 INFO dnd: armed ability fired (turn-based build) user=@sim:fighter-l12-dragons_lair-91 ability="Second Wind"
2026/05/17 13:56:24 INFO dnd: armed ability fired (turn-based build) user=@sim:fighter-l12-dragons_lair-91 ability="Second Wind"
2026/05/17 13:56:24 INFO dnd: armed ability fired (turn-based build) user=@sim:fighter-l12-dragons_lair-91 ability="Second Wind"
2026/05/17 13:56:24 INFO database initialized path=/tmp/expedition-sim-3567869318/gogobee.db
2026/05/17 13:56:24 INFO database initialized path=/tmp/expedition-sim-23877475/gogobee.db
2026/05/17 13:56:24 INFO database initialized path=/tmp/expedition-sim-246570695/gogobee.db
2026/05/17 13:56:24 INFO database initialized path=/tmp/expedition-sim-3630312683/gogobee.db
2026/05/17 13:56:25 INFO database initialized path=/tmp/expedition-sim-3708054036/gogobee.db
2026/05/17 13:56:25 INFO database initialized path=/tmp/expedition-sim-1289810458/gogobee.db
2026/05/17 13:56:25 INFO database initialized path=/tmp/expedition-sim-492197800/gogobee.db
2026/05/17 13:56:25 INFO database initialized path=/tmp/expedition-sim-2178845634/gogobee.db
2026/05/17 13:56:25 INFO database initialized path=/tmp/expedition-sim-4140892419/gogobee.db
2026/05/17 13:56:25 INFO database initialized path=/tmp/expedition-sim-985593143/gogobee.db
2026/05/17 13:56:25 INFO database initialized path=/tmp/expedition-sim-1158222143/gogobee.db
2026/05/17 13:56:25 INFO database initialized path=/tmp/expedition-sim-921409894/gogobee.db
2026/05/17 13:56:25 INFO database initialized path=/tmp/expedition-sim-3789493626/gogobee.db
2026/05/17 13:56:25 INFO database initialized path=/tmp/expedition-sim-3037233212/gogobee.db
2026/05/17 13:56:25 INFO database initialized path=/tmp/expedition-sim-540733271/gogobee.db
2026/05/17 13:56:25 INFO database initialized path=/tmp/expedition-sim-4248808278/gogobee.db
2026/05/17 13:56:25 INFO dnd: armed ability fired (turn-based build) user=@sim:fighter-l12-dragons_lair-92 ability="Second Wind"
2026/05/17 13:56:25 INFO dnd: armed ability fired (turn-based build) user=@sim:fighter-l12-dragons_lair-92 ability="Second Wind"
2026/05/17 13:56:25 INFO dnd: armed ability fired (turn-based build) user=@sim:fighter-l12-dragons_lair-92 ability="Second Wind"
2026/05/17 13:56:25 INFO database initialized path=/tmp/expedition-sim-3060047138/gogobee.db
2026/05/17 13:56:25 INFO database initialized path=/tmp/expedition-sim-2988021547/gogobee.db
2026/05/17 13:56:25 INFO database initialized path=/tmp/expedition-sim-1677565488/gogobee.db
2026/05/17 13:56:25 INFO database initialized path=/tmp/expedition-sim-917076951/gogobee.db
2026/05/17 13:56:25 INFO database initialized path=/tmp/expedition-sim-1166507717/gogobee.db
2026/05/17 13:56:25 INFO database initialized path=/tmp/expedition-sim-2359619996/gogobee.db
2026/05/17 13:56:25 INFO database initialized path=/tmp/expedition-sim-64446945/gogobee.db
2026/05/17 13:56:25 INFO database initialized path=/tmp/expedition-sim-4098729612/gogobee.db
2026/05/17 13:56:26 INFO database initialized path=/tmp/expedition-sim-4164094558/gogobee.db
2026/05/17 13:56:26 INFO database initialized path=/tmp/expedition-sim-638484931/gogobee.db
2026/05/17 13:56:26 INFO database initialized path=/tmp/expedition-sim-3392298007/gogobee.db
2026/05/17 13:56:26 INFO database initialized path=/tmp/expedition-sim-1350347652/gogobee.db
2026/05/17 13:56:26 INFO database initialized path=/tmp/expedition-sim-2963262231/gogobee.db
2026/05/17 13:56:26 INFO database initialized path=/tmp/expedition-sim-2895889855/gogobee.db
2026/05/17 13:56:26 INFO database initialized path=/tmp/expedition-sim-3054100256/gogobee.db
2026/05/17 13:56:26 INFO database initialized path=/tmp/expedition-sim-193043976/gogobee.db
2026/05/17 13:56:26 INFO database initialized path=/tmp/expedition-sim-1973498754/gogobee.db
2026/05/17 13:56:26 INFO database initialized path=/tmp/expedition-sim-3337707916/gogobee.db
2026/05/17 13:56:26 INFO dnd: armed ability fired (turn-based build) user=@sim:fighter-l12-dragons_lair-93 ability="Second Wind"
2026/05/17 13:56:26 INFO dnd: armed ability fired (turn-based build) user=@sim:fighter-l12-dragons_lair-93 ability="Second Wind"
2026/05/17 13:56:26 INFO dnd: armed ability fired (turn-based build) user=@sim:fighter-l12-dragons_lair-93 ability="Second Wind"
2026/05/17 13:56:26 INFO database initialized path=/tmp/expedition-sim-2096156503/gogobee.db
2026/05/17 13:56:26 INFO database initialized path=/tmp/expedition-sim-2400582507/gogobee.db
2026/05/17 13:56:26 INFO database initialized path=/tmp/expedition-sim-1971658910/gogobee.db
2026/05/17 13:56:26 INFO database initialized path=/tmp/expedition-sim-1109104111/gogobee.db
2026/05/17 13:56:26 INFO database initialized path=/tmp/expedition-sim-2627808364/gogobee.db
2026/05/17 13:56:26 INFO database initialized path=/tmp/expedition-sim-1283856709/gogobee.db
2026/05/17 13:56:26 INFO database initialized path=/tmp/expedition-sim-1535876051/gogobee.db
2026/05/17 13:56:26 INFO dnd: armed ability fired (turn-based build) user=@sim:fighter-l12-dragons_lair-94 ability="Second Wind"
2026/05/17 13:56:26 INFO dnd: armed ability fired (turn-based build) user=@sim:fighter-l12-dragons_lair-94 ability="Second Wind"
2026/05/17 13:56:26 INFO dnd: armed ability fired (turn-based build) user=@sim:fighter-l12-dragons_lair-94 ability="Second Wind"
2026/05/17 13:56:26 INFO database initialized path=/tmp/expedition-sim-1233247378/gogobee.db
2026/05/17 13:56:26 INFO database initialized path=/tmp/expedition-sim-2518379880/gogobee.db
2026/05/17 13:56:27 INFO database initialized path=/tmp/expedition-sim-2667605418/gogobee.db
2026/05/17 13:56:27 INFO database initialized path=/tmp/expedition-sim-1447303113/gogobee.db
2026/05/17 13:56:27 INFO database initialized path=/tmp/expedition-sim-3670036657/gogobee.db
2026/05/17 13:56:27 INFO database initialized path=/tmp/expedition-sim-44806352/gogobee.db
2026/05/17 13:56:27 INFO database initialized path=/tmp/expedition-sim-4077035049/gogobee.db
2026/05/17 13:56:27 INFO dnd: armed ability fired (turn-based build) user=@sim:fighter-l12-dragons_lair-95 ability="Second Wind"
2026/05/17 13:56:27 INFO dnd: armed ability fired (turn-based build) user=@sim:fighter-l12-dragons_lair-95 ability="Second Wind"
2026/05/17 13:56:27 INFO dnd: armed ability fired (turn-based build) user=@sim:fighter-l12-dragons_lair-95 ability="Second Wind"
2026/05/17 13:56:27 INFO database initialized path=/tmp/expedition-sim-1099768749/gogobee.db
2026/05/17 13:56:27 INFO database initialized path=/tmp/expedition-sim-1237291194/gogobee.db
2026/05/17 13:56:27 INFO database initialized path=/tmp/expedition-sim-243349196/gogobee.db
2026/05/17 13:56:27 INFO database initialized path=/tmp/expedition-sim-291155426/gogobee.db
2026/05/17 13:56:27 INFO database initialized path=/tmp/expedition-sim-42642550/gogobee.db
2026/05/17 13:56:27 INFO database initialized path=/tmp/expedition-sim-3988860766/gogobee.db
2026/05/17 13:56:27 INFO database initialized path=/tmp/expedition-sim-270961389/gogobee.db
2026/05/17 13:56:27 INFO database initialized path=/tmp/expedition-sim-1882474287/gogobee.db
2026/05/17 13:56:27 INFO database initialized path=/tmp/expedition-sim-1681772569/gogobee.db
2026/05/17 13:56:27 INFO dnd: armed ability fired (turn-based build) user=@sim:fighter-l12-dragons_lair-96 ability="Second Wind"
2026/05/17 13:56:27 INFO database initialized path=/tmp/expedition-sim-2652971298/gogobee.db
2026/05/17 13:56:27 INFO dnd: armed ability fired (turn-based build) user=@sim:fighter-l12-dragons_lair-96 ability="Second Wind"
2026/05/17 13:56:27 INFO database initialized path=/tmp/expedition-sim-3322567829/gogobee.db
2026/05/17 13:56:27 INFO dnd: armed ability fired (turn-based build) user=@sim:fighter-l12-dragons_lair-96 ability="Second Wind"
2026/05/17 13:56:27 INFO database initialized path=/tmp/expedition-sim-2154489332/gogobee.db
2026/05/17 13:56:27 INFO database initialized path=/tmp/expedition-sim-2216336553/gogobee.db
2026/05/17 13:56:27 INFO database initialized path=/tmp/expedition-sim-3640039908/gogobee.db
2026/05/17 13:56:27 INFO database initialized path=/tmp/expedition-sim-1960868317/gogobee.db
2026/05/17 13:56:28 INFO database initialized path=/tmp/expedition-sim-576333482/gogobee.db
2026/05/17 13:56:28 INFO database initialized path=/tmp/expedition-sim-2710276429/gogobee.db
2026/05/17 13:56:28 INFO database initialized path=/tmp/expedition-sim-4126717656/gogobee.db
2026/05/17 13:56:28 INFO database initialized path=/tmp/expedition-sim-3341472029/gogobee.db
2026/05/17 13:56:28 INFO database initialized path=/tmp/expedition-sim-1406666918/gogobee.db
2026/05/17 13:56:28 INFO dnd: armed ability fired (turn-based build) user=@sim:fighter-l12-dragons_lair-97 ability="Second Wind"
2026/05/17 13:56:28 INFO dnd: armed ability fired (turn-based build) user=@sim:fighter-l12-dragons_lair-97 ability="Second Wind"
2026/05/17 13:56:28 INFO dnd: armed ability fired (turn-based build) user=@sim:fighter-l12-dragons_lair-97 ability="Second Wind"
2026/05/17 13:56:28 INFO database initialized path=/tmp/expedition-sim-3414249734/gogobee.db
2026/05/17 13:56:28 INFO database initialized path=/tmp/expedition-sim-265610272/gogobee.db
2026/05/17 13:56:28 INFO database initialized path=/tmp/expedition-sim-734561461/gogobee.db
2026/05/17 13:56:28 INFO database initialized path=/tmp/expedition-sim-3312951232/gogobee.db
2026/05/17 13:56:28 INFO database initialized path=/tmp/expedition-sim-770402092/gogobee.db
2026/05/17 13:56:28 INFO database initialized path=/tmp/expedition-sim-665560437/gogobee.db
2026/05/17 13:56:28 INFO database initialized path=/tmp/expedition-sim-2561513361/gogobee.db
2026/05/17 13:56:28 INFO database initialized path=/tmp/expedition-sim-4173412051/gogobee.db
2026/05/17 13:56:28 INFO dnd: armed ability fired (turn-based build) user=@sim:fighter-l12-dragons_lair-98 ability="Second Wind"
2026/05/17 13:56:28 INFO dnd: armed ability fired (turn-based build) user=@sim:fighter-l12-dragons_lair-98 ability="Second Wind"
2026/05/17 13:56:28 INFO dnd: armed ability fired (turn-based build) user=@sim:fighter-l12-dragons_lair-98 ability="Second Wind"
2026/05/17 13:56:28 INFO database initialized path=/tmp/expedition-sim-2112023172/gogobee.db
2026/05/17 13:56:28 INFO database initialized path=/tmp/expedition-sim-3860211852/gogobee.db
2026/05/17 13:56:28 INFO database initialized path=/tmp/expedition-sim-3765303916/gogobee.db
2026/05/17 13:56:28 INFO database initialized path=/tmp/expedition-sim-3580648079/gogobee.db
2026/05/17 13:56:29 INFO database initialized path=/tmp/expedition-sim-854314688/gogobee.db
2026/05/17 13:56:29 INFO database initialized path=/tmp/expedition-sim-539539582/gogobee.db
2026/05/17 13:56:29 INFO database initialized path=/tmp/expedition-sim-2392655705/gogobee.db
2026/05/17 13:56:29 INFO dnd: armed ability fired (turn-based build) user=@sim:fighter-l12-dragons_lair-99 ability="Second Wind"
2026/05/17 13:56:29 INFO database initialized path=/tmp/expedition-sim-2849262068/gogobee.db
2026/05/17 13:56:29 INFO dnd: armed ability fired (turn-based build) user=@sim:fighter-l12-dragons_lair-99 ability="Second Wind"
2026/05/17 13:56:29 INFO database initialized path=/tmp/expedition-sim-3457693949/gogobee.db
2026/05/17 13:56:29 INFO database initialized path=/tmp/expedition-sim-3410950587/gogobee.db
2026/05/17 13:56:29 INFO dnd: armed ability fired (turn-based build) user=@sim:fighter-l12-dragons_lair-99 ability="Second Wind"
2026/05/17 13:56:29 INFO database initialized path=/tmp/expedition-sim-2062607691/gogobee.db
2026/05/17 13:56:29 INFO database initialized path=/tmp/expedition-sim-2239987184/gogobee.db
2026/05/17 13:56:29 INFO database initialized path=/tmp/expedition-sim-2745668004/gogobee.db
2026/05/17 13:56:29 INFO database initialized path=/tmp/expedition-sim-3406271649/gogobee.db
2026/05/17 13:56:29 INFO database initialized path=/tmp/expedition-sim-1269557625/gogobee.db
2026/05/17 13:56:29 INFO database initialized path=/tmp/expedition-sim-2776937161/gogobee.db
2026/05/17 13:56:29 INFO database initialized path=/tmp/expedition-sim-1902010886/gogobee.db
2026/05/17 13:56:29 INFO database initialized path=/tmp/expedition-sim-174019931/gogobee.db
2026/05/17 13:56:29 INFO database initialized path=/tmp/expedition-sim-1764976759/gogobee.db
2026/05/17 13:56:29 INFO database initialized path=/tmp/expedition-sim-910543836/gogobee.db
2026/05/17 13:56:29 INFO database initialized path=/tmp/expedition-sim-1756520058/gogobee.db
2026/05/17 13:56:29 INFO database initialized path=/tmp/expedition-sim-1048915923/gogobee.db
2026/05/17 13:56:29 INFO database initialized path=/tmp/expedition-sim-1723478433/gogobee.db
2026/05/17 13:56:29 INFO database initialized path=/tmp/expedition-sim-1267557840/gogobee.db
2026/05/17 13:56:29 INFO database initialized path=/tmp/expedition-sim-1076932327/gogobee.db
2026/05/17 13:56:30 INFO database initialized path=/tmp/expedition-sim-3844398601/gogobee.db
2026/05/17 13:56:30 INFO database initialized path=/tmp/expedition-sim-2734071677/gogobee.db
2026/05/17 13:56:30 INFO database initialized path=/tmp/expedition-sim-2381697572/gogobee.db
2026/05/17 13:56:30 INFO database initialized path=/tmp/expedition-sim-256892321/gogobee.db
2026/05/17 13:56:30 INFO database initialized path=/tmp/expedition-sim-2082163308/gogobee.db
2026/05/17 13:56:30 INFO database initialized path=/tmp/expedition-sim-362049390/gogobee.db
2026/05/17 13:56:30 INFO database initialized path=/tmp/expedition-sim-608230597/gogobee.db
2026/05/17 13:56:30 INFO database initialized path=/tmp/expedition-sim-2809840315/gogobee.db
2026/05/17 13:56:30 INFO database initialized path=/tmp/expedition-sim-721358283/gogobee.db
2026/05/17 13:56:30 INFO database initialized path=/tmp/expedition-sim-1901208314/gogobee.db
2026/05/17 13:56:30 INFO database initialized path=/tmp/expedition-sim-545071700/gogobee.db
2026/05/17 13:56:30 INFO database initialized path=/tmp/expedition-sim-361212313/gogobee.db
2026/05/17 13:56:30 INFO database initialized path=/tmp/expedition-sim-1217406768/gogobee.db
2026/05/17 13:56:30 INFO database initialized path=/tmp/expedition-sim-872602133/gogobee.db
2026/05/17 13:56:30 INFO database initialized path=/tmp/expedition-sim-80161384/gogobee.db
2026/05/17 13:56:30 INFO database initialized path=/tmp/expedition-sim-494469532/gogobee.db
2026/05/17 13:56:30 INFO database initialized path=/tmp/expedition-sim-2967555699/gogobee.db
2026/05/17 13:56:31 INFO database initialized path=/tmp/expedition-sim-3701803557/gogobee.db
2026/05/17 13:56:31 INFO database initialized path=/tmp/expedition-sim-1877917830/gogobee.db
2026/05/17 13:56:31 INFO database initialized path=/tmp/expedition-sim-1226974141/gogobee.db
2026/05/17 13:56:31 INFO database initialized path=/tmp/expedition-sim-1235124026/gogobee.db
2026/05/17 13:56:31 INFO database initialized path=/tmp/expedition-sim-172546017/gogobee.db
2026/05/17 13:56:31 INFO database initialized path=/tmp/expedition-sim-256686995/gogobee.db
2026/05/17 13:56:31 INFO database initialized path=/tmp/expedition-sim-711782887/gogobee.db
2026/05/17 13:56:31 INFO database initialized path=/tmp/expedition-sim-4022915035/gogobee.db
2026/05/17 13:56:31 INFO database initialized path=/tmp/expedition-sim-2255998300/gogobee.db
2026/05/17 13:56:31 INFO database initialized path=/tmp/expedition-sim-2998200365/gogobee.db
2026/05/17 13:56:31 INFO database initialized path=/tmp/expedition-sim-1332543708/gogobee.db
2026/05/17 13:56:31 INFO database initialized path=/tmp/expedition-sim-172674331/gogobee.db
2026/05/17 13:56:31 INFO database initialized path=/tmp/expedition-sim-1092841387/gogobee.db
2026/05/17 13:56:31 INFO database initialized path=/tmp/expedition-sim-1300938871/gogobee.db
2026/05/17 13:56:31 INFO database initialized path=/tmp/expedition-sim-2110631445/gogobee.db
2026/05/17 13:56:31 INFO database initialized path=/tmp/expedition-sim-3216947887/gogobee.db
2026/05/17 13:56:31 INFO database initialized path=/tmp/expedition-sim-3163951939/gogobee.db
2026/05/17 13:56:32 INFO database initialized path=/tmp/expedition-sim-4011724771/gogobee.db
2026/05/17 13:56:32 INFO database initialized path=/tmp/expedition-sim-174564158/gogobee.db
2026/05/17 13:56:32 INFO database initialized path=/tmp/expedition-sim-3251346204/gogobee.db
2026/05/17 13:56:32 INFO database initialized path=/tmp/expedition-sim-1660527464/gogobee.db
2026/05/17 13:56:32 INFO database initialized path=/tmp/expedition-sim-3485231336/gogobee.db
2026/05/17 13:56:32 INFO database initialized path=/tmp/expedition-sim-2797539597/gogobee.db
2026/05/17 13:56:32 INFO database initialized path=/tmp/expedition-sim-241301858/gogobee.db
2026/05/17 13:56:32 INFO database initialized path=/tmp/expedition-sim-2012652824/gogobee.db
2026/05/17 13:56:32 INFO database initialized path=/tmp/expedition-sim-493675813/gogobee.db
2026/05/17 13:56:32 INFO database initialized path=/tmp/expedition-sim-2130696755/gogobee.db
2026/05/17 13:56:32 INFO database initialized path=/tmp/expedition-sim-2313124441/gogobee.db
2026/05/17 13:56:32 INFO database initialized path=/tmp/expedition-sim-184632197/gogobee.db
2026/05/17 13:56:32 INFO database initialized path=/tmp/expedition-sim-4158675222/gogobee.db
2026/05/17 13:56:32 INFO database initialized path=/tmp/expedition-sim-2411443792/gogobee.db
2026/05/17 13:56:32 INFO database initialized path=/tmp/expedition-sim-2203081564/gogobee.db
2026/05/17 13:56:32 INFO database initialized path=/tmp/expedition-sim-281826821/gogobee.db
2026/05/17 13:56:33 INFO database initialized path=/tmp/expedition-sim-965676338/gogobee.db
2026/05/17 13:56:33 INFO database initialized path=/tmp/expedition-sim-3042813616/gogobee.db
2026/05/17 13:56:33 INFO database initialized path=/tmp/expedition-sim-319975814/gogobee.db
2026/05/17 13:56:33 INFO database initialized path=/tmp/expedition-sim-711324609/gogobee.db
2026/05/17 13:56:33 INFO database initialized path=/tmp/expedition-sim-3493197892/gogobee.db
2026/05/17 13:56:33 INFO database initialized path=/tmp/expedition-sim-123965554/gogobee.db
2026/05/17 13:56:33 INFO database initialized path=/tmp/expedition-sim-1610620735/gogobee.db
2026/05/17 13:56:33 INFO database initialized path=/tmp/expedition-sim-3768154579/gogobee.db
2026/05/17 13:56:33 INFO database initialized path=/tmp/expedition-sim-1877194711/gogobee.db
2026/05/17 13:56:33 INFO database initialized path=/tmp/expedition-sim-2265650942/gogobee.db
2026/05/17 13:56:33 INFO database initialized path=/tmp/expedition-sim-3339636884/gogobee.db
2026/05/17 13:56:33 INFO database initialized path=/tmp/expedition-sim-3341410854/gogobee.db
2026/05/17 13:56:33 INFO database initialized path=/tmp/expedition-sim-1648600281/gogobee.db
2026/05/17 13:56:33 INFO database initialized path=/tmp/expedition-sim-3898660686/gogobee.db
2026/05/17 13:56:33 INFO database initialized path=/tmp/expedition-sim-457424629/gogobee.db
2026/05/17 13:56:34 INFO database initialized path=/tmp/expedition-sim-779280870/gogobee.db
2026/05/17 13:56:34 INFO database initialized path=/tmp/expedition-sim-2228285244/gogobee.db
2026/05/17 13:56:34 INFO database initialized path=/tmp/expedition-sim-2206018400/gogobee.db
2026/05/17 13:56:34 INFO database initialized path=/tmp/expedition-sim-1338451632/gogobee.db
2026/05/17 13:56:34 INFO database initialized path=/tmp/expedition-sim-3332674641/gogobee.db
2026/05/17 13:56:34 INFO database initialized path=/tmp/expedition-sim-1442709643/gogobee.db
2026/05/17 13:56:34 INFO database initialized path=/tmp/expedition-sim-490049702/gogobee.db
2026/05/17 13:56:34 INFO database initialized path=/tmp/expedition-sim-773011956/gogobee.db
2026/05/17 13:56:34 INFO database initialized path=/tmp/expedition-sim-1186637030/gogobee.db
2026/05/17 13:56:34 INFO database initialized path=/tmp/expedition-sim-1166388019/gogobee.db
2026/05/17 13:56:34 INFO database initialized path=/tmp/expedition-sim-900921770/gogobee.db
2026/05/17 13:56:34 INFO database initialized path=/tmp/expedition-sim-498983384/gogobee.db
2026/05/17 13:56:34 INFO database initialized path=/tmp/expedition-sim-1024530392/gogobee.db
2026/05/17 13:56:34 INFO database initialized path=/tmp/expedition-sim-1903979246/gogobee.db
2026/05/17 13:56:34 INFO database initialized path=/tmp/expedition-sim-2651565339/gogobee.db
2026/05/17 13:56:34 INFO database initialized path=/tmp/expedition-sim-2290567677/gogobee.db
2026/05/17 13:56:34 INFO database initialized path=/tmp/expedition-sim-840664321/gogobee.db
2026/05/17 13:56:35 INFO database initialized path=/tmp/expedition-sim-2400305725/gogobee.db
2026/05/17 13:56:35 INFO database initialized path=/tmp/expedition-sim-1250585349/gogobee.db
2026/05/17 13:56:35 INFO database initialized path=/tmp/expedition-sim-2089007762/gogobee.db
2026/05/17 13:56:35 INFO database initialized path=/tmp/expedition-sim-1962603373/gogobee.db
2026/05/17 13:56:35 INFO database initialized path=/tmp/expedition-sim-1261456615/gogobee.db
2026/05/17 13:56:35 INFO database initialized path=/tmp/expedition-sim-1278181676/gogobee.db
2026/05/17 13:56:35 INFO database initialized path=/tmp/expedition-sim-3416689508/gogobee.db
2026/05/17 13:56:35 INFO database initialized path=/tmp/expedition-sim-1138394912/gogobee.db
2026/05/17 13:56:35 INFO database initialized path=/tmp/expedition-sim-775939811/gogobee.db
2026/05/17 13:56:35 INFO database initialized path=/tmp/expedition-sim-679582372/gogobee.db
2026/05/17 13:56:35 INFO database initialized path=/tmp/expedition-sim-325641018/gogobee.db
2026/05/17 13:56:35 INFO database initialized path=/tmp/expedition-sim-160414664/gogobee.db
2026/05/17 13:56:35 INFO database initialized path=/tmp/expedition-sim-1663953106/gogobee.db
2026/05/17 13:56:35 INFO database initialized path=/tmp/expedition-sim-53847725/gogobee.db
2026/05/17 13:56:35 INFO database initialized path=/tmp/expedition-sim-3268245732/gogobee.db
2026/05/17 13:56:36 INFO database initialized path=/tmp/expedition-sim-1529092950/gogobee.db
2026/05/17 13:56:36 INFO database initialized path=/tmp/expedition-sim-2504270067/gogobee.db
2026/05/17 13:56:36 INFO database initialized path=/tmp/expedition-sim-3870921149/gogobee.db
2026/05/17 13:56:36 INFO database initialized path=/tmp/expedition-sim-1827947370/gogobee.db
2026/05/17 13:56:36 INFO database initialized path=/tmp/expedition-sim-2579516613/gogobee.db
2026/05/17 13:56:36 INFO database initialized path=/tmp/expedition-sim-3510221291/gogobee.db
2026/05/17 13:56:36 INFO database initialized path=/tmp/expedition-sim-3128279924/gogobee.db
2026/05/17 13:56:36 INFO database initialized path=/tmp/expedition-sim-3460677802/gogobee.db
2026/05/17 13:56:36 INFO database initialized path=/tmp/expedition-sim-3072913275/gogobee.db
2026/05/17 13:56:36 INFO database initialized path=/tmp/expedition-sim-471188362/gogobee.db
2026/05/17 13:56:36 INFO database initialized path=/tmp/expedition-sim-642686811/gogobee.db
2026/05/17 13:56:36 INFO database initialized path=/tmp/expedition-sim-1552605525/gogobee.db
2026/05/17 13:56:36 INFO database initialized path=/tmp/expedition-sim-2560476101/gogobee.db
2026/05/17 13:56:36 INFO database initialized path=/tmp/expedition-sim-4210377165/gogobee.db
2026/05/17 13:56:36 INFO database initialized path=/tmp/expedition-sim-3191683944/gogobee.db
2026/05/17 13:56:36 INFO database initialized path=/tmp/expedition-sim-3393341240/gogobee.db
2026/05/17 13:56:36 INFO database initialized path=/tmp/expedition-sim-1710846526/gogobee.db
2026/05/17 13:56:37 INFO database initialized path=/tmp/expedition-sim-708113391/gogobee.db
2026/05/17 13:56:37 INFO database initialized path=/tmp/expedition-sim-1733477234/gogobee.db
2026/05/17 13:56:37 INFO database initialized path=/tmp/expedition-sim-910076797/gogobee.db
2026/05/17 13:56:37 INFO database initialized path=/tmp/expedition-sim-38252112/gogobee.db
2026/05/17 13:56:37 INFO database initialized path=/tmp/expedition-sim-511373301/gogobee.db
2026/05/17 13:56:37 INFO database initialized path=/tmp/expedition-sim-2568105899/gogobee.db
2026/05/17 13:56:37 INFO database initialized path=/tmp/expedition-sim-1621465476/gogobee.db
2026/05/17 13:56:37 INFO database initialized path=/tmp/expedition-sim-3195967319/gogobee.db
2026/05/17 13:56:37 INFO database initialized path=/tmp/expedition-sim-2955971275/gogobee.db
2026/05/17 13:56:37 INFO database initialized path=/tmp/expedition-sim-4271332005/gogobee.db
2026/05/17 13:56:37 INFO database initialized path=/tmp/expedition-sim-1590744486/gogobee.db
2026/05/17 13:56:37 INFO database initialized path=/tmp/expedition-sim-2033083786/gogobee.db
2026/05/17 13:56:37 INFO database initialized path=/tmp/expedition-sim-3686398781/gogobee.db
2026/05/17 13:56:37 INFO database initialized path=/tmp/expedition-sim-1339017022/gogobee.db
2026/05/17 13:56:37 INFO database initialized path=/tmp/expedition-sim-1279428296/gogobee.db
2026/05/17 13:56:38 INFO database initialized path=/tmp/expedition-sim-2720081297/gogobee.db
2026/05/17 13:56:38 INFO database initialized path=/tmp/expedition-sim-4047496299/gogobee.db
2026/05/17 13:56:38 INFO database initialized path=/tmp/expedition-sim-3434008580/gogobee.db
2026/05/17 13:56:38 INFO database initialized path=/tmp/expedition-sim-3631511944/gogobee.db
2026/05/17 13:56:38 INFO database initialized path=/tmp/expedition-sim-2306220811/gogobee.db
2026/05/17 13:56:38 INFO database initialized path=/tmp/expedition-sim-2871884474/gogobee.db
2026/05/17 13:56:38 INFO database initialized path=/tmp/expedition-sim-395899439/gogobee.db
2026/05/17 13:56:38 INFO database initialized path=/tmp/expedition-sim-3355086691/gogobee.db
2026/05/17 13:56:38 INFO database initialized path=/tmp/expedition-sim-1356986647/gogobee.db
2026/05/17 13:56:38 INFO database initialized path=/tmp/expedition-sim-4080357502/gogobee.db
2026/05/17 13:56:38 INFO database initialized path=/tmp/expedition-sim-648487700/gogobee.db
2026/05/17 13:56:38 INFO database initialized path=/tmp/expedition-sim-2297873999/gogobee.db
2026/05/17 13:56:38 INFO database initialized path=/tmp/expedition-sim-4123301318/gogobee.db
2026/05/17 13:56:38 INFO database initialized path=/tmp/expedition-sim-73489497/gogobee.db
2026/05/17 13:56:38 INFO database initialized path=/tmp/expedition-sim-3890520178/gogobee.db
2026/05/17 13:56:38 INFO database initialized path=/tmp/expedition-sim-2439924476/gogobee.db
2026/05/17 13:56:38 INFO database initialized path=/tmp/expedition-sim-1883306223/gogobee.db
2026/05/17 13:56:38 INFO database initialized path=/tmp/expedition-sim-845274475/gogobee.db
2026/05/17 13:56:38 INFO database initialized path=/tmp/expedition-sim-2904366175/gogobee.db
2026/05/17 13:56:39 INFO database initialized path=/tmp/expedition-sim-4218067325/gogobee.db
2026/05/17 13:56:39 INFO database initialized path=/tmp/expedition-sim-2747468136/gogobee.db
2026/05/17 13:56:39 INFO database initialized path=/tmp/expedition-sim-268819820/gogobee.db
2026/05/17 13:56:39 INFO database initialized path=/tmp/expedition-sim-520874548/gogobee.db
2026/05/17 13:56:39 INFO database initialized path=/tmp/expedition-sim-3223530992/gogobee.db
2026/05/17 13:56:39 INFO database initialized path=/tmp/expedition-sim-3042389946/gogobee.db
2026/05/17 13:56:39 INFO database initialized path=/tmp/expedition-sim-1072016385/gogobee.db
2026/05/17 13:56:39 INFO database initialized path=/tmp/expedition-sim-3122641669/gogobee.db
2026/05/17 13:56:39 INFO database initialized path=/tmp/expedition-sim-2988726565/gogobee.db
2026/05/17 13:56:39 INFO database initialized path=/tmp/expedition-sim-3444636413/gogobee.db
2026/05/17 13:56:39 INFO database initialized path=/tmp/expedition-sim-958055564/gogobee.db
2026/05/17 13:56:39 INFO database initialized path=/tmp/expedition-sim-3965168043/gogobee.db
2026/05/17 13:56:39 INFO database initialized path=/tmp/expedition-sim-551011524/gogobee.db
2026/05/17 13:56:39 INFO database initialized path=/tmp/expedition-sim-248220338/gogobee.db
2026/05/17 13:56:39 INFO database initialized path=/tmp/expedition-sim-4095127320/gogobee.db
2026/05/17 13:56:39 INFO database initialized path=/tmp/expedition-sim-2012864504/gogobee.db
2026/05/17 13:56:39 INFO database initialized path=/tmp/expedition-sim-1128903204/gogobee.db
2026/05/17 13:56:40 INFO database initialized path=/tmp/expedition-sim-1435006657/gogobee.db
2026/05/17 13:56:40 INFO database initialized path=/tmp/expedition-sim-1889366754/gogobee.db
2026/05/17 13:56:40 INFO database initialized path=/tmp/expedition-sim-3575538519/gogobee.db
2026/05/17 13:56:40 INFO database initialized path=/tmp/expedition-sim-3024607388/gogobee.db
2026/05/17 13:56:40 INFO database initialized path=/tmp/expedition-sim-3402155519/gogobee.db
2026/05/17 13:56:40 INFO database initialized path=/tmp/expedition-sim-481931899/gogobee.db
2026/05/17 13:56:40 INFO database initialized path=/tmp/expedition-sim-50538864/gogobee.db
2026/05/17 13:56:40 INFO database initialized path=/tmp/expedition-sim-297756611/gogobee.db
2026/05/17 13:56:40 INFO database initialized path=/tmp/expedition-sim-3618740378/gogobee.db
2026/05/17 13:56:40 INFO database initialized path=/tmp/expedition-sim-333121773/gogobee.db
2026/05/17 13:56:40 INFO database initialized path=/tmp/expedition-sim-3971116085/gogobee.db
2026/05/17 13:56:40 INFO database initialized path=/tmp/expedition-sim-2730974974/gogobee.db
2026/05/17 13:56:40 INFO database initialized path=/tmp/expedition-sim-1086564656/gogobee.db
2026/05/17 13:56:40 INFO database initialized path=/tmp/expedition-sim-3749741200/gogobee.db
2026/05/17 13:56:40 INFO database initialized path=/tmp/expedition-sim-2235516728/gogobee.db
2026/05/17 13:56:41 INFO database initialized path=/tmp/expedition-sim-4205599915/gogobee.db
2026/05/17 13:56:41 INFO database initialized path=/tmp/expedition-sim-186238736/gogobee.db
2026/05/17 13:56:41 INFO database initialized path=/tmp/expedition-sim-3736007074/gogobee.db
2026/05/17 13:56:41 INFO database initialized path=/tmp/expedition-sim-3505012559/gogobee.db
2026/05/17 13:56:41 INFO database initialized path=/tmp/expedition-sim-33837517/gogobee.db
2026/05/17 13:56:41 INFO database initialized path=/tmp/expedition-sim-878620873/gogobee.db
2026/05/17 13:56:41 INFO database initialized path=/tmp/expedition-sim-2240822197/gogobee.db
2026/05/17 13:56:41 INFO database initialized path=/tmp/expedition-sim-559538140/gogobee.db
2026/05/17 13:56:41 INFO database initialized path=/tmp/expedition-sim-196921308/gogobee.db
2026/05/17 13:56:41 INFO database initialized path=/tmp/expedition-sim-599433647/gogobee.db
2026/05/17 13:56:41 INFO database initialized path=/tmp/expedition-sim-1449018897/gogobee.db
2026/05/17 13:56:41 INFO database initialized path=/tmp/expedition-sim-116248025/gogobee.db
2026/05/17 13:56:41 INFO database initialized path=/tmp/expedition-sim-3584644254/gogobee.db
2026/05/17 13:56:41 INFO database initialized path=/tmp/expedition-sim-184385384/gogobee.db
2026/05/17 13:56:41 INFO database initialized path=/tmp/expedition-sim-276905097/gogobee.db
2026/05/17 13:56:41 INFO database initialized path=/tmp/expedition-sim-1193389160/gogobee.db
2026/05/17 13:56:41 INFO database initialized path=/tmp/expedition-sim-355018710/gogobee.db
2026/05/17 13:56:41 INFO database initialized path=/tmp/expedition-sim-3521600515/gogobee.db
2026/05/17 13:56:42 INFO database initialized path=/tmp/expedition-sim-3730468076/gogobee.db
2026/05/17 13:56:42 INFO database initialized path=/tmp/expedition-sim-911989372/gogobee.db
2026/05/17 13:56:42 INFO database initialized path=/tmp/expedition-sim-2695001944/gogobee.db
2026/05/17 13:56:42 INFO database initialized path=/tmp/expedition-sim-535778602/gogobee.db
2026/05/17 13:56:42 INFO database initialized path=/tmp/expedition-sim-2178236553/gogobee.db
2026/05/17 13:56:42 INFO database initialized path=/tmp/expedition-sim-1610297923/gogobee.db
2026/05/17 13:56:42 INFO database initialized path=/tmp/expedition-sim-1192078878/gogobee.db
2026/05/17 13:56:42 INFO database initialized path=/tmp/expedition-sim-433689895/gogobee.db
2026/05/17 13:56:42 INFO database initialized path=/tmp/expedition-sim-2986402050/gogobee.db
2026/05/17 13:56:42 INFO database initialized path=/tmp/expedition-sim-881181219/gogobee.db
2026/05/17 13:56:42 INFO database initialized path=/tmp/expedition-sim-3407114381/gogobee.db
2026/05/17 13:56:43 INFO database initialized path=/tmp/expedition-sim-3430410843/gogobee.db
2026/05/17 13:56:43 INFO database initialized path=/tmp/expedition-sim-595020899/gogobee.db
2026/05/17 13:56:43 INFO database initialized path=/tmp/expedition-sim-2623335918/gogobee.db
2026/05/17 13:56:43 INFO database initialized path=/tmp/expedition-sim-4176103618/gogobee.db
2026/05/17 13:56:43 INFO database initialized path=/tmp/expedition-sim-410125009/gogobee.db
2026/05/17 13:56:43 INFO database initialized path=/tmp/expedition-sim-3589162837/gogobee.db
2026/05/17 13:56:43 INFO database initialized path=/tmp/expedition-sim-1985807440/gogobee.db
2026/05/17 13:56:43 INFO database initialized path=/tmp/expedition-sim-2843897481/gogobee.db
2026/05/17 13:56:43 INFO database initialized path=/tmp/expedition-sim-3497529936/gogobee.db
2026/05/17 13:56:43 INFO database initialized path=/tmp/expedition-sim-828181229/gogobee.db
2026/05/17 13:56:43 INFO database initialized path=/tmp/expedition-sim-3437408817/gogobee.db
2026/05/17 13:56:43 INFO database initialized path=/tmp/expedition-sim-1856031431/gogobee.db
2026/05/17 13:56:43 INFO database initialized path=/tmp/expedition-sim-361952810/gogobee.db
2026/05/17 13:56:43 INFO database initialized path=/tmp/expedition-sim-2949082228/gogobee.db
2026/05/17 13:56:43 INFO database initialized path=/tmp/expedition-sim-1348961213/gogobee.db
2026/05/17 13:56:44 INFO database initialized path=/tmp/expedition-sim-1155514036/gogobee.db
2026/05/17 13:56:44 INFO database initialized path=/tmp/expedition-sim-1959092339/gogobee.db
2026/05/17 13:56:44 INFO database initialized path=/tmp/expedition-sim-4016597998/gogobee.db
2026/05/17 13:56:44 INFO database initialized path=/tmp/expedition-sim-1055604202/gogobee.db
2026/05/17 13:56:44 INFO database initialized path=/tmp/expedition-sim-388249326/gogobee.db
2026/05/17 13:56:44 INFO database initialized path=/tmp/expedition-sim-3743096123/gogobee.db
2026/05/17 13:56:44 INFO database initialized path=/tmp/expedition-sim-158294728/gogobee.db
2026/05/17 13:56:44 INFO database initialized path=/tmp/expedition-sim-367767503/gogobee.db
2026/05/17 13:56:44 INFO database initialized path=/tmp/expedition-sim-1709005601/gogobee.db
2026/05/17 13:56:44 INFO database initialized path=/tmp/expedition-sim-4120350998/gogobee.db
2026/05/17 13:56:44 INFO database initialized path=/tmp/expedition-sim-1179320180/gogobee.db
2026/05/17 13:56:44 INFO database initialized path=/tmp/expedition-sim-2345831512/gogobee.db
2026/05/17 13:56:44 INFO database initialized path=/tmp/expedition-sim-2885595689/gogobee.db
2026/05/17 13:56:44 INFO database initialized path=/tmp/expedition-sim-1021716063/gogobee.db
2026/05/17 13:56:44 INFO database initialized path=/tmp/expedition-sim-406869161/gogobee.db
2026/05/17 13:56:44 INFO database initialized path=/tmp/expedition-sim-2247000297/gogobee.db
2026/05/17 13:56:44 INFO database initialized path=/tmp/expedition-sim-531538572/gogobee.db
2026/05/17 13:56:45 INFO database initialized path=/tmp/expedition-sim-255356917/gogobee.db
2026/05/17 13:56:45 INFO database initialized path=/tmp/expedition-sim-4166709677/gogobee.db
2026/05/17 13:56:45 INFO database initialized path=/tmp/expedition-sim-2329297631/gogobee.db
2026/05/17 13:56:45 INFO database initialized path=/tmp/expedition-sim-2113155381/gogobee.db
2026/05/17 13:56:45 INFO database initialized path=/tmp/expedition-sim-1874465980/gogobee.db
2026/05/17 13:56:45 INFO database initialized path=/tmp/expedition-sim-2732561977/gogobee.db
2026/05/17 13:56:45 INFO database initialized path=/tmp/expedition-sim-513851683/gogobee.db
2026/05/17 13:56:45 INFO database initialized path=/tmp/expedition-sim-2708644048/gogobee.db
2026/05/17 13:56:45 INFO database initialized path=/tmp/expedition-sim-1090847686/gogobee.db
2026/05/17 13:56:45 INFO database initialized path=/tmp/expedition-sim-2221253973/gogobee.db
2026/05/17 13:56:45 INFO database initialized path=/tmp/expedition-sim-2141574503/gogobee.db
2026/05/17 13:56:45 INFO database initialized path=/tmp/expedition-sim-4031264342/gogobee.db
2026/05/17 13:56:45 INFO database initialized path=/tmp/expedition-sim-1249990302/gogobee.db
2026/05/17 13:56:45 INFO database initialized path=/tmp/expedition-sim-2719020413/gogobee.db
2026/05/17 13:56:45 INFO database initialized path=/tmp/expedition-sim-1259788345/gogobee.db
2026/05/17 13:56:45 INFO database initialized path=/tmp/expedition-sim-1750633377/gogobee.db
2026/05/17 13:56:45 INFO database initialized path=/tmp/expedition-sim-3854668565/gogobee.db
2026/05/17 13:56:46 INFO database initialized path=/tmp/expedition-sim-1167172789/gogobee.db
2026/05/17 13:56:46 INFO database initialized path=/tmp/expedition-sim-3424851514/gogobee.db
2026/05/17 13:56:46 INFO database initialized path=/tmp/expedition-sim-2851694724/gogobee.db
2026/05/17 13:56:46 INFO database initialized path=/tmp/expedition-sim-2405118527/gogobee.db
2026/05/17 13:56:46 INFO database initialized path=/tmp/expedition-sim-1477226273/gogobee.db
2026/05/17 13:56:46 INFO database initialized path=/tmp/expedition-sim-2036511227/gogobee.db
2026/05/17 13:56:46 INFO database initialized path=/tmp/expedition-sim-3282217757/gogobee.db
2026/05/17 13:56:46 INFO database initialized path=/tmp/expedition-sim-1524502474/gogobee.db
2026/05/17 13:56:46 INFO database initialized path=/tmp/expedition-sim-1881406517/gogobee.db
2026/05/17 13:56:46 INFO database initialized path=/tmp/expedition-sim-4166604194/gogobee.db
2026/05/17 13:56:46 INFO database initialized path=/tmp/expedition-sim-3718283606/gogobee.db
2026/05/17 13:56:46 INFO database initialized path=/tmp/expedition-sim-866335884/gogobee.db
2026/05/17 13:56:46 INFO database initialized path=/tmp/expedition-sim-2658696179/gogobee.db
2026/05/17 13:56:46 INFO database initialized path=/tmp/expedition-sim-1399552956/gogobee.db
2026/05/17 13:56:46 INFO database initialized path=/tmp/expedition-sim-1506592795/gogobee.db
2026/05/17 13:56:46 INFO database initialized path=/tmp/expedition-sim-1624004020/gogobee.db
2026/05/17 13:56:46 INFO database initialized path=/tmp/expedition-sim-968070635/gogobee.db
2026/05/17 13:56:46 INFO database initialized path=/tmp/expedition-sim-1211384436/gogobee.db
2026/05/17 13:56:46 INFO database initialized path=/tmp/expedition-sim-136237459/gogobee.db
2026/05/17 13:56:47 INFO database initialized path=/tmp/expedition-sim-2866466999/gogobee.db
2026/05/17 13:56:47 INFO database initialized path=/tmp/expedition-sim-2010700728/gogobee.db
2026/05/17 13:56:47 INFO database initialized path=/tmp/expedition-sim-1263831858/gogobee.db
2026/05/17 13:56:47 INFO database initialized path=/tmp/expedition-sim-2088184805/gogobee.db
2026/05/17 13:56:47 INFO database initialized path=/tmp/expedition-sim-2768545810/gogobee.db
2026/05/17 13:56:47 INFO database initialized path=/tmp/expedition-sim-3632047499/gogobee.db
2026/05/17 13:56:47 INFO database initialized path=/tmp/expedition-sim-289442072/gogobee.db
2026/05/17 13:56:47 INFO database initialized path=/tmp/expedition-sim-826607564/gogobee.db
2026/05/17 13:56:47 INFO database initialized path=/tmp/expedition-sim-4063477457/gogobee.db
2026/05/17 13:56:47 INFO database initialized path=/tmp/expedition-sim-3282169351/gogobee.db
2026/05/17 13:56:47 INFO database initialized path=/tmp/expedition-sim-255717602/gogobee.db
2026/05/17 13:56:47 INFO database initialized path=/tmp/expedition-sim-861309857/gogobee.db
2026/05/17 13:56:47 INFO database initialized path=/tmp/expedition-sim-2716419011/gogobee.db
2026/05/17 13:56:47 INFO database initialized path=/tmp/expedition-sim-2066546686/gogobee.db
2026/05/17 13:56:47 INFO database initialized path=/tmp/expedition-sim-1204889460/gogobee.db
2026/05/17 13:56:47 INFO database initialized path=/tmp/expedition-sim-3643930207/gogobee.db
2026/05/17 13:56:47 INFO database initialized path=/tmp/expedition-sim-1929823406/gogobee.db
2026/05/17 13:56:47 INFO database initialized path=/tmp/expedition-sim-2351828696/gogobee.db
2026/05/17 13:56:48 INFO database initialized path=/tmp/expedition-sim-809915037/gogobee.db
2026/05/17 13:56:48 INFO database initialized path=/tmp/expedition-sim-364187078/gogobee.db
2026/05/17 13:56:48 INFO database initialized path=/tmp/expedition-sim-758130335/gogobee.db
2026/05/17 13:56:48 INFO database initialized path=/tmp/expedition-sim-2453315102/gogobee.db
2026/05/17 13:56:48 INFO database initialized path=/tmp/expedition-sim-2492118613/gogobee.db
2026/05/17 13:56:48 INFO database initialized path=/tmp/expedition-sim-3944976404/gogobee.db
2026/05/17 13:56:48 INFO database initialized path=/tmp/expedition-sim-3451836209/gogobee.db
2026/05/17 13:56:48 INFO database initialized path=/tmp/expedition-sim-1420787512/gogobee.db
2026/05/17 13:56:48 INFO database initialized path=/tmp/expedition-sim-3035172201/gogobee.db
2026/05/17 13:56:48 INFO database initialized path=/tmp/expedition-sim-2962423788/gogobee.db
2026/05/17 13:56:48 INFO database initialized path=/tmp/expedition-sim-1963127841/gogobee.db
2026/05/17 13:56:48 INFO database initialized path=/tmp/expedition-sim-4148653905/gogobee.db
2026/05/17 13:56:48 INFO database initialized path=/tmp/expedition-sim-1088672400/gogobee.db
2026/05/17 13:56:48 INFO database initialized path=/tmp/expedition-sim-1737150640/gogobee.db
2026/05/17 13:56:48 INFO database initialized path=/tmp/expedition-sim-1099602367/gogobee.db
2026/05/17 13:56:48 INFO database initialized path=/tmp/expedition-sim-1118497392/gogobee.db
2026/05/17 13:56:48 INFO database initialized path=/tmp/expedition-sim-908052908/gogobee.db
2026/05/17 13:56:49 INFO database initialized path=/tmp/expedition-sim-1527869590/gogobee.db
2026/05/17 13:56:49 INFO database initialized path=/tmp/expedition-sim-654638591/gogobee.db
2026/05/17 13:56:49 INFO database initialized path=/tmp/expedition-sim-127850645/gogobee.db
2026/05/17 13:56:49 INFO database initialized path=/tmp/expedition-sim-3866237013/gogobee.db
2026/05/17 13:56:49 INFO database initialized path=/tmp/expedition-sim-2034513420/gogobee.db
2026/05/17 13:56:49 INFO database initialized path=/tmp/expedition-sim-569191407/gogobee.db
2026/05/17 13:56:49 INFO database initialized path=/tmp/expedition-sim-3576125013/gogobee.db
2026/05/17 13:56:49 INFO database initialized path=/tmp/expedition-sim-514377960/gogobee.db
2026/05/17 13:56:49 INFO database initialized path=/tmp/expedition-sim-3396341458/gogobee.db
2026/05/17 13:56:49 INFO database initialized path=/tmp/expedition-sim-1017774082/gogobee.db
2026/05/17 13:56:49 INFO database initialized path=/tmp/expedition-sim-4232938015/gogobee.db
2026/05/17 13:56:49 INFO database initialized path=/tmp/expedition-sim-2559016102/gogobee.db
2026/05/17 13:56:49 INFO database initialized path=/tmp/expedition-sim-1800800156/gogobee.db
2026/05/17 13:56:49 INFO database initialized path=/tmp/expedition-sim-7661828/gogobee.db
2026/05/17 13:56:49 INFO database initialized path=/tmp/expedition-sim-2534000585/gogobee.db
2026/05/17 13:56:49 INFO database initialized path=/tmp/expedition-sim-2478557771/gogobee.db
2026/05/17 13:56:50 INFO database initialized path=/tmp/expedition-sim-2721834634/gogobee.db
2026/05/17 13:56:50 INFO database initialized path=/tmp/expedition-sim-2113087661/gogobee.db
2026/05/17 13:56:50 INFO database initialized path=/tmp/expedition-sim-1482360093/gogobee.db
2026/05/17 13:56:50 INFO database initialized path=/tmp/expedition-sim-4238032418/gogobee.db
2026/05/17 13:56:50 INFO database initialized path=/tmp/expedition-sim-1898382865/gogobee.db
2026/05/17 13:56:50 INFO database initialized path=/tmp/expedition-sim-2820959268/gogobee.db
2026/05/17 13:56:50 INFO database initialized path=/tmp/expedition-sim-2978036286/gogobee.db
2026/05/17 13:56:50 INFO database initialized path=/tmp/expedition-sim-587134859/gogobee.db
2026/05/17 13:56:50 INFO database initialized path=/tmp/expedition-sim-2583187757/gogobee.db
2026/05/17 13:56:50 INFO database initialized path=/tmp/expedition-sim-2494194299/gogobee.db
2026/05/17 13:56:50 INFO database initialized path=/tmp/expedition-sim-3025971425/gogobee.db
2026/05/17 13:56:50 INFO database initialized path=/tmp/expedition-sim-3464783536/gogobee.db
2026/05/17 13:56:50 INFO database initialized path=/tmp/expedition-sim-3034484300/gogobee.db
2026/05/17 13:56:50 INFO database initialized path=/tmp/expedition-sim-249522203/gogobee.db
2026/05/17 13:56:50 INFO database initialized path=/tmp/expedition-sim-1666189943/gogobee.db
2026/05/17 13:56:50 INFO database initialized path=/tmp/expedition-sim-332544478/gogobee.db
2026/05/17 13:56:50 INFO database initialized path=/tmp/expedition-sim-1777291954/gogobee.db
2026/05/17 13:56:50 INFO database initialized path=/tmp/expedition-sim-422652792/gogobee.db
2026/05/17 13:56:50 INFO database initialized path=/tmp/expedition-sim-3639019922/gogobee.db
2026/05/17 13:56:51 INFO database initialized path=/tmp/expedition-sim-1449435151/gogobee.db
2026/05/17 13:56:51 INFO database initialized path=/tmp/expedition-sim-705123257/gogobee.db
2026/05/17 13:56:51 INFO database initialized path=/tmp/expedition-sim-1305745964/gogobee.db
2026/05/17 13:56:51 INFO database initialized path=/tmp/expedition-sim-1581001462/gogobee.db
2026/05/17 13:56:51 INFO database initialized path=/tmp/expedition-sim-3111220689/gogobee.db
2026/05/17 13:56:51 INFO database initialized path=/tmp/expedition-sim-3851668105/gogobee.db
2026/05/17 13:56:51 INFO database initialized path=/tmp/expedition-sim-52811997/gogobee.db
2026/05/17 13:56:51 INFO database initialized path=/tmp/expedition-sim-1926435272/gogobee.db
2026/05/17 13:56:51 INFO database initialized path=/tmp/expedition-sim-2114518669/gogobee.db
2026/05/17 13:56:51 INFO database initialized path=/tmp/expedition-sim-3620086720/gogobee.db
2026/05/17 13:56:51 INFO database initialized path=/tmp/expedition-sim-768546279/gogobee.db
2026/05/17 13:56:51 INFO database initialized path=/tmp/expedition-sim-2975648183/gogobee.db
2026/05/17 13:56:51 INFO database initialized path=/tmp/expedition-sim-4239165277/gogobee.db
2026/05/17 13:56:51 INFO database initialized path=/tmp/expedition-sim-2483402516/gogobee.db
2026/05/17 13:56:51 INFO database initialized path=/tmp/expedition-sim-3234007980/gogobee.db
2026/05/17 13:56:51 INFO database initialized path=/tmp/expedition-sim-452163182/gogobee.db
2026/05/17 13:56:51 INFO database initialized path=/tmp/expedition-sim-204003365/gogobee.db
2026/05/17 13:56:51 INFO database initialized path=/tmp/expedition-sim-1138171409/gogobee.db
2026/05/17 13:56:51 INFO database initialized path=/tmp/expedition-sim-30274066/gogobee.db
2026/05/17 13:56:51 INFO database initialized path=/tmp/expedition-sim-2300808887/gogobee.db
2026/05/17 13:56:51 INFO database initialized path=/tmp/expedition-sim-2914966353/gogobee.db
2026/05/17 13:56:51 INFO database initialized path=/tmp/expedition-sim-2645809657/gogobee.db
2026/05/17 13:56:51 INFO database initialized path=/tmp/expedition-sim-1957971317/gogobee.db
2026/05/17 13:56:51 INFO database initialized path=/tmp/expedition-sim-2821316095/gogobee.db
2026/05/17 13:56:52 INFO database initialized path=/tmp/expedition-sim-2941755772/gogobee.db
2026/05/17 13:56:52 INFO database initialized path=/tmp/expedition-sim-3092286344/gogobee.db
2026/05/17 13:56:52 INFO database initialized path=/tmp/expedition-sim-793671172/gogobee.db
2026/05/17 13:56:52 INFO database initialized path=/tmp/expedition-sim-3664178424/gogobee.db
2026/05/17 13:56:52 INFO database initialized path=/tmp/expedition-sim-2013323846/gogobee.db
2026/05/17 13:56:52 INFO database initialized path=/tmp/expedition-sim-582819924/gogobee.db
2026/05/17 13:56:52 INFO database initialized path=/tmp/expedition-sim-2719052884/gogobee.db
2026/05/17 13:56:52 INFO database initialized path=/tmp/expedition-sim-3639250091/gogobee.db
2026/05/17 13:56:52 INFO database initialized path=/tmp/expedition-sim-2985232473/gogobee.db
2026/05/17 13:56:52 INFO database initialized path=/tmp/expedition-sim-20370109/gogobee.db
2026/05/17 13:56:52 INFO database initialized path=/tmp/expedition-sim-270253555/gogobee.db
2026/05/17 13:56:52 INFO database initialized path=/tmp/expedition-sim-81118303/gogobee.db
2026/05/17 13:56:52 INFO database initialized path=/tmp/expedition-sim-1693676371/gogobee.db
2026/05/17 13:56:52 INFO database initialized path=/tmp/expedition-sim-883835009/gogobee.db
2026/05/17 13:56:52 INFO database initialized path=/tmp/expedition-sim-3148670420/gogobee.db
2026/05/17 13:56:52 INFO database initialized path=/tmp/expedition-sim-1439197673/gogobee.db
2026/05/17 13:56:52 INFO database initialized path=/tmp/expedition-sim-901680860/gogobee.db
2026/05/17 13:56:52 INFO database initialized path=/tmp/expedition-sim-3244440403/gogobee.db
2026/05/17 13:56:52 INFO database initialized path=/tmp/expedition-sim-1630609514/gogobee.db
2026/05/17 13:56:52 INFO database initialized path=/tmp/expedition-sim-1877916124/gogobee.db
2026/05/17 13:56:52 INFO database initialized path=/tmp/expedition-sim-2647775180/gogobee.db
2026/05/17 13:56:52 INFO database initialized path=/tmp/expedition-sim-3624099612/gogobee.db
2026/05/17 13:56:53 INFO database initialized path=/tmp/expedition-sim-174485937/gogobee.db
2026/05/17 13:56:53 INFO database initialized path=/tmp/expedition-sim-248533220/gogobee.db
2026/05/17 13:56:53 INFO database initialized path=/tmp/expedition-sim-1168211230/gogobee.db
2026/05/17 13:56:53 INFO database initialized path=/tmp/expedition-sim-3033682293/gogobee.db
2026/05/17 13:56:53 INFO database initialized path=/tmp/expedition-sim-615350384/gogobee.db
2026/05/17 13:56:53 INFO database initialized path=/tmp/expedition-sim-2880162903/gogobee.db
2026/05/17 13:56:53 INFO database initialized path=/tmp/expedition-sim-2616661911/gogobee.db
2026/05/17 13:56:53 INFO database initialized path=/tmp/expedition-sim-2301750397/gogobee.db
2026/05/17 13:56:53 INFO database initialized path=/tmp/expedition-sim-719975019/gogobee.db
2026/05/17 13:56:53 INFO database initialized path=/tmp/expedition-sim-2866538950/gogobee.db
2026/05/17 13:56:53 INFO database initialized path=/tmp/expedition-sim-219804795/gogobee.db
2026/05/17 13:56:53 INFO database initialized path=/tmp/expedition-sim-2212573405/gogobee.db
2026/05/17 13:56:53 INFO database initialized path=/tmp/expedition-sim-3790395100/gogobee.db
2026/05/17 13:56:53 INFO database initialized path=/tmp/expedition-sim-2317043385/gogobee.db
2026/05/17 13:56:53 INFO database initialized path=/tmp/expedition-sim-1033824828/gogobee.db
2026/05/17 13:56:53 INFO database initialized path=/tmp/expedition-sim-3299380684/gogobee.db
2026/05/17 13:56:53 INFO database initialized path=/tmp/expedition-sim-963003459/gogobee.db
2026/05/17 13:56:53 INFO database initialized path=/tmp/expedition-sim-1431778486/gogobee.db
2026/05/17 13:56:53 INFO database initialized path=/tmp/expedition-sim-184056682/gogobee.db
2026/05/17 13:56:53 INFO database initialized path=/tmp/expedition-sim-2091933752/gogobee.db
2026/05/17 13:56:53 INFO database initialized path=/tmp/expedition-sim-1222313324/gogobee.db
2026/05/17 13:56:53 INFO database initialized path=/tmp/expedition-sim-378540474/gogobee.db
2026/05/17 13:56:53 INFO database initialized path=/tmp/expedition-sim-2731061710/gogobee.db
2026/05/17 13:56:53 INFO database initialized path=/tmp/expedition-sim-2079784370/gogobee.db
2026/05/17 13:56:53 INFO database initialized path=/tmp/expedition-sim-2933326180/gogobee.db
2026/05/17 13:56:54 INFO database initialized path=/tmp/expedition-sim-836021520/gogobee.db
2026/05/17 13:56:54 INFO database initialized path=/tmp/expedition-sim-3268663943/gogobee.db
2026/05/17 13:56:54 INFO database initialized path=/tmp/expedition-sim-3463972434/gogobee.db
2026/05/17 13:56:54 INFO database initialized path=/tmp/expedition-sim-22892744/gogobee.db
2026/05/17 13:56:54 INFO database initialized path=/tmp/expedition-sim-1134915733/gogobee.db
2026/05/17 13:56:54 INFO database initialized path=/tmp/expedition-sim-1031794635/gogobee.db
2026/05/17 13:56:54 INFO database initialized path=/tmp/expedition-sim-2864406376/gogobee.db
2026/05/17 13:56:54 INFO database initialized path=/tmp/expedition-sim-2756419109/gogobee.db
2026/05/17 13:56:54 INFO database initialized path=/tmp/expedition-sim-291537263/gogobee.db
2026/05/17 13:56:54 INFO database initialized path=/tmp/expedition-sim-3404763475/gogobee.db
2026/05/17 13:56:54 INFO database initialized path=/tmp/expedition-sim-4016931650/gogobee.db
2026/05/17 13:56:54 INFO database initialized path=/tmp/expedition-sim-1426337996/gogobee.db
2026/05/17 13:56:54 INFO database initialized path=/tmp/expedition-sim-4079493643/gogobee.db
2026/05/17 13:56:54 INFO database initialized path=/tmp/expedition-sim-4202407647/gogobee.db
2026/05/17 13:56:54 INFO database initialized path=/tmp/expedition-sim-1665152588/gogobee.db
2026/05/17 13:56:54 INFO database initialized path=/tmp/expedition-sim-699728134/gogobee.db
2026/05/17 13:56:54 INFO database initialized path=/tmp/expedition-sim-1239397669/gogobee.db
2026/05/17 13:56:54 INFO database initialized path=/tmp/expedition-sim-2330508241/gogobee.db
2026/05/17 13:56:54 INFO database initialized path=/tmp/expedition-sim-1645731711/gogobee.db
2026/05/17 13:56:54 INFO database initialized path=/tmp/expedition-sim-1046007882/gogobee.db
2026/05/17 13:56:54 INFO database initialized path=/tmp/expedition-sim-3479482374/gogobee.db
2026/05/17 13:56:54 INFO database initialized path=/tmp/expedition-sim-1131884393/gogobee.db
2026/05/17 13:56:54 INFO database initialized path=/tmp/expedition-sim-3177089497/gogobee.db
2026/05/17 13:56:54 INFO database initialized path=/tmp/expedition-sim-904120556/gogobee.db
2026/05/17 13:56:54 INFO database initialized path=/tmp/expedition-sim-3527649193/gogobee.db
2026/05/17 13:56:54 INFO database initialized path=/tmp/expedition-sim-3755641071/gogobee.db
2026/05/17 13:56:54 INFO database initialized path=/tmp/expedition-sim-3988680231/gogobee.db
2026/05/17 13:56:55 INFO database initialized path=/tmp/expedition-sim-35147671/gogobee.db
2026/05/17 13:56:55 INFO database initialized path=/tmp/expedition-sim-3692920850/gogobee.db
2026/05/17 13:56:55 INFO database initialized path=/tmp/expedition-sim-1777322372/gogobee.db
2026/05/17 13:56:55 INFO database initialized path=/tmp/expedition-sim-3955666214/gogobee.db
2026/05/17 13:56:55 INFO database initialized path=/tmp/expedition-sim-224269652/gogobee.db
2026/05/17 13:56:55 INFO database initialized path=/tmp/expedition-sim-3001565294/gogobee.db
2026/05/17 13:56:55 INFO database initialized path=/tmp/expedition-sim-3101722525/gogobee.db
2026/05/17 13:56:55 INFO database initialized path=/tmp/expedition-sim-3277823787/gogobee.db
2026/05/17 13:56:55 INFO database initialized path=/tmp/expedition-sim-1594002221/gogobee.db
2026/05/17 13:56:55 INFO database initialized path=/tmp/expedition-sim-369403667/gogobee.db
2026/05/17 13:56:55 INFO database initialized path=/tmp/expedition-sim-2170063185/gogobee.db
2026/05/17 13:56:55 INFO database initialized path=/tmp/expedition-sim-1267394746/gogobee.db
2026/05/17 13:56:55 INFO database initialized path=/tmp/expedition-sim-4102307063/gogobee.db
2026/05/17 13:56:55 INFO database initialized path=/tmp/expedition-sim-512160710/gogobee.db
2026/05/17 13:56:55 INFO database initialized path=/tmp/expedition-sim-3584404122/gogobee.db
2026/05/17 13:56:55 INFO database initialized path=/tmp/expedition-sim-2854110136/gogobee.db
2026/05/17 13:56:55 INFO database initialized path=/tmp/expedition-sim-1430643303/gogobee.db
2026/05/17 13:56:55 INFO database initialized path=/tmp/expedition-sim-2984631288/gogobee.db
2026/05/17 13:56:55 INFO database initialized path=/tmp/expedition-sim-2779809856/gogobee.db
2026/05/17 13:56:55 INFO database initialized path=/tmp/expedition-sim-1548357497/gogobee.db
2026/05/17 13:56:55 INFO database initialized path=/tmp/expedition-sim-2768142017/gogobee.db
2026/05/17 13:56:55 INFO database initialized path=/tmp/expedition-sim-441121866/gogobee.db
2026/05/17 13:56:55 INFO database initialized path=/tmp/expedition-sim-3290428162/gogobee.db
2026/05/17 13:56:55 INFO database initialized path=/tmp/expedition-sim-2991464311/gogobee.db
2026/05/17 13:56:55 INFO database initialized path=/tmp/expedition-sim-2837385132/gogobee.db
2026/05/17 13:56:56 INFO database initialized path=/tmp/expedition-sim-2793727724/gogobee.db
2026/05/17 13:56:56 INFO database initialized path=/tmp/expedition-sim-3119822913/gogobee.db
2026/05/17 13:56:56 INFO database initialized path=/tmp/expedition-sim-1602286832/gogobee.db
2026/05/17 13:56:56 INFO database initialized path=/tmp/expedition-sim-3782898661/gogobee.db
2026/05/17 13:56:56 INFO database initialized path=/tmp/expedition-sim-1817596697/gogobee.db
2026/05/17 13:56:56 INFO database initialized path=/tmp/expedition-sim-2911936887/gogobee.db
2026/05/17 13:56:56 INFO database initialized path=/tmp/expedition-sim-6085002/gogobee.db
2026/05/17 13:56:56 INFO database initialized path=/tmp/expedition-sim-774491271/gogobee.db
2026/05/17 13:56:56 INFO database initialized path=/tmp/expedition-sim-558523858/gogobee.db
2026/05/17 13:56:56 INFO database initialized path=/tmp/expedition-sim-1044207574/gogobee.db
2026/05/17 13:56:56 INFO database initialized path=/tmp/expedition-sim-1404128949/gogobee.db
2026/05/17 13:56:56 INFO database initialized path=/tmp/expedition-sim-1604137129/gogobee.db
2026/05/17 13:56:56 INFO database initialized path=/tmp/expedition-sim-1377974064/gogobee.db
2026/05/17 13:56:56 INFO database initialized path=/tmp/expedition-sim-1558127556/gogobee.db
2026/05/17 13:56:56 INFO database initialized path=/tmp/expedition-sim-4229847342/gogobee.db
2026/05/17 13:56:56 INFO database initialized path=/tmp/expedition-sim-388961616/gogobee.db
2026/05/17 13:56:56 INFO database initialized path=/tmp/expedition-sim-4230049591/gogobee.db
2026/05/17 13:56:56 INFO database initialized path=/tmp/expedition-sim-775879628/gogobee.db
2026/05/17 13:56:56 INFO database initialized path=/tmp/expedition-sim-810704342/gogobee.db
2026/05/17 13:56:56 INFO database initialized path=/tmp/expedition-sim-3318807476/gogobee.db
2026/05/17 13:56:56 INFO database initialized path=/tmp/expedition-sim-3871587547/gogobee.db
2026/05/17 13:56:56 INFO database initialized path=/tmp/expedition-sim-2802929178/gogobee.db
2026/05/17 13:56:56 INFO database initialized path=/tmp/expedition-sim-4150467661/gogobee.db
2026/05/17 13:56:56 INFO database initialized path=/tmp/expedition-sim-3702077330/gogobee.db
2026/05/17 13:56:57 INFO database initialized path=/tmp/expedition-sim-3424634385/gogobee.db
2026/05/17 13:56:57 INFO database initialized path=/tmp/expedition-sim-3259705552/gogobee.db
2026/05/17 13:56:57 INFO database initialized path=/tmp/expedition-sim-1281470932/gogobee.db
2026/05/17 13:56:57 INFO database initialized path=/tmp/expedition-sim-4266382382/gogobee.db
2026/05/17 13:56:57 INFO database initialized path=/tmp/expedition-sim-2074483292/gogobee.db
2026/05/17 13:56:57 INFO database initialized path=/tmp/expedition-sim-4004974582/gogobee.db
2026/05/17 13:56:57 INFO database initialized path=/tmp/expedition-sim-392158964/gogobee.db
2026/05/17 13:56:57 INFO database initialized path=/tmp/expedition-sim-1177706665/gogobee.db
2026/05/17 13:56:57 INFO database initialized path=/tmp/expedition-sim-3949902931/gogobee.db
2026/05/17 13:56:57 INFO database initialized path=/tmp/expedition-sim-3157282498/gogobee.db
2026/05/17 13:56:57 INFO database initialized path=/tmp/expedition-sim-2588227571/gogobee.db
2026/05/17 13:56:57 INFO database initialized path=/tmp/expedition-sim-3720049388/gogobee.db
2026/05/17 13:56:57 INFO database initialized path=/tmp/expedition-sim-2887312035/gogobee.db
2026/05/17 13:56:57 INFO database initialized path=/tmp/expedition-sim-3087989462/gogobee.db
2026/05/17 13:56:57 INFO database initialized path=/tmp/expedition-sim-3917884886/gogobee.db
2026/05/17 13:56:57 INFO database initialized path=/tmp/expedition-sim-2484203617/gogobee.db
2026/05/17 13:56:57 INFO database initialized path=/tmp/expedition-sim-307172285/gogobee.db
2026/05/17 13:56:57 INFO database initialized path=/tmp/expedition-sim-1749582634/gogobee.db
2026/05/17 13:56:57 INFO database initialized path=/tmp/expedition-sim-1808336616/gogobee.db
2026/05/17 13:56:57 INFO database initialized path=/tmp/expedition-sim-271591098/gogobee.db
2026/05/17 13:56:57 INFO database initialized path=/tmp/expedition-sim-3066174101/gogobee.db
2026/05/17 13:56:57 INFO database initialized path=/tmp/expedition-sim-2120651081/gogobee.db
2026/05/17 13:56:57 INFO database initialized path=/tmp/expedition-sim-3425228916/gogobee.db
2026/05/17 13:56:57 INFO database initialized path=/tmp/expedition-sim-2112252587/gogobee.db
2026/05/17 13:56:58 INFO database initialized path=/tmp/expedition-sim-4080088529/gogobee.db
2026/05/17 13:56:58 INFO database initialized path=/tmp/expedition-sim-2663815342/gogobee.db
2026/05/17 13:56:58 INFO database initialized path=/tmp/expedition-sim-1548777397/gogobee.db
2026/05/17 13:56:58 INFO database initialized path=/tmp/expedition-sim-2423759152/gogobee.db
2026/05/17 13:56:58 INFO database initialized path=/tmp/expedition-sim-2378891351/gogobee.db
2026/05/17 13:56:58 INFO database initialized path=/tmp/expedition-sim-1972443759/gogobee.db
2026/05/17 13:56:58 INFO database initialized path=/tmp/expedition-sim-1165882830/gogobee.db
2026/05/17 13:56:58 INFO database initialized path=/tmp/expedition-sim-1502955913/gogobee.db
2026/05/17 13:56:58 INFO database initialized path=/tmp/expedition-sim-1448471823/gogobee.db
2026/05/17 13:56:58 INFO database initialized path=/tmp/expedition-sim-2696156681/gogobee.db
2026/05/17 13:56:58 INFO database initialized path=/tmp/expedition-sim-3951114786/gogobee.db
2026/05/17 13:56:58 INFO database initialized path=/tmp/expedition-sim-1060503324/gogobee.db
2026/05/17 13:56:58 INFO database initialized path=/tmp/expedition-sim-4090212991/gogobee.db
2026/05/17 13:56:58 INFO database initialized path=/tmp/expedition-sim-792872326/gogobee.db
2026/05/17 13:56:58 INFO database initialized path=/tmp/expedition-sim-452204825/gogobee.db
2026/05/17 13:56:58 INFO database initialized path=/tmp/expedition-sim-4154768372/gogobee.db
2026/05/17 13:56:58 INFO database initialized path=/tmp/expedition-sim-2534389257/gogobee.db
2026/05/17 13:56:58 INFO database initialized path=/tmp/expedition-sim-3111339532/gogobee.db
2026/05/17 13:56:58 INFO database initialized path=/tmp/expedition-sim-712882467/gogobee.db
2026/05/17 13:56:58 INFO database initialized path=/tmp/expedition-sim-929916651/gogobee.db
2026/05/17 13:56:58 INFO database initialized path=/tmp/expedition-sim-521818146/gogobee.db
2026/05/17 13:56:59 INFO database initialized path=/tmp/expedition-sim-1599193140/gogobee.db
2026/05/17 13:56:59 INFO database initialized path=/tmp/expedition-sim-3231906169/gogobee.db
2026/05/17 13:56:59 INFO database initialized path=/tmp/expedition-sim-2854832393/gogobee.db
2026/05/17 13:56:59 INFO database initialized path=/tmp/expedition-sim-4248866562/gogobee.db
2026/05/17 13:56:59 INFO database initialized path=/tmp/expedition-sim-3315071310/gogobee.db
2026/05/17 13:56:59 INFO database initialized path=/tmp/expedition-sim-1198899131/gogobee.db
2026/05/17 13:56:59 INFO database initialized path=/tmp/expedition-sim-2032212796/gogobee.db
2026/05/17 13:56:59 INFO database initialized path=/tmp/expedition-sim-3008428472/gogobee.db
2026/05/17 13:56:59 INFO database initialized path=/tmp/expedition-sim-2269499472/gogobee.db
2026/05/17 13:56:59 INFO database initialized path=/tmp/expedition-sim-118671859/gogobee.db
2026/05/17 13:56:59 INFO database initialized path=/tmp/expedition-sim-3789601303/gogobee.db
2026/05/17 13:56:59 INFO database initialized path=/tmp/expedition-sim-3945134099/gogobee.db
2026/05/17 13:56:59 INFO database initialized path=/tmp/expedition-sim-3561885131/gogobee.db
2026/05/17 13:56:59 INFO database initialized path=/tmp/expedition-sim-2206060200/gogobee.db
2026/05/17 13:56:59 INFO database initialized path=/tmp/expedition-sim-1870399014/gogobee.db
2026/05/17 13:56:59 INFO database initialized path=/tmp/expedition-sim-2861027730/gogobee.db
2026/05/17 13:56:59 INFO database initialized path=/tmp/expedition-sim-4239311793/gogobee.db
2026/05/17 13:56:59 INFO database initialized path=/tmp/expedition-sim-2645764433/gogobee.db
2026/05/17 13:56:59 INFO database initialized path=/tmp/expedition-sim-782892636/gogobee.db
2026/05/17 13:56:59 INFO database initialized path=/tmp/expedition-sim-2964209025/gogobee.db
2026/05/17 13:56:59 INFO database initialized path=/tmp/expedition-sim-2486120695/gogobee.db
2026/05/17 13:56:59 INFO database initialized path=/tmp/expedition-sim-2185561867/gogobee.db
2026/05/17 13:56:59 INFO database initialized path=/tmp/expedition-sim-231011794/gogobee.db
2026/05/17 13:56:59 INFO database initialized path=/tmp/expedition-sim-958459487/gogobee.db
2026/05/17 13:56:59 INFO database initialized path=/tmp/expedition-sim-3781841531/gogobee.db
2026/05/17 13:56:59 INFO database initialized path=/tmp/expedition-sim-3804815924/gogobee.db
2026/05/17 13:56:59 INFO database initialized path=/tmp/expedition-sim-2279793387/gogobee.db
2026/05/17 13:57:00 INFO database initialized path=/tmp/expedition-sim-2297864155/gogobee.db
2026/05/17 13:57:00 INFO database initialized path=/tmp/expedition-sim-2692047335/gogobee.db
2026/05/17 13:57:00 INFO database initialized path=/tmp/expedition-sim-2446722827/gogobee.db
2026/05/17 13:57:00 INFO database initialized path=/tmp/expedition-sim-4145152164/gogobee.db
2026/05/17 13:57:00 INFO database initialized path=/tmp/expedition-sim-2171504192/gogobee.db
2026/05/17 13:57:00 INFO database initialized path=/tmp/expedition-sim-435304578/gogobee.db
2026/05/17 13:57:00 INFO database initialized path=/tmp/expedition-sim-1862816329/gogobee.db
2026/05/17 13:57:00 INFO database initialized path=/tmp/expedition-sim-2994707220/gogobee.db
2026/05/17 13:57:00 INFO database initialized path=/tmp/expedition-sim-730420234/gogobee.db
2026/05/17 13:57:00 INFO database initialized path=/tmp/expedition-sim-3188482923/gogobee.db
2026/05/17 13:57:00 INFO database initialized path=/tmp/expedition-sim-2094322501/gogobee.db
2026/05/17 13:57:00 INFO database initialized path=/tmp/expedition-sim-1820548274/gogobee.db
2026/05/17 13:57:00 INFO database initialized path=/tmp/expedition-sim-3815050915/gogobee.db
2026/05/17 13:57:00 INFO database initialized path=/tmp/expedition-sim-1216369531/gogobee.db
2026/05/17 13:57:00 INFO database initialized path=/tmp/expedition-sim-3184106043/gogobee.db
2026/05/17 13:57:00 INFO database initialized path=/tmp/expedition-sim-3571982676/gogobee.db
2026/05/17 13:57:00 INFO database initialized path=/tmp/expedition-sim-2354201549/gogobee.db
2026/05/17 13:57:00 INFO database initialized path=/tmp/expedition-sim-518305891/gogobee.db
2026/05/17 13:57:00 INFO database initialized path=/tmp/expedition-sim-185888382/gogobee.db
2026/05/17 13:57:00 INFO database initialized path=/tmp/expedition-sim-2606458234/gogobee.db
2026/05/17 13:57:00 INFO database initialized path=/tmp/expedition-sim-3698547666/gogobee.db
2026/05/17 13:57:00 INFO database initialized path=/tmp/expedition-sim-2097995377/gogobee.db
2026/05/17 13:57:00 INFO database initialized path=/tmp/expedition-sim-3812145918/gogobee.db
2026/05/17 13:57:00 INFO database initialized path=/tmp/expedition-sim-91676129/gogobee.db
2026/05/17 13:57:01 INFO database initialized path=/tmp/expedition-sim-540415508/gogobee.db
2026/05/17 13:57:01 INFO database initialized path=/tmp/expedition-sim-1580633142/gogobee.db
2026/05/17 13:57:01 INFO database initialized path=/tmp/expedition-sim-1854932037/gogobee.db
2026/05/17 13:57:01 INFO database initialized path=/tmp/expedition-sim-2010156358/gogobee.db
2026/05/17 13:57:01 INFO database initialized path=/tmp/expedition-sim-2698780198/gogobee.db
2026/05/17 13:57:01 INFO database initialized path=/tmp/expedition-sim-1931590396/gogobee.db
2026/05/17 13:57:01 INFO database initialized path=/tmp/expedition-sim-837655794/gogobee.db
2026/05/17 13:57:01 INFO database initialized path=/tmp/expedition-sim-283961296/gogobee.db
2026/05/17 13:57:01 INFO database initialized path=/tmp/expedition-sim-1682748620/gogobee.db
2026/05/17 13:57:01 INFO database initialized path=/tmp/expedition-sim-2823064611/gogobee.db
2026/05/17 13:57:01 INFO database initialized path=/tmp/expedition-sim-1645638909/gogobee.db
2026/05/17 13:57:01 INFO database initialized path=/tmp/expedition-sim-1642627695/gogobee.db
2026/05/17 13:57:01 INFO database initialized path=/tmp/expedition-sim-3677195753/gogobee.db
2026/05/17 13:57:01 INFO database initialized path=/tmp/expedition-sim-930417864/gogobee.db
2026/05/17 13:57:01 INFO database initialized path=/tmp/expedition-sim-1875943451/gogobee.db
2026/05/17 13:57:01 INFO database initialized path=/tmp/expedition-sim-3017854307/gogobee.db
2026/05/17 13:57:01 INFO database initialized path=/tmp/expedition-sim-2141754073/gogobee.db
2026/05/17 13:57:01 INFO database initialized path=/tmp/expedition-sim-269546192/gogobee.db
2026/05/17 13:57:01 INFO database initialized path=/tmp/expedition-sim-3838522382/gogobee.db
2026/05/17 13:57:01 INFO database initialized path=/tmp/expedition-sim-2636810692/gogobee.db
2026/05/17 13:57:01 INFO database initialized path=/tmp/expedition-sim-4062929214/gogobee.db
2026/05/17 13:57:01 INFO database initialized path=/tmp/expedition-sim-876355661/gogobee.db
2026/05/17 13:57:01 INFO database initialized path=/tmp/expedition-sim-249893063/gogobee.db
2026/05/17 13:57:01 INFO database initialized path=/tmp/expedition-sim-1577485648/gogobee.db
2026/05/17 13:57:02 INFO database initialized path=/tmp/expedition-sim-1553627408/gogobee.db
2026/05/17 13:57:02 INFO database initialized path=/tmp/expedition-sim-1645017956/gogobee.db
2026/05/17 13:57:02 INFO database initialized path=/tmp/expedition-sim-2922327990/gogobee.db
2026/05/17 13:57:02 INFO database initialized path=/tmp/expedition-sim-3508269231/gogobee.db
2026/05/17 13:57:02 INFO database initialized path=/tmp/expedition-sim-4260796606/gogobee.db
2026/05/17 13:57:02 INFO database initialized path=/tmp/expedition-sim-749232702/gogobee.db
2026/05/17 13:57:02 INFO database initialized path=/tmp/expedition-sim-442787261/gogobee.db
2026/05/17 13:57:02 INFO database initialized path=/tmp/expedition-sim-313461039/gogobee.db
2026/05/17 13:57:02 INFO database initialized path=/tmp/expedition-sim-3818733867/gogobee.db
2026/05/17 13:57:02 INFO database initialized path=/tmp/expedition-sim-3453401716/gogobee.db
2026/05/17 13:57:02 INFO database initialized path=/tmp/expedition-sim-3506180252/gogobee.db
2026/05/17 13:57:02 INFO database initialized path=/tmp/expedition-sim-28061164/gogobee.db
2026/05/17 13:57:02 INFO database initialized path=/tmp/expedition-sim-790407893/gogobee.db
2026/05/17 13:57:02 INFO database initialized path=/tmp/expedition-sim-251841561/gogobee.db
2026/05/17 13:57:02 INFO database initialized path=/tmp/expedition-sim-3011420003/gogobee.db
2026/05/17 13:57:02 INFO database initialized path=/tmp/expedition-sim-3460248193/gogobee.db
2026/05/17 13:57:02 INFO database initialized path=/tmp/expedition-sim-3461483130/gogobee.db
2026/05/17 13:57:02 INFO database initialized path=/tmp/expedition-sim-1888979630/gogobee.db
2026/05/17 13:57:02 INFO database initialized path=/tmp/expedition-sim-1596235894/gogobee.db
2026/05/17 13:57:02 INFO database initialized path=/tmp/expedition-sim-2758860499/gogobee.db
2026/05/17 13:57:02 INFO database initialized path=/tmp/expedition-sim-386134724/gogobee.db
2026/05/17 13:57:02 INFO database initialized path=/tmp/expedition-sim-4017009939/gogobee.db
2026/05/17 13:57:02 INFO database initialized path=/tmp/expedition-sim-3132972481/gogobee.db
2026/05/17 13:57:03 INFO database initialized path=/tmp/expedition-sim-3481192445/gogobee.db
2026/05/17 13:57:03 INFO database initialized path=/tmp/expedition-sim-2140641419/gogobee.db
2026/05/17 13:57:03 INFO database initialized path=/tmp/expedition-sim-3445389001/gogobee.db
2026/05/17 13:57:03 INFO database initialized path=/tmp/expedition-sim-1337378949/gogobee.db
2026/05/17 13:57:03 INFO database initialized path=/tmp/expedition-sim-961857431/gogobee.db
2026/05/17 13:57:03 INFO database initialized path=/tmp/expedition-sim-916912399/gogobee.db
2026/05/17 13:57:03 INFO database initialized path=/tmp/expedition-sim-2274956254/gogobee.db
2026/05/17 13:57:03 INFO database initialized path=/tmp/expedition-sim-4176876851/gogobee.db
2026/05/17 13:57:03 INFO database initialized path=/tmp/expedition-sim-965331376/gogobee.db
2026/05/17 13:57:03 INFO database initialized path=/tmp/expedition-sim-1654087458/gogobee.db
2026/05/17 13:57:03 INFO database initialized path=/tmp/expedition-sim-2043354231/gogobee.db
2026/05/17 13:57:03 INFO database initialized path=/tmp/expedition-sim-2913812112/gogobee.db
2026/05/17 13:57:03 INFO database initialized path=/tmp/expedition-sim-3103807334/gogobee.db
2026/05/17 13:57:03 INFO database initialized path=/tmp/expedition-sim-1759650186/gogobee.db
2026/05/17 13:57:03 INFO database initialized path=/tmp/expedition-sim-2940252688/gogobee.db
2026/05/17 13:57:03 INFO database initialized path=/tmp/expedition-sim-3329507314/gogobee.db
2026/05/17 13:57:03 INFO database initialized path=/tmp/expedition-sim-4107740293/gogobee.db
2026/05/17 13:57:03 INFO database initialized path=/tmp/expedition-sim-4049419404/gogobee.db
2026/05/17 13:57:03 INFO database initialized path=/tmp/expedition-sim-2606333376/gogobee.db
2026/05/17 13:57:03 INFO database initialized path=/tmp/expedition-sim-639836139/gogobee.db
2026/05/17 13:57:03 INFO database initialized path=/tmp/expedition-sim-1717376914/gogobee.db
2026/05/17 13:57:03 INFO database initialized path=/tmp/expedition-sim-2575443691/gogobee.db
2026/05/17 13:57:03 INFO database initialized path=/tmp/expedition-sim-108689137/gogobee.db
2026/05/17 13:57:03 INFO database initialized path=/tmp/expedition-sim-84749919/gogobee.db
2026/05/17 13:57:03 INFO database initialized path=/tmp/expedition-sim-1069364397/gogobee.db
2026/05/17 13:57:04 INFO database initialized path=/tmp/expedition-sim-274147270/gogobee.db
2026/05/17 13:57:04 INFO database initialized path=/tmp/expedition-sim-2568061221/gogobee.db
2026/05/17 13:57:04 INFO database initialized path=/tmp/expedition-sim-1874402233/gogobee.db
2026/05/17 13:57:04 INFO database initialized path=/tmp/expedition-sim-1704261714/gogobee.db
2026/05/17 13:57:04 INFO database initialized path=/tmp/expedition-sim-248783955/gogobee.db
2026/05/17 13:57:04 INFO database initialized path=/tmp/expedition-sim-2820379699/gogobee.db
2026/05/17 13:57:04 INFO database initialized path=/tmp/expedition-sim-55690149/gogobee.db
2026/05/17 13:57:04 INFO database initialized path=/tmp/expedition-sim-140715748/gogobee.db
2026/05/17 13:57:04 INFO database initialized path=/tmp/expedition-sim-4016839340/gogobee.db
2026/05/17 13:57:04 INFO database initialized path=/tmp/expedition-sim-176110287/gogobee.db
2026/05/17 13:57:04 INFO database initialized path=/tmp/expedition-sim-4209902492/gogobee.db
2026/05/17 13:57:04 INFO database initialized path=/tmp/expedition-sim-165791916/gogobee.db
2026/05/17 13:57:04 INFO database initialized path=/tmp/expedition-sim-2138535840/gogobee.db
2026/05/17 13:57:04 INFO database initialized path=/tmp/expedition-sim-1592409648/gogobee.db
2026/05/17 13:57:04 INFO database initialized path=/tmp/expedition-sim-614846251/gogobee.db
2026/05/17 13:57:04 INFO database initialized path=/tmp/expedition-sim-1251396936/gogobee.db
2026/05/17 13:57:04 INFO database initialized path=/tmp/expedition-sim-19203056/gogobee.db
2026/05/17 13:57:04 INFO database initialized path=/tmp/expedition-sim-1388800878/gogobee.db
2026/05/17 13:57:04 INFO database initialized path=/tmp/expedition-sim-334178179/gogobee.db
2026/05/17 13:57:04 INFO database initialized path=/tmp/expedition-sim-2713356180/gogobee.db
2026/05/17 13:57:04 INFO database initialized path=/tmp/expedition-sim-1074159964/gogobee.db
2026/05/17 13:57:04 INFO database initialized path=/tmp/expedition-sim-1857457847/gogobee.db
2026/05/17 13:57:04 INFO database initialized path=/tmp/expedition-sim-3271152589/gogobee.db
2026/05/17 13:57:04 INFO database initialized path=/tmp/expedition-sim-3616332955/gogobee.db
2026/05/17 13:57:04 INFO database initialized path=/tmp/expedition-sim-3080563306/gogobee.db
2026/05/17 13:57:04 INFO database initialized path=/tmp/expedition-sim-806044350/gogobee.db
2026/05/17 13:57:04 INFO database initialized path=/tmp/expedition-sim-4124496443/gogobee.db
2026/05/17 13:57:04 INFO database initialized path=/tmp/expedition-sim-3644544000/gogobee.db
2026/05/17 13:57:04 INFO database initialized path=/tmp/expedition-sim-1489307252/gogobee.db
2026/05/17 13:57:05 INFO database initialized path=/tmp/expedition-sim-2384169921/gogobee.db
2026/05/17 13:57:05 INFO database initialized path=/tmp/expedition-sim-4177753474/gogobee.db
2026/05/17 13:57:05 INFO database initialized path=/tmp/expedition-sim-2204098674/gogobee.db
2026/05/17 13:57:05 INFO database initialized path=/tmp/expedition-sim-2477349768/gogobee.db
2026/05/17 13:57:05 INFO database initialized path=/tmp/expedition-sim-1156347000/gogobee.db
2026/05/17 13:57:05 INFO database initialized path=/tmp/expedition-sim-1312151296/gogobee.db
2026/05/17 13:57:05 INFO database initialized path=/tmp/expedition-sim-2576116227/gogobee.db
2026/05/17 13:57:05 INFO database initialized path=/tmp/expedition-sim-792726288/gogobee.db
2026/05/17 13:57:05 INFO database initialized path=/tmp/expedition-sim-787469906/gogobee.db
2026/05/17 13:57:05 INFO database initialized path=/tmp/expedition-sim-2356595161/gogobee.db
2026/05/17 13:57:05 INFO database initialized path=/tmp/expedition-sim-466971974/gogobee.db
2026/05/17 13:57:05 INFO database initialized path=/tmp/expedition-sim-2057066465/gogobee.db
2026/05/17 13:57:05 INFO database initialized path=/tmp/expedition-sim-1207457372/gogobee.db
2026/05/17 13:57:05 INFO database initialized path=/tmp/expedition-sim-1198564569/gogobee.db
2026/05/17 13:57:05 INFO database initialized path=/tmp/expedition-sim-36334587/gogobee.db
2026/05/17 13:57:05 INFO database initialized path=/tmp/expedition-sim-1719525581/gogobee.db
2026/05/17 13:57:05 INFO database initialized path=/tmp/expedition-sim-1848618032/gogobee.db
2026/05/17 13:57:05 INFO database initialized path=/tmp/expedition-sim-351912973/gogobee.db
2026/05/17 13:57:05 INFO database initialized path=/tmp/expedition-sim-2259408879/gogobee.db
2026/05/17 13:57:05 INFO database initialized path=/tmp/expedition-sim-4217025506/gogobee.db
2026/05/17 13:57:05 INFO database initialized path=/tmp/expedition-sim-3685584811/gogobee.db
2026/05/17 13:57:05 INFO database initialized path=/tmp/expedition-sim-4176968839/gogobee.db
2026/05/17 13:57:05 INFO database initialized path=/tmp/expedition-sim-20262180/gogobee.db
2026/05/17 13:57:05 INFO database initialized path=/tmp/expedition-sim-3445326107/gogobee.db
2026/05/17 13:57:05 INFO database initialized path=/tmp/expedition-sim-3745648471/gogobee.db
2026/05/17 13:57:05 INFO database initialized path=/tmp/expedition-sim-75728423/gogobee.db
2026/05/17 13:57:05 INFO database initialized path=/tmp/expedition-sim-2655340835/gogobee.db
2026/05/17 13:57:06 INFO database initialized path=/tmp/expedition-sim-1435748082/gogobee.db
2026/05/17 13:57:06 INFO database initialized path=/tmp/expedition-sim-1796823790/gogobee.db
2026/05/17 13:57:06 INFO database initialized path=/tmp/expedition-sim-2578372829/gogobee.db
2026/05/17 13:57:06 INFO database initialized path=/tmp/expedition-sim-1174475539/gogobee.db
2026/05/17 13:57:06 INFO database initialized path=/tmp/expedition-sim-1693121932/gogobee.db
2026/05/17 13:57:06 INFO database initialized path=/tmp/expedition-sim-3384025164/gogobee.db
2026/05/17 13:57:06 INFO database initialized path=/tmp/expedition-sim-462001076/gogobee.db
2026/05/17 13:57:06 INFO database initialized path=/tmp/expedition-sim-4071882168/gogobee.db
2026/05/17 13:57:06 INFO database initialized path=/tmp/expedition-sim-3395992934/gogobee.db
2026/05/17 13:57:06 INFO database initialized path=/tmp/expedition-sim-2235816273/gogobee.db
2026/05/17 13:57:06 INFO database initialized path=/tmp/expedition-sim-3571777530/gogobee.db
2026/05/17 13:57:06 INFO database initialized path=/tmp/expedition-sim-1387354925/gogobee.db
2026/05/17 13:57:06 INFO database initialized path=/tmp/expedition-sim-4096213256/gogobee.db
2026/05/17 13:57:06 INFO database initialized path=/tmp/expedition-sim-3820797501/gogobee.db
2026/05/17 13:57:06 INFO database initialized path=/tmp/expedition-sim-2413573409/gogobee.db
2026/05/17 13:57:06 INFO database initialized path=/tmp/expedition-sim-1279598609/gogobee.db
2026/05/17 13:57:06 INFO database initialized path=/tmp/expedition-sim-3582486045/gogobee.db
2026/05/17 13:57:06 INFO database initialized path=/tmp/expedition-sim-3381326718/gogobee.db
2026/05/17 13:57:06 INFO database initialized path=/tmp/expedition-sim-2055482982/gogobee.db
2026/05/17 13:57:06 INFO database initialized path=/tmp/expedition-sim-2841783812/gogobee.db
2026/05/17 13:57:06 INFO database initialized path=/tmp/expedition-sim-2073870624/gogobee.db
2026/05/17 13:57:06 INFO database initialized path=/tmp/expedition-sim-1055062547/gogobee.db
2026/05/17 13:57:06 INFO database initialized path=/tmp/expedition-sim-1565565841/gogobee.db
2026/05/17 13:57:06 INFO database initialized path=/tmp/expedition-sim-4045772862/gogobee.db
2026/05/17 13:57:06 INFO database initialized path=/tmp/expedition-sim-3566238750/gogobee.db
2026/05/17 13:57:06 INFO database initialized path=/tmp/expedition-sim-2643663126/gogobee.db
2026/05/17 13:57:06 INFO database initialized path=/tmp/expedition-sim-3613602419/gogobee.db
2026/05/17 13:57:07 INFO database initialized path=/tmp/expedition-sim-2827770910/gogobee.db
2026/05/17 13:57:07 INFO database initialized path=/tmp/expedition-sim-1870769386/gogobee.db
2026/05/17 13:57:07 INFO database initialized path=/tmp/expedition-sim-1607789182/gogobee.db
2026/05/17 13:57:07 INFO database initialized path=/tmp/expedition-sim-3380478377/gogobee.db
2026/05/17 13:57:07 INFO database initialized path=/tmp/expedition-sim-4024992185/gogobee.db
2026/05/17 13:57:07 INFO database initialized path=/tmp/expedition-sim-3167034061/gogobee.db
2026/05/17 13:57:07 INFO database initialized path=/tmp/expedition-sim-1747362449/gogobee.db
2026/05/17 13:57:07 INFO database initialized path=/tmp/expedition-sim-277158569/gogobee.db
2026/05/17 13:57:07 INFO database initialized path=/tmp/expedition-sim-2043329124/gogobee.db
2026/05/17 13:57:07 INFO database initialized path=/tmp/expedition-sim-2110437793/gogobee.db
2026/05/17 13:57:07 INFO database initialized path=/tmp/expedition-sim-1376725102/gogobee.db
2026/05/17 13:57:07 INFO database initialized path=/tmp/expedition-sim-771970308/gogobee.db
2026/05/17 13:57:07 INFO database initialized path=/tmp/expedition-sim-2795917243/gogobee.db
2026/05/17 13:57:07 INFO database initialized path=/tmp/expedition-sim-2993249139/gogobee.db
2026/05/17 13:57:07 INFO database initialized path=/tmp/expedition-sim-2991789149/gogobee.db
2026/05/17 13:57:07 INFO database initialized path=/tmp/expedition-sim-3898335602/gogobee.db
2026/05/17 13:57:07 INFO database initialized path=/tmp/expedition-sim-3358550745/gogobee.db
2026/05/17 13:57:07 INFO database initialized path=/tmp/expedition-sim-1245012643/gogobee.db
2026/05/17 13:57:07 INFO database initialized path=/tmp/expedition-sim-741446146/gogobee.db
2026/05/17 13:57:07 INFO database initialized path=/tmp/expedition-sim-2269527966/gogobee.db
2026/05/17 13:57:07 INFO database initialized path=/tmp/expedition-sim-91648215/gogobee.db
2026/05/17 13:57:07 INFO database initialized path=/tmp/expedition-sim-2014552358/gogobee.db
2026/05/17 13:57:07 INFO database initialized path=/tmp/expedition-sim-1597867232/gogobee.db
2026/05/17 13:57:07 INFO database initialized path=/tmp/expedition-sim-754297689/gogobee.db
2026/05/17 13:57:07 INFO database initialized path=/tmp/expedition-sim-3113890006/gogobee.db
2026/05/17 13:57:07 INFO database initialized path=/tmp/expedition-sim-1633612517/gogobee.db
2026/05/17 13:57:08 INFO database initialized path=/tmp/expedition-sim-4072949338/gogobee.db
2026/05/17 13:57:08 INFO database initialized path=/tmp/expedition-sim-1241469687/gogobee.db
2026/05/17 13:57:08 INFO database initialized path=/tmp/expedition-sim-3284574197/gogobee.db
2026/05/17 13:57:08 INFO database initialized path=/tmp/expedition-sim-2861367184/gogobee.db
2026/05/17 13:57:08 INFO database initialized path=/tmp/expedition-sim-2245299235/gogobee.db
2026/05/17 13:57:08 INFO database initialized path=/tmp/expedition-sim-1647000044/gogobee.db
2026/05/17 13:57:08 INFO database initialized path=/tmp/expedition-sim-3352609020/gogobee.db
2026/05/17 13:57:08 INFO database initialized path=/tmp/expedition-sim-1797071970/gogobee.db
2026/05/17 13:57:08 INFO database initialized path=/tmp/expedition-sim-3859302374/gogobee.db
2026/05/17 13:57:08 INFO database initialized path=/tmp/expedition-sim-1268025446/gogobee.db
2026/05/17 13:57:08 INFO database initialized path=/tmp/expedition-sim-2428516087/gogobee.db
2026/05/17 13:57:08 INFO database initialized path=/tmp/expedition-sim-1420729808/gogobee.db
2026/05/17 13:57:08 INFO database initialized path=/tmp/expedition-sim-580635838/gogobee.db
2026/05/17 13:57:08 INFO database initialized path=/tmp/expedition-sim-3056098176/gogobee.db
2026/05/17 13:57:08 INFO database initialized path=/tmp/expedition-sim-1387123785/gogobee.db
2026/05/17 13:57:08 INFO database initialized path=/tmp/expedition-sim-2261507433/gogobee.db
2026/05/17 13:57:08 INFO database initialized path=/tmp/expedition-sim-2483086242/gogobee.db
2026/05/17 13:57:08 INFO database initialized path=/tmp/expedition-sim-1919759086/gogobee.db
2026/05/17 13:57:08 INFO database initialized path=/tmp/expedition-sim-3139976970/gogobee.db
2026/05/17 13:57:08 INFO database initialized path=/tmp/expedition-sim-225424503/gogobee.db
2026/05/17 13:57:08 INFO database initialized path=/tmp/expedition-sim-1432372607/gogobee.db
2026/05/17 13:57:08 INFO database initialized path=/tmp/expedition-sim-1453678753/gogobee.db
2026/05/17 13:57:08 INFO database initialized path=/tmp/expedition-sim-3911919106/gogobee.db
2026/05/17 13:57:08 INFO database initialized path=/tmp/expedition-sim-3657727802/gogobee.db
2026/05/17 13:57:08 INFO database initialized path=/tmp/expedition-sim-2701816956/gogobee.db
2026/05/17 13:57:08 INFO database initialized path=/tmp/expedition-sim-2372785415/gogobee.db
2026/05/17 13:57:08 INFO database initialized path=/tmp/expedition-sim-1184513484/gogobee.db
2026/05/17 13:57:08 INFO database initialized path=/tmp/expedition-sim-2784588801/gogobee.db
2026/05/17 13:57:08 INFO database initialized path=/tmp/expedition-sim-2964204562/gogobee.db
2026/05/17 13:57:08 INFO database initialized path=/tmp/expedition-sim-1639082957/gogobee.db
2026/05/17 13:57:09 INFO database initialized path=/tmp/expedition-sim-3925946262/gogobee.db
2026/05/17 13:57:09 INFO database initialized path=/tmp/expedition-sim-1530144779/gogobee.db
2026/05/17 13:57:09 INFO database initialized path=/tmp/expedition-sim-2991209825/gogobee.db
2026/05/17 13:57:09 INFO database initialized path=/tmp/expedition-sim-1638860820/gogobee.db
2026/05/17 13:57:09 INFO database initialized path=/tmp/expedition-sim-3784532759/gogobee.db
2026/05/17 13:57:09 INFO database initialized path=/tmp/expedition-sim-385261189/gogobee.db
2026/05/17 13:57:09 INFO database initialized path=/tmp/expedition-sim-3827437839/gogobee.db
2026/05/17 13:57:09 INFO database initialized path=/tmp/expedition-sim-1100148931/gogobee.db
2026/05/17 13:57:09 INFO database initialized path=/tmp/expedition-sim-1867618549/gogobee.db
2026/05/17 13:57:09 INFO database initialized path=/tmp/expedition-sim-3183222732/gogobee.db
2026/05/17 13:57:09 INFO database initialized path=/tmp/expedition-sim-2338878323/gogobee.db
2026/05/17 13:57:09 INFO database initialized path=/tmp/expedition-sim-2105448087/gogobee.db
2026/05/17 13:57:09 INFO database initialized path=/tmp/expedition-sim-2796552168/gogobee.db
2026/05/17 13:57:09 INFO database initialized path=/tmp/expedition-sim-1938992111/gogobee.db
2026/05/17 13:57:09 INFO database initialized path=/tmp/expedition-sim-2041495419/gogobee.db
2026/05/17 13:57:09 INFO database initialized path=/tmp/expedition-sim-239535896/gogobee.db
2026/05/17 13:57:09 INFO database initialized path=/tmp/expedition-sim-531059151/gogobee.db
2026/05/17 13:57:09 INFO database initialized path=/tmp/expedition-sim-3736347144/gogobee.db
2026/05/17 13:57:09 INFO database initialized path=/tmp/expedition-sim-3800626437/gogobee.db
2026/05/17 13:57:09 INFO database initialized path=/tmp/expedition-sim-1274613051/gogobee.db
2026/05/17 13:57:09 INFO database initialized path=/tmp/expedition-sim-3857449922/gogobee.db
2026/05/17 13:57:09 INFO database initialized path=/tmp/expedition-sim-3702194953/gogobee.db
2026/05/17 13:57:09 INFO database initialized path=/tmp/expedition-sim-1803984844/gogobee.db
2026/05/17 13:57:10 INFO database initialized path=/tmp/expedition-sim-283072979/gogobee.db
2026/05/17 13:57:10 INFO database initialized path=/tmp/expedition-sim-2697586580/gogobee.db
2026/05/17 13:57:10 INFO database initialized path=/tmp/expedition-sim-3407221420/gogobee.db
2026/05/17 13:57:10 INFO database initialized path=/tmp/expedition-sim-3787886214/gogobee.db
2026/05/17 13:57:10 INFO database initialized path=/tmp/expedition-sim-2649097951/gogobee.db
2026/05/17 13:57:10 INFO database initialized path=/tmp/expedition-sim-1759140525/gogobee.db
2026/05/17 13:57:10 INFO database initialized path=/tmp/expedition-sim-942824255/gogobee.db
2026/05/17 13:57:10 INFO database initialized path=/tmp/expedition-sim-617610517/gogobee.db
2026/05/17 13:57:10 INFO database initialized path=/tmp/expedition-sim-1711486567/gogobee.db
2026/05/17 13:57:10 INFO database initialized path=/tmp/expedition-sim-2345768065/gogobee.db
2026/05/17 13:57:10 INFO database initialized path=/tmp/expedition-sim-101621530/gogobee.db
2026/05/17 13:57:10 INFO database initialized path=/tmp/expedition-sim-1702182853/gogobee.db
2026/05/17 13:57:10 INFO database initialized path=/tmp/expedition-sim-3329458000/gogobee.db
2026/05/17 13:57:10 INFO database initialized path=/tmp/expedition-sim-1672346034/gogobee.db
2026/05/17 13:57:10 INFO database initialized path=/tmp/expedition-sim-313607249/gogobee.db
2026/05/17 13:57:10 INFO database initialized path=/tmp/expedition-sim-192760852/gogobee.db
2026/05/17 13:57:10 INFO database initialized path=/tmp/expedition-sim-1732085685/gogobee.db
2026/05/17 13:57:10 INFO database initialized path=/tmp/expedition-sim-3398586669/gogobee.db
2026/05/17 13:57:10 INFO database initialized path=/tmp/expedition-sim-2268744529/gogobee.db
2026/05/17 13:57:10 INFO database initialized path=/tmp/expedition-sim-1099933360/gogobee.db
2026/05/17 13:57:10 INFO database initialized path=/tmp/expedition-sim-2379130574/gogobee.db
2026/05/17 13:57:10 INFO database initialized path=/tmp/expedition-sim-1469275307/gogobee.db
2026/05/17 13:57:10 INFO database initialized path=/tmp/expedition-sim-3357961019/gogobee.db
2026/05/17 13:57:10 INFO database initialized path=/tmp/expedition-sim-3551361678/gogobee.db
2026/05/17 13:57:10 INFO database initialized path=/tmp/expedition-sim-3741993583/gogobee.db
2026/05/17 13:57:10 INFO database initialized path=/tmp/expedition-sim-3902884070/gogobee.db
2026/05/17 13:57:10 INFO database initialized path=/tmp/expedition-sim-2038478026/gogobee.db
2026/05/17 13:57:10 INFO database initialized path=/tmp/expedition-sim-66427413/gogobee.db
2026/05/17 13:57:10 INFO database initialized path=/tmp/expedition-sim-1734879772/gogobee.db
2026/05/17 13:57:11 INFO database initialized path=/tmp/expedition-sim-2114974810/gogobee.db
2026/05/17 13:57:11 INFO database initialized path=/tmp/expedition-sim-4184262444/gogobee.db
2026/05/17 13:57:11 INFO database initialized path=/tmp/expedition-sim-2857267480/gogobee.db
2026/05/17 13:57:11 INFO database initialized path=/tmp/expedition-sim-500590487/gogobee.db
2026/05/17 13:57:11 INFO database initialized path=/tmp/expedition-sim-1593626756/gogobee.db
2026/05/17 13:57:11 INFO database initialized path=/tmp/expedition-sim-973931897/gogobee.db
2026/05/17 13:57:11 INFO database initialized path=/tmp/expedition-sim-4177075600/gogobee.db
2026/05/17 13:57:11 INFO database initialized path=/tmp/expedition-sim-653855830/gogobee.db
2026/05/17 13:57:11 INFO database initialized path=/tmp/expedition-sim-716101902/gogobee.db
2026/05/17 13:57:11 INFO database initialized path=/tmp/expedition-sim-1661009286/gogobee.db
2026/05/17 13:57:11 INFO database initialized path=/tmp/expedition-sim-156157223/gogobee.db
2026/05/17 13:57:11 INFO database initialized path=/tmp/expedition-sim-2762007308/gogobee.db
2026/05/17 13:57:11 INFO database initialized path=/tmp/expedition-sim-774575041/gogobee.db
2026/05/17 13:57:11 INFO database initialized path=/tmp/expedition-sim-987244506/gogobee.db
2026/05/17 13:57:11 INFO database initialized path=/tmp/expedition-sim-100792110/gogobee.db
2026/05/17 13:57:11 INFO database initialized path=/tmp/expedition-sim-1655426166/gogobee.db
2026/05/17 13:57:11 INFO database initialized path=/tmp/expedition-sim-249239838/gogobee.db
2026/05/17 13:57:11 INFO database initialized path=/tmp/expedition-sim-1417697639/gogobee.db
2026/05/17 13:57:11 INFO database initialized path=/tmp/expedition-sim-1733380911/gogobee.db
2026/05/17 13:57:11 INFO database initialized path=/tmp/expedition-sim-989965117/gogobee.db
2026/05/17 13:57:11 INFO database initialized path=/tmp/expedition-sim-4130606497/gogobee.db
2026/05/17 13:57:11 INFO database initialized path=/tmp/expedition-sim-2751499515/gogobee.db
2026/05/17 13:57:11 INFO database initialized path=/tmp/expedition-sim-157131931/gogobee.db
2026/05/17 13:57:11 INFO database initialized path=/tmp/expedition-sim-296852387/gogobee.db
2026/05/17 13:57:11 INFO database initialized path=/tmp/expedition-sim-1773283037/gogobee.db
2026/05/17 13:57:11 INFO database initialized path=/tmp/expedition-sim-2413668982/gogobee.db
2026/05/17 13:57:11 INFO database initialized path=/tmp/expedition-sim-1175018523/gogobee.db
2026/05/17 13:57:11 INFO database initialized path=/tmp/expedition-sim-296736916/gogobee.db
2026/05/17 13:57:11 INFO database initialized path=/tmp/expedition-sim-2620336629/gogobee.db
2026/05/17 13:57:12 INFO database initialized path=/tmp/expedition-sim-2805068594/gogobee.db
2026/05/17 13:57:12 INFO database initialized path=/tmp/expedition-sim-237249334/gogobee.db
2026/05/17 13:57:12 INFO database initialized path=/tmp/expedition-sim-2924121436/gogobee.db
2026/05/17 13:57:12 INFO database initialized path=/tmp/expedition-sim-1675050434/gogobee.db
2026/05/17 13:57:12 INFO database initialized path=/tmp/expedition-sim-588952867/gogobee.db
2026/05/17 13:57:12 INFO database initialized path=/tmp/expedition-sim-2557125954/gogobee.db
2026/05/17 13:57:12 INFO database initialized path=/tmp/expedition-sim-1628388300/gogobee.db
2026/05/17 13:57:12 INFO database initialized path=/tmp/expedition-sim-618192961/gogobee.db
2026/05/17 13:57:12 INFO database initialized path=/tmp/expedition-sim-722023989/gogobee.db
2026/05/17 13:57:12 INFO database initialized path=/tmp/expedition-sim-2524911569/gogobee.db
2026/05/17 13:57:12 INFO database initialized path=/tmp/expedition-sim-1635594201/gogobee.db
2026/05/17 13:57:12 INFO database initialized path=/tmp/expedition-sim-3820066141/gogobee.db
2026/05/17 13:57:12 INFO database initialized path=/tmp/expedition-sim-1688477218/gogobee.db
2026/05/17 13:57:12 INFO database initialized path=/tmp/expedition-sim-3428402268/gogobee.db
2026/05/17 13:57:12 INFO database initialized path=/tmp/expedition-sim-1388925741/gogobee.db
2026/05/17 13:57:12 INFO database initialized path=/tmp/expedition-sim-3993060236/gogobee.db
2026/05/17 13:57:12 INFO database initialized path=/tmp/expedition-sim-1563821769/gogobee.db
2026/05/17 13:57:12 INFO database initialized path=/tmp/expedition-sim-582159897/gogobee.db
2026/05/17 13:57:12 INFO database initialized path=/tmp/expedition-sim-1174269963/gogobee.db
2026/05/17 13:57:12 INFO database initialized path=/tmp/expedition-sim-3804475599/gogobee.db
2026/05/17 13:57:12 INFO database initialized path=/tmp/expedition-sim-1692512072/gogobee.db
2026/05/17 13:57:12 INFO database initialized path=/tmp/expedition-sim-2021110558/gogobee.db
2026/05/17 13:57:12 INFO database initialized path=/tmp/expedition-sim-478894363/gogobee.db
2026/05/17 13:57:12 INFO database initialized path=/tmp/expedition-sim-1579551516/gogobee.db
2026/05/17 13:57:12 INFO database initialized path=/tmp/expedition-sim-820121253/gogobee.db
2026/05/17 13:57:12 INFO database initialized path=/tmp/expedition-sim-3532761268/gogobee.db
2026/05/17 13:57:13 INFO database initialized path=/tmp/expedition-sim-1194831960/gogobee.db
2026/05/17 13:57:13 INFO database initialized path=/tmp/expedition-sim-1382362828/gogobee.db
2026/05/17 13:57:13 INFO database initialized path=/tmp/expedition-sim-1346071897/gogobee.db
2026/05/17 13:57:13 INFO database initialized path=/tmp/expedition-sim-1608019722/gogobee.db
2026/05/17 13:57:13 INFO database initialized path=/tmp/expedition-sim-2148089502/gogobee.db
2026/05/17 13:57:13 INFO database initialized path=/tmp/expedition-sim-3057552212/gogobee.db
2026/05/17 13:57:13 INFO database initialized path=/tmp/expedition-sim-1859799722/gogobee.db
2026/05/17 13:57:13 INFO database initialized path=/tmp/expedition-sim-1311032626/gogobee.db
2026/05/17 13:57:13 INFO database initialized path=/tmp/expedition-sim-3898534909/gogobee.db
2026/05/17 13:57:13 INFO database initialized path=/tmp/expedition-sim-1771146989/gogobee.db
2026/05/17 13:57:13 INFO database initialized path=/tmp/expedition-sim-1945664459/gogobee.db
2026/05/17 13:57:13 INFO database initialized path=/tmp/expedition-sim-3019937154/gogobee.db
2026/05/17 13:57:13 INFO database initialized path=/tmp/expedition-sim-784432903/gogobee.db
2026/05/17 13:57:13 INFO database initialized path=/tmp/expedition-sim-687811942/gogobee.db
2026/05/17 13:57:13 INFO database initialized path=/tmp/expedition-sim-2822435084/gogobee.db
2026/05/17 13:57:13 INFO database initialized path=/tmp/expedition-sim-1405520964/gogobee.db
2026/05/17 13:57:13 INFO database initialized path=/tmp/expedition-sim-925050224/gogobee.db
2026/05/17 13:57:13 INFO database initialized path=/tmp/expedition-sim-19883849/gogobee.db
2026/05/17 13:57:13 INFO database initialized path=/tmp/expedition-sim-3458189982/gogobee.db
2026/05/17 13:57:13 INFO database initialized path=/tmp/expedition-sim-2195027244/gogobee.db
2026/05/17 13:57:13 INFO database initialized path=/tmp/expedition-sim-2632185449/gogobee.db
2026/05/17 13:57:13 INFO database initialized path=/tmp/expedition-sim-2276488505/gogobee.db
2026/05/17 13:57:13 INFO database initialized path=/tmp/expedition-sim-263844386/gogobee.db
2026/05/17 13:57:13 INFO database initialized path=/tmp/expedition-sim-830246842/gogobee.db
2026/05/17 13:57:13 INFO database initialized path=/tmp/expedition-sim-2232053107/gogobee.db
2026/05/17 13:57:13 INFO database initialized path=/tmp/expedition-sim-890045237/gogobee.db
2026/05/17 13:57:13 INFO database initialized path=/tmp/expedition-sim-4185688390/gogobee.db
2026/05/17 13:57:13 INFO database initialized path=/tmp/expedition-sim-3804334276/gogobee.db
2026/05/17 13:57:13 INFO database initialized path=/tmp/expedition-sim-3766694421/gogobee.db
2026/05/17 13:57:13 INFO database initialized path=/tmp/expedition-sim-4072361154/gogobee.db
2026/05/17 13:57:14 INFO database initialized path=/tmp/expedition-sim-540689518/gogobee.db
2026/05/17 13:57:14 INFO database initialized path=/tmp/expedition-sim-1934387611/gogobee.db
2026/05/17 13:57:14 INFO database initialized path=/tmp/expedition-sim-1902682306/gogobee.db
2026/05/17 13:57:14 INFO database initialized path=/tmp/expedition-sim-1629249757/gogobee.db
2026/05/17 13:57:14 INFO database initialized path=/tmp/expedition-sim-2330509382/gogobee.db
2026/05/17 13:57:14 INFO database initialized path=/tmp/expedition-sim-3590929658/gogobee.db
2026/05/17 13:57:14 INFO database initialized path=/tmp/expedition-sim-2986338039/gogobee.db
2026/05/17 13:57:14 INFO database initialized path=/tmp/expedition-sim-634216296/gogobee.db
2026/05/17 13:57:14 INFO database initialized path=/tmp/expedition-sim-395284972/gogobee.db
2026/05/17 13:57:14 INFO database initialized path=/tmp/expedition-sim-760343240/gogobee.db
2026/05/17 13:57:14 INFO database initialized path=/tmp/expedition-sim-3479973333/gogobee.db
2026/05/17 13:57:14 INFO database initialized path=/tmp/expedition-sim-3336424098/gogobee.db
2026/05/17 13:57:14 INFO database initialized path=/tmp/expedition-sim-1780296727/gogobee.db
2026/05/17 13:57:14 INFO database initialized path=/tmp/expedition-sim-590111626/gogobee.db
2026/05/17 13:57:14 INFO database initialized path=/tmp/expedition-sim-4157410877/gogobee.db
2026/05/17 13:57:14 INFO database initialized path=/tmp/expedition-sim-1005301058/gogobee.db
2026/05/17 13:57:14 INFO database initialized path=/tmp/expedition-sim-3508782747/gogobee.db
2026/05/17 13:57:14 INFO database initialized path=/tmp/expedition-sim-3646795752/gogobee.db
2026/05/17 13:57:14 INFO database initialized path=/tmp/expedition-sim-2044627173/gogobee.db
2026/05/17 13:57:14 INFO database initialized path=/tmp/expedition-sim-1815292183/gogobee.db
2026/05/17 13:57:14 INFO database initialized path=/tmp/expedition-sim-4086554534/gogobee.db
2026/05/17 13:57:14 INFO database initialized path=/tmp/expedition-sim-2219816236/gogobee.db
2026/05/17 13:57:14 INFO database initialized path=/tmp/expedition-sim-222835548/gogobee.db
2026/05/17 13:57:14 INFO database initialized path=/tmp/expedition-sim-1745603441/gogobee.db
2026/05/17 13:57:14 INFO database initialized path=/tmp/expedition-sim-674294363/gogobee.db
2026/05/17 13:57:14 INFO database initialized path=/tmp/expedition-sim-3214851693/gogobee.db
2026/05/17 13:57:14 INFO database initialized path=/tmp/expedition-sim-313452649/gogobee.db
2026/05/17 13:57:14 INFO database initialized path=/tmp/expedition-sim-2472677164/gogobee.db
2026/05/17 13:57:14 INFO database initialized path=/tmp/expedition-sim-3201970262/gogobee.db
2026/05/17 13:57:14 INFO database initialized path=/tmp/expedition-sim-1596311893/gogobee.db
2026/05/17 13:57:15 INFO database initialized path=/tmp/expedition-sim-1093592453/gogobee.db
2026/05/17 13:57:15 INFO database initialized path=/tmp/expedition-sim-34828737/gogobee.db
2026/05/17 13:57:15 INFO database initialized path=/tmp/expedition-sim-3749172499/gogobee.db
2026/05/17 13:57:15 INFO database initialized path=/tmp/expedition-sim-1978165409/gogobee.db
2026/05/17 13:57:15 INFO database initialized path=/tmp/expedition-sim-3251754876/gogobee.db
2026/05/17 13:57:15 INFO database initialized path=/tmp/expedition-sim-4063554283/gogobee.db
2026/05/17 13:57:15 INFO database initialized path=/tmp/expedition-sim-3901404255/gogobee.db
2026/05/17 13:57:15 INFO database initialized path=/tmp/expedition-sim-1176686530/gogobee.db
2026/05/17 13:57:15 INFO database initialized path=/tmp/expedition-sim-2917058951/gogobee.db
2026/05/17 13:57:15 INFO database initialized path=/tmp/expedition-sim-520208658/gogobee.db
2026/05/17 13:57:15 INFO database initialized path=/tmp/expedition-sim-754713805/gogobee.db
2026/05/17 13:57:15 INFO database initialized path=/tmp/expedition-sim-1065075602/gogobee.db
2026/05/17 13:57:15 INFO database initialized path=/tmp/expedition-sim-810056432/gogobee.db
2026/05/17 13:57:15 INFO database initialized path=/tmp/expedition-sim-2728191183/gogobee.db
2026/05/17 13:57:15 INFO database initialized path=/tmp/expedition-sim-3043757211/gogobee.db
2026/05/17 13:57:15 INFO database initialized path=/tmp/expedition-sim-563924202/gogobee.db
2026/05/17 13:57:15 INFO database initialized path=/tmp/expedition-sim-3075421585/gogobee.db
2026/05/17 13:57:15 INFO database initialized path=/tmp/expedition-sim-713951485/gogobee.db
2026/05/17 13:57:15 INFO database initialized path=/tmp/expedition-sim-3516758588/gogobee.db
2026/05/17 13:57:15 INFO database initialized path=/tmp/expedition-sim-1835457515/gogobee.db
2026/05/17 13:57:15 INFO database initialized path=/tmp/expedition-sim-1391090533/gogobee.db
2026/05/17 13:57:15 INFO database initialized path=/tmp/expedition-sim-3322447363/gogobee.db
2026/05/17 13:57:15 INFO database initialized path=/tmp/expedition-sim-828013782/gogobee.db
2026/05/17 13:57:15 INFO database initialized path=/tmp/expedition-sim-3300723782/gogobee.db
2026/05/17 13:57:15 INFO database initialized path=/tmp/expedition-sim-2020610980/gogobee.db
2026/05/17 13:57:15 INFO database initialized path=/tmp/expedition-sim-911314491/gogobee.db
2026/05/17 13:57:15 INFO database initialized path=/tmp/expedition-sim-407968300/gogobee.db
2026/05/17 13:57:15 INFO database initialized path=/tmp/expedition-sim-62844594/gogobee.db
2026/05/17 13:57:15 INFO database initialized path=/tmp/expedition-sim-3819633090/gogobee.db
2026/05/17 13:57:16 INFO database initialized path=/tmp/expedition-sim-4053688059/gogobee.db
2026/05/17 13:57:16 INFO database initialized path=/tmp/expedition-sim-3010953899/gogobee.db
2026/05/17 13:57:16 INFO database initialized path=/tmp/expedition-sim-3967749161/gogobee.db
2026/05/17 13:57:16 INFO database initialized path=/tmp/expedition-sim-424973881/gogobee.db
2026/05/17 13:57:16 INFO database initialized path=/tmp/expedition-sim-1743922255/gogobee.db
2026/05/17 13:57:16 INFO database initialized path=/tmp/expedition-sim-24757201/gogobee.db
2026/05/17 13:57:16 INFO database initialized path=/tmp/expedition-sim-2133982975/gogobee.db
2026/05/17 13:57:16 INFO database initialized path=/tmp/expedition-sim-2628682460/gogobee.db
2026/05/17 13:57:16 INFO database initialized path=/tmp/expedition-sim-3612094064/gogobee.db
2026/05/17 13:57:16 INFO database initialized path=/tmp/expedition-sim-707840451/gogobee.db
2026/05/17 13:57:16 INFO database initialized path=/tmp/expedition-sim-3422751088/gogobee.db
2026/05/17 13:57:16 INFO database initialized path=/tmp/expedition-sim-801889372/gogobee.db
2026/05/17 13:57:16 INFO database initialized path=/tmp/expedition-sim-2596621145/gogobee.db
2026/05/17 13:57:16 INFO database initialized path=/tmp/expedition-sim-1923755487/gogobee.db
2026/05/17 13:57:16 INFO database initialized path=/tmp/expedition-sim-1433108177/gogobee.db
2026/05/17 13:57:16 INFO database initialized path=/tmp/expedition-sim-351727631/gogobee.db
2026/05/17 13:57:16 INFO database initialized path=/tmp/expedition-sim-2001259542/gogobee.db
2026/05/17 13:57:16 INFO database initialized path=/tmp/expedition-sim-4145256661/gogobee.db
2026/05/17 13:57:16 INFO database initialized path=/tmp/expedition-sim-1276345529/gogobee.db
2026/05/17 13:57:16 INFO database initialized path=/tmp/expedition-sim-3758209002/gogobee.db
2026/05/17 13:57:16 INFO database initialized path=/tmp/expedition-sim-249638254/gogobee.db
2026/05/17 13:57:16 INFO database initialized path=/tmp/expedition-sim-1607420475/gogobee.db
2026/05/17 13:57:16 INFO database initialized path=/tmp/expedition-sim-1514786572/gogobee.db
2026/05/17 13:57:16 INFO database initialized path=/tmp/expedition-sim-3198083873/gogobee.db
2026/05/17 13:57:16 INFO database initialized path=/tmp/expedition-sim-500969047/gogobee.db
2026/05/17 13:57:16 INFO database initialized path=/tmp/expedition-sim-1605400805/gogobee.db
2026/05/17 13:57:16 INFO database initialized path=/tmp/expedition-sim-2970603499/gogobee.db
2026/05/17 13:57:16 INFO database initialized path=/tmp/expedition-sim-3944845847/gogobee.db
2026/05/17 13:57:16 INFO database initialized path=/tmp/expedition-sim-408567571/gogobee.db
2026/05/17 13:57:16 INFO database initialized path=/tmp/expedition-sim-1886998906/gogobee.db
2026/05/17 13:57:16 INFO database initialized path=/tmp/expedition-sim-1032286839/gogobee.db
2026/05/17 13:57:16 INFO database initialized path=/tmp/expedition-sim-2520238986/gogobee.db
2026/05/17 13:57:17 INFO database initialized path=/tmp/expedition-sim-3339836982/gogobee.db
2026/05/17 13:57:17 INFO database initialized path=/tmp/expedition-sim-1018188594/gogobee.db
2026/05/17 13:57:17 INFO database initialized path=/tmp/expedition-sim-3300508798/gogobee.db
2026/05/17 13:57:17 INFO database initialized path=/tmp/expedition-sim-3509683817/gogobee.db
2026/05/17 13:57:17 INFO database initialized path=/tmp/expedition-sim-3803297255/gogobee.db
2026/05/17 13:57:17 INFO database initialized path=/tmp/expedition-sim-270091691/gogobee.db
2026/05/17 13:57:17 INFO database initialized path=/tmp/expedition-sim-2330146713/gogobee.db
2026/05/17 13:57:17 INFO database initialized path=/tmp/expedition-sim-4143757067/gogobee.db
2026/05/17 13:57:17 INFO database initialized path=/tmp/expedition-sim-1071393796/gogobee.db
2026/05/17 13:57:17 INFO database initialized path=/tmp/expedition-sim-3376196787/gogobee.db
2026/05/17 13:57:17 INFO database initialized path=/tmp/expedition-sim-4135466782/gogobee.db
2026/05/17 13:57:17 INFO database initialized path=/tmp/expedition-sim-105173612/gogobee.db
2026/05/17 13:57:17 INFO database initialized path=/tmp/expedition-sim-2340121600/gogobee.db
2026/05/17 13:57:17 INFO database initialized path=/tmp/expedition-sim-3495148176/gogobee.db
2026/05/17 13:57:17 INFO database initialized path=/tmp/expedition-sim-1573829599/gogobee.db
2026/05/17 13:57:17 INFO database initialized path=/tmp/expedition-sim-973106706/gogobee.db
2026/05/17 13:57:17 INFO database initialized path=/tmp/expedition-sim-3845134230/gogobee.db
2026/05/17 13:57:17 INFO database initialized path=/tmp/expedition-sim-2751841519/gogobee.db
2026/05/17 13:57:17 INFO database initialized path=/tmp/expedition-sim-3073333770/gogobee.db
2026/05/17 13:57:17 INFO database initialized path=/tmp/expedition-sim-3325180119/gogobee.db
2026/05/17 13:57:17 INFO database initialized path=/tmp/expedition-sim-1918611983/gogobee.db
2026/05/17 13:57:17 INFO database initialized path=/tmp/expedition-sim-4020727007/gogobee.db
2026/05/17 13:57:17 INFO database initialized path=/tmp/expedition-sim-2094530747/gogobee.db
2026/05/17 13:57:17 INFO database initialized path=/tmp/expedition-sim-2109560435/gogobee.db
2026/05/17 13:57:17 INFO database initialized path=/tmp/expedition-sim-232909725/gogobee.db
2026/05/17 13:57:17 INFO database initialized path=/tmp/expedition-sim-386868374/gogobee.db
2026/05/17 13:57:17 INFO database initialized path=/tmp/expedition-sim-2667973659/gogobee.db
2026/05/17 13:57:17 INFO database initialized path=/tmp/expedition-sim-2262864343/gogobee.db
2026/05/17 13:57:17 INFO database initialized path=/tmp/expedition-sim-1534966494/gogobee.db
2026/05/17 13:57:18 INFO database initialized path=/tmp/expedition-sim-3609010667/gogobee.db
2026/05/17 13:57:18 INFO database initialized path=/tmp/expedition-sim-3929132980/gogobee.db
2026/05/17 13:57:18 INFO database initialized path=/tmp/expedition-sim-3060358823/gogobee.db
2026/05/17 13:57:18 INFO database initialized path=/tmp/expedition-sim-336470390/gogobee.db
2026/05/17 13:57:18 INFO database initialized path=/tmp/expedition-sim-831417259/gogobee.db
2026/05/17 13:57:18 INFO database initialized path=/tmp/expedition-sim-1932845051/gogobee.db
2026/05/17 13:57:18 INFO database initialized path=/tmp/expedition-sim-3893119057/gogobee.db
2026/05/17 13:57:18 INFO database initialized path=/tmp/expedition-sim-218247133/gogobee.db
2026/05/17 13:57:18 INFO database initialized path=/tmp/expedition-sim-1053137896/gogobee.db
2026/05/17 13:57:18 INFO database initialized path=/tmp/expedition-sim-277055090/gogobee.db
2026/05/17 13:57:18 INFO database initialized path=/tmp/expedition-sim-114938012/gogobee.db
2026/05/17 13:57:18 INFO database initialized path=/tmp/expedition-sim-2875261959/gogobee.db
2026/05/17 13:57:18 INFO database initialized path=/tmp/expedition-sim-3040918171/gogobee.db
2026/05/17 13:57:18 INFO database initialized path=/tmp/expedition-sim-2361305748/gogobee.db
2026/05/17 13:57:18 INFO database initialized path=/tmp/expedition-sim-1253030680/gogobee.db
2026/05/17 13:57:18 INFO database initialized path=/tmp/expedition-sim-122102927/gogobee.db
2026/05/17 13:57:18 INFO database initialized path=/tmp/expedition-sim-935686322/gogobee.db
2026/05/17 13:57:18 INFO database initialized path=/tmp/expedition-sim-1005775507/gogobee.db
2026/05/17 13:57:18 INFO database initialized path=/tmp/expedition-sim-1279219544/gogobee.db
2026/05/17 13:57:18 INFO database initialized path=/tmp/expedition-sim-2816123282/gogobee.db
2026/05/17 13:57:18 INFO database initialized path=/tmp/expedition-sim-141689951/gogobee.db
2026/05/17 13:57:18 INFO database initialized path=/tmp/expedition-sim-3263627804/gogobee.db
2026/05/17 13:57:18 INFO database initialized path=/tmp/expedition-sim-2530111810/gogobee.db
2026/05/17 13:57:18 INFO database initialized path=/tmp/expedition-sim-1779227667/gogobee.db
2026/05/17 13:57:18 INFO database initialized path=/tmp/expedition-sim-1397663307/gogobee.db
2026/05/17 13:57:18 INFO database initialized path=/tmp/expedition-sim-2606135023/gogobee.db
2026/05/17 13:57:18 INFO database initialized path=/tmp/expedition-sim-1620943706/gogobee.db
2026/05/17 13:57:18 INFO database initialized path=/tmp/expedition-sim-4155516296/gogobee.db
2026/05/17 13:57:18 INFO database initialized path=/tmp/expedition-sim-2480637922/gogobee.db
2026/05/17 13:57:18 INFO database initialized path=/tmp/expedition-sim-4194768789/gogobee.db
2026/05/17 13:57:18 INFO database initialized path=/tmp/expedition-sim-1684160656/gogobee.db
2026/05/17 13:57:18 INFO database initialized path=/tmp/expedition-sim-2616125498/gogobee.db
2026/05/17 13:57:18 INFO database initialized path=/tmp/expedition-sim-2435610696/gogobee.db
2026/05/17 13:57:18 INFO database initialized path=/tmp/expedition-sim-2877048165/gogobee.db
2026/05/17 13:57:18 INFO database initialized path=/tmp/expedition-sim-1855263426/gogobee.db
2026/05/17 13:57:18 INFO database initialized path=/tmp/expedition-sim-3203251830/gogobee.db
2026/05/17 13:57:18 INFO database initialized path=/tmp/expedition-sim-3385232016/gogobee.db
2026/05/17 13:57:18 INFO database initialized path=/tmp/expedition-sim-172848006/gogobee.db
2026/05/17 13:57:19 INFO database initialized path=/tmp/expedition-sim-2701605585/gogobee.db
2026/05/17 13:57:19 INFO database initialized path=/tmp/expedition-sim-1743890637/gogobee.db
2026/05/17 13:57:19 INFO database initialized path=/tmp/expedition-sim-524672903/gogobee.db
2026/05/17 13:57:19 INFO database initialized path=/tmp/expedition-sim-1364933521/gogobee.db
2026/05/17 13:57:19 INFO database initialized path=/tmp/expedition-sim-1826326649/gogobee.db
2026/05/17 13:57:19 INFO database initialized path=/tmp/expedition-sim-3611125073/gogobee.db
2026/05/17 13:57:19 INFO database initialized path=/tmp/expedition-sim-3758839664/gogobee.db
2026/05/17 13:57:19 INFO database initialized path=/tmp/expedition-sim-1516544166/gogobee.db
2026/05/17 13:57:19 INFO database initialized path=/tmp/expedition-sim-2145426425/gogobee.db
2026/05/17 13:57:19 INFO database initialized path=/tmp/expedition-sim-1325338521/gogobee.db
2026/05/17 13:57:19 INFO database initialized path=/tmp/expedition-sim-1676373655/gogobee.db
2026/05/17 13:57:19 INFO database initialized path=/tmp/expedition-sim-3071749901/gogobee.db
2026/05/17 13:57:19 INFO database initialized path=/tmp/expedition-sim-3622860600/gogobee.db
2026/05/17 13:57:19 INFO database initialized path=/tmp/expedition-sim-4006216429/gogobee.db
2026/05/17 13:57:19 INFO database initialized path=/tmp/expedition-sim-1937532571/gogobee.db
2026/05/17 13:57:19 INFO database initialized path=/tmp/expedition-sim-2352211840/gogobee.db
2026/05/17 13:57:19 INFO database initialized path=/tmp/expedition-sim-1662750170/gogobee.db
2026/05/17 13:57:19 INFO database initialized path=/tmp/expedition-sim-352182252/gogobee.db
2026/05/17 13:57:19 INFO database initialized path=/tmp/expedition-sim-3411937456/gogobee.db
2026/05/17 13:57:19 INFO database initialized path=/tmp/expedition-sim-3814345325/gogobee.db
2026/05/17 13:57:19 INFO database initialized path=/tmp/expedition-sim-3061633555/gogobee.db
2026/05/17 13:57:19 INFO database initialized path=/tmp/expedition-sim-3813633414/gogobee.db
2026/05/17 13:57:19 INFO database initialized path=/tmp/expedition-sim-3540113185/gogobee.db
2026/05/17 13:57:19 INFO database initialized path=/tmp/expedition-sim-54209453/gogobee.db
2026/05/17 13:57:20 INFO database initialized path=/tmp/expedition-sim-2674288864/gogobee.db
2026/05/17 13:57:20 INFO database initialized path=/tmp/expedition-sim-552171378/gogobee.db
2026/05/17 13:57:20 INFO database initialized path=/tmp/expedition-sim-3503830938/gogobee.db
2026/05/17 13:57:20 INFO database initialized path=/tmp/expedition-sim-2375076555/gogobee.db
2026/05/17 13:57:20 INFO database initialized path=/tmp/expedition-sim-405289877/gogobee.db
2026/05/17 13:57:20 INFO database initialized path=/tmp/expedition-sim-3982503818/gogobee.db
2026/05/17 13:57:20 INFO database initialized path=/tmp/expedition-sim-113228832/gogobee.db
2026/05/17 13:57:20 INFO database initialized path=/tmp/expedition-sim-1842040095/gogobee.db
2026/05/17 13:57:20 INFO database initialized path=/tmp/expedition-sim-547173734/gogobee.db
2026/05/17 13:57:20 INFO database initialized path=/tmp/expedition-sim-2565991879/gogobee.db
2026/05/17 13:57:20 INFO database initialized path=/tmp/expedition-sim-1359329379/gogobee.db
2026/05/17 13:57:20 INFO database initialized path=/tmp/expedition-sim-1495951960/gogobee.db
2026/05/17 13:57:20 INFO database initialized path=/tmp/expedition-sim-1518959963/gogobee.db
2026/05/17 13:57:20 INFO database initialized path=/tmp/expedition-sim-564582059/gogobee.db
2026/05/17 13:57:20 INFO database initialized path=/tmp/expedition-sim-332936884/gogobee.db
2026/05/17 13:57:20 INFO database initialized path=/tmp/expedition-sim-2963112509/gogobee.db
2026/05/17 13:57:20 INFO database initialized path=/tmp/expedition-sim-2595285087/gogobee.db
2026/05/17 13:57:20 INFO database initialized path=/tmp/expedition-sim-1126629410/gogobee.db
2026/05/17 13:57:20 INFO database initialized path=/tmp/expedition-sim-3876347917/gogobee.db
2026/05/17 13:57:20 INFO database initialized path=/tmp/expedition-sim-2788367405/gogobee.db
2026/05/17 13:57:20 INFO database initialized path=/tmp/expedition-sim-3841158780/gogobee.db
2026/05/17 13:57:21 INFO database initialized path=/tmp/expedition-sim-1820785013/gogobee.db
2026/05/17 13:57:21 INFO database initialized path=/tmp/expedition-sim-2600542596/gogobee.db
2026/05/17 13:57:21 INFO database initialized path=/tmp/expedition-sim-926261828/gogobee.db
2026/05/17 13:57:21 INFO database initialized path=/tmp/expedition-sim-4229472016/gogobee.db
2026/05/17 13:57:21 INFO database initialized path=/tmp/expedition-sim-1402846032/gogobee.db
2026/05/17 13:57:21 INFO database initialized path=/tmp/expedition-sim-885355463/gogobee.db
2026/05/17 13:57:21 INFO database initialized path=/tmp/expedition-sim-1514533392/gogobee.db
2026/05/17 13:57:21 INFO database initialized path=/tmp/expedition-sim-2867145576/gogobee.db
2026/05/17 13:57:21 INFO database initialized path=/tmp/expedition-sim-3663737281/gogobee.db
2026/05/17 13:57:21 INFO database initialized path=/tmp/expedition-sim-2919015266/gogobee.db
2026/05/17 13:57:21 INFO database initialized path=/tmp/expedition-sim-2561240515/gogobee.db
2026/05/17 13:57:21 INFO database initialized path=/tmp/expedition-sim-1923003575/gogobee.db
2026/05/17 13:57:21 INFO database initialized path=/tmp/expedition-sim-965737086/gogobee.db
2026/05/17 13:57:21 INFO database initialized path=/tmp/expedition-sim-1311840506/gogobee.db
2026/05/17 13:57:21 INFO database initialized path=/tmp/expedition-sim-4065171227/gogobee.db
2026/05/17 13:57:21 INFO database initialized path=/tmp/expedition-sim-4187460478/gogobee.db
2026/05/17 13:57:21 INFO database initialized path=/tmp/expedition-sim-4093940187/gogobee.db
2026/05/17 13:57:21 INFO database initialized path=/tmp/expedition-sim-1681859091/gogobee.db
2026/05/17 13:57:21 INFO database initialized path=/tmp/expedition-sim-3547290457/gogobee.db
2026/05/17 13:57:21 INFO database initialized path=/tmp/expedition-sim-1163864819/gogobee.db
2026/05/17 13:57:21 INFO database initialized path=/tmp/expedition-sim-4234528121/gogobee.db
2026/05/17 13:57:21 INFO database initialized path=/tmp/expedition-sim-411611681/gogobee.db
2026/05/17 13:57:21 INFO database initialized path=/tmp/expedition-sim-715471089/gogobee.db
2026/05/17 13:57:21 INFO database initialized path=/tmp/expedition-sim-1520903048/gogobee.db
2026/05/17 13:57:22 INFO database initialized path=/tmp/expedition-sim-3433875570/gogobee.db
2026/05/17 13:57:22 INFO database initialized path=/tmp/expedition-sim-3071714857/gogobee.db
2026/05/17 13:57:22 INFO database initialized path=/tmp/expedition-sim-2071423667/gogobee.db
2026/05/17 13:57:22 INFO database initialized path=/tmp/expedition-sim-916166552/gogobee.db
2026/05/17 13:57:22 INFO database initialized path=/tmp/expedition-sim-3089403547/gogobee.db
2026/05/17 13:57:22 INFO database initialized path=/tmp/expedition-sim-1916395065/gogobee.db
2026/05/17 13:57:22 INFO database initialized path=/tmp/expedition-sim-2991176147/gogobee.db
2026/05/17 13:57:22 INFO database initialized path=/tmp/expedition-sim-2487576731/gogobee.db
2026/05/17 13:57:22 INFO database initialized path=/tmp/expedition-sim-2090291530/gogobee.db
2026/05/17 13:57:22 INFO database initialized path=/tmp/expedition-sim-232986222/gogobee.db
2026/05/17 13:57:22 INFO database initialized path=/tmp/expedition-sim-2006913323/gogobee.db
2026/05/17 13:57:22 INFO database initialized path=/tmp/expedition-sim-2223768388/gogobee.db
2026/05/17 13:57:22 INFO database initialized path=/tmp/expedition-sim-4079908752/gogobee.db
2026/05/17 13:57:22 INFO database initialized path=/tmp/expedition-sim-2174581774/gogobee.db
2026/05/17 13:57:22 INFO database initialized path=/tmp/expedition-sim-2065534804/gogobee.db
2026/05/17 13:57:22 INFO database initialized path=/tmp/expedition-sim-2710176478/gogobee.db
2026/05/17 13:57:22 INFO database initialized path=/tmp/expedition-sim-2269868026/gogobee.db
2026/05/17 13:57:22 INFO database initialized path=/tmp/expedition-sim-954951678/gogobee.db
2026/05/17 13:57:22 INFO database initialized path=/tmp/expedition-sim-1406837826/gogobee.db
2026/05/17 13:57:22 INFO database initialized path=/tmp/expedition-sim-3205873016/gogobee.db
2026/05/17 13:57:22 INFO database initialized path=/tmp/expedition-sim-4168703005/gogobee.db
2026/05/17 13:57:22 INFO database initialized path=/tmp/expedition-sim-1716344912/gogobee.db
2026/05/17 13:57:22 INFO database initialized path=/tmp/expedition-sim-3414644766/gogobee.db
2026/05/17 13:57:22 INFO database initialized path=/tmp/expedition-sim-925509271/gogobee.db
2026/05/17 13:57:23 INFO database initialized path=/tmp/expedition-sim-1876112832/gogobee.db
2026/05/17 13:57:23 INFO database initialized path=/tmp/expedition-sim-538519566/gogobee.db
2026/05/17 13:57:23 INFO database initialized path=/tmp/expedition-sim-731221187/gogobee.db
2026/05/17 13:57:23 INFO database initialized path=/tmp/expedition-sim-189034672/gogobee.db
2026/05/17 13:57:23 INFO database initialized path=/tmp/expedition-sim-4242617188/gogobee.db
2026/05/17 13:57:23 INFO database initialized path=/tmp/expedition-sim-598216925/gogobee.db
2026/05/17 13:57:23 INFO database initialized path=/tmp/expedition-sim-2523910422/gogobee.db
2026/05/17 13:57:23 INFO database initialized path=/tmp/expedition-sim-1613009714/gogobee.db
2026/05/17 13:57:23 INFO database initialized path=/tmp/expedition-sim-726454155/gogobee.db
2026/05/17 13:57:23 INFO database initialized path=/tmp/expedition-sim-3887946389/gogobee.db
2026/05/17 13:57:23 INFO database initialized path=/tmp/expedition-sim-2990532185/gogobee.db
2026/05/17 13:57:23 INFO database initialized path=/tmp/expedition-sim-1376307114/gogobee.db
2026/05/17 13:57:23 INFO database initialized path=/tmp/expedition-sim-1827614030/gogobee.db
2026/05/17 13:57:23 INFO database initialized path=/tmp/expedition-sim-945940620/gogobee.db
2026/05/17 13:57:23 INFO database initialized path=/tmp/expedition-sim-2978196817/gogobee.db
2026/05/17 13:57:23 INFO database initialized path=/tmp/expedition-sim-2595350606/gogobee.db
2026/05/17 13:57:23 INFO database initialized path=/tmp/expedition-sim-270638874/gogobee.db
2026/05/17 13:57:23 INFO database initialized path=/tmp/expedition-sim-1530040225/gogobee.db
2026/05/17 13:57:23 INFO database initialized path=/tmp/expedition-sim-4148705003/gogobee.db
2026/05/17 13:57:23 INFO database initialized path=/tmp/expedition-sim-3933461690/gogobee.db
2026/05/17 13:57:23 INFO database initialized path=/tmp/expedition-sim-421435148/gogobee.db
2026/05/17 13:57:23 INFO database initialized path=/tmp/expedition-sim-3036453511/gogobee.db
2026/05/17 13:57:23 INFO database initialized path=/tmp/expedition-sim-4045009974/gogobee.db
2026/05/17 13:57:23 INFO database initialized path=/tmp/expedition-sim-2668677955/gogobee.db
2026/05/17 13:57:24 INFO database initialized path=/tmp/expedition-sim-1819902934/gogobee.db
2026/05/17 13:57:24 INFO database initialized path=/tmp/expedition-sim-2625406576/gogobee.db
2026/05/17 13:57:24 INFO database initialized path=/tmp/expedition-sim-3003538948/gogobee.db
2026/05/17 13:57:24 INFO database initialized path=/tmp/expedition-sim-3041216081/gogobee.db
2026/05/17 13:57:24 INFO database initialized path=/tmp/expedition-sim-606767440/gogobee.db
2026/05/17 13:57:24 INFO database initialized path=/tmp/expedition-sim-1355256040/gogobee.db
2026/05/17 13:57:24 INFO database initialized path=/tmp/expedition-sim-2735343651/gogobee.db
2026/05/17 13:57:24 INFO database initialized path=/tmp/expedition-sim-1661262705/gogobee.db
2026/05/17 13:57:24 INFO database initialized path=/tmp/expedition-sim-2544149071/gogobee.db
2026/05/17 13:57:24 INFO database initialized path=/tmp/expedition-sim-2337687046/gogobee.db
2026/05/17 13:57:24 INFO database initialized path=/tmp/expedition-sim-453387211/gogobee.db
2026/05/17 13:57:24 INFO database initialized path=/tmp/expedition-sim-3864008816/gogobee.db
2026/05/17 13:57:24 INFO database initialized path=/tmp/expedition-sim-995084063/gogobee.db
2026/05/17 13:57:24 INFO database initialized path=/tmp/expedition-sim-849133543/gogobee.db
2026/05/17 13:57:24 INFO database initialized path=/tmp/expedition-sim-2272982578/gogobee.db
2026/05/17 13:57:24 INFO database initialized path=/tmp/expedition-sim-684406474/gogobee.db
2026/05/17 13:57:24 INFO database initialized path=/tmp/expedition-sim-235526303/gogobee.db
2026/05/17 13:57:24 INFO database initialized path=/tmp/expedition-sim-133732832/gogobee.db
2026/05/17 13:57:24 INFO database initialized path=/tmp/expedition-sim-168574029/gogobee.db
2026/05/17 13:57:24 INFO database initialized path=/tmp/expedition-sim-986866323/gogobee.db
2026/05/17 13:57:24 INFO database initialized path=/tmp/expedition-sim-422646191/gogobee.db
2026/05/17 13:57:24 INFO database initialized path=/tmp/expedition-sim-4235243917/gogobee.db
2026/05/17 13:57:25 INFO database initialized path=/tmp/expedition-sim-3950103734/gogobee.db
2026/05/17 13:57:25 INFO database initialized path=/tmp/expedition-sim-1215134452/gogobee.db
2026/05/17 13:57:25 INFO database initialized path=/tmp/expedition-sim-26954951/gogobee.db
2026/05/17 13:57:25 INFO database initialized path=/tmp/expedition-sim-1017601034/gogobee.db
2026/05/17 13:57:25 INFO database initialized path=/tmp/expedition-sim-3804101530/gogobee.db
2026/05/17 13:57:25 INFO database initialized path=/tmp/expedition-sim-1389075769/gogobee.db
2026/05/17 13:57:25 INFO database initialized path=/tmp/expedition-sim-2643317091/gogobee.db
2026/05/17 13:57:25 INFO database initialized path=/tmp/expedition-sim-2571291916/gogobee.db
2026/05/17 13:57:25 INFO database initialized path=/tmp/expedition-sim-3633794201/gogobee.db
2026/05/17 13:57:25 INFO database initialized path=/tmp/expedition-sim-476936349/gogobee.db
2026/05/17 13:57:25 INFO database initialized path=/tmp/expedition-sim-1083765257/gogobee.db
2026/05/17 13:57:25 INFO database initialized path=/tmp/expedition-sim-3198905758/gogobee.db
2026/05/17 13:57:25 INFO database initialized path=/tmp/expedition-sim-1499502361/gogobee.db
2026/05/17 13:57:25 INFO database initialized path=/tmp/expedition-sim-3233425819/gogobee.db
2026/05/17 13:57:25 INFO database initialized path=/tmp/expedition-sim-877337802/gogobee.db
2026/05/17 13:57:25 INFO database initialized path=/tmp/expedition-sim-1235926905/gogobee.db
2026/05/17 13:57:25 INFO database initialized path=/tmp/expedition-sim-261672499/gogobee.db
2026/05/17 13:57:25 INFO database initialized path=/tmp/expedition-sim-317054740/gogobee.db
2026/05/17 13:57:25 INFO database initialized path=/tmp/expedition-sim-1159050174/gogobee.db
2026/05/17 13:57:25 INFO database initialized path=/tmp/expedition-sim-1636415412/gogobee.db
2026/05/17 13:57:25 INFO database initialized path=/tmp/expedition-sim-3181663286/gogobee.db
2026/05/17 13:57:25 INFO database initialized path=/tmp/expedition-sim-117676953/gogobee.db
2026/05/17 13:57:25 INFO database initialized path=/tmp/expedition-sim-3780014708/gogobee.db
2026/05/17 13:57:26 INFO database initialized path=/tmp/expedition-sim-1302817532/gogobee.db
2026/05/17 13:57:26 INFO database initialized path=/tmp/expedition-sim-3640871970/gogobee.db
2026/05/17 13:57:26 INFO database initialized path=/tmp/expedition-sim-3180077112/gogobee.db
2026/05/17 13:57:26 INFO database initialized path=/tmp/expedition-sim-719016064/gogobee.db
2026/05/17 13:57:26 INFO database initialized path=/tmp/expedition-sim-3308518043/gogobee.db
2026/05/17 13:57:26 INFO database initialized path=/tmp/expedition-sim-2231736714/gogobee.db
2026/05/17 13:57:26 INFO database initialized path=/tmp/expedition-sim-2990698934/gogobee.db
2026/05/17 13:57:26 INFO database initialized path=/tmp/expedition-sim-41350403/gogobee.db
2026/05/17 13:57:26 INFO database initialized path=/tmp/expedition-sim-798103786/gogobee.db
2026/05/17 13:57:26 INFO database initialized path=/tmp/expedition-sim-2098802982/gogobee.db
2026/05/17 13:57:26 INFO database initialized path=/tmp/expedition-sim-2821323963/gogobee.db
2026/05/17 13:57:26 INFO database initialized path=/tmp/expedition-sim-512812496/gogobee.db
2026/05/17 13:57:26 INFO database initialized path=/tmp/expedition-sim-3311159053/gogobee.db
2026/05/17 13:57:26 INFO database initialized path=/tmp/expedition-sim-1641234936/gogobee.db
2026/05/17 13:57:26 INFO database initialized path=/tmp/expedition-sim-295395887/gogobee.db
2026/05/17 13:57:26 INFO database initialized path=/tmp/expedition-sim-2770982872/gogobee.db
2026/05/17 13:57:26 INFO database initialized path=/tmp/expedition-sim-1686837768/gogobee.db
2026/05/17 13:57:26 INFO database initialized path=/tmp/expedition-sim-1368703579/gogobee.db
2026/05/17 13:57:26 INFO database initialized path=/tmp/expedition-sim-2437986681/gogobee.db
2026/05/17 13:57:26 INFO database initialized path=/tmp/expedition-sim-893639152/gogobee.db
2026/05/17 13:57:26 INFO database initialized path=/tmp/expedition-sim-4058836228/gogobee.db
2026/05/17 13:57:26 INFO database initialized path=/tmp/expedition-sim-3629233366/gogobee.db
2026/05/17 13:57:27 INFO database initialized path=/tmp/expedition-sim-3292906609/gogobee.db
2026/05/17 13:57:27 INFO database initialized path=/tmp/expedition-sim-3796575608/gogobee.db
2026/05/17 13:57:27 INFO database initialized path=/tmp/expedition-sim-339471772/gogobee.db
2026/05/17 13:57:27 INFO database initialized path=/tmp/expedition-sim-2807284491/gogobee.db
2026/05/17 13:57:27 INFO database initialized path=/tmp/expedition-sim-927954222/gogobee.db
2026/05/17 13:57:27 INFO database initialized path=/tmp/expedition-sim-704761823/gogobee.db
2026/05/17 13:57:27 INFO database initialized path=/tmp/expedition-sim-805124211/gogobee.db
2026/05/17 13:57:27 INFO database initialized path=/tmp/expedition-sim-3429094824/gogobee.db
2026/05/17 13:57:27 INFO database initialized path=/tmp/expedition-sim-2973121771/gogobee.db
2026/05/17 13:57:27 INFO database initialized path=/tmp/expedition-sim-368108515/gogobee.db
2026/05/17 13:57:27 INFO database initialized path=/tmp/expedition-sim-1514893536/gogobee.db
2026/05/17 13:57:27 INFO database initialized path=/tmp/expedition-sim-4138233294/gogobee.db
2026/05/17 13:57:27 INFO database initialized path=/tmp/expedition-sim-903195656/gogobee.db
2026/05/17 13:57:27 INFO database initialized path=/tmp/expedition-sim-502987734/gogobee.db
2026/05/17 13:57:27 INFO database initialized path=/tmp/expedition-sim-275775448/gogobee.db
2026/05/17 13:57:27 INFO database initialized path=/tmp/expedition-sim-4113735287/gogobee.db
2026/05/17 13:57:27 INFO database initialized path=/tmp/expedition-sim-4186786110/gogobee.db
2026/05/17 13:57:27 INFO database initialized path=/tmp/expedition-sim-933165451/gogobee.db
2026/05/17 13:57:27 INFO database initialized path=/tmp/expedition-sim-2736656097/gogobee.db
2026/05/17 13:57:27 INFO database initialized path=/tmp/expedition-sim-2397556112/gogobee.db
2026/05/17 13:57:28 INFO database initialized path=/tmp/expedition-sim-2011243224/gogobee.db
2026/05/17 13:57:28 INFO database initialized path=/tmp/expedition-sim-1249594506/gogobee.db
2026/05/17 13:57:28 INFO database initialized path=/tmp/expedition-sim-545704645/gogobee.db
2026/05/17 13:57:28 INFO database initialized path=/tmp/expedition-sim-1691757923/gogobee.db
2026/05/17 13:57:28 INFO database initialized path=/tmp/expedition-sim-3594011839/gogobee.db
2026/05/17 13:57:28 INFO database initialized path=/tmp/expedition-sim-2833452393/gogobee.db
2026/05/17 13:57:28 INFO database initialized path=/tmp/expedition-sim-2724281058/gogobee.db
2026/05/17 13:57:28 INFO database initialized path=/tmp/expedition-sim-2577752477/gogobee.db
2026/05/17 13:57:28 INFO database initialized path=/tmp/expedition-sim-1226155553/gogobee.db
2026/05/17 13:57:28 INFO database initialized path=/tmp/expedition-sim-4191114305/gogobee.db
2026/05/17 13:57:28 INFO database initialized path=/tmp/expedition-sim-3394499687/gogobee.db
2026/05/17 13:57:28 INFO database initialized path=/tmp/expedition-sim-1529006473/gogobee.db
2026/05/17 13:57:28 INFO database initialized path=/tmp/expedition-sim-3506173547/gogobee.db
2026/05/17 13:57:28 INFO database initialized path=/tmp/expedition-sim-1527744240/gogobee.db
2026/05/17 13:57:28 INFO database initialized path=/tmp/expedition-sim-3672454330/gogobee.db
2026/05/17 13:57:28 INFO database initialized path=/tmp/expedition-sim-736986749/gogobee.db
2026/05/17 13:57:28 INFO database initialized path=/tmp/expedition-sim-2529983770/gogobee.db
2026/05/17 13:57:28 INFO database initialized path=/tmp/expedition-sim-465630927/gogobee.db
2026/05/17 13:57:28 INFO database initialized path=/tmp/expedition-sim-2386832597/gogobee.db
2026/05/17 13:57:28 INFO database initialized path=/tmp/expedition-sim-1373708060/gogobee.db
2026/05/17 13:57:28 INFO database initialized path=/tmp/expedition-sim-4291545190/gogobee.db
2026/05/17 13:57:28 INFO database initialized path=/tmp/expedition-sim-3095708967/gogobee.db
2026/05/17 13:57:29 INFO database initialized path=/tmp/expedition-sim-141626031/gogobee.db
2026/05/17 13:57:29 INFO database initialized path=/tmp/expedition-sim-216006770/gogobee.db
2026/05/17 13:57:29 INFO database initialized path=/tmp/expedition-sim-4026104285/gogobee.db
2026/05/17 13:57:29 INFO database initialized path=/tmp/expedition-sim-610736961/gogobee.db
2026/05/17 13:57:29 INFO database initialized path=/tmp/expedition-sim-2695630963/gogobee.db
2026/05/17 13:57:29 INFO database initialized path=/tmp/expedition-sim-2944634985/gogobee.db
2026/05/17 13:57:29 INFO database initialized path=/tmp/expedition-sim-283473042/gogobee.db
2026/05/17 13:57:29 INFO database initialized path=/tmp/expedition-sim-2587668067/gogobee.db
2026/05/17 13:57:29 INFO database initialized path=/tmp/expedition-sim-3914754333/gogobee.db
2026/05/17 13:57:29 INFO database initialized path=/tmp/expedition-sim-1868205888/gogobee.db
2026/05/17 13:57:29 INFO database initialized path=/tmp/expedition-sim-3194585718/gogobee.db
2026/05/17 13:57:29 INFO database initialized path=/tmp/expedition-sim-2578370189/gogobee.db
2026/05/17 13:57:29 INFO database initialized path=/tmp/expedition-sim-3498066164/gogobee.db
2026/05/17 13:57:29 INFO database initialized path=/tmp/expedition-sim-2939233247/gogobee.db
2026/05/17 13:57:29 INFO database initialized path=/tmp/expedition-sim-213724352/gogobee.db
2026/05/17 13:57:29 INFO database initialized path=/tmp/expedition-sim-77184652/gogobee.db
2026/05/17 13:57:29 INFO database initialized path=/tmp/expedition-sim-3473180462/gogobee.db
2026/05/17 13:57:29 INFO database initialized path=/tmp/expedition-sim-615824543/gogobee.db
2026/05/17 13:57:29 INFO database initialized path=/tmp/expedition-sim-2380989127/gogobee.db
2026/05/17 13:57:29 INFO database initialized path=/tmp/expedition-sim-1714503991/gogobee.db
2026/05/17 13:57:29 INFO database initialized path=/tmp/expedition-sim-3530361234/gogobee.db
2026/05/17 13:57:29 INFO database initialized path=/tmp/expedition-sim-1105202006/gogobee.db
2026/05/17 13:57:29 INFO database initialized path=/tmp/expedition-sim-4190449739/gogobee.db
2026/05/17 13:57:30 INFO database initialized path=/tmp/expedition-sim-42399576/gogobee.db
2026/05/17 13:57:30 INFO database initialized path=/tmp/expedition-sim-2924057139/gogobee.db
2026/05/17 13:57:30 INFO database initialized path=/tmp/expedition-sim-1825635384/gogobee.db
2026/05/17 13:57:30 INFO database initialized path=/tmp/expedition-sim-2288133876/gogobee.db
2026/05/17 13:57:30 INFO database initialized path=/tmp/expedition-sim-3078313295/gogobee.db
2026/05/17 13:57:30 INFO database initialized path=/tmp/expedition-sim-3840219112/gogobee.db
2026/05/17 13:57:30 INFO database initialized path=/tmp/expedition-sim-3196924842/gogobee.db
2026/05/17 13:57:30 INFO database initialized path=/tmp/expedition-sim-2719979329/gogobee.db
2026/05/17 13:57:30 INFO database initialized path=/tmp/expedition-sim-1408143384/gogobee.db
2026/05/17 13:57:30 INFO database initialized path=/tmp/expedition-sim-3812387646/gogobee.db
2026/05/17 13:57:30 INFO database initialized path=/tmp/expedition-sim-478724197/gogobee.db
2026/05/17 13:57:30 INFO database initialized path=/tmp/expedition-sim-540890045/gogobee.db
2026/05/17 13:57:30 INFO database initialized path=/tmp/expedition-sim-3335077613/gogobee.db
2026/05/17 13:57:30 INFO database initialized path=/tmp/expedition-sim-2290015062/gogobee.db
2026/05/17 13:57:30 INFO database initialized path=/tmp/expedition-sim-1575245214/gogobee.db
2026/05/17 13:57:30 INFO database initialized path=/tmp/expedition-sim-2634391082/gogobee.db
2026/05/17 13:57:30 INFO database initialized path=/tmp/expedition-sim-2331717020/gogobee.db
2026/05/17 13:57:30 INFO database initialized path=/tmp/expedition-sim-1727769645/gogobee.db
2026/05/17 13:57:30 INFO database initialized path=/tmp/expedition-sim-2381384991/gogobee.db
2026/05/17 13:57:30 INFO database initialized path=/tmp/expedition-sim-3424421239/gogobee.db
2026/05/17 13:57:30 INFO database initialized path=/tmp/expedition-sim-613878618/gogobee.db
2026/05/17 13:57:30 INFO database initialized path=/tmp/expedition-sim-915749026/gogobee.db
2026/05/17 13:57:30 INFO database initialized path=/tmp/expedition-sim-3251026122/gogobee.db
2026/05/17 13:57:30 INFO database initialized path=/tmp/expedition-sim-1847914790/gogobee.db
2026/05/17 13:57:30 INFO database initialized path=/tmp/expedition-sim-2919298077/gogobee.db
2026/05/17 13:57:30 INFO database initialized path=/tmp/expedition-sim-131178344/gogobee.db
2026/05/17 13:57:30 INFO database initialized path=/tmp/expedition-sim-3710823149/gogobee.db
2026/05/17 13:57:31 INFO database initialized path=/tmp/expedition-sim-744334590/gogobee.db
2026/05/17 13:57:31 INFO database initialized path=/tmp/expedition-sim-2716964853/gogobee.db
2026/05/17 13:57:31 INFO database initialized path=/tmp/expedition-sim-3004738196/gogobee.db
2026/05/17 13:57:31 INFO database initialized path=/tmp/expedition-sim-621176964/gogobee.db
2026/05/17 13:57:31 INFO database initialized path=/tmp/expedition-sim-1345955710/gogobee.db
2026/05/17 13:57:31 INFO database initialized path=/tmp/expedition-sim-1789979287/gogobee.db
2026/05/17 13:57:31 INFO database initialized path=/tmp/expedition-sim-3629005225/gogobee.db
2026/05/17 13:57:31 INFO database initialized path=/tmp/expedition-sim-669484814/gogobee.db
2026/05/17 13:57:31 INFO database initialized path=/tmp/expedition-sim-213757061/gogobee.db
2026/05/17 13:57:31 INFO database initialized path=/tmp/expedition-sim-1027958609/gogobee.db
2026/05/17 13:57:31 INFO database initialized path=/tmp/expedition-sim-2405675514/gogobee.db
2026/05/17 13:57:31 INFO database initialized path=/tmp/expedition-sim-150918322/gogobee.db
2026/05/17 13:57:31 INFO database initialized path=/tmp/expedition-sim-2667935156/gogobee.db
2026/05/17 13:57:31 INFO database initialized path=/tmp/expedition-sim-3728016472/gogobee.db
2026/05/17 13:57:31 INFO database initialized path=/tmp/expedition-sim-3675241244/gogobee.db
2026/05/17 13:57:31 INFO database initialized path=/tmp/expedition-sim-3884355885/gogobee.db
2026/05/17 13:57:31 INFO database initialized path=/tmp/expedition-sim-1334134713/gogobee.db
2026/05/17 13:57:31 INFO database initialized path=/tmp/expedition-sim-4280491924/gogobee.db
2026/05/17 13:57:31 INFO database initialized path=/tmp/expedition-sim-520925291/gogobee.db
2026/05/17 13:57:31 INFO database initialized path=/tmp/expedition-sim-2225774514/gogobee.db
2026/05/17 13:57:31 INFO database initialized path=/tmp/expedition-sim-3526847583/gogobee.db
2026/05/17 13:57:31 INFO database initialized path=/tmp/expedition-sim-2008388221/gogobee.db
2026/05/17 13:57:31 INFO database initialized path=/tmp/expedition-sim-366158382/gogobee.db
2026/05/17 13:57:31 INFO database initialized path=/tmp/expedition-sim-783083803/gogobee.db
2026/05/17 13:57:31 INFO database initialized path=/tmp/expedition-sim-1545745932/gogobee.db
2026/05/17 13:57:31 INFO database initialized path=/tmp/expedition-sim-3783987198/gogobee.db
2026/05/17 13:57:31 INFO database initialized path=/tmp/expedition-sim-3694766738/gogobee.db
2026/05/17 13:57:31 INFO database initialized path=/tmp/expedition-sim-1005244546/gogobee.db
2026/05/17 13:57:31 INFO database initialized path=/tmp/expedition-sim-2212115702/gogobee.db
2026/05/17 13:57:31 INFO database initialized path=/tmp/expedition-sim-486731323/gogobee.db
2026/05/17 13:57:31 INFO database initialized path=/tmp/expedition-sim-652933168/gogobee.db
2026/05/17 13:57:32 INFO database initialized path=/tmp/expedition-sim-522162106/gogobee.db
2026/05/17 13:57:32 INFO database initialized path=/tmp/expedition-sim-3370350581/gogobee.db
2026/05/17 13:57:32 INFO database initialized path=/tmp/expedition-sim-1973253523/gogobee.db
2026/05/17 13:57:32 INFO database initialized path=/tmp/expedition-sim-133821602/gogobee.db
2026/05/17 13:57:32 INFO database initialized path=/tmp/expedition-sim-82232379/gogobee.db
2026/05/17 13:57:32 INFO database initialized path=/tmp/expedition-sim-2519466568/gogobee.db
2026/05/17 13:57:32 INFO database initialized path=/tmp/expedition-sim-2931550794/gogobee.db
2026/05/17 13:57:32 INFO database initialized path=/tmp/expedition-sim-2525800276/gogobee.db
2026/05/17 13:57:32 INFO database initialized path=/tmp/expedition-sim-3582565639/gogobee.db
2026/05/17 13:57:32 INFO database initialized path=/tmp/expedition-sim-2802040890/gogobee.db
2026/05/17 13:57:32 INFO database initialized path=/tmp/expedition-sim-1617463450/gogobee.db
2026/05/17 13:57:32 INFO database initialized path=/tmp/expedition-sim-3375098582/gogobee.db
2026/05/17 13:57:32 INFO database initialized path=/tmp/expedition-sim-3947267625/gogobee.db
2026/05/17 13:57:32 INFO database initialized path=/tmp/expedition-sim-1567842784/gogobee.db
2026/05/17 13:57:32 INFO database initialized path=/tmp/expedition-sim-3535894910/gogobee.db
2026/05/17 13:57:32 INFO database initialized path=/tmp/expedition-sim-299172415/gogobee.db
2026/05/17 13:57:32 INFO database initialized path=/tmp/expedition-sim-529258332/gogobee.db
2026/05/17 13:57:32 INFO database initialized path=/tmp/expedition-sim-8590365/gogobee.db
2026/05/17 13:57:32 INFO database initialized path=/tmp/expedition-sim-2224470041/gogobee.db
2026/05/17 13:57:32 INFO database initialized path=/tmp/expedition-sim-4286369879/gogobee.db
2026/05/17 13:57:32 INFO database initialized path=/tmp/expedition-sim-58687750/gogobee.db
2026/05/17 13:57:32 INFO database initialized path=/tmp/expedition-sim-190289499/gogobee.db
2026/05/17 13:57:32 INFO database initialized path=/tmp/expedition-sim-1125309858/gogobee.db
2026/05/17 13:57:32 INFO database initialized path=/tmp/expedition-sim-1526800282/gogobee.db
2026/05/17 13:57:32 INFO database initialized path=/tmp/expedition-sim-3444699113/gogobee.db
2026/05/17 13:57:32 INFO database initialized path=/tmp/expedition-sim-2816242993/gogobee.db
2026/05/17 13:57:32 INFO database initialized path=/tmp/expedition-sim-3023664866/gogobee.db
2026/05/17 13:57:32 INFO database initialized path=/tmp/expedition-sim-4137578832/gogobee.db
2026/05/17 13:57:32 INFO database initialized path=/tmp/expedition-sim-2255736147/gogobee.db
2026/05/17 13:57:32 INFO database initialized path=/tmp/expedition-sim-1029532294/gogobee.db
2026/05/17 13:57:32 INFO database initialized path=/tmp/expedition-sim-139545738/gogobee.db
2026/05/17 13:57:32 INFO database initialized path=/tmp/expedition-sim-1710626611/gogobee.db
2026/05/17 13:57:33 INFO database initialized path=/tmp/expedition-sim-3633880954/gogobee.db
2026/05/17 13:57:33 INFO database initialized path=/tmp/expedition-sim-1388674131/gogobee.db
2026/05/17 13:57:33 INFO database initialized path=/tmp/expedition-sim-3174289489/gogobee.db
2026/05/17 13:57:33 INFO database initialized path=/tmp/expedition-sim-2561664668/gogobee.db
2026/05/17 13:57:33 INFO database initialized path=/tmp/expedition-sim-3627821066/gogobee.db
2026/05/17 13:57:33 INFO database initialized path=/tmp/expedition-sim-2723732694/gogobee.db
2026/05/17 13:57:33 INFO database initialized path=/tmp/expedition-sim-4202770914/gogobee.db
2026/05/17 13:57:33 INFO database initialized path=/tmp/expedition-sim-4140495906/gogobee.db
2026/05/17 13:57:33 INFO database initialized path=/tmp/expedition-sim-4244444297/gogobee.db
2026/05/17 13:57:33 INFO database initialized path=/tmp/expedition-sim-488839434/gogobee.db
2026/05/17 13:57:33 INFO database initialized path=/tmp/expedition-sim-550384502/gogobee.db
2026/05/17 13:57:33 INFO database initialized path=/tmp/expedition-sim-2657664498/gogobee.db
2026/05/17 13:57:33 INFO database initialized path=/tmp/expedition-sim-1239441038/gogobee.db
2026/05/17 13:57:33 INFO database initialized path=/tmp/expedition-sim-1719124052/gogobee.db
2026/05/17 13:57:33 INFO database initialized path=/tmp/expedition-sim-1876447232/gogobee.db
2026/05/17 13:57:33 INFO database initialized path=/tmp/expedition-sim-2302075597/gogobee.db
2026/05/17 13:57:33 INFO database initialized path=/tmp/expedition-sim-1038397123/gogobee.db
2026/05/17 13:57:33 INFO database initialized path=/tmp/expedition-sim-2058281457/gogobee.db
2026/05/17 13:57:33 INFO database initialized path=/tmp/expedition-sim-1197759453/gogobee.db
2026/05/17 13:57:33 INFO database initialized path=/tmp/expedition-sim-1343459694/gogobee.db
2026/05/17 13:57:33 INFO database initialized path=/tmp/expedition-sim-1393908023/gogobee.db
2026/05/17 13:57:33 INFO database initialized path=/tmp/expedition-sim-3032195888/gogobee.db
2026/05/17 13:57:33 INFO database initialized path=/tmp/expedition-sim-3387703201/gogobee.db
2026/05/17 13:57:33 INFO database initialized path=/tmp/expedition-sim-102702951/gogobee.db
2026/05/17 13:57:33 INFO database initialized path=/tmp/expedition-sim-2761243743/gogobee.db
2026/05/17 13:57:33 INFO database initialized path=/tmp/expedition-sim-3281579788/gogobee.db
2026/05/17 13:57:33 INFO database initialized path=/tmp/expedition-sim-3880256592/gogobee.db
2026/05/17 13:57:33 INFO database initialized path=/tmp/expedition-sim-44052653/gogobee.db
2026/05/17 13:57:33 INFO database initialized path=/tmp/expedition-sim-3239564090/gogobee.db
2026/05/17 13:57:34 INFO database initialized path=/tmp/expedition-sim-534042925/gogobee.db
2026/05/17 13:57:34 INFO database initialized path=/tmp/expedition-sim-288979631/gogobee.db
2026/05/17 13:57:34 INFO database initialized path=/tmp/expedition-sim-3172886282/gogobee.db
2026/05/17 13:57:34 INFO database initialized path=/tmp/expedition-sim-2902780454/gogobee.db
2026/05/17 13:57:34 INFO database initialized path=/tmp/expedition-sim-2789580319/gogobee.db
2026/05/17 13:57:34 INFO database initialized path=/tmp/expedition-sim-313745125/gogobee.db
2026/05/17 13:57:34 INFO database initialized path=/tmp/expedition-sim-431306882/gogobee.db
2026/05/17 13:57:34 INFO database initialized path=/tmp/expedition-sim-2440546425/gogobee.db
2026/05/17 13:57:34 INFO database initialized path=/tmp/expedition-sim-3513434827/gogobee.db
2026/05/17 13:57:34 INFO database initialized path=/tmp/expedition-sim-698534255/gogobee.db
2026/05/17 13:57:34 INFO database initialized path=/tmp/expedition-sim-445327016/gogobee.db
2026/05/17 13:57:34 INFO database initialized path=/tmp/expedition-sim-1709516534/gogobee.db
2026/05/17 13:57:34 INFO database initialized path=/tmp/expedition-sim-2555225922/gogobee.db
2026/05/17 13:57:34 INFO database initialized path=/tmp/expedition-sim-2038226532/gogobee.db
2026/05/17 13:57:34 INFO database initialized path=/tmp/expedition-sim-2789323445/gogobee.db
2026/05/17 13:57:34 INFO database initialized path=/tmp/expedition-sim-535143368/gogobee.db
2026/05/17 13:57:34 INFO database initialized path=/tmp/expedition-sim-3523505246/gogobee.db
2026/05/17 13:57:34 INFO database initialized path=/tmp/expedition-sim-239409786/gogobee.db
2026/05/17 13:57:34 INFO database initialized path=/tmp/expedition-sim-3149150422/gogobee.db
2026/05/17 13:57:34 INFO database initialized path=/tmp/expedition-sim-3228789138/gogobee.db
2026/05/17 13:57:34 INFO database initialized path=/tmp/expedition-sim-2982499615/gogobee.db
2026/05/17 13:57:34 INFO database initialized path=/tmp/expedition-sim-638811659/gogobee.db
2026/05/17 13:57:34 INFO database initialized path=/tmp/expedition-sim-735890014/gogobee.db
2026/05/17 13:57:34 INFO database initialized path=/tmp/expedition-sim-1791084258/gogobee.db
2026/05/17 13:57:34 INFO database initialized path=/tmp/expedition-sim-4003177873/gogobee.db
2026/05/17 13:57:34 INFO database initialized path=/tmp/expedition-sim-2244345007/gogobee.db
2026/05/17 13:57:34 INFO database initialized path=/tmp/expedition-sim-407972159/gogobee.db
2026/05/17 13:57:34 INFO database initialized path=/tmp/expedition-sim-306147652/gogobee.db
2026/05/17 13:57:34 INFO database initialized path=/tmp/expedition-sim-3671606246/gogobee.db
2026/05/17 13:57:34 INFO database initialized path=/tmp/expedition-sim-2384739361/gogobee.db
2026/05/17 13:57:35 INFO database initialized path=/tmp/expedition-sim-1674337543/gogobee.db
2026/05/17 13:57:35 INFO database initialized path=/tmp/expedition-sim-480436022/gogobee.db
2026/05/17 13:57:35 INFO database initialized path=/tmp/expedition-sim-2728104595/gogobee.db
2026/05/17 13:57:35 INFO database initialized path=/tmp/expedition-sim-744816936/gogobee.db
2026/05/17 13:57:35 INFO database initialized path=/tmp/expedition-sim-3619655560/gogobee.db
2026/05/17 13:57:35 INFO database initialized path=/tmp/expedition-sim-119783354/gogobee.db
2026/05/17 13:57:35 INFO database initialized path=/tmp/expedition-sim-3062091160/gogobee.db
2026/05/17 13:57:35 INFO database initialized path=/tmp/expedition-sim-380860398/gogobee.db
2026/05/17 13:57:35 INFO database initialized path=/tmp/expedition-sim-483523444/gogobee.db
2026/05/17 13:57:35 INFO database initialized path=/tmp/expedition-sim-854080519/gogobee.db
2026/05/17 13:57:35 INFO database initialized path=/tmp/expedition-sim-1964669163/gogobee.db
2026/05/17 13:57:35 INFO database initialized path=/tmp/expedition-sim-3856578296/gogobee.db
2026/05/17 13:57:35 INFO database initialized path=/tmp/expedition-sim-2887782483/gogobee.db
2026/05/17 13:57:35 INFO database initialized path=/tmp/expedition-sim-1489630338/gogobee.db
2026/05/17 13:57:35 INFO database initialized path=/tmp/expedition-sim-3981670291/gogobee.db
2026/05/17 13:57:35 INFO database initialized path=/tmp/expedition-sim-2604974762/gogobee.db
2026/05/17 13:57:35 INFO database initialized path=/tmp/expedition-sim-2143375003/gogobee.db
2026/05/17 13:57:35 INFO database initialized path=/tmp/expedition-sim-1404747404/gogobee.db
2026/05/17 13:57:35 INFO database initialized path=/tmp/expedition-sim-2847223005/gogobee.db
2026/05/17 13:57:35 INFO database initialized path=/tmp/expedition-sim-3512900658/gogobee.db
2026/05/17 13:57:35 INFO database initialized path=/tmp/expedition-sim-2194103397/gogobee.db
2026/05/17 13:57:35 INFO database initialized path=/tmp/expedition-sim-2832722931/gogobee.db
2026/05/17 13:57:35 INFO database initialized path=/tmp/expedition-sim-4275790330/gogobee.db
2026/05/17 13:57:35 INFO database initialized path=/tmp/expedition-sim-3125336806/gogobee.db
2026/05/17 13:57:35 INFO database initialized path=/tmp/expedition-sim-2664274975/gogobee.db
2026/05/17 13:57:35 INFO database initialized path=/tmp/expedition-sim-1001904551/gogobee.db
2026/05/17 13:57:35 INFO database initialized path=/tmp/expedition-sim-1023814347/gogobee.db
2026/05/17 13:57:35 INFO database initialized path=/tmp/expedition-sim-3286746960/gogobee.db
2026/05/17 13:57:35 INFO database initialized path=/tmp/expedition-sim-2835153338/gogobee.db
2026/05/17 13:57:35 INFO database initialized path=/tmp/expedition-sim-1877587840/gogobee.db
2026/05/17 13:57:35 INFO database initialized path=/tmp/expedition-sim-3667980918/gogobee.db
2026/05/17 13:57:36 INFO database initialized path=/tmp/expedition-sim-259443267/gogobee.db
2026/05/17 13:57:36 INFO database initialized path=/tmp/expedition-sim-715669043/gogobee.db
2026/05/17 13:57:36 INFO database initialized path=/tmp/expedition-sim-4257072886/gogobee.db
2026/05/17 13:57:36 INFO database initialized path=/tmp/expedition-sim-1861948944/gogobee.db
2026/05/17 13:57:36 INFO database initialized path=/tmp/expedition-sim-654368247/gogobee.db
2026/05/17 13:57:36 INFO database initialized path=/tmp/expedition-sim-481262805/gogobee.db
2026/05/17 13:57:36 INFO database initialized path=/tmp/expedition-sim-918127255/gogobee.db
2026/05/17 13:57:36 INFO database initialized path=/tmp/expedition-sim-883302545/gogobee.db
2026/05/17 13:57:36 INFO database initialized path=/tmp/expedition-sim-3403169015/gogobee.db
2026/05/17 13:57:36 INFO database initialized path=/tmp/expedition-sim-3676184070/gogobee.db
2026/05/17 13:57:36 INFO database initialized path=/tmp/expedition-sim-3320022694/gogobee.db
2026/05/17 13:57:36 INFO database initialized path=/tmp/expedition-sim-1525900782/gogobee.db
2026/05/17 13:57:36 INFO database initialized path=/tmp/expedition-sim-3648216802/gogobee.db
2026/05/17 13:57:36 INFO database initialized path=/tmp/expedition-sim-1522711113/gogobee.db
2026/05/17 13:57:36 INFO database initialized path=/tmp/expedition-sim-510307490/gogobee.db
2026/05/17 13:57:36 INFO database initialized path=/tmp/expedition-sim-1943637848/gogobee.db
2026/05/17 13:57:36 INFO database initialized path=/tmp/expedition-sim-1827180472/gogobee.db
2026/05/17 13:57:36 INFO database initialized path=/tmp/expedition-sim-1289843396/gogobee.db
2026/05/17 13:57:36 INFO database initialized path=/tmp/expedition-sim-1501341900/gogobee.db
2026/05/17 13:57:36 INFO database initialized path=/tmp/expedition-sim-2587804709/gogobee.db
2026/05/17 13:57:36 INFO database initialized path=/tmp/expedition-sim-3249311620/gogobee.db
2026/05/17 13:57:36 INFO database initialized path=/tmp/expedition-sim-398792718/gogobee.db
2026/05/17 13:57:36 INFO database initialized path=/tmp/expedition-sim-707638669/gogobee.db
2026/05/17 13:57:36 INFO database initialized path=/tmp/expedition-sim-2404309297/gogobee.db
2026/05/17 13:57:36 INFO database initialized path=/tmp/expedition-sim-4133153524/gogobee.db
2026/05/17 13:57:36 INFO database initialized path=/tmp/expedition-sim-1189581994/gogobee.db
2026/05/17 13:57:36 INFO database initialized path=/tmp/expedition-sim-4188766341/gogobee.db
2026/05/17 13:57:36 INFO database initialized path=/tmp/expedition-sim-610993947/gogobee.db
2026/05/17 13:57:36 INFO database initialized path=/tmp/expedition-sim-2179037721/gogobee.db
2026/05/17 13:57:36 INFO database initialized path=/tmp/expedition-sim-217072849/gogobee.db
2026/05/17 13:57:36 INFO database initialized path=/tmp/expedition-sim-2484535864/gogobee.db
2026/05/17 13:57:36 INFO database initialized path=/tmp/expedition-sim-347460769/gogobee.db
2026/05/17 13:57:36 INFO database initialized path=/tmp/expedition-sim-3111624827/gogobee.db
2026/05/17 13:57:36 INFO database initialized path=/tmp/expedition-sim-50351849/gogobee.db
2026/05/17 13:57:37 INFO database initialized path=/tmp/expedition-sim-1326005253/gogobee.db
2026/05/17 13:57:37 INFO database initialized path=/tmp/expedition-sim-3722212616/gogobee.db
2026/05/17 13:57:37 INFO database initialized path=/tmp/expedition-sim-1321933297/gogobee.db
2026/05/17 13:57:37 INFO database initialized path=/tmp/expedition-sim-3068330180/gogobee.db
2026/05/17 13:57:37 INFO database initialized path=/tmp/expedition-sim-260150758/gogobee.db
2026/05/17 13:57:37 INFO database initialized path=/tmp/expedition-sim-3893598706/gogobee.db
2026/05/17 13:57:37 INFO database initialized path=/tmp/expedition-sim-1510071487/gogobee.db
2026/05/17 13:57:37 INFO database initialized path=/tmp/expedition-sim-218925207/gogobee.db
2026/05/17 13:57:37 INFO database initialized path=/tmp/expedition-sim-2286438244/gogobee.db
2026/05/17 13:57:37 INFO database initialized path=/tmp/expedition-sim-1188373422/gogobee.db
2026/05/17 13:57:37 INFO database initialized path=/tmp/expedition-sim-140509850/gogobee.db
2026/05/17 13:57:37 INFO database initialized path=/tmp/expedition-sim-2791890015/gogobee.db
2026/05/17 13:57:37 INFO database initialized path=/tmp/expedition-sim-3393346378/gogobee.db
2026/05/17 13:57:37 INFO database initialized path=/tmp/expedition-sim-3463228803/gogobee.db
2026/05/17 13:57:37 INFO database initialized path=/tmp/expedition-sim-2752203338/gogobee.db
2026/05/17 13:57:37 INFO database initialized path=/tmp/expedition-sim-900824666/gogobee.db
2026/05/17 13:57:37 INFO database initialized path=/tmp/expedition-sim-3607357051/gogobee.db
2026/05/17 13:57:37 INFO database initialized path=/tmp/expedition-sim-1775498080/gogobee.db
2026/05/17 13:57:37 INFO database initialized path=/tmp/expedition-sim-2818225051/gogobee.db
2026/05/17 13:57:37 INFO database initialized path=/tmp/expedition-sim-3668027446/gogobee.db
2026/05/17 13:57:37 INFO database initialized path=/tmp/expedition-sim-2543636170/gogobee.db
2026/05/17 13:57:37 INFO database initialized path=/tmp/expedition-sim-1872934941/gogobee.db
2026/05/17 13:57:37 INFO database initialized path=/tmp/expedition-sim-3799723260/gogobee.db
2026/05/17 13:57:37 INFO database initialized path=/tmp/expedition-sim-3749325571/gogobee.db
2026/05/17 13:57:37 INFO database initialized path=/tmp/expedition-sim-2837908920/gogobee.db
2026/05/17 13:57:37 INFO database initialized path=/tmp/expedition-sim-1684352047/gogobee.db
2026/05/17 13:57:37 INFO database initialized path=/tmp/expedition-sim-1536708195/gogobee.db
2026/05/17 13:57:37 INFO database initialized path=/tmp/expedition-sim-3355207589/gogobee.db
2026/05/17 13:57:37 INFO database initialized path=/tmp/expedition-sim-2042794617/gogobee.db
2026/05/17 13:57:38 INFO database initialized path=/tmp/expedition-sim-2714430166/gogobee.db
2026/05/17 13:57:38 INFO database initialized path=/tmp/expedition-sim-1408447306/gogobee.db
2026/05/17 13:57:38 INFO database initialized path=/tmp/expedition-sim-2835564357/gogobee.db
2026/05/17 13:57:38 INFO database initialized path=/tmp/expedition-sim-2327171914/gogobee.db
2026/05/17 13:57:38 INFO database initialized path=/tmp/expedition-sim-1796506561/gogobee.db
2026/05/17 13:57:38 INFO database initialized path=/tmp/expedition-sim-161956911/gogobee.db
2026/05/17 13:57:38 INFO database initialized path=/tmp/expedition-sim-3181806446/gogobee.db
2026/05/17 13:57:38 INFO database initialized path=/tmp/expedition-sim-747721468/gogobee.db
2026/05/17 13:57:38 INFO database initialized path=/tmp/expedition-sim-3656155281/gogobee.db
2026/05/17 13:57:38 INFO database initialized path=/tmp/expedition-sim-3478613694/gogobee.db
2026/05/17 13:57:38 INFO database initialized path=/tmp/expedition-sim-1345040110/gogobee.db
2026/05/17 13:57:38 INFO database initialized path=/tmp/expedition-sim-248992518/gogobee.db
2026/05/17 13:57:38 INFO database initialized path=/tmp/expedition-sim-3152759654/gogobee.db
2026/05/17 13:57:38 INFO database initialized path=/tmp/expedition-sim-1641689715/gogobee.db
2026/05/17 13:57:38 INFO database initialized path=/tmp/expedition-sim-3390000333/gogobee.db
2026/05/17 13:57:38 INFO database initialized path=/tmp/expedition-sim-1519535119/gogobee.db
2026/05/17 13:57:38 INFO database initialized path=/tmp/expedition-sim-604818902/gogobee.db
2026/05/17 13:57:38 INFO database initialized path=/tmp/expedition-sim-1385007355/gogobee.db
2026/05/17 13:57:38 INFO database initialized path=/tmp/expedition-sim-2490429940/gogobee.db
2026/05/17 13:57:38 INFO database initialized path=/tmp/expedition-sim-3588728804/gogobee.db
2026/05/17 13:57:38 INFO database initialized path=/tmp/expedition-sim-1447040259/gogobee.db
2026/05/17 13:57:38 INFO database initialized path=/tmp/expedition-sim-1300607605/gogobee.db
2026/05/17 13:57:38 INFO database initialized path=/tmp/expedition-sim-2989755193/gogobee.db
2026/05/17 13:57:38 INFO database initialized path=/tmp/expedition-sim-3300225034/gogobee.db
2026/05/17 13:57:38 INFO database initialized path=/tmp/expedition-sim-1698034167/gogobee.db
2026/05/17 13:57:39 INFO database initialized path=/tmp/expedition-sim-4006925378/gogobee.db
2026/05/17 13:57:39 INFO database initialized path=/tmp/expedition-sim-2866250259/gogobee.db
2026/05/17 13:57:39 INFO database initialized path=/tmp/expedition-sim-3079142055/gogobee.db
2026/05/17 13:57:39 INFO database initialized path=/tmp/expedition-sim-1872905866/gogobee.db
2026/05/17 13:57:39 INFO database initialized path=/tmp/expedition-sim-3807371277/gogobee.db
2026/05/17 13:57:39 INFO database initialized path=/tmp/expedition-sim-251717976/gogobee.db
2026/05/17 13:57:39 INFO database initialized path=/tmp/expedition-sim-927310720/gogobee.db
2026/05/17 13:57:39 INFO database initialized path=/tmp/expedition-sim-3943094615/gogobee.db
2026/05/17 13:57:39 INFO database initialized path=/tmp/expedition-sim-3353376592/gogobee.db
2026/05/17 13:57:39 INFO database initialized path=/tmp/expedition-sim-999370324/gogobee.db
2026/05/17 13:57:39 INFO database initialized path=/tmp/expedition-sim-1146553511/gogobee.db
2026/05/17 13:57:39 INFO database initialized path=/tmp/expedition-sim-1617623583/gogobee.db
2026/05/17 13:57:39 INFO database initialized path=/tmp/expedition-sim-3365199999/gogobee.db
2026/05/17 13:57:39 INFO database initialized path=/tmp/expedition-sim-1922393852/gogobee.db
2026/05/17 13:57:39 INFO database initialized path=/tmp/expedition-sim-3505594711/gogobee.db
2026/05/17 13:57:39 INFO database initialized path=/tmp/expedition-sim-1148418781/gogobee.db
2026/05/17 13:57:39 INFO database initialized path=/tmp/expedition-sim-919694919/gogobee.db
2026/05/17 13:57:39 INFO database initialized path=/tmp/expedition-sim-2239553784/gogobee.db
2026/05/17 13:57:39 INFO database initialized path=/tmp/expedition-sim-1054103196/gogobee.db
2026/05/17 13:57:39 INFO database initialized path=/tmp/expedition-sim-3388283747/gogobee.db
2026/05/17 13:57:39 INFO database initialized path=/tmp/expedition-sim-2772155347/gogobee.db
2026/05/17 13:57:39 INFO database initialized path=/tmp/expedition-sim-2117765993/gogobee.db
2026/05/17 13:57:39 INFO database initialized path=/tmp/expedition-sim-2621149307/gogobee.db
2026/05/17 13:57:39 INFO database initialized path=/tmp/expedition-sim-949809250/gogobee.db
2026/05/17 13:57:40 INFO database initialized path=/tmp/expedition-sim-1147942664/gogobee.db
2026/05/17 13:57:40 INFO database initialized path=/tmp/expedition-sim-4009293024/gogobee.db
2026/05/17 13:57:40 INFO database initialized path=/tmp/expedition-sim-2990216053/gogobee.db
2026/05/17 13:57:40 INFO database initialized path=/tmp/expedition-sim-3523555202/gogobee.db
2026/05/17 13:57:40 INFO database initialized path=/tmp/expedition-sim-1990929106/gogobee.db
2026/05/17 13:57:40 INFO database initialized path=/tmp/expedition-sim-782684453/gogobee.db
2026/05/17 13:57:40 INFO database initialized path=/tmp/expedition-sim-511189062/gogobee.db
2026/05/17 13:57:40 INFO database initialized path=/tmp/expedition-sim-1184559850/gogobee.db
2026/05/17 13:57:40 INFO database initialized path=/tmp/expedition-sim-1741639683/gogobee.db
2026/05/17 13:57:40 INFO database initialized path=/tmp/expedition-sim-930245662/gogobee.db
2026/05/17 13:57:40 INFO database initialized path=/tmp/expedition-sim-467714911/gogobee.db
2026/05/17 13:57:40 INFO database initialized path=/tmp/expedition-sim-562441927/gogobee.db
2026/05/17 13:57:40 INFO database initialized path=/tmp/expedition-sim-3431405385/gogobee.db
2026/05/17 13:57:40 INFO database initialized path=/tmp/expedition-sim-3092564200/gogobee.db
2026/05/17 13:57:40 INFO database initialized path=/tmp/expedition-sim-3549809141/gogobee.db
2026/05/17 13:57:40 INFO database initialized path=/tmp/expedition-sim-445174320/gogobee.db
2026/05/17 13:57:40 INFO database initialized path=/tmp/expedition-sim-2692935187/gogobee.db
2026/05/17 13:57:40 INFO database initialized path=/tmp/expedition-sim-68915560/gogobee.db
2026/05/17 13:57:40 INFO database initialized path=/tmp/expedition-sim-719130304/gogobee.db
2026/05/17 13:57:40 INFO database initialized path=/tmp/expedition-sim-1957657275/gogobee.db
2026/05/17 13:57:40 INFO database initialized path=/tmp/expedition-sim-4222877658/gogobee.db
2026/05/17 13:57:40 INFO database initialized path=/tmp/expedition-sim-3689152256/gogobee.db
2026/05/17 13:57:40 INFO database initialized path=/tmp/expedition-sim-3714153372/gogobee.db
2026/05/17 13:57:40 INFO database initialized path=/tmp/expedition-sim-318998107/gogobee.db
2026/05/17 13:57:40 INFO database initialized path=/tmp/expedition-sim-1046703591/gogobee.db
2026/05/17 13:57:41 INFO database initialized path=/tmp/expedition-sim-3474083290/gogobee.db
2026/05/17 13:57:41 INFO database initialized path=/tmp/expedition-sim-3651552822/gogobee.db
2026/05/17 13:57:41 INFO database initialized path=/tmp/expedition-sim-2161680812/gogobee.db
2026/05/17 13:57:41 INFO database initialized path=/tmp/expedition-sim-109730827/gogobee.db
2026/05/17 13:57:41 INFO database initialized path=/tmp/expedition-sim-888541606/gogobee.db
2026/05/17 13:57:41 INFO database initialized path=/tmp/expedition-sim-1966378011/gogobee.db
2026/05/17 13:57:41 INFO database initialized path=/tmp/expedition-sim-969710929/gogobee.db
2026/05/17 13:57:41 INFO database initialized path=/tmp/expedition-sim-2790923312/gogobee.db
2026/05/17 13:57:41 INFO database initialized path=/tmp/expedition-sim-1939892935/gogobee.db
2026/05/17 13:57:41 INFO database initialized path=/tmp/expedition-sim-399951306/gogobee.db
2026/05/17 13:57:41 INFO database initialized path=/tmp/expedition-sim-1701868538/gogobee.db
2026/05/17 13:57:41 INFO database initialized path=/tmp/expedition-sim-230645190/gogobee.db
2026/05/17 13:57:41 INFO database initialized path=/tmp/expedition-sim-1453381425/gogobee.db
2026/05/17 13:57:41 INFO database initialized path=/tmp/expedition-sim-924365795/gogobee.db
2026/05/17 13:57:41 INFO database initialized path=/tmp/expedition-sim-1125623956/gogobee.db
2026/05/17 13:57:41 INFO database initialized path=/tmp/expedition-sim-1702403849/gogobee.db
2026/05/17 13:57:41 INFO database initialized path=/tmp/expedition-sim-2269755747/gogobee.db
2026/05/17 13:57:41 INFO database initialized path=/tmp/expedition-sim-1332296627/gogobee.db
2026/05/17 13:57:41 INFO database initialized path=/tmp/expedition-sim-2226533437/gogobee.db
2026/05/17 13:57:41 INFO database initialized path=/tmp/expedition-sim-1361637636/gogobee.db
2026/05/17 13:57:41 INFO database initialized path=/tmp/expedition-sim-3561490089/gogobee.db
2026/05/17 13:57:42 INFO database initialized path=/tmp/expedition-sim-3648290540/gogobee.db
2026/05/17 13:57:42 INFO database initialized path=/tmp/expedition-sim-2118898449/gogobee.db
2026/05/17 13:57:42 INFO database initialized path=/tmp/expedition-sim-1390404827/gogobee.db
2026/05/17 13:57:42 INFO database initialized path=/tmp/expedition-sim-2822422337/gogobee.db
2026/05/17 13:57:42 INFO database initialized path=/tmp/expedition-sim-3222821745/gogobee.db
2026/05/17 13:57:42 INFO database initialized path=/tmp/expedition-sim-723879882/gogobee.db
2026/05/17 13:57:42 INFO database initialized path=/tmp/expedition-sim-124445676/gogobee.db
2026/05/17 13:57:42 INFO database initialized path=/tmp/expedition-sim-2997505427/gogobee.db
2026/05/17 13:57:42 INFO database initialized path=/tmp/expedition-sim-3120786805/gogobee.db
2026/05/17 13:57:42 INFO database initialized path=/tmp/expedition-sim-412384056/gogobee.db
2026/05/17 13:57:42 INFO database initialized path=/tmp/expedition-sim-76722286/gogobee.db
2026/05/17 13:57:42 INFO database initialized path=/tmp/expedition-sim-1975591483/gogobee.db
2026/05/17 13:57:42 INFO database initialized path=/tmp/expedition-sim-2207169245/gogobee.db
2026/05/17 13:57:42 INFO database initialized path=/tmp/expedition-sim-2397323925/gogobee.db
2026/05/17 13:57:42 INFO database initialized path=/tmp/expedition-sim-686069099/gogobee.db
2026/05/17 13:57:42 INFO database initialized path=/tmp/expedition-sim-4039756085/gogobee.db
2026/05/17 13:57:42 INFO database initialized path=/tmp/expedition-sim-1563808346/gogobee.db
2026/05/17 13:57:42 INFO database initialized path=/tmp/expedition-sim-1928135895/gogobee.db
2026/05/17 13:57:42 INFO database initialized path=/tmp/expedition-sim-1877993310/gogobee.db
2026/05/17 13:57:42 INFO database initialized path=/tmp/expedition-sim-163100373/gogobee.db
2026/05/17 13:57:43 INFO database initialized path=/tmp/expedition-sim-2633724876/gogobee.db
2026/05/17 13:57:43 INFO database initialized path=/tmp/expedition-sim-117055519/gogobee.db
2026/05/17 13:57:43 INFO database initialized path=/tmp/expedition-sim-232285822/gogobee.db
2026/05/17 13:57:43 INFO database initialized path=/tmp/expedition-sim-1679646345/gogobee.db
2026/05/17 13:57:43 INFO database initialized path=/tmp/expedition-sim-915499044/gogobee.db
2026/05/17 13:57:43 INFO database initialized path=/tmp/expedition-sim-1767886670/gogobee.db
2026/05/17 13:57:43 INFO database initialized path=/tmp/expedition-sim-791141925/gogobee.db
2026/05/17 13:57:43 INFO database initialized path=/tmp/expedition-sim-815381292/gogobee.db
2026/05/17 13:57:43 INFO database initialized path=/tmp/expedition-sim-711981237/gogobee.db
2026/05/17 13:57:43 INFO database initialized path=/tmp/expedition-sim-2691716933/gogobee.db
2026/05/17 13:57:43 INFO database initialized path=/tmp/expedition-sim-436069139/gogobee.db
2026/05/17 13:57:43 INFO database initialized path=/tmp/expedition-sim-311501562/gogobee.db
2026/05/17 13:57:43 INFO database initialized path=/tmp/expedition-sim-3983380006/gogobee.db
2026/05/17 13:57:43 INFO database initialized path=/tmp/expedition-sim-4120491192/gogobee.db
2026/05/17 13:57:43 INFO database initialized path=/tmp/expedition-sim-825202262/gogobee.db
2026/05/17 13:57:43 INFO database initialized path=/tmp/expedition-sim-28166239/gogobee.db
2026/05/17 13:57:43 INFO database initialized path=/tmp/expedition-sim-449466299/gogobee.db
2026/05/17 13:57:43 INFO database initialized path=/tmp/expedition-sim-2877960289/gogobee.db
2026/05/17 13:57:43 INFO database initialized path=/tmp/expedition-sim-17898645/gogobee.db
2026/05/17 13:57:43 INFO database initialized path=/tmp/expedition-sim-345337651/gogobee.db
2026/05/17 13:57:43 INFO database initialized path=/tmp/expedition-sim-664745812/gogobee.db
2026/05/17 13:57:44 INFO database initialized path=/tmp/expedition-sim-1201160236/gogobee.db
2026/05/17 13:57:44 INFO database initialized path=/tmp/expedition-sim-2583410601/gogobee.db
2026/05/17 13:57:44 INFO database initialized path=/tmp/expedition-sim-2393686347/gogobee.db
2026/05/17 13:57:44 INFO database initialized path=/tmp/expedition-sim-1097550443/gogobee.db
2026/05/17 13:57:44 INFO database initialized path=/tmp/expedition-sim-159135830/gogobee.db
2026/05/17 13:57:44 INFO database initialized path=/tmp/expedition-sim-270031030/gogobee.db
2026/05/17 13:57:44 INFO database initialized path=/tmp/expedition-sim-2084105022/gogobee.db
2026/05/17 13:57:44 INFO database initialized path=/tmp/expedition-sim-2397744015/gogobee.db
2026/05/17 13:57:44 INFO database initialized path=/tmp/expedition-sim-3051489391/gogobee.db
2026/05/17 13:57:44 INFO database initialized path=/tmp/expedition-sim-578539286/gogobee.db
2026/05/17 13:57:44 INFO database initialized path=/tmp/expedition-sim-2992222469/gogobee.db
2026/05/17 13:57:44 INFO database initialized path=/tmp/expedition-sim-753091166/gogobee.db
2026/05/17 13:57:44 INFO database initialized path=/tmp/expedition-sim-3621446432/gogobee.db
2026/05/17 13:57:44 INFO database initialized path=/tmp/expedition-sim-937580222/gogobee.db
2026/05/17 13:57:44 INFO database initialized path=/tmp/expedition-sim-2243444053/gogobee.db
2026/05/17 13:57:44 INFO database initialized path=/tmp/expedition-sim-3847616665/gogobee.db
2026/05/17 13:57:44 INFO database initialized path=/tmp/expedition-sim-1655728817/gogobee.db
2026/05/17 13:57:44 INFO database initialized path=/tmp/expedition-sim-3649487364/gogobee.db
2026/05/17 13:57:44 INFO database initialized path=/tmp/expedition-sim-524013955/gogobee.db
2026/05/17 13:57:44 INFO database initialized path=/tmp/expedition-sim-3473085309/gogobee.db
2026/05/17 13:57:44 INFO database initialized path=/tmp/expedition-sim-3584456162/gogobee.db
2026/05/17 13:57:44 INFO database initialized path=/tmp/expedition-sim-3665015786/gogobee.db
2026/05/17 13:57:44 INFO database initialized path=/tmp/expedition-sim-4034860351/gogobee.db
2026/05/17 13:57:45 INFO database initialized path=/tmp/expedition-sim-4259213302/gogobee.db
2026/05/17 13:57:45 INFO database initialized path=/tmp/expedition-sim-2183245736/gogobee.db
2026/05/17 13:57:45 INFO database initialized path=/tmp/expedition-sim-1578791492/gogobee.db
2026/05/17 13:57:45 INFO database initialized path=/tmp/expedition-sim-600614098/gogobee.db
2026/05/17 13:57:45 INFO database initialized path=/tmp/expedition-sim-1406798638/gogobee.db
2026/05/17 13:57:45 INFO database initialized path=/tmp/expedition-sim-931175907/gogobee.db
2026/05/17 13:57:45 INFO database initialized path=/tmp/expedition-sim-377355858/gogobee.db
2026/05/17 13:57:45 INFO database initialized path=/tmp/expedition-sim-2782693466/gogobee.db
2026/05/17 13:57:45 INFO database initialized path=/tmp/expedition-sim-909213281/gogobee.db
2026/05/17 13:57:45 INFO database initialized path=/tmp/expedition-sim-492543947/gogobee.db
2026/05/17 13:57:45 INFO database initialized path=/tmp/expedition-sim-3902848275/gogobee.db
2026/05/17 13:57:45 INFO database initialized path=/tmp/expedition-sim-612593158/gogobee.db
2026/05/17 13:57:45 INFO database initialized path=/tmp/expedition-sim-1566844191/gogobee.db
2026/05/17 13:57:45 INFO database initialized path=/tmp/expedition-sim-3714583675/gogobee.db
2026/05/17 13:57:45 INFO database initialized path=/tmp/expedition-sim-2332380406/gogobee.db
2026/05/17 13:57:45 INFO database initialized path=/tmp/expedition-sim-1511729004/gogobee.db
2026/05/17 13:57:45 INFO database initialized path=/tmp/expedition-sim-2278101958/gogobee.db
2026/05/17 13:57:45 INFO database initialized path=/tmp/expedition-sim-1147400898/gogobee.db
2026/05/17 13:57:45 INFO database initialized path=/tmp/expedition-sim-1327614729/gogobee.db
2026/05/17 13:57:45 INFO database initialized path=/tmp/expedition-sim-4263526984/gogobee.db
2026/05/17 13:57:46 INFO database initialized path=/tmp/expedition-sim-743386306/gogobee.db
2026/05/17 13:57:46 INFO database initialized path=/tmp/expedition-sim-3048004676/gogobee.db
2026/05/17 13:57:46 INFO database initialized path=/tmp/expedition-sim-2007131088/gogobee.db
2026/05/17 13:57:46 INFO database initialized path=/tmp/expedition-sim-681634346/gogobee.db
2026/05/17 13:57:46 INFO database initialized path=/tmp/expedition-sim-1115394315/gogobee.db
2026/05/17 13:57:46 INFO database initialized path=/tmp/expedition-sim-890500317/gogobee.db
2026/05/17 13:57:46 INFO database initialized path=/tmp/expedition-sim-3958355310/gogobee.db
2026/05/17 13:57:46 INFO database initialized path=/tmp/expedition-sim-3765749679/gogobee.db
2026/05/17 13:57:46 INFO database initialized path=/tmp/expedition-sim-1394728347/gogobee.db
2026/05/17 13:57:46 INFO database initialized path=/tmp/expedition-sim-1757919078/gogobee.db
2026/05/17 13:57:46 INFO database initialized path=/tmp/expedition-sim-2433980478/gogobee.db
2026/05/17 13:57:46 INFO database initialized path=/tmp/expedition-sim-3778253652/gogobee.db
2026/05/17 13:57:46 INFO database initialized path=/tmp/expedition-sim-3484289629/gogobee.db
2026/05/17 13:57:46 INFO database initialized path=/tmp/expedition-sim-2839561624/gogobee.db
2026/05/17 13:57:46 INFO database initialized path=/tmp/expedition-sim-2986698890/gogobee.db
2026/05/17 13:57:46 INFO database initialized path=/tmp/expedition-sim-3087552689/gogobee.db
2026/05/17 13:57:47 INFO database initialized path=/tmp/expedition-sim-288192247/gogobee.db
2026/05/17 13:57:47 INFO database initialized path=/tmp/expedition-sim-1227958534/gogobee.db
2026/05/17 13:57:47 INFO database initialized path=/tmp/expedition-sim-484183811/gogobee.db
2026/05/17 13:57:47 INFO database initialized path=/tmp/expedition-sim-3201878281/gogobee.db
2026/05/17 13:57:47 INFO database initialized path=/tmp/expedition-sim-3602650934/gogobee.db
2026/05/17 13:57:47 INFO database initialized path=/tmp/expedition-sim-987809827/gogobee.db
2026/05/17 13:57:47 INFO database initialized path=/tmp/expedition-sim-143966684/gogobee.db
2026/05/17 13:57:47 INFO database initialized path=/tmp/expedition-sim-1358648791/gogobee.db
2026/05/17 13:57:47 INFO database initialized path=/tmp/expedition-sim-4010120790/gogobee.db
2026/05/17 13:57:47 INFO database initialized path=/tmp/expedition-sim-1872249445/gogobee.db
2026/05/17 13:57:47 INFO database initialized path=/tmp/expedition-sim-2682022127/gogobee.db
2026/05/17 13:57:47 INFO database initialized path=/tmp/expedition-sim-1071847437/gogobee.db
2026/05/17 13:57:47 INFO database initialized path=/tmp/expedition-sim-3998256101/gogobee.db
2026/05/17 13:57:47 INFO database initialized path=/tmp/expedition-sim-2202120908/gogobee.db
2026/05/17 13:57:47 INFO database initialized path=/tmp/expedition-sim-2876737306/gogobee.db
2026/05/17 13:57:47 INFO database initialized path=/tmp/expedition-sim-3656433893/gogobee.db
2026/05/17 13:57:47 INFO database initialized path=/tmp/expedition-sim-236247881/gogobee.db
2026/05/17 13:57:48 INFO database initialized path=/tmp/expedition-sim-2860202269/gogobee.db
2026/05/17 13:57:48 INFO database initialized path=/tmp/expedition-sim-3185716178/gogobee.db
2026/05/17 13:57:48 INFO database initialized path=/tmp/expedition-sim-352521611/gogobee.db
2026/05/17 13:57:48 INFO database initialized path=/tmp/expedition-sim-521530441/gogobee.db
2026/05/17 13:57:48 INFO database initialized path=/tmp/expedition-sim-3630828119/gogobee.db
2026/05/17 13:57:48 INFO database initialized path=/tmp/expedition-sim-1718340720/gogobee.db
2026/05/17 13:57:48 INFO database initialized path=/tmp/expedition-sim-3913397949/gogobee.db
2026/05/17 13:57:48 INFO database initialized path=/tmp/expedition-sim-2792138283/gogobee.db
2026/05/17 13:57:48 INFO database initialized path=/tmp/expedition-sim-1340538604/gogobee.db
2026/05/17 13:57:48 INFO database initialized path=/tmp/expedition-sim-557035141/gogobee.db
2026/05/17 13:57:48 INFO database initialized path=/tmp/expedition-sim-4293486861/gogobee.db
2026/05/17 13:57:48 INFO database initialized path=/tmp/expedition-sim-798618190/gogobee.db
2026/05/17 13:57:48 INFO database initialized path=/tmp/expedition-sim-1635603334/gogobee.db
2026/05/17 13:57:48 INFO database initialized path=/tmp/expedition-sim-3163727461/gogobee.db
2026/05/17 13:57:48 INFO database initialized path=/tmp/expedition-sim-1331966193/gogobee.db
2026/05/17 13:57:48 INFO database initialized path=/tmp/expedition-sim-2165707958/gogobee.db
2026/05/17 13:57:48 INFO database initialized path=/tmp/expedition-sim-3895891779/gogobee.db
2026/05/17 13:57:48 INFO database initialized path=/tmp/expedition-sim-1173304451/gogobee.db
2026/05/17 13:57:49 INFO database initialized path=/tmp/expedition-sim-2787391258/gogobee.db
2026/05/17 13:57:49 INFO database initialized path=/tmp/expedition-sim-471359195/gogobee.db
2026/05/17 13:57:49 INFO database initialized path=/tmp/expedition-sim-1445616440/gogobee.db
2026/05/17 13:57:49 INFO database initialized path=/tmp/expedition-sim-2227294793/gogobee.db
2026/05/17 13:57:49 INFO database initialized path=/tmp/expedition-sim-659241046/gogobee.db
2026/05/17 13:57:49 INFO database initialized path=/tmp/expedition-sim-3845208587/gogobee.db
2026/05/17 13:57:49 INFO database initialized path=/tmp/expedition-sim-129378017/gogobee.db
2026/05/17 13:57:49 INFO database initialized path=/tmp/expedition-sim-2823751470/gogobee.db
2026/05/17 13:57:49 INFO database initialized path=/tmp/expedition-sim-3894658580/gogobee.db
2026/05/17 13:57:49 INFO database initialized path=/tmp/expedition-sim-4178025414/gogobee.db
2026/05/17 13:57:49 INFO database initialized path=/tmp/expedition-sim-4073709946/gogobee.db
2026/05/17 13:57:49 INFO database initialized path=/tmp/expedition-sim-3657700085/gogobee.db
2026/05/17 13:57:49 INFO database initialized path=/tmp/expedition-sim-3118808376/gogobee.db
2026/05/17 13:57:49 INFO database initialized path=/tmp/expedition-sim-3984080676/gogobee.db
2026/05/17 13:57:49 INFO database initialized path=/tmp/expedition-sim-3823794286/gogobee.db
2026/05/17 13:57:49 INFO database initialized path=/tmp/expedition-sim-1265725105/gogobee.db
2026/05/17 13:57:49 INFO database initialized path=/tmp/expedition-sim-3623965742/gogobee.db
2026/05/17 13:57:49 INFO database initialized path=/tmp/expedition-sim-1348370865/gogobee.db
2026/05/17 13:57:50 INFO database initialized path=/tmp/expedition-sim-780993111/gogobee.db
2026/05/17 13:57:50 INFO database initialized path=/tmp/expedition-sim-603649032/gogobee.db
2026/05/17 13:57:50 INFO database initialized path=/tmp/expedition-sim-3828548946/gogobee.db
2026/05/17 13:57:50 INFO database initialized path=/tmp/expedition-sim-4238513524/gogobee.db
2026/05/17 13:57:50 INFO database initialized path=/tmp/expedition-sim-987574216/gogobee.db
2026/05/17 13:57:50 INFO database initialized path=/tmp/expedition-sim-1172396883/gogobee.db
2026/05/17 13:57:50 INFO database initialized path=/tmp/expedition-sim-3108893704/gogobee.db
2026/05/17 13:57:50 INFO database initialized path=/tmp/expedition-sim-2194647364/gogobee.db
2026/05/17 13:57:50 INFO database initialized path=/tmp/expedition-sim-3660996705/gogobee.db
2026/05/17 13:57:50 INFO database initialized path=/tmp/expedition-sim-2391149812/gogobee.db
2026/05/17 13:57:50 INFO database initialized path=/tmp/expedition-sim-2455897385/gogobee.db
2026/05/17 13:57:50 INFO database initialized path=/tmp/expedition-sim-2136980896/gogobee.db
2026/05/17 13:57:50 INFO database initialized path=/tmp/expedition-sim-3829579838/gogobee.db
2026/05/17 13:57:50 INFO database initialized path=/tmp/expedition-sim-2709716060/gogobee.db
2026/05/17 13:57:50 INFO database initialized path=/tmp/expedition-sim-2692373385/gogobee.db
2026/05/17 13:57:50 INFO database initialized path=/tmp/expedition-sim-3403007468/gogobee.db
2026/05/17 13:57:50 INFO database initialized path=/tmp/expedition-sim-3807277586/gogobee.db
2026/05/17 13:57:50 INFO database initialized path=/tmp/expedition-sim-4112458916/gogobee.db
2026/05/17 13:57:50 INFO database initialized path=/tmp/expedition-sim-2046290599/gogobee.db
2026/05/17 13:57:51 INFO database initialized path=/tmp/expedition-sim-3114769639/gogobee.db
2026/05/17 13:57:51 INFO database initialized path=/tmp/expedition-sim-2463806191/gogobee.db
2026/05/17 13:57:51 INFO database initialized path=/tmp/expedition-sim-617412054/gogobee.db
2026/05/17 13:57:51 INFO database initialized path=/tmp/expedition-sim-1836610965/gogobee.db
2026/05/17 13:57:51 INFO database initialized path=/tmp/expedition-sim-3372736834/gogobee.db
2026/05/17 13:57:51 INFO database initialized path=/tmp/expedition-sim-426199727/gogobee.db
2026/05/17 13:57:51 INFO database initialized path=/tmp/expedition-sim-2724625833/gogobee.db
2026/05/17 13:57:51 INFO database initialized path=/tmp/expedition-sim-2011713403/gogobee.db
2026/05/17 13:57:51 INFO database initialized path=/tmp/expedition-sim-529619925/gogobee.db
2026/05/17 13:57:51 INFO database initialized path=/tmp/expedition-sim-1124153590/gogobee.db
2026/05/17 13:57:51 INFO database initialized path=/tmp/expedition-sim-3145463197/gogobee.db
2026/05/17 13:57:51 INFO database initialized path=/tmp/expedition-sim-3317779510/gogobee.db
2026/05/17 13:57:51 INFO database initialized path=/tmp/expedition-sim-1309408148/gogobee.db
2026/05/17 13:57:51 INFO database initialized path=/tmp/expedition-sim-890741781/gogobee.db
2026/05/17 13:57:51 INFO database initialized path=/tmp/expedition-sim-264130709/gogobee.db
2026/05/17 13:57:52 INFO database initialized path=/tmp/expedition-sim-1327593317/gogobee.db
2026/05/17 13:57:52 INFO database initialized path=/tmp/expedition-sim-1747009967/gogobee.db
2026/05/17 13:57:52 INFO database initialized path=/tmp/expedition-sim-4169468428/gogobee.db
2026/05/17 13:57:52 INFO database initialized path=/tmp/expedition-sim-139145196/gogobee.db
2026/05/17 13:57:52 INFO database initialized path=/tmp/expedition-sim-2412238471/gogobee.db
2026/05/17 13:57:52 INFO database initialized path=/tmp/expedition-sim-3833994166/gogobee.db
